lead_id,created_at,brand,utm_source,utm_medium,utm_campaign,lead_status,deal_amount_usd
L-82109,2026-07-03 22:19:00,NMB,,,,MQL,
L-79299,2026-05-28 13:40:00,NMB,adwords,cpc,NMB_US_Search_Brand_2026Q2,SQL,
L-78571,2026-07-23 12:05:00,PKF,google,cpc,PKF_US_Search_Brand_2026Q2,SQL,
L-75851,2026-06-12 12:23:00,NMB,fb,paid_social,NMB_US_Meta_Retargeting_2026Q2,Lead,
L-75943,2026-06-25 20:20:00,NMB,,,,Lead,
L-71102,2026-05-06 14:10:00,AUR,meta,paid_social,AUR_EU_Meta_Retargeting_2026Q2,Lead,
L-74583,2026-05-14 19:03:00,NMB,,,,Lead,
L-79375,2026-06-05 11:53:00,NMB,google,cpc,NMB_US_Search_Brand_2026Q2,Lead,
L-71802,2026-07-04 11:24:00,AUR,Facebook,paid_social,AUR_EU_Meta_Retargeting_2026Q2,Lead,
L-81232,2026-05-25 20:01:00,NMB,tiktok,paid_social,NMB_TikTok_Prospecting_2026Q2,MQL,
L-72396,2026-07-21 15:31:00,AUR,,,,MQL,
L-82243,2026-07-15 12:15:00,PKF,google,paid_social,(not set),MQL,
L-72719,2026-05-19 16:57:00,PKF,Facebook,paid_social,PKF_US_Meta_Conversions,Lead,
L-73114,2026-06-14 21:40:00,PKF,facebook,paid_social,PKF_US_Meta_Conversions,MQL,
L-72327,2026-07-02 09:55:00,AUR,,,,Lead,
L-77549,2026-05-15 22:10:00,PKF,adwords,cpc,PKF_US_Search_Brand_2026Q2,Lead,
L-82272,2026-07-18 08:46:00,PKF,google,paid_social,(not set),Lead,
L-78979,2026-07-09 10:20:00,PKF,google,cpc,pkf|nonbrand|search|may26,MQL,
L-74680,2026-05-20 13:11:00,NMB,paid_social,paid_social,NMB_US_Meta_Prospecting_2026Q2,Lead,
L-77532,2026-05-13 22:35:00,PKF,adwords,cpc,PKF_US_Search_Brand_2026Q2,SQL,
L-74633,2026-05-16 18:56:00,NMB,paid_social,paid_social,NMB_US_Meta_Prospecting_2026Q2,Lead,
L-73512,2026-07-10 13:57:00,PKF,,,,Lead,
L-73457,2026-07-04 21:55:00,PKF,meta,paid_social,PKF_US_Meta_Conversions,SQL,
L-77165,2026-06-04 09:51:00,AUR,,,,Lead,
L-76407,2026-05-15 10:15:00,AUR,Google Ads,cpc,AUR_US_Search_Brand_2026Q2,Lead,
L-77436,2026-05-07 08:40:00,PKF,,,,MQL,
L-78440,2026-07-15 14:28:00,PKF,google,cpc,PKF_US_Search_Brand_2026Q2,MQL,
L-74131,2026-06-10 13:27:00,PKF,paid_social,paid_social,PKF_CA_Meta_Prospecting,Lead,
L-74125,2026-06-09 20:50:00,PKF,paid_social,paid_social,PKF_CA_Meta_Prospecting,MQL,
L-81757,2026-06-02 16:38:00,AUR,google,paid_social,(not set),Lead,
L-70670,2026-07-01 09:42:00,AUR,,,,MQL,
L-74520,2026-05-07 21:26:00,NMB,Facebook,paid_social,NMB_US_Meta_Prospecting_2026Q2,MQL,
L-78139,2026-06-23 13:06:00,PKF,adwords,cpc,PKF_US_Search_Brand_2026Q2,Lead,
L-81583,2026-05-18 22:07:00,AUR,,,,MQL,
L-80939,2026-07-03 22:08:00,PKF,TikTok,paid_social,PKF_TikTok_Spark_2026Q2,Lead,
L-72713,2026-05-18 08:39:00,PKF,Facebook,paid_social,PKF_US_Meta_Conversions,MQL,
L-78154,2026-06-23 08:11:00,PKF,Google Ads,cpc,PKF_US_Search_Brand_2026Q2,Lead,
L-72793,2026-05-22 14:56:00,PKF,facebook,paid_social,PKF_US_Meta_Conversions,MQL,
L-80991,2026-07-08 09:49:00,PKF,tiktok,paid_social,PKF_TikTok_Spark_2026Q2,SQL,
L-74734,2026-05-27 09:29:00,NMB,meta,paid_social,NMB_US_Meta_Prospecting_2026Q2,Lead,
L-75316,2026-07-20 20:26:00,NMB,fb,paid_social,NMB_US_Meta_Prospecting_2026Q2,Lead,
L-80344,2026-06-24 18:18:00,AUR,,,,Lead,
L-78322,2026-07-04 09:17:00,PKF,adwords,cpc,PKF_US_Search_Brand_2026Q2,MQL,
L-73754,2026-07-24 10:49:00,PKF,facebook,paid_social,PKF_US_Meta_Conversions,Lead,
L-80147,2026-05-11 16:40:00,AUR,,,,MQL,
L-75146,2026-07-04 19:18:00,NMB,meta,paid_social,NMB_US_Meta_Prospecting_2026Q2,Lead,
L-77587,2026-05-17 13:00:00,PKF,adwords,cpc,PKF_US_Search_Brand_2026Q2,Lead,
L-72192,2026-05-24 11:46:00,AUR,,,,MQL,
L-73255,2026-06-24 21:39:00,PKF,Facebook,paid_social,PKF_US_Meta_Conversions,Lead,
L-79346,2026-06-04 18:58:00,NMB,Google Ads,cpc,NMB_US_Search_Brand_2026Q2,Lead,
L-78262,2026-07-01 18:45:00,PKF,Google Ads,cpc,PKF_US_Search_Brand_2026Q2,Lead,
L-73977,2026-05-16 18:24:00,PKF,meta,paid_social,PKF_CA_Meta_Prospecting,Lead,
L-70364,2026-06-10 18:12:00,AUR,,,,MQL,
L-77867,2026-06-06 22:49:00,PKF,google,cpc,PKF_US_Search_Brand_2026Q2,MQL,
L-74812,2026-06-03 10:13:00,NMB,facebook,paid_social,NMB_US_Meta_Prospecting_2026Q2,Lead,
L-73130,2026-06-16 16:38:00,PKF,meta,paid_social,PKF_US_Meta_Conversions,Lead,
L-71911,2026-07-12 13:52:00,AUR,facebook,paid_social,AUR_EU_Meta_Retargeting_2026Q2,Lead,
L-80718,2026-05-31 21:17:00,PKF,tiktok,paid_social,PKF_TikTok_Spark_2026Q2,MQL,
L-71426,2026-05-28 18:39:00,AUR,,,,Lead,
L-79995,2026-06-30 18:12:00,NMB,google,cpc,NMB_US_PMax_2026Q2,MQL,
L-79142,2026-05-09 21:43:00,NMB,adwords,cpc,NMB_US_Search_Brand_2026Q2,Closed Won,2400
L-78647,2026-07-26 08:16:00,PKF,Google Ads,cpc,PKF_US_Search_Brand_2026Q2,Lead,
L-82087,2026-07-01 23:55:00,NMB,google,paid_social,(not set),Lead,
L-75766,2026-06-02 17:58:00,NMB,fb,paid_social,NMB_US_Meta_Retargeting_2026Q2,Lead,
L-74550,2026-05-10 17:45:00,NMB,Facebook,paid_social,NMB_US_Meta_Prospecting_2026Q2,Lead,
L-70389,2026-06-10 21:08:00,AUR,,,,Lead,
L-71051,2026-07-31 18:46:00,AUR,,,,Lead,
L-79827,2026-07-29 08:59:00,NMB,adwords,cpc,NMB_US_Search_Brand_2026Q2,Lead,
L-81495,2026-05-10 13:05:00,NMB,google,paid_social,(not set),SQL,
L-76005,2026-07-01 18:46:00,NMB,paid_social,paid_social,NMB_US_Meta_Retargeting_2026Q2,Lead,
L-70295,2026-06-01 18:04:00,AUR,,,,Lead,
L-76780,2026-07-02 18:30:00,AUR,adwords,cpc,AUR_US_Search_Brand_2026Q2,MQL,
L-71512,2026-06-05 20:23:00,AUR,meta,paid_social,AUR_EU_Meta_Retargeting_2026Q2,Lead,
L-77343,2026-07-23 22:22:00,AUR,google,cpc,AUR_EU_Search_NonBrand_2026Q2,Lead,
L-81292,2026-06-24 12:06:00,NMB,tiktok,paid_social,NMB_TikTok_Prospecting_2026Q2,MQL,
L-75735,2026-05-30 22:40:00,NMB,meta,paid_social,NMB_US_Meta_Retargeting_2026Q2,Lead,
L-75492,2026-07-31 22:34:00,NMB,paid_social,paid_social,NMB_US_Meta_Prospecting_2026Q2,Lead,
L-76916,2026-07-20 22:35:00,AUR,Google Ads,cpc,AUR_US_Search_Brand_2026Q2,Lead,
L-78897,2026-06-16 12:30:00,PKF,,,,Lead,
L-76416,2026-05-16 17:01:00,AUR,,,,Closed Won,8800
L-78824,2026-05-28 12:06:00,PKF,adwords,cpc,pkf|nonbrand|search|may26,Lead,
L-75437,2026-07-29 14:50:00,NMB,paid_social,paid_social,NMB_US_Meta_Prospecting_2026Q2,Lead,
L-81120,2026-07-24 16:59:00,PKF,TikTok,paid_social,PKF_TikTok_Spark_2026Q2,Closed Won,1900
L-74508,2026-05-05 16:03:00,NMB,meta,paid_social,NMB_US_Meta_Prospecting_2026Q2,Lead,
L-72527,2026-05-06 17:27:00,PKF,Facebook,paid_social,PKF_US_Meta_Conversions,Lead,
L-70726,2026-07-07 19:15:00,AUR,paid_social,paid_social,AUR_US_Meta_Prospecting_2026Q2,Lead,
L-70269,2026-05-27 16:04:00,AUR,,,,Lead,
L-73966,2026-05-16 22:56:00,PKF,Facebook,paid_social,PKF_CA_Meta_Prospecting,Lead,
L-81342,2026-07-15 17:23:00,NMB,tiktok,paid_social,NMB_TikTok_Prospecting_2026Q2,Lead,
L-81549,2026-05-15 10:04:00,AUR,google,paid_social,(not set),Lead,
L-81427,2026-05-04 13:52:00,PKF,google,paid_social,(not set),MQL,
L-70949,2026-07-24 13:33:00,AUR,,,,Lead,
L-81314,2026-07-06 09:28:00,NMB,tiktok,paid_social,NMB_TikTok_Prospecting_2026Q2,MQL,
L-73956,2026-05-15 16:42:00,PKF,fb,paid_social,PKF_CA_Meta_Prospecting,Lead,
L-79846,2026-07-30 09:54:00,NMB,google,cpc,NMB_US_Search_Brand_2026Q2,Lead,
L-80918,2026-06-29 15:08:00,PKF,TikTok,paid_social,PKF_TikTok_Spark_2026Q2,Lead,
L-75138,2026-07-01 13:15:00,NMB,paid_social,paid_social,NMB_US_Meta_Prospecting_2026Q2,Lead,
L-78311,2026-07-05 19:22:00,PKF,adwords,cpc,PKF_US_Search_Brand_2026Q2,MQL,
L-70371,2026-06-10 19:21:00,AUR,fb,paid_social,AUR_US_Meta_Prospecting_2026Q2,Lead,
L-78949,2026-06-29 12:37:00,PKF,adwords,cpc,pkf|nonbrand|search|may26,Lead,
L-73643,2026-07-17 15:17:00,PKF,Facebook,paid_social,PKF_US_Meta_Conversions,MQL,
L-77242,2026-06-26 10:22:00,AUR,,,,MQL,
L-72489,2026-05-04 14:49:00,PKF,,,,SQL,
L-80038,2026-07-27 18:18:00,NMB,Google Ads,cpc,NMB_US_PMax_2026Q2,MQL,
L-71352,2026-05-25 09:53:00,AUR,,,,MQL,
L-72675,2026-05-16 21:53:00,PKF,Facebook,paid_social,PKF_US_Meta_Conversions,Lead,
L-74907,2026-06-12 16:17:00,NMB,fb,paid_social,NMB_US_Meta_Prospecting_2026Q2,Lead,
L-75918,2026-06-21 15:18:00,NMB,paid_social,paid_social,NMB_US_Meta_Retargeting_2026Q2,Lead,
L-82312,2026-07-22 09:46:00,AUR,google,paid_social,(not set),Lead,
L-80082,2026-06-26 09:39:00,AUR,google,cpc,AUR_US_Video_Test_B,MQL,
L-70089,2026-05-12 17:16:00,AUR,,,,Lead,
L-74523,2026-05-06 17:14:00,NMB,paid_social,paid_social,NMB_US_Meta_Prospecting_2026Q2,Lead,
L-74217,2026-06-25 18:04:00,PKF,fb,paid_social,PKF_CA_Meta_Prospecting,Lead,
L-73617,2026-07-15 19:24:00,PKF,Facebook,paid_social,PKF_US_Meta_Conversions,Lead,
L-78574,2026-07-24 11:49:00,PKF,google,cpc,PKF_US_Search_Brand_2026Q2,Lead,
L-75357,2026-07-21 12:55:00,NMB,Facebook,paid_social,NMB_US_Meta_Prospecting_2026Q2,Lead,
L-78413,2026-07-14 08:27:00,PKF,Google Ads,cpc,PKF_US_Search_Brand_2026Q2,Lead,
L-81575,2026-05-17 16:57:00,AUR,google,paid_social,(not set),SQL,
L-74511,2026-05-06 21:31:00,NMB,meta,paid_social,NMB_US_Meta_Prospecting_2026Q2,Lead,
L-78827,2026-05-28 17:09:00,PKF,adwords,cpc,pkf|nonbrand|search|may26,Lead,
L-79179,2026-05-13 11:18:00,NMB,adwords,cpc,NMB_US_Search_Brand_2026Q2,Lead,
L-80649,2026-05-23 16:58:00,PKF,tiktok,paid_social,PKF_TikTok_Spark_2026Q2,MQL,
L-70237,2026-05-26 09:05:00,AUR,,,,MQL,
L-79187,2026-05-16 21:46:00,NMB,google,cpc,NMB_US_Search_Brand_2026Q2,SQL,
L-70456,2026-06-17 13:23:00,AUR,,,,MQL,
L-77303,2026-07-13 15:30:00,AUR,,,,MQL,
L-71712,2026-06-26 21:41:00,AUR,,,,Lead,
L-74641,2026-05-19 15:03:00,NMB,paid_social,paid_social,NMB_US_Meta_Prospecting_2026Q2,Lead,
L-76519,2026-05-29 20:36:00,AUR,,,,Lead,
L-80648,2026-05-23 08:29:00,PKF,TikTok,paid_social,PKF_TikTok_Spark_2026Q2,MQL,
L-81414,2026-05-03 18:51:00,NMB,google,paid_social,(not set),SQL,
L-72390,2026-07-17 22:36:00,AUR,paid_social,paid_social,aurelia|prospecting|meta|may26,Lead,
L-82358,2026-07-26 20:35:00,PKF,google,paid_social,(not set),Lead,
L-78946,2026-06-29 22:31:00,PKF,Google Ads,cpc,pkf|nonbrand|search|may26,MQL,
L-74452,2026-07-30 16:46:00,PKF,Facebook,paid_social,PKF_CA_Meta_Prospecting,MQL,
L-81109,2026-07-23 19:59:00,PKF,TikTok,paid_social,PKF_TikTok_Spark_2026Q2,Lead,
L-74845,2026-06-06 11:46:00,NMB,fb,paid_social,NMB_US_Meta_Prospecting_2026Q2,Lead,
L-75193,2026-07-09 13:23:00,NMB,,,,MQL,
L-78606,2026-07-26 10:46:00,PKF,,,,Lead,
L-77416,2026-05-05 22:36:00,PKF,google,cpc,PKF_US_Search_Brand_2026Q2,Closed Won,8800
L-76425,2026-05-18 15:36:00,AUR,,,,MQL,
L-74808,2026-06-03 17:45:00,NMB,Facebook,paid_social,NMB_US_Meta_Prospecting_2026Q2,Lead,
L-76305,2026-05-02 14:05:00,AUR,,,,SQL,
L-72991,2026-06-05 20:39:00,PKF,facebook,paid_social,PKF_US_Meta_Conversions,Lead,
L-72662,2026-05-14 20:05:00,PKF,fb,paid_social,PKF_US_Meta_Conversions,MQL,
L-79295,2026-05-29 12:48:00,NMB,adwords,cpc,NMB_US_Search_Brand_2026Q2,Closed Won,2400
L-77569,2026-05-15 12:17:00,PKF,google,cpc,PKF_US_Search_Brand_2026Q2,SQL,
L-77208,2026-06-19 14:04:00,AUR,,,,Lead,
L-80379,2026-07-04 15:27:00,AUR,,,,Lead,
L-77518,2026-05-12 17:13:00,PKF,google,cpc,PKF_US_Search_Brand_2026Q2,Lead,
L-80278,2026-06-13 10:57:00,AUR,TikTok,paid_social,AUR_TikTok_Prospecting_2026Q2,Closed Won,1900
L-71299,2026-05-21 16:34:00,AUR,fb,paid_social,AUR_EU_Meta_Retargeting_2026Q2,Lead,
L-72236,2026-06-04 21:34:00,AUR,facebook,paid_social,aurelia|prospecting|meta|may26,Lead,
L-74916,2026-06-12 08:53:00,NMB,,,,Lead,
L-74126,2026-06-11 15:03:00,PKF,meta,paid_social,PKF_CA_Meta_Prospecting,MQL,
L-74984,2026-06-17 15:55:00,NMB,fb,paid_social,NMB_US_Meta_Prospecting_2026Q2,Lead,
L-71981,2026-07-18 08:00:00,AUR,fb,paid_social,AUR_EU_Meta_Retargeting_2026Q2,Closed Won,3600
L-78820,2026-05-29 09:36:00,PKF,google,cpc,pkf|nonbrand|search|may26,Closed Won,2400
L-74432,2026-07-26 14:34:00,PKF,facebook,paid_social,PKF_CA_Meta_Prospecting,Lead,
L-77219,2026-06-22 12:39:00,AUR,,,,MQL,
L-80245,2026-06-04 11:11:00,AUR,,,,MQL,
L-74108,2026-06-08 11:15:00,PKF,Facebook,paid_social,PKF_CA_Meta_Prospecting,Lead,
L-77235,2026-06-26 13:44:00,AUR,,,,MQL,
L-77598,2026-05-18 10:19:00,PKF,adwords,cpc,PKF_US_Search_Brand_2026Q2,Lead,
L-80438,2026-07-17 19:43:00,AUR,tiktok,paid_social,AUR_TikTok_Prospecting_2026Q2,Lead,
L-80823,2026-06-16 15:53:00,PKF,tiktok,paid_social,PKF_TikTok_Spark_2026Q2,MQL,
L-71948,2026-07-16 11:08:00,AUR,facebook,paid_social,AUR_EU_Meta_Retargeting_2026Q2,MQL,
L-71558,2026-06-12 11:16:00,AUR,paid_social,paid_social,AUR_EU_Meta_Retargeting_2026Q2,Lead,
L-81579,2026-05-17 07:05:00,PKF,google,paid_social,(not set),MQL,
L-71821,2026-07-04 19:54:00,AUR,,,,MQL,
L-77277,2026-07-04 08:17:00,AUR,Google Ads,cpc,AUR_EU_Search_NonBrand_2026Q2,Lead,
L-71668,2026-06-22 11:21:00,AUR,,,,Lead,
L-80467,2026-07-24 13:07:00,AUR,,,,Lead,
L-75228,2026-07-10 15:12:00,NMB,,,,MQL,
L-77135,2026-05-31 14:08:00,AUR,Google Ads,cpc,AUR_EU_Search_NonBrand_2026Q2,MQL,
L-76594,2026-06-08 13:57:00,AUR,,,,SQL,
L-77842,2026-06-05 22:14:00,PKF,,,,MQL,
L-70400,2026-06-11 12:03:00,AUR,,,,Lead,
L-72217,2026-05-28 17:49:00,AUR,,,,Lead,
L-76000,2026-07-01 22:12:00,NMB,meta,paid_social,NMB_US_Meta_Retargeting_2026Q2,Lead,
L-73576,2026-07-11 12:06:00,PKF,,,,MQL,
L-78870,2026-06-08 17:50:00,PKF,,,,Lead,
L-79446,2026-06-15 13:40:00,NMB,adwords,cpc,NMB_US_Search_Brand_2026Q2,Closed Won,1900
L-77747,2026-05-29 09:07:00,PKF,google,cpc,PKF_US_Search_Brand_2026Q2,Lead,
L-74028,2026-05-22 20:08:00,PKF,meta,paid_social,PKF_CA_Meta_Prospecting,Lead,
L-81702,2026-05-28 14:39:00,PKF,google,paid_social,(not set),SQL,
L-75009,2026-06-19 14:11:00,NMB,Facebook,paid_social,NMB_US_Meta_Prospecting_2026Q2,Lead,
L-81591,2026-05-18 10:28:00,NMB,google,paid_social,(not set),SQL,
L-82248,2026-07-16 16:37:00,AUR,google,paid_social,(not set),MQL,
L-74900,2026-06-09 14:46:00,NMB,meta,paid_social,NMB_US_Meta_Prospecting_2026Q2,Lead,
L-78134,2026-06-22 17:42:00,PKF,adwords,cpc,PKF_US_Search_Brand_2026Q2,Lead,
L-77364,2026-07-27 14:58:00,AUR,,,,Lead,
L-72796,2026-05-22 08:50:00,PKF,fb,paid_social,PKF_US_Meta_Conversions,Lead,
L-73129,2026-06-14 17:41:00,PKF,meta,paid_social,PKF_US_Meta_Conversions,Lead,
L-79177,2026-05-14 14:02:00,NMB,google,cpc,NMB_US_Search_Brand_2026Q2,Lead,
L-73374,2026-06-29 13:31:00,PKF,,,,Lead,
L-77934,2026-06-12 10:05:00,PKF,adwords,cpc,PKF_US_Search_Brand_2026Q2,MQL,
L-76429,2026-05-19 22:18:00,AUR,adwords,cpc,AUR_US_Search_Brand_2026Q2,Closed Won,3600
L-76421,2026-05-16 11:52:00,AUR,,,,SQL,
L-76119,2026-07-14 22:32:00,NMB,fb,paid_social,NMB_US_Meta_Retargeting_2026Q2,Lead,
L-71769,2026-07-01 08:46:00,AUR,,,,Closed Won,3600
L-77401,2026-05-04 15:01:00,PKF,google,cpc,PKF_US_Search_Brand_2026Q2,Lead,
L-81132,2026-07-25 12:28:00,PKF,TikTok,paid_social,PKF_TikTok_Spark_2026Q2,MQL,
L-75676,2026-05-22 09:54:00,NMB,paid_social,paid_social,NMB_US_Meta_Retargeting_2026Q2,Lead,
L-81956,2026-06-19 20:08:00,NMB,,,,Lead,
L-79893,2026-05-13 16:12:00,NMB,google,cpc,NMB_US_PMax_2026Q2,MQL,
L-74575,2026-05-13 21:22:00,NMB,fb,paid_social,NMB_US_Meta_Prospecting_2026Q2,Lead,
L-77670,2026-05-24 16:11:00,PKF,google,cpc,PKF_US_Search_Brand_2026Q2,Lead,
L-70994,2026-07-28 16:25:00,AUR,,,,Lead,
L-70309,2026-06-03 10:25:00,AUR,,,,Closed Won,5200
L-77305,2026-07-13 14:10:00,AUR,,,,MQL,
L-72937,2026-06-01 19:09:00,PKF,fb,paid_social,PKF_US_Meta_Conversions,SQL,
L-78810,2026-05-28 15:14:00,PKF,google,cpc,pkf|nonbrand|search|may26,Lead,
L-79772,2026-07-22 10:23:00,NMB,adwords,cpc,NMB_US_Search_Brand_2026Q2,Lead,
L-70011,2026-05-03 19:29:00,AUR,,,,MQL,
L-80747,2026-06-05 10:17:00,PKF,tiktok,paid_social,PKF_TikTok_Spark_2026Q2,MQL,
L-77666,2026-05-24 16:36:00,PKF,Google Ads,cpc,PKF_US_Search_Brand_2026Q2,Lead,
L-77016,2026-05-05 12:51:00,AUR,Google Ads,cpc,AUR_EU_Search_NonBrand_2026Q2,Lead,
L-79089,2026-05-01 16:38:00,NMB,Google Ads,cpc,NMB_US_Search_Brand_2026Q2,Lead,
L-70370,2026-06-09 17:17:00,AUR,,,,Lead,
L-73289,2026-06-26 13:57:00,PKF,meta,paid_social,PKF_US_Meta_Conversions,Lead,
L-77389,2026-05-01 12:20:00,PKF,Google Ads,cpc,PKF_US_Search_Brand_2026Q2,Lead,
L-81801,2026-06-05 19:05:00,PKF,google,paid_social,(not set),SQL,
L-76693,2026-06-22 08:12:00,AUR,,,,Closed Won,2400
L-78343,2026-07-08 14:31:00,PKF,google,cpc,PKF_US_Search_Brand_2026Q2,MQL,
L-72934,2026-06-02 18:51:00,PKF,meta,paid_social,PKF_US_Meta_Conversions,MQL,
L-70513,2026-06-19 18:35:00,AUR,,,,MQL,
L-74016,2026-05-20 11:14:00,PKF,facebook,paid_social,PKF_CA_Meta_Prospecting,Lead,
L-72483,2026-05-05 12:32:00,PKF,meta,paid_social,PKF_US_Meta_Conversions,Lead,
L-73816,2026-07-29 18:19:00,PKF,Facebook,paid_social,PKF_US_Meta_Conversions,Lead,
L-75227,2026-07-11 10:10:00,NMB,,,,Lead,
L-70859,2026-07-17 17:33:00,AUR,,,,Lead,
L-80475,2026-07-29 08:04:00,AUR,,,,MQL,
L-73521,2026-07-10 09:50:00,PKF,,,,Lead,
L-81351,2026-07-18 16:25:00,NMB,TikTok,paid_social,NMB_TikTok_Prospecting_2026Q2,Lead,
L-72916,2026-06-01 19:25:00,PKF,meta,paid_social,PKF_US_Meta_Conversions,Lead,
L-72193,2026-05-24 12:43:00,AUR,,,,Lead,
L-78077,2026-06-19 15:08:00,PKF,google,cpc,PKF_US_Search_Brand_2026Q2,Lead,
L-76976,2026-07-29 09:34:00,AUR,google,cpc,AUR_US_Search_Brand_2026Q2,Lead,
L-73611,2026-07-14 10:22:00,PKF,Facebook,paid_social,PKF_US_Meta_Conversions,Lead,
L-71272,2026-05-18 19:40:00,AUR,meta,paid_social,AUR_EU_Meta_Retargeting_2026Q2,Lead,
L-81220,2026-05-19 10:10:00,NMB,TikTok,paid_social,NMB_TikTok_Prospecting_2026Q2,Lead,
L-77116,2026-05-26 08:53:00,AUR,google,cpc,AUR_EU_Search_NonBrand_2026Q2,MQL,
L-74412,2026-07-23 16:12:00,PKF,meta,paid_social,PKF_CA_Meta_Prospecting,Lead,
L-74382,2026-07-17 21:34:00,PKF,paid_social,paid_social,PKF_CA_Meta_Prospecting,Lead,
L-76563,2026-06-03 10:20:00,AUR,,,,Lead,
L-76562,2026-06-03 19:48:00,AUR,google,cpc,AUR_US_Search_Brand_2026Q2,SQL,
L-75954,2026-06-24 10:28:00,NMB,,,,Lead,
L-81161,2026-07-31 13:54:00,PKF,tiktok,paid_social,PKF_TikTok_Spark_2026Q2,Lead,
L-78285,2026-07-03 15:48:00,PKF,adwords,cpc,PKF_US_Search_Brand_2026Q2,MQL,
L-76039,2026-07-04 11:55:00,NMB,facebook,paid_social,NMB_US_Meta_Retargeting_2026Q2,SQL,
L-71421,2026-05-28 14:08:00,AUR,paid_social,paid_social,AUR_EU_Meta_Retargeting_2026Q2,Lead,
L-77081,2026-05-20 13:44:00,AUR,Google Ads,cpc,AUR_EU_Search_NonBrand_2026Q2,SQL,
L-78266,2026-06-30 20:30:00,PKF,google,cpc,PKF_US_Search_Brand_2026Q2,MQL,
L-72538,2026-05-07 17:09:00,PKF,paid_social,paid_social,PKF_US_Meta_Conversions,MQL,
L-77954,2026-06-12 11:00:00,PKF,adwords,cpc,PKF_US_Search_Brand_2026Q2,SQL,
L-75753,2026-06-01 08:25:00,NMB,fb,paid_social,NMB_US_Meta_Retargeting_2026Q2,Lead,
L-80214,2026-05-28 18:15:00,AUR,,,,Lead,
L-81297,2026-06-24 19:40:00,NMB,TikTok,paid_social,NMB_TikTok_Prospecting_2026Q2,Lead,
L-78972,2026-07-07 21:35:00,PKF,google,cpc,pkf|nonbrand|search|may26,Lead,
L-70724,2026-07-06 18:18:00,AUR,,,,MQL,
L-75830,2026-06-10 14:06:00,NMB,paid_social,paid_social,NMB_US_Meta_Retargeting_2026Q2,MQL,
L-80271,2026-06-10 15:26:00,AUR,TikTok,paid_social,AUR_TikTok_Prospecting_2026Q2,Lead,
L-74970,2026-06-17 19:25:00,NMB,facebook,paid_social,NMB_US_Meta_Prospecting_2026Q2,Lead,
L-74754,2026-05-28 13:46:00,NMB,Facebook,paid_social,NMB_US_Meta_Prospecting_2026Q2,Lead,
L-81069,2026-07-19 11:40:00,PKF,,,,Lead,
L-70284,2026-05-31 13:44:00,AUR,,,,Lead,
L-71428,2026-05-31 08:25:00,AUR,fb,paid_social,AUR_EU_Meta_Retargeting_2026Q2,MQL,
L-80685,2026-05-29 09:29:00,PKF,,,,MQL,
L-70197,2026-05-21 09:42:00,AUR,facebook,paid_social,AUR_US_Meta_Prospecting_2026Q2,Lead,
L-78158,2026-06-23 18:39:00,PKF,adwords,cpc,PKF_US_Search_Brand_2026Q2,Lead,
L-79681,2026-07-12 12:49:00,NMB,Google Ads,cpc,NMB_US_Search_Brand_2026Q2,MQL,
L-81057,2026-07-18 18:53:00,PKF,TikTok,paid_social,PKF_TikTok_Spark_2026Q2,Lead,
L-78289,2026-07-03 19:53:00,PKF,adwords,cpc,PKF_US_Search_Brand_2026Q2,Lead,
L-73910,2026-05-09 12:10:00,PKF,,,,Lead,
L-77356,2026-07-25 22:11:00,AUR,google,cpc,AUR_EU_Search_NonBrand_2026Q2,MQL,
L-73861,2026-07-31 17:56:00,PKF,fb,paid_social,PKF_US_Meta_Conversions,Lead,
L-72636,2026-05-13 22:08:00,PKF,facebook,paid_social,PKF_US_Meta_Conversions,Lead,
L-81924,2026-06-17 22:06:00,PKF,google,paid_social,(not set),MQL,
L-72160,2026-05-13 16:22:00,AUR,,,,SQL,
L-80462,2026-07-25 11:33:00,AUR,tiktok,paid_social,AUR_TikTok_Prospecting_2026Q2,Lead,
L-81779,2026-06-03 14:04:00,PKF,google,paid_social,(not set),MQL,
L-77307,2026-07-12 10:45:00,AUR,,,,Lead,
L-77379,2026-05-02 10:45:00,PKF,,,,SQL,
L-73429,2026-07-04 16:25:00,PKF,meta,paid_social,PKF_US_Meta_Conversions,MQL,
L-81597,2026-05-19 13:49:00,AUR,google,paid_social,(not set),Lead,
L-76706,2026-06-23 14:42:00,AUR,,,,SQL,
L-72998,2026-06-05 10:01:00,PKF,,,,Lead,
L-70338,2026-06-04 16:41:00,AUR,meta,paid_social,AUR_US_Meta_Prospecting_2026Q2,MQL,
L-70499,2026-06-20 08:55:00,AUR,,,,SQL,
L-76331,2026-05-06 09:16:00,AUR,,,,Closed Won,3600
L-79703,2026-07-16 17:48:00,NMB,adwords,cpc,NMB_US_Search_Brand_2026Q2,Lead,
L-70527,2026-06-22 10:25:00,AUR,,,,MQL,
L-79813,2026-07-26 18:22:00,NMB,google,cpc,NMB_US_Search_Brand_2026Q2,Lead,
L-78930,2026-06-24 18:49:00,PKF,Google Ads,cpc,pkf|nonbrand|search|may26,Lead,
L-78998,2026-07-12 08:18:00,PKF,Google Ads,cpc,pkf|nonbrand|search|may26,MQL,
L-74268,2026-07-01 19:44:00,PKF,Facebook,paid_social,PKF_CA_Meta_Prospecting,Closed Won,8800
L-79601,2026-07-05 08:45:00,NMB,Google Ads,cpc,NMB_US_Search_Brand_2026Q2,SQL,
L-78750,2026-05-12 14:14:00,PKF,google,cpc,pkf|nonbrand|search|may26,Lead,
L-80930,2026-07-01 21:18:00,PKF,TikTok,paid_social,PKF_TikTok_Spark_2026Q2,MQL,
L-79761,2026-07-21 22:21:00,NMB,google,cpc,NMB_US_Search_Brand_2026Q2,SQL,
L-71492,2026-06-06 12:53:00,AUR,,,,Lead,
L-80298,2026-06-19 15:42:00,AUR,tiktok,paid_social,AUR_TikTok_Prospecting_2026Q2,MQL,
L-71527,2026-06-09 11:02:00,AUR,paid_social,paid_social,AUR_EU_Meta_Retargeting_2026Q2,Lead,
L-72551,2026-05-07 20:46:00,PKF,fb,paid_social,PKF_US_Meta_Conversions,Lead,
L-79192,2026-05-15 18:39:00,NMB,google,cpc,NMB_US_Search_Brand_2026Q2,SQL,
L-70182,2026-05-22 15:07:00,AUR,,,,MQL,
L-78174,2026-06-25 14:42:00,PKF,adwords,cpc,PKF_US_Search_Brand_2026Q2,MQL,
L-77196,2026-06-15 10:56:00,AUR,,,,MQL,
L-73472,2026-07-05 17:15:00,PKF,fb,paid_social,PKF_US_Meta_Conversions,Lead,
L-72939,2026-06-04 12:44:00,PKF,paid_social,paid_social,PKF_US_Meta_Conversions,Lead,
L-76247,2026-07-29 14:35:00,NMB,paid_social,paid_social,NMB_US_Meta_Retargeting_2026Q2,Lead,
L-73798,2026-07-27 12:18:00,PKF,facebook,paid_social,PKF_US_Meta_Conversions,Lead,
L-77918,2026-06-11 21:45:00,PKF,google,cpc,PKF_US_Search_Brand_2026Q2,Lead,
L-73347,2026-06-28 10:19:00,PKF,meta,paid_social,PKF_US_Meta_Conversions,MQL,
L-74027,2026-05-23 20:59:00,PKF,,,,Lead,
L-72512,2026-05-05 15:04:00,PKF,fb,paid_social,PKF_US_Meta_Conversions,Lead,
L-80975,2026-07-06 11:51:00,PKF,tiktok,paid_social,PKF_TikTok_Spark_2026Q2,Lead,
L-71410,2026-05-28 14:32:00,AUR,,,,Lead,
L-76142,2026-07-16 19:16:00,NMB,facebook,paid_social,NMB_US_Meta_Retargeting_2026Q2,Lead,
L-77382,2026-05-03 15:45:00,PKF,,,,Closed Won,3600
L-75572,2026-05-10 08:04:00,NMB,Facebook,paid_social,NMB_US_Meta_Retargeting_2026Q2,MQL,
L-77062,2026-05-17 17:44:00,AUR,google,cpc,AUR_EU_Search_NonBrand_2026Q2,Lead,
L-78113,2026-06-20 21:31:00,PKF,Google Ads,cpc,PKF_US_Search_Brand_2026Q2,Closed Won,2400
L-72684,2026-05-18 22:50:00,PKF,Facebook,paid_social,PKF_US_Meta_Conversions,Lead,
L-79540,2026-06-27 11:24:00,NMB,adwords,cpc,NMB_US_Search_Brand_2026Q2,Lead,
L-73313,2026-06-26 12:38:00,PKF,Facebook,paid_social,PKF_US_Meta_Conversions,Lead,
L-71246,2026-05-17 08:35:00,AUR,,,,Lead,
L-76935,2026-07-22 08:20:00,AUR,,,,SQL,
L-74148,2026-06-14 10:56:00,PKF,fb,paid_social,PKF_CA_Meta_Prospecting,MQL,
L-80515,2026-05-06 09:08:00,PKF,,,,Lead,
L-77323,2026-07-15 16:29:00,AUR,google,cpc,AUR_EU_Search_NonBrand_2026Q2,MQL,
L-72446,2026-05-01 13:24:00,PKF,meta,paid_social,PKF_US_Meta_Conversions,Lead,
L-74919,2026-06-13 15:06:00,NMB,fb,paid_social,NMB_US_Meta_Prospecting_2026Q2,Lead,
L-70241,2026-05-27 17:39:00,AUR,facebook,paid_social,AUR_US_Meta_Prospecting_2026Q2,Lead,
L-80773,2026-06-08 17:18:00,PKF,TikTok,paid_social,PKF_TikTok_Spark_2026Q2,MQL,
L-70332,2026-06-06 09:27:00,AUR,meta,paid_social,AUR_US_Meta_Prospecting_2026Q2,Lead,
L-81183,2026-05-06 17:11:00,NMB,tiktok,paid_social,NMB_TikTok_Prospecting_2026Q2,Lead,
L-75020,2026-06-19 10:18:00,NMB,fb,paid_social,NMB_US_Meta_Prospecting_2026Q2,Lead,
L-78669,2026-07-29 17:32:00,PKF,Google Ads,cpc,PKF_US_Search_Brand_2026Q2,SQL,
L-81563,2026-05-16 23:58:00,AUR,google,paid_social,(not set),MQL,
L-79501,2026-06-24 14:24:00,NMB,,,,Lead,
L-72042,2026-07-23 18:34:00,AUR,meta,paid_social,AUR_EU_Meta_Retargeting_2026Q2,Lead,
L-81588,2026-05-18 08:01:00,PKF,,,,Lead,
L-76297,2026-05-18 17:47:00,NMB,Facebook,paid_social,Campaign #17 - old test,Lead,
L-75004,2026-06-19 08:10:00,NMB,paid_social,paid_social,NMB_US_Meta_Prospecting_2026Q2,Lead,
L-79490,2026-06-21 19:41:00,NMB,google,cpc,NMB_US_Search_Brand_2026Q2,Lead,
L-70760,2026-07-10 17:14:00,AUR,,,,Lead,
L-76859,2026-07-11 15:50:00,AUR,,,,MQL,
L-78338,2026-07-07 08:43:00,PKF,google,cpc,PKF_US_Search_Brand_2026Q2,Lead,
L-78906,2026-06-19 14:20:00,PKF,google,cpc,pkf|nonbrand|search|may26,Lead,
L-77068,2026-05-18 11:34:00,AUR,google,cpc,AUR_EU_Search_NonBrand_2026Q2,Lead,
L-80045,2026-07-30 08:38:00,NMB,google,cpc,NMB_US_PMax_2026Q2,Lead,
L-78626,2026-07-26 22:48:00,PKF,google,cpc,PKF_US_Search_Brand_2026Q2,Lead,
L-81820,2026-06-08 11:45:00,PKF,google,paid_social,(not set),MQL,
L-78464,2026-07-15 08:05:00,PKF,Google Ads,cpc,PKF_US_Search_Brand_2026Q2,Lead,
L-78642,2026-07-26 17:50:00,PKF,,,,SQL,
L-78892,2026-06-17 20:48:00,PKF,Google Ads,cpc,pkf|nonbrand|search|may26,Lead,
L-72608,2026-05-12 14:07:00,PKF,facebook,paid_social,PKF_US_Meta_Conversions,Lead,
L-74127,2026-06-11 12:04:00,PKF,fb,paid_social,PKF_CA_Meta_Prospecting,MQL,
L-75603,2026-05-15 22:13:00,NMB,fb,paid_social,NMB_US_Meta_Retargeting_2026Q2,Lead,
L-74620,2026-05-15 18:30:00,NMB,fb,paid_social,NMB_US_Meta_Prospecting_2026Q2,Lead,
L-71509,2026-06-06 19:16:00,AUR,paid_social,paid_social,AUR_EU_Meta_Retargeting_2026Q2,Lead,
L-72032,2026-07-23 12:23:00,AUR,Facebook,paid_social,AUR_EU_Meta_Retargeting_2026Q2,Lead,
L-78276,2026-07-03 14:55:00,PKF,google,cpc,PKF_US_Search_Brand_2026Q2,Lead,
L-74233,2026-06-26 11:13:00,PKF,paid_social,paid_social,PKF_CA_Meta_Prospecting,Closed Won,5200
L-78832,2026-05-30 13:52:00,PKF,adwords,cpc,pkf|nonbrand|search|may26,SQL,
L-81662,2026-05-25 17:13:00,AUR,google,paid_social,(not set),SQL,
L-72434,2026-07-31 12:15:00,AUR,,,,Lead,
L-73456,2026-07-04 18:04:00,PKF,Facebook,paid_social,PKF_US_Meta_Conversions,Lead,
L-77038,2026-05-10 18:19:00,AUR,,,,MQL,
L-81458,2026-05-07 15:59:00,AUR,google,paid_social,(not set),Lead,
L-71983,2026-07-17 20:23:00,AUR,meta,paid_social,AUR_EU_Meta_Retargeting_2026Q2,Lead,
L-81181,2026-05-05 14:14:00,NMB,tiktok,paid_social,NMB_TikTok_Prospecting_2026Q2,MQL,
L-78253,2026-06-30 17:48:00,PKF,google,cpc,PKF_US_Search_Brand_2026Q2,Lead,
L-75996,2026-07-01 18:36:00,NMB,facebook,paid_social,NMB_US_Meta_Retargeting_2026Q2,Lead,
L-75750,2026-06-01 13:40:00,NMB,paid_social,paid_social,NMB_US_Meta_Retargeting_2026Q2,Lead,
L-76227,2026-07-25 14:26:00,NMB,facebook,paid_social,NMB_US_Meta_Retargeting_2026Q2,Lead,
L-81857,2026-06-11 14:27:00,AUR,google,paid_social,(not set),MQL,
L-70005,2026-05-03 10:01:00,AUR,,,,MQL,
L-78433,2026-07-14 09:01:00,PKF,google,cpc,PKF_US_Search_Brand_2026Q2,Lead,
L-71153,2026-05-09 16:59:00,AUR,fb,paid_social,AUR_EU_Meta_Retargeting_2026Q2,Lead,
L-80241,2026-06-03 19:58:00,AUR,TikTok,paid_social,AUR_TikTok_Prospecting_2026Q2,Lead,
L-72297,2026-06-24 17:37:00,AUR,fb,paid_social,aurelia|prospecting|meta|may26,Lead,
L-80800,2026-06-11 11:09:00,PKF,TikTok,paid_social,PKF_TikTok_Spark_2026Q2,MQL,
L-77708,2026-05-26 09:42:00,PKF,google,cpc,PKF_US_Search_Brand_2026Q2,MQL,
L-77325,2026-07-17 12:17:00,AUR,,,,MQL,
L-71732,2026-06-26 21:30:00,AUR,,,,Lead,
L-81190,2026-05-10 17:57:00,NMB,TikTok,paid_social,NMB_TikTok_Prospecting_2026Q2,SQL,
L-72242,2026-06-09 16:32:00,AUR,Facebook,paid_social,aurelia|prospecting|meta|may26,Lead,
L-78430,2026-07-14 12:38:00,PKF,google,cpc,PKF_US_Search_Brand_2026Q2,Lead,
L-72940,2026-06-02 19:36:00,PKF,meta,paid_social,PKF_US_Meta_Conversions,MQL,
L-74650,2026-05-19 13:49:00,NMB,,,,Lead,
L-75822,2026-06-08 19:05:00,NMB,Facebook,paid_social,NMB_US_Meta_Retargeting_2026Q2,MQL,
L-75050,2026-06-22 20:54:00,NMB,facebook,paid_social,NMB_US_Meta_Prospecting_2026Q2,MQL,
L-81002,2026-07-09 11:44:00,PKF,TikTok,paid_social,PKF_TikTok_Spark_2026Q2,Lead,
L-73383,2026-06-30 11:25:00,PKF,meta,paid_social,PKF_US_Meta_Conversions,Lead,
L-78324,2026-07-05 13:41:00,PKF,adwords,cpc,PKF_US_Search_Brand_2026Q2,MQL,
L-82184,2026-07-10 08:04:00,PKF,google,paid_social,(not set),MQL,
L-79824,2026-07-27 17:12:00,NMB,adwords,cpc,NMB_US_Search_Brand_2026Q2,Lead,
L-81899,2026-06-15 17:15:00,PKF,google,paid_social,(not set),MQL,
L-74399,2026-07-21 11:05:00,PKF,,,,MQL,
L-78233,2026-07-01 16:45:00,PKF,,,,Lead,
L-70407,2026-06-13 14:17:00,AUR,,,,Lead,
L-75354,2026-07-20 10:24:00,NMB,fb,paid_social,NMB_US_Meta_Prospecting_2026Q2,MQL,
L-74764,2026-05-30 19:27:00,NMB,paid_social,paid_social,NMB_US_Meta_Prospecting_2026Q2,Lead,
L-76637,2026-06-18 19:32:00,AUR,,,,Lead,
L-75722,2026-05-27 19:38:00,NMB,paid_social,paid_social,NMB_US_Meta_Retargeting_2026Q2,MQL,
L-71035,2026-07-30 18:54:00,AUR,facebook,paid_social,AUR_US_Meta_Prospecting_2026Q2,Lead,
L-70402,2026-06-11 21:20:00,AUR,facebook,paid_social,AUR_US_Meta_Prospecting_2026Q2,MQL,
L-81229,2026-05-22 10:54:00,NMB,tiktok,paid_social,NMB_TikTok_Prospecting_2026Q2,Lead,
L-70108,2026-05-13 16:05:00,AUR,meta,paid_social,AUR_US_Meta_Prospecting_2026Q2,Lead,
L-75268,2026-07-13 16:34:00,NMB,paid_social,paid_social,NMB_US_Meta_Prospecting_2026Q2,MQL,
L-76547,2026-06-03 16:03:00,AUR,,,,Lead,
L-78054,2026-06-18 11:49:00,PKF,google,cpc,PKF_US_Search_Brand_2026Q2,SQL,
L-79351,2026-06-05 22:04:00,NMB,google,cpc,NMB_US_Search_Brand_2026Q2,SQL,
L-74122,2026-06-09 12:42:00,PKF,,,,Lead,
L-77050,2026-05-14 20:03:00,AUR,google,cpc,AUR_EU_Search_NonBrand_2026Q2,Closed Won,3600
L-70248,2026-05-27 16:05:00,AUR,paid_social,paid_social,AUR_US_Meta_Prospecting_2026Q2,Lead,
L-81738,2026-05-31 09:40:00,PKF,google,paid_social,(not set),MQL,
L-70454,2026-06-15 08:30:00,AUR,,,,MQL,
L-75024,2026-06-21 15:01:00,NMB,fb,paid_social,NMB_US_Meta_Prospecting_2026Q2,MQL,
L-80978,2026-07-05 09:37:00,PKF,TikTok,paid_social,PKF_TikTok_Spark_2026Q2,Lead,
L-70565,2026-06-24 09:05:00,AUR,,,,SQL,
L-80995,2026-07-08 17:19:00,PKF,,,,Lead,
L-72478,2026-05-05 20:44:00,PKF,facebook,paid_social,PKF_US_Meta_Conversions,MQL,
L-74194,2026-06-19 16:03:00,PKF,fb,paid_social,PKF_CA_Meta_Prospecting,Lead,
L-75865,2026-06-13 19:19:00,NMB,facebook,paid_social,NMB_US_Meta_Retargeting_2026Q2,MQL,
L-78637,2026-07-25 19:46:00,PKF,adwords,cpc,PKF_US_Search_Brand_2026Q2,SQL,
L-81425,2026-05-04 07:13:00,PKF,google,paid_social,(not set),Lead,
L-72186,2026-05-20 10:48:00,AUR,,,,Lead,
L-77865,2026-06-05 20:22:00,PKF,google,cpc,PKF_US_Search_Brand_2026Q2,Lead,
L-81832,2026-06-09 14:01:00,AUR,,,,MQL,
L-79434,2026-06-14 11:43:00,NMB,google,cpc,NMB_US_Search_Brand_2026Q2,Lead,
L-72696,2026-05-17 16:27:00,PKF,paid_social,paid_social,PKF_US_Meta_Conversions,Lead,
L-80077,2026-05-25 17:20:00,AUR,google,cpc,AUR_US_Video_Test_B,Closed Won,5200
L-76221,2026-07-23 11:47:00,NMB,fb,paid_social,NMB_US_Meta_Retargeting_2026Q2,Lead,
L-74493,2026-05-03 20:36:00,NMB,,,,MQL,
L-75124,2026-06-30 13:16:00,NMB,fb,paid_social,NMB_US_Meta_Prospecting_2026Q2,SQL,
L-72425,2026-07-30 13:02:00,AUR,fb,paid_social,aurelia|prospecting|meta|may26,Lead,
L-70799,2026-07-13 13:21:00,AUR,meta,paid_social,AUR_US_Meta_Prospecting_2026Q2,Lead,
L-77802,2026-05-30 22:42:00,PKF,google,cpc,PKF_US_Search_Brand_2026Q2,Closed Won,5200
L-80643,2026-05-24 22:38:00,PKF,,,,Lead,
L-76252,2026-07-30 10:18:00,NMB,,,,MQL,
L-70836,2026-07-15 14:49:00,AUR,,,,Lead,
L-70722,2026-07-08 21:10:00,AUR,,,,MQL,
L-73986,2026-05-16 20:42:00,PKF,meta,paid_social,PKF_CA_Meta_Prospecting,Lead,
L-78936,2026-06-26 11:38:00,PKF,,,,Lead,
L-73476,2026-07-06 19:52:00,PKF,,,,Lead,
L-81293,2026-06-24 15:48:00,NMB,tiktok,paid_social,NMB_TikTok_Prospecting_2026Q2,SQL,
L-79957,2026-06-13 20:02:00,NMB,,,,Lead,
L-75412,2026-07-26 13:00:00,NMB,paid_social,paid_social,NMB_US_Meta_Prospecting_2026Q2,MQL,
L-79232,2026-05-20 08:03:00,NMB,Google Ads,cpc,NMB_US_Search_Brand_2026Q2,SQL,
L-74781,2026-05-31 17:27:00,NMB,Facebook,paid_social,NMB_US_Meta_Prospecting_2026Q2,Lead,
L-71403,2026-05-28 19:47:00,AUR,facebook,paid_social,AUR_EU_Meta_Retargeting_2026Q2,MQL,
L-73502,2026-07-08 11:10:00,PKF,,,,Lead,
L-79604,2026-07-05 22:42:00,NMB,Google Ads,cpc,NMB_US_Search_Brand_2026Q2,MQL,
L-70908,2026-07-22 22:01:00,AUR,Facebook,paid_social,AUR_US_Meta_Prospecting_2026Q2,MQL,
L-74525,2026-05-08 11:52:00,NMB,paid_social,paid_social,NMB_US_Meta_Prospecting_2026Q2,Lead,
L-75080,2026-06-25 21:22:00,NMB,meta,paid_social,NMB_US_Meta_Prospecting_2026Q2,Lead,
L-75163,2026-07-03 20:11:00,NMB,paid_social,paid_social,NMB_US_Meta_Prospecting_2026Q2,Closed Won,2400
L-72962,2026-06-05 16:52:00,PKF,facebook,paid_social,PKF_US_Meta_Conversions,Lead,
L-74703,2026-05-25 10:06:00,NMB,Facebook,paid_social,NMB_US_Meta_Prospecting_2026Q2,Lead,
L-80260,2026-06-08 18:55:00,AUR,,,,Lead,
L-73792,2026-07-28 20:45:00,PKF,fb,paid_social,PKF_US_Meta_Conversions,Lead,
L-71932,2026-07-13 15:03:00,AUR,Facebook,paid_social,AUR_EU_Meta_Retargeting_2026Q2,MQL,
L-81296,2026-06-26 12:14:00,NMB,TikTok,paid_social,NMB_TikTok_Prospecting_2026Q2,SQL,
L-79955,2026-06-12 11:12:00,NMB,adwords,cpc,NMB_US_PMax_2026Q2,Closed Won,2400
L-76894,2026-07-16 22:47:00,AUR,google,cpc,AUR_US_Search_Brand_2026Q2,Lead,
L-81424,2026-05-04 10:04:00,PKF,google,paid_social,(not set),Lead,
L-82256,2026-07-17 22:52:00,AUR,,,,Lead,
L-72131,2026-05-06 21:14:00,AUR,,,,MQL,
L-77392,2026-05-03 20:41:00,PKF,adwords,cpc,PKF_US_Search_Brand_2026Q2,MQL,
L-76310,2026-05-03 22:09:00,AUR,adwords,cpc,AUR_US_Search_Brand_2026Q2,Lead,
L-80009,2026-07-14 19:57:00,NMB,google,cpc,NMB_US_PMax_2026Q2,MQL,
L-71091,2026-05-03 11:03:00,AUR,facebook,paid_social,AUR_EU_Meta_Retargeting_2026Q2,Lead,
L-76747,2026-06-29 21:23:00,AUR,,,,SQL,
L-74686,2026-05-22 20:11:00,NMB,fb,paid_social,NMB_US_Meta_Prospecting_2026Q2,MQL,
L-72051,2026-07-23 10:16:00,AUR,,,,Lead,
L-72985,2026-06-06 22:09:00,PKF,Facebook,paid_social,PKF_US_Meta_Conversions,MQL,
L-79405,2026-06-10 11:37:00,NMB,Google Ads,cpc,NMB_US_Search_Brand_2026Q2,Lead,
L-81843,2026-06-10 20:43:00,AUR,,,,Lead,
L-80265,2026-06-08 21:02:00,AUR,,,,MQL,
L-72238,2026-06-05 08:28:00,AUR,paid_social,paid_social,aurelia|prospecting|meta|may26,Lead,
L-81818,2026-06-08 11:57:00,AUR,,,,Lead,
L-78694,2026-07-31 19:22:00,PKF,Google Ads,cpc,PKF_US_Search_Brand_2026Q2,Lead,
L-75707,2026-05-27 20:09:00,NMB,facebook,paid_social,NMB_US_Meta_Retargeting_2026Q2,Lead,
L-74854,2026-06-07 09:38:00,NMB,facebook,paid_social,NMB_US_Meta_Prospecting_2026Q2,Lead,
L-81946,2026-06-19 08:47:00,AUR,google,paid_social,(not set),SQL,
L-73969,2026-05-15 09:32:00,PKF,Facebook,paid_social,PKF_CA_Meta_Prospecting,Lead,
L-73419,2026-07-03 18:07:00,PKF,Facebook,paid_social,PKF_US_Meta_Conversions,MQL,
L-70290,2026-06-01 10:21:00,AUR,,,,Lead,
L-78726,2026-05-05 12:56:00,PKF,google,cpc,pkf|nonbrand|search|may26,SQL,
L-78200,2026-06-28 19:34:00,PKF,Google Ads,cpc,PKF_US_Search_Brand_2026Q2,Lead,
L-75014,2026-06-19 17:14:00,NMB,paid_social,paid_social,NMB_US_Meta_Prospecting_2026Q2,Lead,
L-73413,2026-07-01 11:49:00,PKF,facebook,paid_social,PKF_US_Meta_Conversions,MQL,
L-73884,2026-05-04 16:49:00,PKF,paid_social,paid_social,PKF_CA_Meta_Prospecting,Lead,
L-74837,2026-06-05 12:50:00,NMB,paid_social,paid_social,NMB_US_Meta_Prospecting_2026Q2,Lead,
L-79816,2026-07-28 08:33:00,NMB,adwords,cpc,NMB_US_Search_Brand_2026Q2,Lead,
L-76001,2026-07-02 14:28:00,NMB,paid_social,paid_social,NMB_US_Meta_Retargeting_2026Q2,Lead,
L-75896,2026-06-17 15:12:00,NMB,fb,paid_social,NMB_US_Meta_Retargeting_2026Q2,Lead,
L-72060,2026-07-24 10:49:00,AUR,Facebook,paid_social,AUR_EU_Meta_Retargeting_2026Q2,Lead,
L-79176,2026-05-12 22:00:00,NMB,google,cpc,NMB_US_Search_Brand_2026Q2,MQL,
L-70144,2026-05-19 17:11:00,AUR,Facebook,paid_social,AUR_US_Meta_Prospecting_2026Q2,MQL,
L-77892,2026-06-09 22:44:00,PKF,adwords,cpc,PKF_US_Search_Brand_2026Q2,Closed Won,1900
L-80895,2026-06-26 13:07:00,PKF,TikTok,paid_social,PKF_TikTok_Spark_2026Q2,Lead,
L-73528,2026-07-09 18:37:00,PKF,,,,Lead,
L-72818,2026-05-25 09:55:00,PKF,meta,paid_social,PKF_US_Meta_Conversions,Lead,
L-76745,2026-06-28 15:05:00,AUR,,,,SQL,
L-78136,2026-06-24 08:45:00,PKF,google,cpc,PKF_US_Search_Brand_2026Q2,MQL,
L-71864,2026-07-10 18:18:00,AUR,,,,Lead,
L-72731,2026-05-21 15:29:00,PKF,meta,paid_social,PKF_US_Meta_Conversions,Lead,
L-77618,2026-05-21 11:51:00,PKF,google,cpc,PKF_US_Search_Brand_2026Q2,MQL,
L-77251,2026-06-30 20:22:00,AUR,,,,Lead,
L-75115,2026-06-30 11:50:00,NMB,meta,paid_social,NMB_US_Meta_Prospecting_2026Q2,Lead,
L-70659,2026-07-03 15:45:00,AUR,,,,SQL,
L-70181,2026-05-20 14:46:00,AUR,,,,SQL,
L-79436,2026-06-14 19:19:00,NMB,adwords,cpc,NMB_US_Search_Brand_2026Q2,MQL,
L-76909,2026-07-21 22:28:00,AUR,google,cpc,AUR_US_Search_Brand_2026Q2,MQL,
L-74757,2026-05-29 15:04:00,NMB,facebook,paid_social,NMB_US_Meta_Prospecting_2026Q2,MQL,
L-74642,2026-05-19 18:01:00,NMB,facebook,paid_social,NMB_US_Meta_Prospecting_2026Q2,Lead,
L-75017,2026-06-19 11:01:00,NMB,fb,paid_social,NMB_US_Meta_Prospecting_2026Q2,Lead,
L-70983,2026-07-26 16:37:00,AUR,paid_social,paid_social,AUR_US_Meta_Prospecting_2026Q2,Lead,
L-79333,2026-06-03 22:30:00,NMB,google,cpc,NMB_US_Search_Brand_2026Q2,Lead,
L-81291,2026-06-23 12:59:00,NMB,TikTok,paid_social,NMB_TikTok_Prospecting_2026Q2,SQL,
L-81564,2026-05-16 10:01:00,AUR,google,paid_social,(not set),Lead,
L-78931,2026-06-26 15:54:00,PKF,Google Ads,cpc,pkf|nonbrand|search|may26,SQL,
L-77331,2026-07-17 20:06:00,AUR,,,,Lead,
L-79607,2026-07-04 12:10:00,NMB,,,,MQL,
L-80730,2026-06-03 18:22:00,PKF,tiktok,paid_social,PKF_TikTok_Spark_2026Q2,Lead,
L-81752,2026-06-01 20:01:00,PKF,google,paid_social,(not set),Lead,
L-79803,2026-07-25 10:16:00,NMB,Google Ads,cpc,NMB_US_Search_Brand_2026Q2,Lead,
L-72005,2026-07-21 11:37:00,AUR,,,,Lead,
L-80154,2026-05-12 09:34:00,AUR,tiktok,paid_social,AUR_TikTok_Prospecting_2026Q2,Lead,
L-70240,2026-05-27 19:06:00,AUR,,,,Lead,
L-82026,2026-06-26 17:32:00,AUR,google,paid_social,(not set),Lead,
L-79440,2026-06-15 13:34:00,NMB,Google Ads,cpc,NMB_US_Search_Brand_2026Q2,MQL,
L-77407,2026-05-03 19:59:00,PKF,adwords,cpc,PKF_US_Search_Brand_2026Q2,Lead,
L-75250,2026-07-14 09:42:00,NMB,fb,paid_social,NMB_US_Meta_Prospecting_2026Q2,Lead,
L-81542,2026-05-14 21:55:00,PKF,google,paid_social,(not set),MQL,
L-77906,2026-06-09 12:22:00,PKF,google,cpc,PKF_US_Search_Brand_2026Q2,Lead,
L-79714,2026-07-16 08:44:00,NMB,google,cpc,NMB_US_Search_Brand_2026Q2,Lead,
L-76187,2026-07-23 10:23:00,NMB,Facebook,paid_social,NMB_US_Meta_Retargeting_2026Q2,Lead,
L-73560,2026-07-11 08:29:00,PKF,,,,Lead,
L-71359,2026-05-25 10:05:00,AUR,paid_social,paid_social,AUR_EU_Meta_Retargeting_2026Q2,MQL,
L-79483,2026-06-19 10:19:00,NMB,adwords,cpc,NMB_US_Search_Brand_2026Q2,Closed Won,3600
L-76248,2026-07-28 13:20:00,NMB,facebook,paid_social,NMB_US_Meta_Retargeting_2026Q2,Lead,
L-70463,2026-06-18 12:00:00,AUR,paid_social,paid_social,AUR_US_Meta_Prospecting_2026Q2,Lead,
L-75629,2026-05-17 21:09:00,NMB,facebook,paid_social,NMB_US_Meta_Retargeting_2026Q2,MQL,
L-71619,2026-06-17 22:37:00,AUR,fb,paid_social,AUR_EU_Meta_Retargeting_2026Q2,MQL,
L-76131,2026-07-15 12:06:00,NMB,facebook,paid_social,NMB_US_Meta_Retargeting_2026Q2,MQL,
L-71326,2026-05-22 14:12:00,AUR,,,,Lead,
L-72362,2026-07-09 16:18:00,AUR,,,,Lead,
L-81138,2026-07-28 20:09:00,PKF,tiktok,paid_social,PKF_TikTok_Spark_2026Q2,Lead,
L-81203,2026-05-15 09:22:00,NMB,TikTok,paid_social,NMB_TikTok_Prospecting_2026Q2,Lead,
L-73057,2026-06-11 20:29:00,PKF,meta,paid_social,PKF_US_Meta_Conversions,Lead,
L-78222,2026-06-29 21:47:00,PKF,google,cpc,PKF_US_Search_Brand_2026Q2,MQL,
L-71506,2026-06-07 15:18:00,AUR,,,,MQL,
L-71138,2026-05-08 13:58:00,AUR,paid_social,paid_social,AUR_EU_Meta_Retargeting_2026Q2,Lead,
L-70408,2026-06-11 18:17:00,AUR,meta,paid_social,AUR_US_Meta_Prospecting_2026Q2,MQL,
L-78089,2026-06-21 11:05:00,PKF,google,cpc,PKF_US_Search_Brand_2026Q2,Closed Won,3600
L-70114,2026-05-13 08:26:00,AUR,,,,MQL,
L-72424,2026-07-27 09:01:00,AUR,,,,MQL,
L-78749,2026-05-09 18:43:00,PKF,Google Ads,cpc,pkf|nonbrand|search|may26,SQL,
L-79430,2026-06-12 21:03:00,NMB,google,cpc,NMB_US_Search_Brand_2026Q2,Lead,
L-70873,2026-07-17 19:34:00,AUR,,,,Lead,
L-76584,2026-06-08 12:31:00,AUR,,,,Closed Won,2400
L-81693,2026-05-27 19:53:00,NMB,google,paid_social,(not set),SQL,
L-72170,2026-05-17 13:34:00,AUR,facebook,paid_social,aurelia|prospecting|meta|may26,Lead,
L-79924,2026-05-29 20:45:00,NMB,google,cpc,NMB_US_PMax_2026Q2,MQL,
L-70045,2026-05-08 21:29:00,AUR,paid_social,paid_social,AUR_US_Meta_Prospecting_2026Q2,MQL,
L-80822,2026-06-14 15:35:00,PKF,tiktok,paid_social,PKF_TikTok_Spark_2026Q2,MQL,
L-73099,2026-06-11 21:45:00,PKF,paid_social,paid_social,PKF_US_Meta_Conversions,Lead,
L-73995,2026-05-18 20:45:00,PKF,Facebook,paid_social,PKF_CA_Meta_Prospecting,Closed Won,5200
L-78800,2026-05-24 15:58:00,PKF,google,cpc,pkf|nonbrand|search|may26,Lead,
L-72476,2026-05-04 17:22:00,PKF,,,,Lead,
L-81022,2026-07-12 17:45:00,PKF,tiktok,paid_social,PKF_TikTok_Spark_2026Q2,MQL,
L-76627,2026-06-16 21:51:00,AUR,,,,Lead,
L-76312,2026-05-03 13:25:00,AUR,,,,Lead,
L-78705,2026-07-30 13:36:00,PKF,Google Ads,cpc,PKF_US_Search_Brand_2026Q2,Lead,
L-72783,2026-05-23 09:03:00,PKF,meta,paid_social,PKF_US_Meta_Conversions,MQL,
L-72015,2026-07-21 16:24:00,AUR,,,,Lead,
L-74098,2026-06-04 09:05:00,PKF,paid_social,paid_social,PKF_CA_Meta_Prospecting,MQL,
L-77876,2026-06-08 22:21:00,PKF,Google Ads,cpc,PKF_US_Search_Brand_2026Q2,Lead,
L-79532,2026-06-27 13:02:00,NMB,google,cpc,NMB_US_Search_Brand_2026Q2,Lead,
L-80885,2026-06-24 17:48:00,PKF,TikTok,paid_social,PKF_TikTok_Spark_2026Q2,Lead,
L-77188,2026-06-14 12:04:00,AUR,,,,MQL,
L-71770,2026-06-29 12:15:00,AUR,meta,paid_social,AUR_EU_Meta_Retargeting_2026Q2,MQL,
L-80766,2026-06-07 08:18:00,PKF,TikTok,paid_social,PKF_TikTok_Spark_2026Q2,Lead,
L-71951,2026-07-16 22:53:00,AUR,facebook,paid_social,AUR_EU_Meta_Retargeting_2026Q2,MQL,
L-75303,2026-07-18 09:06:00,NMB,facebook,paid_social,NMB_US_Meta_Prospecting_2026Q2,MQL,
L-79617,2026-07-06 10:16:00,NMB,adwords,cpc,NMB_US_Search_Brand_2026Q2,Lead,
L-81039,2026-07-16 22:25:00,PKF,,,,MQL,
L-76754,2026-06-29 11:04:00,AUR,Google Ads,cpc,AUR_US_Search_Brand_2026Q2,Closed Won,2400
L-71895,2026-07-11 22:14:00,AUR,,,,MQL,
L-74933,2026-06-14 16:05:00,NMB,Facebook,paid_social,NMB_US_Meta_Prospecting_2026Q2,MQL,
L-72721,2026-05-19 08:19:00,PKF,Facebook,paid_social,PKF_US_Meta_Conversions,MQL,
L-73571,2026-07-11 19:26:00,PKF,,,,MQL,
L-81364,2026-07-21 14:28:00,NMB,TikTok,paid_social,NMB_TikTok_Prospecting_2026Q2,MQL,
L-82092,2026-07-02 10:10:00,PKF,google,paid_social,(not set),Lead,
L-71707,2026-06-26 19:34:00,AUR,,,,MQL,
L-73380,2026-06-30 13:26:00,PKF,,,,MQL,
L-72739,2026-05-20 18:30:00,PKF,Facebook,paid_social,PKF_US_Meta_Conversions,Lead,
L-78857,2026-06-06 20:52:00,PKF,adwords,cpc,pkf|nonbrand|search|may26,Lead,
L-72075,2026-07-27 22:05:00,AUR,,,,MQL,
L-71624,2026-06-17 22:21:00,AUR,facebook,paid_social,AUR_EU_Meta_Retargeting_2026Q2,Lead,
L-75370,2026-07-22 19:56:00,NMB,meta,paid_social,NMB_US_Meta_Prospecting_2026Q2,MQL,
L-77231,2026-06-24 22:42:00,AUR,,,,MQL,
L-80051,2026-05-18 12:03:00,NMB,google,cpc,NMB_US_Video_Test_A,Lead,
L-76065,2026-07-09 11:14:00,NMB,,,,MQL,
L-77558,2026-05-15 09:36:00,PKF,adwords,cpc,PKF_US_Search_Brand_2026Q2,Lead,
L-77854,2026-06-04 11:20:00,PKF,google,cpc,PKF_US_Search_Brand_2026Q2,Lead,
L-81196,2026-05-11 08:36:00,NMB,tiktok,paid_social,NMB_TikTok_Prospecting_2026Q2,Lead,
L-72816,2026-05-23 11:31:00,PKF,paid_social,paid_social,PKF_US_Meta_Conversions,SQL,
L-80651,2026-05-24 22:48:00,PKF,TikTok,paid_social,PKF_TikTok_Spark_2026Q2,Lead,
L-79536,2026-06-26 15:46:00,NMB,google,cpc,NMB_US_Search_Brand_2026Q2,SQL,
L-82365,2026-07-27 23:20:00,AUR,,,,MQL,
L-79981,2026-06-26 21:33:00,NMB,google,cpc,NMB_US_PMax_2026Q2,Lead,
L-79621,2026-07-07 21:52:00,NMB,Google Ads,cpc,NMB_US_Search_Brand_2026Q2,SQL,
L-76571,2026-06-05 19:42:00,AUR,,,,MQL,
L-74303,2026-07-06 15:36:00,PKF,,,,Lead,
L-71600,2026-06-14 09:34:00,AUR,,,,Lead,
L-80310,2026-06-20 14:16:00,AUR,tiktok,paid_social,AUR_TikTok_Prospecting_2026Q2,MQL,
L-72411,2026-07-24 19:19:00,AUR,facebook,paid_social,aurelia|prospecting|meta|may26,MQL,
L-76549,2026-06-01 12:51:00,AUR,,,,Closed Won,3600
L-70070,2026-05-10 18:21:00,AUR,Facebook,paid_social,AUR_US_Meta_Prospecting_2026Q2,Lead,
L-81780,2026-06-03 08:48:00,PKF,google,paid_social,(not set),Lead,
L-71831,2026-07-06 18:42:00,AUR,fb,paid_social,AUR_EU_Meta_Retargeting_2026Q2,MQL,
L-72102,2026-07-31 08:10:00,AUR,Facebook,paid_social,AUR_EU_Meta_Retargeting_2026Q2,MQL,
L-72578,2026-05-09 11:57:00,PKF,facebook,paid_social,PKF_US_Meta_Conversions,Lead,
L-72809,2026-05-24 17:56:00,PKF,meta,paid_social,PKF_US_Meta_Conversions,Lead,
L-77685,2026-05-23 14:32:00,PKF,adwords,cpc,PKF_US_Search_Brand_2026Q2,Closed Won,8800
L-74297,2026-07-07 22:49:00,PKF,paid_social,paid_social,PKF_CA_Meta_Prospecting,Lead,
L-73726,2026-07-22 10:56:00,PKF,meta,paid_social,PKF_US_Meta_Conversions,MQL,
L-81994,2026-06-23 22:51:00,PKF,google,paid_social,(not set),Lead,
L-79043,2026-07-25 11:53:00,PKF,Google Ads,cpc,pkf|nonbrand|search|may26,MQL,
L-75974,2026-06-28 17:49:00,NMB,facebook,paid_social,NMB_US_Meta_Retargeting_2026Q2,MQL,
L-74955,2026-06-14 08:48:00,NMB,paid_social,paid_social,NMB_US_Meta_Prospecting_2026Q2,Lead,
L-72889,2026-05-28 08:52:00,PKF,fb,paid_social,PKF_US_Meta_Conversions,Lead,
L-74291,2026-07-03 15:53:00,PKF,facebook,paid_social,PKF_CA_Meta_Prospecting,MQL,
L-75149,2026-07-03 08:48:00,NMB,paid_social,paid_social,NMB_US_Meta_Prospecting_2026Q2,MQL,
L-73787,2026-07-28 08:14:00,PKF,Facebook,paid_social,PKF_US_Meta_Conversions,MQL,
L-76409,2026-05-16 13:48:00,AUR,google,cpc,AUR_US_Search_Brand_2026Q2,MQL,
L-76897,2026-07-18 10:08:00,AUR,adwords,cpc,AUR_US_Search_Brand_2026Q2,Lead,
L-71889,2026-07-11 20:11:00,AUR,,,,Lead,
L-78797,2026-05-22 15:52:00,PKF,google,cpc,pkf|nonbrand|search|may26,SQL,
L-81065,2026-07-19 18:41:00,PKF,tiktok,paid_social,PKF_TikTok_Spark_2026Q2,Lead,
L-81423,2026-05-04 14:37:00,PKF,google,paid_social,(not set),SQL,
L-80474,2026-07-27 14:42:00,AUR,,,,Lead,
L-82098,2026-07-02 22:54:00,NMB,google,paid_social,(not set),Lead,
L-79632,2026-07-09 15:03:00,NMB,adwords,cpc,NMB_US_Search_Brand_2026Q2,Lead,
L-76243,2026-07-29 17:05:00,NMB,,,,SQL,
L-76558,2026-06-05 17:59:00,AUR,adwords,cpc,AUR_US_Search_Brand_2026Q2,MQL,
L-73801,2026-07-28 10:13:00,PKF,Facebook,paid_social,PKF_US_Meta_Conversions,MQL,
L-77444,2026-05-07 12:14:00,PKF,google,cpc,PKF_US_Search_Brand_2026Q2,SQL,
L-81476,2026-05-08 23:05:00,PKF,google,paid_social,(not set),Lead,
L-79212,2026-05-19 17:45:00,NMB,Google Ads,cpc,NMB_US_Search_Brand_2026Q2,SQL,
L-73074,2026-06-11 16:09:00,PKF,fb,paid_social,PKF_US_Meta_Conversions,Lead,
L-73210,2026-06-21 08:36:00,PKF,Facebook,paid_social,PKF_US_Meta_Conversions,Closed Won,1900
L-80441,2026-07-18 14:40:00,AUR,,,,MQL,
L-81864,2026-06-11 19:08:00,NMB,google,paid_social,(not set),MQL,
L-70392,2026-06-12 21:01:00,AUR,meta,paid_social,AUR_US_Meta_Prospecting_2026Q2,MQL,
L-75394,2026-07-24 11:57:00,NMB,Facebook,paid_social,NMB_US_Meta_Prospecting_2026Q2,Lead,
L-77270,2026-07-03 21:53:00,AUR,,,,Lead,
L-72312,2026-06-26 21:10:00,AUR,,,,Lead,
L-72639,2026-05-15 08:40:00,PKF,meta,paid_social,PKF_US_Meta_Conversions,Lead,
L-76462,2026-05-21 22:39:00,AUR,google,cpc,AUR_US_Search_Brand_2026Q2,MQL,
L-72034,2026-07-22 09:55:00,AUR,paid_social,paid_social,AUR_EU_Meta_Retargeting_2026Q2,Lead,
L-80096,2026-05-14 17:27:00,PKF,google,cpc,PKF_US_Video_Test_C,Closed Won,1900
L-71743,2026-06-27 17:29:00,AUR,facebook,paid_social,AUR_EU_Meta_Retargeting_2026Q2,MQL,
L-80405,2026-07-09 15:34:00,AUR,,,,Lead,
L-71510,2026-06-06 10:03:00,AUR,meta,paid_social,AUR_EU_Meta_Retargeting_2026Q2,MQL,
L-81955,2026-06-19 19:22:00,NMB,google,paid_social,(not set),Closed Won,8800
L-80404,2026-07-11 17:22:00,AUR,tiktok,paid_social,AUR_TikTok_Prospecting_2026Q2,MQL,
L-71640,2026-06-18 10:10:00,AUR,,,,MQL,
L-80109,2026-06-21 13:30:00,PKF,adwords,cpc,PKF_US_Video_Test_C,SQL,
L-78053,2026-06-19 16:07:00,PKF,,,,Lead,
L-74409,2026-07-24 13:03:00,PKF,Facebook,paid_social,PKF_CA_Meta_Prospecting,Lead,
L-72479,2026-05-04 18:04:00,PKF,fb,paid_social,PKF_US_Meta_Conversions,MQL,
L-72151,2026-05-12 13:05:00,AUR,,,,Lead,
L-70769,2026-07-09 08:09:00,AUR,,,,Closed Won,3600
L-81530,2026-05-13 10:48:00,PKF,google,paid_social,(not set),SQL,
L-75892,2026-06-19 19:40:00,NMB,Facebook,paid_social,NMB_US_Meta_Retargeting_2026Q2,Lead,
L-72546,2026-05-09 11:23:00,PKF,meta,paid_social,PKF_US_Meta_Conversions,Lead,
L-70321,2026-06-04 13:23:00,AUR,,,,Lead,
L-75902,2026-06-18 21:24:00,NMB,paid_social,paid_social,NMB_US_Meta_Retargeting_2026Q2,Lead,
L-72256,2026-06-10 15:12:00,AUR,,,,Lead,
L-77676,2026-05-25 22:45:00,PKF,adwords,cpc,PKF_US_Search_Brand_2026Q2,Lead,
L-80458,2026-07-25 18:04:00,AUR,TikTok,paid_social,AUR_TikTok_Prospecting_2026Q2,Lead,
L-70396,2026-06-10 22:14:00,AUR,,,,Lead,
L-80283,2026-06-15 22:17:00,AUR,,,,Lead,
L-73607,2026-07-15 15:02:00,PKF,facebook,paid_social,PKF_US_Meta_Conversions,MQL,
L-70118,2026-05-16 21:10:00,AUR,Facebook,paid_social,AUR_US_Meta_Prospecting_2026Q2,MQL,
L-78821,2026-05-28 15:50:00,PKF,google,cpc,pkf|nonbrand|search|may26,MQL,
L-79435,2026-06-14 18:50:00,NMB,google,cpc,NMB_US_Search_Brand_2026Q2,MQL,
L-76350,2026-05-09 22:37:00,AUR,,,,SQL,
L-74821,2026-06-05 12:02:00,NMB,paid_social,paid_social,NMB_US_Meta_Prospecting_2026Q2,Lead,
L-76974,2026-07-28 13:33:00,AUR,google,cpc,AUR_US_Search_Brand_2026Q2,MQL,
L-72196,2026-05-23 22:28:00,AUR,,,,Lead,
L-76861,2026-07-13 16:09:00,AUR,,,,Lead,
L-76618,2026-06-12 08:58:00,AUR,,,,MQL,
L-71615,2026-06-16 19:27:00,AUR,meta,paid_social,AUR_EU_Meta_Retargeting_2026Q2,Lead,
L-70788,2026-07-10 16:11:00,AUR,,,,Lead,
L-71069,2026-05-02 14:55:00,AUR,paid_social,paid_social,AUR_EU_Meta_Retargeting_2026Q2,Lead,
L-76073,2026-07-08 16:15:00,NMB,,,,SQL,
L-81093,2026-07-20 19:46:00,PKF,tiktok,paid_social,PKF_TikTok_Spark_2026Q2,MQL,
L-76611,2026-06-12 08:00:00,AUR,google,cpc,AUR_US_Search_Brand_2026Q2,Lead,
L-70255,2026-05-26 19:34:00,AUR,meta,paid_social,AUR_US_Meta_Prospecting_2026Q2,MQL,
L-75342,2026-07-20 14:58:00,NMB,Facebook,paid_social,NMB_US_Meta_Prospecting_2026Q2,Lead,
L-76739,2026-06-29 09:01:00,AUR,,,,Lead,
L-75785,2026-06-03 22:51:00,NMB,meta,paid_social,NMB_US_Meta_Retargeting_2026Q2,Lead,
L-78018,2026-06-17 10:29:00,PKF,google,cpc,PKF_US_Search_Brand_2026Q2,SQL,
L-79530,2026-06-27 13:44:00,NMB,Google Ads,cpc,NMB_US_Search_Brand_2026Q2,Closed Won,1900
L-80537,2026-05-10 15:28:00,PKF,tiktok,paid_social,PKF_TikTok_Spark_2026Q2,Lead,
L-71469,2026-06-03 19:42:00,AUR,,,,Closed Won,1900
L-73296,2026-06-26 21:51:00,PKF,Facebook,paid_social,PKF_US_Meta_Conversions,Lead,
L-74908,2026-06-10 15:40:00,NMB,fb,paid_social,NMB_US_Meta_Prospecting_2026Q2,MQL,
L-80105,2026-06-09 15:49:00,PKF,,,,Lead,
L-77429,2026-05-07 21:26:00,PKF,google,cpc,PKF_US_Search_Brand_2026Q2,SQL,
L-81324,2026-07-07 19:08:00,NMB,TikTok,paid_social,NMB_TikTok_Prospecting_2026Q2,Closed Won,8800
L-77119,2026-05-26 08:58:00,AUR,,,,Lead,
L-72414,2026-07-25 09:04:00,AUR,facebook,paid_social,aurelia|prospecting|meta|may26,Lead,
L-81103,2026-07-22 19:43:00,PKF,tiktok,paid_social,PKF_TikTok_Spark_2026Q2,MQL,
L-70753,2026-07-09 10:20:00,AUR,,,,Lead,
L-77902,2026-06-10 17:28:00,PKF,Google Ads,cpc,PKF_US_Search_Brand_2026Q2,Lead,
L-72150,2026-05-11 21:20:00,AUR,meta,paid_social,aurelia|prospecting|meta|may26,Lead,
L-70490,2026-06-20 09:47:00,AUR,facebook,paid_social,AUR_US_Meta_Prospecting_2026Q2,Lead,
L-73820,2026-07-28 12:30:00,PKF,paid_social,paid_social,PKF_US_Meta_Conversions,MQL,
L-75079,2026-06-25 18:19:00,NMB,Facebook,paid_social,NMB_US_Meta_Prospecting_2026Q2,Lead,
L-73492,2026-07-08 11:04:00,PKF,,,,Lead,
L-82289,2026-07-20 09:12:00,PKF,,,,MQL,
L-76396,2026-05-13 08:52:00,AUR,adwords,cpc,AUR_US_Search_Brand_2026Q2,MQL,
L-75910,2026-06-22 12:28:00,NMB,meta,paid_social,NMB_US_Meta_Retargeting_2026Q2,Lead,
L-77824,2026-06-03 12:23:00,PKF,Google Ads,cpc,PKF_US_Search_Brand_2026Q2,SQL,
L-76181,2026-07-22 22:46:00,NMB,fb,paid_social,NMB_US_Meta_Retargeting_2026Q2,Lead,
L-81403,2026-05-02 12:42:00,PKF,google,paid_social,(not set),Lead,
L-74145,2026-06-14 22:43:00,PKF,,,,Lead,
L-76749,2026-06-29 08:18:00,AUR,google,cpc,AUR_US_Search_Brand_2026Q2,Closed Won,3600
L-73149,2026-06-16 19:02:00,PKF,fb,paid_social,PKF_US_Meta_Conversions,Lead,
L-80268,2026-06-10 10:24:00,AUR,,,,Lead,
L-79311,2026-05-31 10:25:00,NMB,google,cpc,NMB_US_Search_Brand_2026Q2,Lead,
L-80367,2026-06-30 21:17:00,AUR,tiktok,paid_social,AUR_TikTok_Prospecting_2026Q2,MQL,
L-73991,2026-05-17 20:10:00,PKF,facebook,paid_social,PKF_CA_Meta_Prospecting,Lead,
L-76386,2026-05-12 22:13:00,AUR,,,,Lead,
L-74334,2026-07-14 15:36:00,PKF,meta,paid_social,PKF_CA_Meta_Prospecting,Lead,
L-72089,2026-07-28 11:32:00,AUR,facebook,paid_social,AUR_EU_Meta_Retargeting_2026Q2,Lead,
L-73656,2026-07-17 20:46:00,PKF,facebook,paid_social,PKF_US_Meta_Conversions,MQL,
L-74903,2026-06-10 21:30:00,NMB,paid_social,paid_social,NMB_US_Meta_Prospecting_2026Q2,Lead,
L-80037,2026-07-27 08:58:00,NMB,adwords,cpc,NMB_US_PMax_2026Q2,SQL,
L-72665,2026-05-16 13:20:00,PKF,fb,paid_social,PKF_US_Meta_Conversions,Lead,
L-79645,2026-07-10 15:41:00,NMB,adwords,cpc,NMB_US_Search_Brand_2026Q2,Lead,
L-72248,2026-06-08 22:52:00,AUR,,,,Lead,
L-72530,2026-05-07 17:44:00,PKF,meta,paid_social,PKF_US_Meta_Conversions,MQL,
L-80432,2026-07-16 20:21:00,AUR,,,,MQL,
L-74183,2026-06-20 19:54:00,PKF,paid_social,paid_social,PKF_CA_Meta_Prospecting,Lead,
L-71015,2026-07-28 14:18:00,AUR,,,,MQL,
L-75999,2026-07-02 17:27:00,NMB,meta,paid_social,NMB_US_Meta_Retargeting_2026Q2,MQL,
L-70054,2026-05-07 10:36:00,AUR,meta,paid_social,AUR_US_Meta_Prospecting_2026Q2,SQL,
L-80137,2026-05-06 20:48:00,AUR,TikTok,paid_social,AUR_TikTok_Prospecting_2026Q2,Lead,
L-71189,2026-05-13 20:50:00,AUR,Facebook,paid_social,AUR_EU_Meta_Retargeting_2026Q2,MQL,
L-71746,2026-06-27 16:45:00,AUR,,,,Closed Won,5200
L-77347,2026-07-25 11:20:00,AUR,adwords,cpc,AUR_EU_Search_NonBrand_2026Q2,Lead,
L-77528,2026-05-13 13:47:00,PKF,,,,Closed Won,3600
L-74580,2026-05-14 11:31:00,NMB,fb,paid_social,NMB_US_Meta_Prospecting_2026Q2,MQL,
L-70707,2026-07-05 16:30:00,AUR,fb,paid_social,AUR_US_Meta_Prospecting_2026Q2,MQL,
L-72902,2026-05-31 08:04:00,PKF,facebook,paid_social,PKF_US_Meta_Conversions,Lead,
L-74422,2026-07-25 08:03:00,PKF,paid_social,paid_social,PKF_CA_Meta_Prospecting,Lead,
L-81856,2026-06-11 10:31:00,AUR,,,,Lead,
L-75161,2026-07-04 08:55:00,NMB,paid_social,paid_social,NMB_US_Meta_Prospecting_2026Q2,Lead,
L-70852,2026-07-15 17:50:00,AUR,facebook,paid_social,AUR_US_Meta_Prospecting_2026Q2,MQL,
L-80087,2026-07-09 11:21:00,AUR,adwords,cpc,AUR_US_Video_Test_B,Lead,
L-78589,2026-07-24 10:23:00,PKF,,,,MQL,
L-73301,2026-06-26 17:28:00,PKF,paid_social,paid_social,PKF_US_Meta_Conversions,Lead,
L-80149,2026-05-12 11:13:00,AUR,,,,Lead,
L-80856,2026-06-20 20:27:00,PKF,TikTok,paid_social,PKF_TikTok_Spark_2026Q2,Lead,
L-80299,2026-06-17 14:15:00,AUR,,,,Lead,
L-78436,2026-07-13 14:35:00,PKF,adwords,cpc,PKF_US_Search_Brand_2026Q2,Closed Won,5200
L-75546,2026-05-08 20:50:00,NMB,Facebook,paid_social,NMB_US_Meta_Retargeting_2026Q2,Lead,
L-72255,2026-06-10 18:14:00,AUR,Facebook,paid_social,aurelia|prospecting|meta|may26,Lead,
L-72579,2026-05-10 17:53:00,PKF,fb,paid_social,PKF_US_Meta_Conversions,Lead,
L-71567,2026-06-13 16:13:00,AUR,,,,Lead,
L-75619,2026-05-17 16:39:00,NMB,Facebook,paid_social,NMB_US_Meta_Retargeting_2026Q2,Lead,
L-73522,2026-07-08 19:58:00,PKF,,,,Lead,
L-72874,2026-05-27 16:57:00,PKF,facebook,paid_social,PKF_US_Meta_Conversions,Lead,
L-76939,2026-07-24 20:51:00,AUR,Google Ads,cpc,AUR_US_Search_Brand_2026Q2,Lead,
L-74590,2026-05-15 16:04:00,NMB,fb,paid_social,NMB_US_Meta_Prospecting_2026Q2,Lead,
L-78224,2026-06-28 19:20:00,PKF,adwords,cpc,PKF_US_Search_Brand_2026Q2,Lead,
L-74739,2026-05-27 08:18:00,NMB,fb,paid_social,NMB_US_Meta_Prospecting_2026Q2,SQL,
L-79686,2026-07-13 17:07:00,NMB,google,cpc,NMB_US_Search_Brand_2026Q2,Lead,
L-77617,2026-05-21 11:26:00,PKF,adwords,cpc,PKF_US_Search_Brand_2026Q2,Lead,
L-73214,2026-06-20 15:16:00,PKF,meta,paid_social,PKF_US_Meta_Conversions,Lead,
L-71529,2026-06-09 08:14:00,AUR,,,,Lead,
L-74835,2026-06-03 16:59:00,NMB,facebook,paid_social,NMB_US_Meta_Prospecting_2026Q2,MQL,
L-73322,2026-06-27 18:41:00,PKF,facebook,paid_social,PKF_US_Meta_Conversions,Lead,
L-73770,2026-07-25 13:49:00,PKF,meta,paid_social,PKF_US_Meta_Conversions,MQL,
L-71546,2026-06-10 17:54:00,AUR,paid_social,paid_social,AUR_EU_Meta_Retargeting_2026Q2,MQL,
L-78445,2026-07-14 21:52:00,PKF,Google Ads,cpc,PKF_US_Search_Brand_2026Q2,Closed Won,3600
L-79127,2026-05-07 21:41:00,NMB,Google Ads,cpc,NMB_US_Search_Brand_2026Q2,Lead,
L-70134,2026-05-18 10:57:00,AUR,,,,MQL,
L-74489,2026-05-05 13:47:00,NMB,Facebook,paid_social,NMB_US_Meta_Prospecting_2026Q2,MQL,
L-71682,2026-06-22 20:10:00,AUR,,,,Lead,
L-73932,2026-05-13 12:27:00,PKF,,,,MQL,
L-73555,2026-07-10 22:34:00,PKF,,,,Lead,
L-81032,2026-07-13 12:10:00,PKF,TikTok,paid_social,PKF_TikTok_Spark_2026Q2,Lead,
L-70324,2026-06-03 17:24:00,AUR,,,,Lead,
L-70667,2026-07-01 14:33:00,AUR,,,,Lead,
L-79525,2026-06-26 11:11:00,NMB,google,cpc,NMB_US_Search_Brand_2026Q2,Lead,
L-75029,2026-06-22 09:27:00,NMB,paid_social,paid_social,NMB_US_Meta_Prospecting_2026Q2,Closed Won,3600
L-81566,2026-05-16 17:08:00,PKF,google,paid_social,(not set),Lead,
L-79884,2026-05-08 20:29:00,NMB,Google Ads,cpc,NMB_US_PMax_2026Q2,Lead,
L-80735,2026-06-04 09:25:00,PKF,tiktok,paid_social,PKF_TikTok_Spark_2026Q2,MQL,
L-76545,2026-06-01 19:43:00,AUR,google,cpc,AUR_US_Search_Brand_2026Q2,Lead,
L-81561,2026-05-15 13:56:00,NMB,google,paid_social,(not set),Lead,
L-71454,2026-06-02 19:52:00,AUR,facebook,paid_social,AUR_EU_Meta_Retargeting_2026Q2,MQL,
L-77437,2026-05-07 16:16:00,PKF,Google Ads,cpc,PKF_US_Search_Brand_2026Q2,MQL,
L-77082,2026-05-22 08:02:00,AUR,google,cpc,AUR_EU_Search_NonBrand_2026Q2,Lead,
L-75781,2026-06-04 08:52:00,NMB,Facebook,paid_social,NMB_US_Meta_Retargeting_2026Q2,Lead,
L-70951,2026-07-24 11:55:00,AUR,,,,Lead,
L-73619,2026-07-15 17:55:00,PKF,fb,paid_social,PKF_US_Meta_Conversions,MQL,
L-78348,2026-07-08 20:39:00,PKF,google,cpc,PKF_US_Search_Brand_2026Q2,SQL,
L-74602,2026-05-14 13:39:00,NMB,paid_social,paid_social,NMB_US_Meta_Prospecting_2026Q2,MQL,
L-76442,2026-05-21 16:46:00,AUR,google,cpc,AUR_US_Search_Brand_2026Q2,Lead,
L-80349,2026-06-28 20:27:00,AUR,TikTok,paid_social,AUR_TikTok_Prospecting_2026Q2,MQL,
L-78161,2026-06-24 16:20:00,PKF,google,cpc,PKF_US_Search_Brand_2026Q2,Lead,
L-75594,2026-05-15 14:14:00,NMB,,,,SQL,
L-76940,2026-07-23 21:08:00,AUR,,,,Lead,
L-76721,2026-06-26 18:21:00,AUR,,,,Lead,
L-77922,2026-06-10 22:26:00,PKF,google,cpc,PKF_US_Search_Brand_2026Q2,MQL,
L-79083,2026-05-02 21:49:00,NMB,google,cpc,NMB_US_Search_Brand_2026Q2,Lead,
L-73275,2026-06-24 10:48:00,PKF,fb,paid_social,PKF_US_Meta_Conversions,MQL,
L-75480,2026-07-29 14:11:00,NMB,,,,Lead,
L-74129,2026-06-10 18:26:00,PKF,fb,paid_social,PKF_CA_Meta_Prospecting,MQL,
L-70939,2026-07-21 08:23:00,AUR,,,,Lead,
L-70858,2026-07-18 22:45:00,AUR,Facebook,paid_social,AUR_US_Meta_Prospecting_2026Q2,Lead,
L-72686,2026-05-18 13:56:00,PKF,fb,paid_social,PKF_US_Meta_Conversions,Lead,
L-75938,2026-06-25 09:33:00,NMB,fb,paid_social,NMB_US_Meta_Retargeting_2026Q2,Lead,
L-78007,2026-06-14 09:14:00,PKF,,,,Lead,
L-74197,2026-06-21 21:08:00,PKF,paid_social,paid_social,PKF_CA_Meta_Prospecting,Lead,
L-73763,2026-07-23 16:34:00,PKF,Facebook,paid_social,PKF_US_Meta_Conversions,Lead,
L-81299,2026-06-26 10:42:00,NMB,tiktok,paid_social,NMB_TikTok_Prospecting_2026Q2,Lead,
L-76492,2026-05-26 14:50:00,AUR,adwords,cpc,AUR_US_Search_Brand_2026Q2,SQL,
L-75119,2026-07-01 09:06:00,NMB,,,,MQL,
L-73343,2026-06-28 13:53:00,PKF,Facebook,paid_social,PKF_US_Meta_Conversions,MQL,
L-76486,2026-05-24 12:23:00,AUR,,,,MQL,
L-77015,2026-05-04 15:10:00,AUR,,,,MQL,
L-77133,2026-05-30 14:16:00,AUR,,,,Lead,
L-79088,2026-05-02 15:31:00,NMB,adwords,cpc,NMB_US_Search_Brand_2026Q2,SQL,
L-76947,2026-07-24 20:16:00,AUR,google,cpc,AUR_US_Search_Brand_2026Q2,MQL,
L-71949,2026-07-16 20:16:00,AUR,Facebook,paid_social,AUR_EU_Meta_Retargeting_2026Q2,Lead,
L-75768,2026-06-02 16:10:00,NMB,fb,paid_social,NMB_US_Meta_Retargeting_2026Q2,Lead,
L-75829,2026-06-10 13:02:00,NMB,paid_social,paid_social,NMB_US_Meta_Retargeting_2026Q2,Lead,
L-81122,2026-07-23 13:00:00,PKF,TikTok,paid_social,PKF_TikTok_Spark_2026Q2,MQL,
L-73316,2026-06-27 13:58:00,PKF,facebook,paid_social,PKF_US_Meta_Conversions,Lead,
L-78369,2026-07-09 19:11:00,PKF,Google Ads,cpc,PKF_US_Search_Brand_2026Q2,MQL,
L-79898,2026-05-20 09:52:00,NMB,google,cpc,NMB_US_PMax_2026Q2,MQL,
L-77294,2026-07-09 11:05:00,AUR,Google Ads,cpc,AUR_EU_Search_NonBrand_2026Q2,Lead,
L-81807,2026-06-06 09:15:00,PKF,google,paid_social,(not set),Lead,
L-77417,2026-05-06 15:15:00,PKF,Google Ads,cpc,PKF_US_Search_Brand_2026Q2,Lead,
L-74017,2026-05-21 22:49:00,PKF,Facebook,paid_social,PKF_CA_Meta_Prospecting,Lead,
L-80898,2026-06-26 19:26:00,PKF,tiktok,paid_social,PKF_TikTok_Spark_2026Q2,Lead,
L-70521,2026-06-22 16:34:00,AUR,,,,Lead,
L-76512,2026-05-27 09:11:00,AUR,,,,Lead,
L-74377,2026-07-16 18:49:00,PKF,Facebook,paid_social,PKF_CA_Meta_Prospecting,Lead,
L-74512,2026-05-06 10:24:00,NMB,facebook,paid_social,NMB_US_Meta_Prospecting_2026Q2,MQL,
L-75233,2026-07-12 14:17:00,NMB,fb,paid_social,NMB_US_Meta_Prospecting_2026Q2,SQL,
L-78414,2026-07-13 19:30:00,PKF,,,,Lead,
L-79312,2026-05-30 13:48:00,NMB,google,cpc,NMB_US_Search_Brand_2026Q2,Lead,
L-74429,2026-07-24 14:14:00,PKF,paid_social,paid_social,PKF_CA_Meta_Prospecting,Lead,
L-71175,2026-05-10 11:07:00,AUR,fb,paid_social,AUR_EU_Meta_Retargeting_2026Q2,MQL,
L-79013,2026-07-15 16:16:00,PKF,adwords,cpc,pkf|nonbrand|search|may26,MQL,
L-76074,2026-07-09 18:24:00,NMB,,,,MQL,
L-79063,2026-07-28 17:41:00,PKF,google,cpc,pkf|nonbrand|search|may26,MQL,
L-74331,2026-07-13 18:47:00,PKF,Facebook,paid_social,PKF_CA_Meta_Prospecting,Lead,
L-77602,2026-05-19 15:49:00,PKF,adwords,cpc,PKF_US_Search_Brand_2026Q2,Lead,
L-71773,2026-06-30 19:29:00,AUR,fb,paid_social,AUR_EU_Meta_Retargeting_2026Q2,MQL,
L-78170,2026-06-26 16:40:00,PKF,google,cpc,PKF_US_Search_Brand_2026Q2,Lead,
L-80675,2026-05-28 10:44:00,PKF,TikTok,paid_social,PKF_TikTok_Spark_2026Q2,Lead,
L-78690,2026-07-31 21:13:00,PKF,google,cpc,PKF_US_Search_Brand_2026Q2,MQL,
L-70185,2026-05-20 16:00:00,AUR,facebook,paid_social,AUR_US_Meta_Prospecting_2026Q2,Lead,
L-80007,2026-07-13 08:24:00,NMB,,,,MQL,
L-82064,2026-06-30 22:35:00,AUR,,,,MQL,
L-74200,2026-06-23 15:28:00,PKF,meta,paid_social,PKF_CA_Meta_Prospecting,Lead,
L-71653,2026-06-21 14:14:00,AUR,paid_social,paid_social,AUR_EU_Meta_Retargeting_2026Q2,Lead,
L-76162,2026-07-19 12:25:00,NMB,facebook,paid_social,NMB_US_Meta_Retargeting_2026Q2,Lead,
L-81145,2026-07-28 12:33:00,PKF,TikTok,paid_social,PKF_TikTok_Spark_2026Q2,Lead,
L-79940,2026-06-05 20:19:00,NMB,google,cpc,NMB_US_PMax_2026Q2,Lead,
L-79964,2026-06-16 19:17:00,NMB,google,cpc,NMB_US_PMax_2026Q2,Lead,
L-79478,2026-06-21 17:28:00,NMB,google,cpc,NMB_US_Search_Brand_2026Q2,MQL,
L-77400,2026-05-03 19:27:00,PKF,Google Ads,cpc,PKF_US_Search_Brand_2026Q2,Lead,
L-74876,2026-06-09 17:34:00,NMB,Facebook,paid_social,NMB_US_Meta_Prospecting_2026Q2,MQL,
L-77284,2026-07-06 21:32:00,AUR,Google Ads,cpc,AUR_EU_Search_NonBrand_2026Q2,Lead,
L-75486,2026-07-31 13:40:00,NMB,facebook,paid_social,NMB_US_Meta_Prospecting_2026Q2,Lead,
L-76146,2026-07-16 19:55:00,NMB,,,,Lead,
L-75451,2026-07-30 11:21:00,NMB,Facebook,paid_social,NMB_US_Meta_Prospecting_2026Q2,Lead,
L-79369,2026-06-07 08:09:00,NMB,adwords,cpc,NMB_US_Search_Brand_2026Q2,Lead,
L-72858,2026-05-28 19:26:00,PKF,facebook,paid_social,PKF_US_Meta_Conversions,Lead,
L-73589,2026-07-14 15:22:00,PKF,paid_social,paid_social,PKF_US_Meta_Conversions,SQL,
L-73830,2026-07-31 08:41:00,PKF,fb,paid_social,PKF_US_Meta_Conversions,Lead,
L-82140,2026-07-06 11:10:00,NMB,google,paid_social,(not set),MQL,
L-82090,2026-07-02 08:15:00,AUR,google,paid_social,(not set),MQL,
L-78236,2026-07-01 18:45:00,PKF,adwords,cpc,PKF_US_Search_Brand_2026Q2,Lead,
L-78670,2026-07-30 21:57:00,PKF,adwords,cpc,PKF_US_Search_Brand_2026Q2,Lead,
L-76994,2026-07-30 12:08:00,AUR,Google Ads,cpc,AUR_US_Search_Brand_2026Q2,Lead,
L-78212,2026-06-28 21:29:00,PKF,google,cpc,PKF_US_Search_Brand_2026Q2,MQL,
L-74632,2026-05-16 20:16:00,NMB,fb,paid_social,NMB_US_Meta_Prospecting_2026Q2,MQL,
L-78035,2026-06-16 13:37:00,PKF,Google Ads,cpc,PKF_US_Search_Brand_2026Q2,Lead,
L-72767,2026-05-23 11:06:00,PKF,Facebook,paid_social,PKF_US_Meta_Conversions,Lead,
L-71432,2026-05-31 09:07:00,AUR,meta,paid_social,AUR_EU_Meta_Retargeting_2026Q2,Lead,
L-75061,2026-06-24 18:32:00,NMB,,,,Lead,
L-72875,2026-05-27 12:28:00,PKF,paid_social,paid_social,PKF_US_Meta_Conversions,MQL,
L-71881,2026-07-10 11:53:00,AUR,,,,MQL,
L-79596,2026-07-04 19:57:00,NMB,google,cpc,NMB_US_Search_Brand_2026Q2,SQL,
L-78211,2026-06-27 13:52:00,PKF,google,cpc,PKF_US_Search_Brand_2026Q2,Lead,
L-70003,2026-05-01 19:34:00,AUR,paid_social,paid_social,AUR_US_Meta_Prospecting_2026Q2,MQL,
L-81825,2026-06-08 15:13:00,NMB,,,,Lead,
L-73152,2026-06-16 15:07:00,PKF,facebook,paid_social,PKF_US_Meta_Conversions,Lead,
L-81717,2026-05-29 07:29:00,PKF,google,paid_social,(not set),Lead,
L-73068,2026-06-12 09:02:00,PKF,facebook,paid_social,PKF_US_Meta_Conversions,MQL,
L-79155,2026-05-12 13:36:00,NMB,Google Ads,cpc,NMB_US_Search_Brand_2026Q2,Lead,
L-74843,2026-06-04 11:10:00,NMB,,,,Lead,
L-79520,2026-06-26 09:06:00,NMB,adwords,cpc,NMB_US_Search_Brand_2026Q2,Lead,
L-73143,2026-06-15 22:47:00,PKF,facebook,paid_social,PKF_US_Meta_Conversions,Closed Won,3600
L-80014,2026-07-15 08:51:00,NMB,Google Ads,cpc,NMB_US_PMax_2026Q2,Lead,
L-71597,2026-06-15 15:41:00,AUR,facebook,paid_social,AUR_EU_Meta_Retargeting_2026Q2,Lead,
L-78124,2026-06-21 18:20:00,PKF,adwords,cpc,PKF_US_Search_Brand_2026Q2,Lead,
L-76598,2026-06-11 20:37:00,AUR,,,,Lead,
L-75036,2026-06-22 10:21:00,NMB,facebook,paid_social,NMB_US_Meta_Prospecting_2026Q2,MQL,
L-74882,2026-06-09 14:03:00,NMB,Facebook,paid_social,NMB_US_Meta_Prospecting_2026Q2,Lead,
L-82363,2026-07-27 12:48:00,AUR,google,paid_social,(not set),Lead,
L-70405,2026-06-11 17:43:00,AUR,,,,Lead,
L-74515,2026-05-06 20:41:00,NMB,paid_social,paid_social,NMB_US_Meta_Prospecting_2026Q2,MQL,
L-73242,2026-06-23 12:26:00,PKF,,,,Lead,
L-80751,2026-06-05 19:08:00,PKF,TikTok,paid_social,PKF_TikTok_Spark_2026Q2,Lead,
L-79988,2026-06-27 12:31:00,NMB,Google Ads,cpc,NMB_US_PMax_2026Q2,Lead,
L-75322,2026-07-20 17:40:00,NMB,fb,paid_social,NMB_US_Meta_Prospecting_2026Q2,MQL,
L-78849,2026-06-03 10:44:00,PKF,,,,SQL,
L-74048,2026-05-26 13:33:00,PKF,paid_social,paid_social,PKF_CA_Meta_Prospecting,Lead,
L-75734,2026-05-29 10:52:00,NMB,meta,paid_social,NMB_US_Meta_Retargeting_2026Q2,Lead,
L-71530,2026-06-10 18:36:00,AUR,,,,MQL,
L-78865,2026-06-06 15:44:00,PKF,adwords,cpc,pkf|nonbrand|search|may26,Lead,
L-70110,2026-05-14 18:42:00,AUR,fb,paid_social,AUR_US_Meta_Prospecting_2026Q2,Lead,
L-81241,2026-05-27 14:01:00,NMB,TikTok,paid_social,NMB_TikTok_Prospecting_2026Q2,MQL,
L-70040,2026-05-07 09:46:00,AUR,Facebook,paid_social,AUR_US_Meta_Prospecting_2026Q2,MQL,
L-71471,2026-06-04 21:42:00,AUR,Facebook,paid_social,AUR_EU_Meta_Retargeting_2026Q2,Lead,
L-73138,2026-06-15 12:23:00,PKF,Facebook,paid_social,PKF_US_Meta_Conversions,SQL,
L-76873,2026-07-14 18:25:00,AUR,,,,Lead,
L-80795,2026-06-13 13:41:00,PKF,tiktok,paid_social,PKF_TikTok_Spark_2026Q2,Lead,
L-75708,2026-05-27 16:32:00,NMB,paid_social,paid_social,NMB_US_Meta_Retargeting_2026Q2,Lead,
L-71063,2026-05-01 08:52:00,AUR,paid_social,paid_social,AUR_EU_Meta_Retargeting_2026Q2,Lead,
L-74193,2026-06-20 20:00:00,PKF,paid_social,paid_social,PKF_CA_Meta_Prospecting,SQL,
L-80383,2026-07-07 12:29:00,AUR,,,,Lead,
L-79643,2026-07-07 22:46:00,NMB,google,cpc,NMB_US_Search_Brand_2026Q2,Lead,
L-76285,2026-07-30 16:10:00,NMB,facebook,paid_social,NMB_US_Meta_Retargeting_2026Q2,Lead,
L-77640,2026-05-22 10:30:00,PKF,adwords,cpc,PKF_US_Search_Brand_2026Q2,Lead,
L-75802,2026-06-06 10:26:00,NMB,paid_social,paid_social,NMB_US_Meta_Retargeting_2026Q2,Closed Won,5200
L-73569,2026-07-11 16:07:00,PKF,,,,MQL,
L-80780,2026-06-09 18:17:00,PKF,tiktok,paid_social,PKF_TikTok_Spark_2026Q2,Lead,
L-70692,2026-07-04 21:05:00,AUR,,,,Lead,
L-79994,2026-06-29 09:48:00,NMB,adwords,cpc,NMB_US_PMax_2026Q2,SQL,
L-73200,2026-06-19 14:32:00,PKF,,,,Lead,
L-80599,2026-05-18 11:55:00,PKF,TikTok,paid_social,PKF_TikTok_Spark_2026Q2,Closed Won,3600
L-79828,2026-07-27 12:03:00,NMB,google,cpc,NMB_US_Search_Brand_2026Q2,Lead,
L-75246,2026-07-13 14:12:00,NMB,meta,paid_social,NMB_US_Meta_Prospecting_2026Q2,Lead,
L-80926,2026-07-01 16:34:00,PKF,tiktok,paid_social,PKF_TikTok_Spark_2026Q2,Lead,
L-77796,2026-05-30 19:01:00,PKF,google,cpc,PKF_US_Search_Brand_2026Q2,MQL,
L-76850,2026-07-10 22:33:00,AUR,Google Ads,cpc,AUR_US_Search_Brand_2026Q2,MQL,
L-80602,2026-05-18 21:08:00,PKF,TikTok,paid_social,PKF_TikTok_Spark_2026Q2,Lead,
L-77477,2026-05-08 10:25:00,PKF,adwords,cpc,PKF_US_Search_Brand_2026Q2,MQL,
L-78358,2026-07-09 22:12:00,PKF,adwords,cpc,PKF_US_Search_Brand_2026Q2,SQL,
L-82204,2026-07-12 18:04:00,PKF,google,paid_social,(not set),Lead,
L-80513,2026-05-06 12:47:00,PKF,TikTok,paid_social,PKF_TikTok_Spark_2026Q2,Lead,
L-73836,2026-07-30 12:04:00,PKF,Facebook,paid_social,PKF_US_Meta_Conversions,Lead,
L-72401,2026-07-22 12:54:00,AUR,,,,Lead,
L-79823,2026-07-29 18:00:00,NMB,google,cpc,NMB_US_Search_Brand_2026Q2,Lead,
L-79040,2026-07-23 11:25:00,PKF,Google Ads,cpc,pkf|nonbrand|search|may26,MQL,
L-78587,2026-07-23 17:43:00,PKF,google,cpc,PKF_US_Search_Brand_2026Q2,MQL,
L-74424,2026-07-25 12:28:00,PKF,meta,paid_social,PKF_CA_Meta_Prospecting,MQL,
L-71655,2026-06-21 19:29:00,AUR,,,,Lead,
L-78418,2026-07-14 16:03:00,PKF,adwords,cpc,PKF_US_Search_Brand_2026Q2,SQL,
L-70071,2026-05-11 17:51:00,AUR,,,,SQL,
L-81954,2026-06-19 19:47:00,NMB,google,paid_social,(not set),MQL,
L-79214,2026-05-20 12:22:00,NMB,adwords,cpc,NMB_US_Search_Brand_2026Q2,Lead,
L-71377,2026-05-28 22:26:00,AUR,,,,Lead,
L-72755,2026-05-21 09:26:00,PKF,paid_social,paid_social,PKF_US_Meta_Conversions,Lead,
L-77692,2026-05-24 18:41:00,PKF,adwords,cpc,PKF_US_Search_Brand_2026Q2,SQL,
L-75434,2026-07-27 19:26:00,NMB,meta,paid_social,NMB_US_Meta_Prospecting_2026Q2,Lead,
L-71411,2026-05-29 11:45:00,AUR,fb,paid_social,AUR_EU_Meta_Retargeting_2026Q2,Lead,
L-79147,2026-05-09 20:52:00,NMB,google,cpc,NMB_US_Search_Brand_2026Q2,Lead,
L-74991,2026-06-19 22:54:00,NMB,fb,paid_social,NMB_US_Meta_Prospecting_2026Q2,Lead,
L-74415,2026-07-24 18:28:00,PKF,fb,paid_social,PKF_CA_Meta_Prospecting,MQL,
L-75359,2026-07-21 10:40:00,NMB,meta,paid_social,NMB_US_Meta_Prospecting_2026Q2,Lead,
L-76793,2026-07-03 13:45:00,AUR,google,cpc,AUR_US_Search_Brand_2026Q2,MQL,
L-80954,2026-07-05 09:19:00,PKF,,,,MQL,
L-80650,2026-05-23 20:37:00,PKF,TikTok,paid_social,PKF_TikTok_Spark_2026Q2,Lead,
L-75122,2026-06-30 09:30:00,NMB,meta,paid_social,NMB_US_Meta_Prospecting_2026Q2,Lead,
L-80157,2026-05-12 11:57:00,AUR,TikTok,paid_social,AUR_TikTok_Prospecting_2026Q2,MQL,
L-76979,2026-07-30 20:02:00,AUR,,,,Lead,
L-75290,2026-07-17 09:36:00,NMB,meta,paid_social,NMB_US_Meta_Prospecting_2026Q2,Lead,
L-77630,2026-05-20 22:06:00,PKF,,,,MQL,
L-73709,2026-07-20 21:12:00,PKF,Facebook,paid_social,PKF_US_Meta_Conversions,Lead,
L-73219,2026-06-20 09:50:00,PKF,Facebook,paid_social,PKF_US_Meta_Conversions,Lead,
L-74134,2026-06-11 11:21:00,PKF,paid_social,paid_social,PKF_CA_Meta_Prospecting,MQL,
L-77479,2026-05-08 09:34:00,PKF,adwords,cpc,PKF_US_Search_Brand_2026Q2,Closed Won,5200
L-81392,2026-05-01 19:17:00,PKF,,,,Closed Won,8800
L-77234,2026-06-26 13:55:00,AUR,google,cpc,AUR_EU_Search_NonBrand_2026Q2,Lead,
L-74136,2026-06-12 11:29:00,PKF,meta,paid_social,PKF_CA_Meta_Prospecting,MQL,
L-77308,2026-07-12 16:41:00,AUR,google,cpc,AUR_EU_Search_NonBrand_2026Q2,Lead,
L-78890,2026-06-16 11:55:00,PKF,Google Ads,cpc,pkf|nonbrand|search|may26,Lead,
L-75740,2026-05-31 17:10:00,NMB,paid_social,paid_social,NMB_US_Meta_Retargeting_2026Q2,Lead,
L-77763,2026-05-30 12:26:00,PKF,google,cpc,PKF_US_Search_Brand_2026Q2,Lead,
L-76896,2026-07-18 14:40:00,AUR,,,,MQL,
L-76048,2026-07-07 17:46:00,NMB,Facebook,paid_social,NMB_US_Meta_Retargeting_2026Q2,MQL,
L-80203,2026-05-25 15:05:00,AUR,tiktok,paid_social,AUR_TikTok_Prospecting_2026Q2,Lead,
L-78569,2026-07-23 21:50:00,PKF,google,cpc,PKF_US_Search_Brand_2026Q2,Closed Won,8800
L-71441,2026-05-30 11:14:00,AUR,fb,paid_social,AUR_EU_Meta_Retargeting_2026Q2,Lead,
L-75128,2026-06-30 14:22:00,NMB,meta,paid_social,NMB_US_Meta_Prospecting_2026Q2,Lead,
L-79804,2026-07-23 21:27:00,NMB,adwords,cpc,NMB_US_Search_Brand_2026Q2,MQL,
L-77682,2026-05-23 16:39:00,PKF,adwords,cpc,PKF_US_Search_Brand_2026Q2,Lead,
L-81906,2026-06-15 22:59:00,NMB,google,paid_social,(not set),Lead,
L-76716,2026-06-25 21:13:00,AUR,,,,Lead,
L-74096,2026-06-04 09:28:00,PKF,Facebook,paid_social,PKF_CA_Meta_Prospecting,SQL,
L-74794,2026-06-02 17:33:00,NMB,meta,paid_social,NMB_US_Meta_Prospecting_2026Q2,Lead,
L-70171,2026-05-21 22:43:00,AUR,,,,Lead,
L-75242,2026-07-12 08:36:00,NMB,meta,paid_social,NMB_US_Meta_Prospecting_2026Q2,Lead,
L-73975,2026-05-16 21:30:00,PKF,Facebook,paid_social,PKF_CA_Meta_Prospecting,Lead,
L-73767,2026-07-26 21:43:00,PKF,Facebook,paid_social,PKF_US_Meta_Conversions,Lead,
L-74564,2026-05-10 15:43:00,NMB,Facebook,paid_social,NMB_US_Meta_Prospecting_2026Q2,Lead,
L-72909,2026-06-01 13:51:00,PKF,paid_social,paid_social,PKF_US_Meta_Conversions,Lead,
L-76785,2026-07-03 22:38:00,AUR,,,,Lead,
L-72071,2026-07-25 08:04:00,AUR,Facebook,paid_social,AUR_EU_Meta_Retargeting_2026Q2,MQL,
L-74077,2026-06-03 16:51:00,PKF,Facebook,paid_social,PKF_CA_Meta_Prospecting,SQL,
L-70177,2026-05-20 11:36:00,AUR,facebook,paid_social,AUR_US_Meta_Prospecting_2026Q2,Lead,
L-79967,2026-06-19 08:20:00,NMB,google,cpc,NMB_US_PMax_2026Q2,MQL,
L-73892,2026-05-07 20:30:00,PKF,Facebook,paid_social,PKF_CA_Meta_Prospecting,Lead,
L-74759,2026-05-29 16:55:00,NMB,Facebook,paid_social,NMB_US_Meta_Prospecting_2026Q2,MQL,
L-79152,2026-05-12 22:04:00,NMB,adwords,cpc,NMB_US_Search_Brand_2026Q2,MQL,
L-70448,2026-06-15 16:49:00,AUR,facebook,paid_social,AUR_US_Meta_Prospecting_2026Q2,MQL,
L-79437,2026-06-15 20:43:00,NMB,google,cpc,NMB_US_Search_Brand_2026Q2,SQL,
L-77239,2026-06-27 15:02:00,AUR,,,,Lead,
L-70727,2026-07-06 20:27:00,AUR,,,,Lead,
L-75635,2026-05-17 10:42:00,NMB,meta,paid_social,NMB_US_Meta_Retargeting_2026Q2,MQL,
L-79115,2026-05-06 15:18:00,NMB,google,cpc,NMB_US_Search_Brand_2026Q2,MQL,
L-70102,2026-05-14 10:22:00,AUR,,,,Lead,
L-70140,2026-05-18 12:12:00,AUR,,,,Lead,
L-77275,2026-07-04 13:31:00,AUR,google,cpc,AUR_EU_Search_NonBrand_2026Q2,Lead,
L-71811,2026-07-03 22:04:00,AUR,facebook,paid_social,AUR_EU_Meta_Retargeting_2026Q2,Lead,
L-77176,2026-06-10 09:44:00,AUR,,,,MQL,
L-73982,2026-05-16 15:23:00,PKF,Facebook,paid_social,PKF_CA_Meta_Prospecting,Lead,
L-77983,2026-06-12 13:11:00,PKF,Google Ads,cpc,PKF_US_Search_Brand_2026Q2,SQL,
L-75875,2026-06-15 12:38:00,NMB,paid_social,paid_social,NMB_US_Meta_Retargeting_2026Q2,Lead,
L-77913,2026-06-11 14:19:00,PKF,Google Ads,cpc,PKF_US_Search_Brand_2026Q2,Closed Won,8800
L-75066,2026-06-24 09:57:00,NMB,,,,MQL,
L-70636,2026-07-02 18:09:00,AUR,,,,Lead,
L-72521,2026-05-07 21:42:00,PKF,meta,paid_social,PKF_US_Meta_Conversions,Lead,
L-78096,2026-06-20 21:25:00,PKF,adwords,cpc,PKF_US_Search_Brand_2026Q2,Lead,
L-80512,2026-05-04 17:21:00,PKF,TikTok,paid_social,PKF_TikTok_Spark_2026Q2,MQL,
L-73474,2026-07-07 18:33:00,PKF,meta,paid_social,PKF_US_Meta_Conversions,SQL,
L-75374,2026-07-23 17:48:00,NMB,paid_social,paid_social,NMB_US_Meta_Prospecting_2026Q2,Lead,
L-75256,2026-07-12 12:21:00,NMB,meta,paid_social,NMB_US_Meta_Prospecting_2026Q2,MQL,
L-77174,2026-06-09 19:56:00,AUR,google,cpc,AUR_EU_Search_NonBrand_2026Q2,MQL,
L-71845,2026-07-08 22:50:00,AUR,,,,Lead,
L-75081,2026-06-28 18:49:00,NMB,facebook,paid_social,NMB_US_Meta_Prospecting_2026Q2,Closed Won,5200
L-78360,2026-07-09 17:25:00,PKF,google,cpc,PKF_US_Search_Brand_2026Q2,MQL,
L-81016,2026-07-12 12:25:00,PKF,tiktok,paid_social,PKF_TikTok_Spark_2026Q2,MQL,
L-73671,2026-07-17 17:27:00,PKF,meta,paid_social,PKF_US_Meta_Conversions,Lead,
L-80270,2026-06-10 18:24:00,AUR,TikTok,paid_social,AUR_TikTok_Prospecting_2026Q2,MQL,
L-79945,2026-06-07 12:44:00,NMB,adwords,cpc,NMB_US_PMax_2026Q2,Lead,
L-80833,2026-06-17 19:25:00,PKF,tiktok,paid_social,PKF_TikTok_Spark_2026Q2,Lead,
L-72695,2026-05-18 12:01:00,PKF,facebook,paid_social,PKF_US_Meta_Conversions,Lead,
L-81303,2026-06-28 15:11:00,NMB,tiktok,paid_social,NMB_TikTok_Prospecting_2026Q2,Lead,
L-71507,2026-06-07 10:10:00,AUR,paid_social,paid_social,AUR_EU_Meta_Retargeting_2026Q2,Lead,
L-79751,2026-07-19 19:10:00,NMB,google,cpc,NMB_US_Search_Brand_2026Q2,SQL,
L-70945,2026-07-23 14:21:00,AUR,,,,Lead,
L-82006,2026-06-24 17:31:00,PKF,google,paid_social,(not set),Lead,
L-73263,2026-06-24 18:11:00,PKF,Facebook,paid_social,PKF_US_Meta_Conversions,Lead,
L-71364,2026-05-26 22:28:00,AUR,,,,Lead,
L-79002,2026-07-13 08:35:00,PKF,google,cpc,pkf|nonbrand|search|may26,SQL,
L-77397,2026-05-02 20:00:00,PKF,google,cpc,PKF_US_Search_Brand_2026Q2,SQL,
L-74470,2026-05-03 20:31:00,NMB,meta,paid_social,NMB_US_Meta_Prospecting_2026Q2,Lead,
L-78575,2026-07-23 15:22:00,PKF,Google Ads,cpc,PKF_US_Search_Brand_2026Q2,Lead,
L-70625,2026-06-29 19:08:00,AUR,,,,Lead,
L-81124,2026-07-26 20:32:00,PKF,tiktok,paid_social,PKF_TikTok_Spark_2026Q2,MQL,
L-77090,2026-05-21 21:31:00,AUR,google,cpc,AUR_EU_Search_NonBrand_2026Q2,MQL,
L-75801,2026-06-06 17:41:00,NMB,meta,paid_social,NMB_US_Meta_Retargeting_2026Q2,MQL,
L-79646,2026-07-08 16:05:00,NMB,Google Ads,cpc,NMB_US_Search_Brand_2026Q2,Lead,
L-76176,2026-07-19 18:53:00,NMB,paid_social,paid_social,NMB_US_Meta_Retargeting_2026Q2,Lead,
L-76085,2026-07-10 09:08:00,NMB,,,,Lead,
L-75906,2026-06-20 19:19:00,NMB,meta,paid_social,NMB_US_Meta_Retargeting_2026Q2,Lead,
L-73655,2026-07-17 19:24:00,PKF,meta,paid_social,PKF_US_Meta_Conversions,SQL,
L-79826,2026-07-28 15:01:00,NMB,google,cpc,NMB_US_Search_Brand_2026Q2,MQL,
L-71281,2026-05-20 22:32:00,AUR,fb,paid_social,AUR_EU_Meta_Retargeting_2026Q2,MQL,
L-79503,2026-06-24 13:50:00,NMB,google,cpc,NMB_US_Search_Brand_2026Q2,MQL,
L-73450,2026-07-03 19:39:00,PKF,meta,paid_social,PKF_US_Meta_Conversions,Lead,
L-71276,2026-05-17 19:09:00,AUR,paid_social,paid_social,AUR_EU_Meta_Retargeting_2026Q2,Lead,
L-71977,2026-07-19 15:41:00,AUR,fb,paid_social,AUR_EU_Meta_Retargeting_2026Q2,Lead,
L-73984,2026-05-16 09:32:00,PKF,Facebook,paid_social,PKF_CA_Meta_Prospecting,Lead,
L-75732,2026-05-30 14:58:00,NMB,paid_social,paid_social,NMB_US_Meta_Retargeting_2026Q2,MQL,
L-79738,2026-07-18 08:30:00,NMB,google,cpc,NMB_US_Search_Brand_2026Q2,Lead,
L-70041,2026-05-05 22:36:00,AUR,,,,Lead,
L-73231,2026-06-22 10:46:00,PKF,facebook,paid_social,PKF_US_Meta_Conversions,MQL,
L-75898,2026-06-19 19:29:00,NMB,meta,paid_social,NMB_US_Meta_Retargeting_2026Q2,MQL,
L-81047,2026-07-15 20:50:00,PKF,tiktok,paid_social,PKF_TikTok_Spark_2026Q2,Lead,
L-81740,2026-05-31 20:52:00,NMB,google,paid_social,(not set),MQL,
L-73020,2026-06-08 11:05:00,PKF,Facebook,paid_social,PKF_US_Meta_Conversions,Lead,
L-79087,2026-05-01 19:57:00,NMB,google,cpc,NMB_US_Search_Brand_2026Q2,SQL,
L-73102,2026-06-14 13:04:00,PKF,fb,paid_social,PKF_US_Meta_Conversions,Lead,
L-79872,2026-05-03 13:48:00,NMB,google,cpc,NMB_US_PMax_2026Q2,SQL,
L-70656,2026-07-03 19:03:00,AUR,,,,MQL,
L-75140,2026-07-03 15:23:00,NMB,fb,paid_social,NMB_US_Meta_Prospecting_2026Q2,Lead,
L-74069,2026-06-01 13:50:00,PKF,meta,paid_social,PKF_CA_Meta_Prospecting,Lead,
L-71665,2026-06-22 20:33:00,AUR,,,,Lead,
L-74435,2026-07-25 12:49:00,PKF,paid_social,paid_social,PKF_CA_Meta_Prospecting,Lead,
L-76566,2026-06-04 09:57:00,AUR,Google Ads,cpc,AUR_US_Search_Brand_2026Q2,MQL,
L-81673,2026-05-26 17:09:00,AUR,,,,SQL,
L-71670,2026-06-20 19:02:00,AUR,,,,Lead,
L-71850,2026-07-08 21:23:00,AUR,,,,MQL,
L-72983,2026-06-04 16:21:00,PKF,fb,paid_social,PKF_US_Meta_Conversions,Lead,
L-71467,2026-06-04 22:48:00,AUR,,,,Lead,
L-78531,2026-07-20 08:20:00,PKF,google,cpc,PKF_US_Search_Brand_2026Q2,Lead,
L-80878,2026-06-24 21:57:00,PKF,tiktok,paid_social,PKF_TikTok_Spark_2026Q2,Lead,
L-78303,2026-07-05 10:49:00,PKF,Google Ads,cpc,PKF_US_Search_Brand_2026Q2,Lead,
L-71953,2026-07-17 10:40:00,AUR,,,,Lead,
L-70697,2026-07-04 17:34:00,AUR,,,,Lead,
L-75098,2026-06-28 22:07:00,NMB,meta,paid_social,NMB_US_Meta_Prospecting_2026Q2,Lead,
L-81397,2026-05-01 11:47:00,PKF,google,paid_social,(not set),Lead,
L-75012,2026-06-19 20:42:00,NMB,,,,Lead,
L-72744,2026-05-21 08:07:00,PKF,Facebook,paid_social,PKF_US_Meta_Conversions,MQL,
L-78802,2026-05-26 13:45:00,PKF,google,cpc,pkf|nonbrand|search|may26,MQL,
L-80289,2026-06-16 10:46:00,AUR,,,,Lead,
L-73689,2026-07-18 09:18:00,PKF,paid_social,paid_social,PKF_US_Meta_Conversions,Lead,
L-75104,2026-06-28 09:05:00,NMB,Facebook,paid_social,NMB_US_Meta_Prospecting_2026Q2,Lead,
L-75062,2026-06-23 21:54:00,NMB,meta,paid_social,NMB_US_Meta_Prospecting_2026Q2,Lead,
L-72669,2026-05-16 13:31:00,PKF,facebook,paid_social,PKF_US_Meta_Conversions,Lead,
L-70557,2026-06-24 16:15:00,AUR,fb,paid_social,AUR_US_Meta_Prospecting_2026Q2,MQL,
L-78031,2026-06-16 10:07:00,PKF,google,cpc,PKF_US_Search_Brand_2026Q2,SQL,
L-80576,2026-05-13 18:55:00,PKF,TikTok,paid_social,PKF_TikTok_Spark_2026Q2,MQL,
L-72024,2026-07-21 22:45:00,AUR,,,,Lead,
L-70808,2026-07-14 09:06:00,AUR,paid_social,paid_social,AUR_US_Meta_Prospecting_2026Q2,MQL,
L-76602,2026-06-12 14:36:00,AUR,,,,MQL,
L-75599,2026-05-14 20:41:00,NMB,Facebook,paid_social,NMB_US_Meta_Retargeting_2026Q2,Lead,
L-77011,2026-05-03 19:03:00,AUR,,,,MQL,
L-80423,2026-07-13 11:26:00,AUR,,,,Lead,
L-71598,2026-06-15 14:25:00,AUR,,,,MQL,
L-79328,2026-06-04 19:50:00,NMB,adwords,cpc,NMB_US_Search_Brand_2026Q2,Lead,
L-70345,2026-06-05 13:16:00,AUR,,,,Lead,
L-70355,2026-06-07 18:58:00,AUR,meta,paid_social,AUR_US_Meta_Prospecting_2026Q2,Lead,
L-75094,2026-06-28 14:11:00,NMB,fb,paid_social,NMB_US_Meta_Prospecting_2026Q2,Lead,
L-73195,2026-06-19 15:19:00,PKF,,,,Lead,
L-70610,2026-06-27 09:40:00,AUR,,,,Lead,
L-77087,2026-05-21 21:31:00,AUR,,,,MQL,
L-76157,2026-07-17 17:47:00,NMB,paid_social,paid_social,NMB_US_Meta_Retargeting_2026Q2,SQL,
L-79272,2026-05-25 08:35:00,NMB,google,cpc,NMB_US_Search_Brand_2026Q2,SQL,
L-81402,2026-05-02 08:04:00,PKF,google,paid_social,(not set),MQL,
L-80725,2026-06-03 10:41:00,PKF,tiktok,paid_social,PKF_TikTok_Spark_2026Q2,Lead,
L-73594,2026-07-12 20:37:00,PKF,paid_social,paid_social,PKF_US_Meta_Conversions,MQL,
L-76689,2026-06-22 16:14:00,AUR,Google Ads,cpc,AUR_US_Search_Brand_2026Q2,Lead,
L-78525,2026-07-21 19:14:00,PKF,adwords,cpc,PKF_US_Search_Brand_2026Q2,Lead,
L-73189,2026-06-19 17:57:00,PKF,fb,paid_social,PKF_US_Meta_Conversions,Lead,
L-73359,2026-06-29 11:57:00,PKF,paid_social,paid_social,PKF_US_Meta_Conversions,Lead,
L-72169,2026-05-19 16:53:00,AUR,paid_social,paid_social,aurelia|prospecting|meta|may26,Lead,
L-74591,2026-05-14 21:20:00,NMB,paid_social,paid_social,NMB_US_Meta_Prospecting_2026Q2,MQL,
L-80339,2026-06-25 11:08:00,AUR,TikTok,paid_social,AUR_TikTok_Prospecting_2026Q2,Lead,
L-82416,2026-07-31 16:33:00,PKF,google,paid_social,(not set),MQL,
L-81263,2026-06-07 18:57:00,NMB,tiktok,paid_social,NMB_TikTok_Prospecting_2026Q2,Lead,
L-71702,2026-06-24 13:08:00,AUR,,,,Lead,
L-70833,2026-07-16 08:54:00,AUR,Facebook,paid_social,AUR_US_Meta_Prospecting_2026Q2,MQL,
L-70101,2026-05-13 10:08:00,AUR,,,,MQL,
L-71830,2026-07-05 17:15:00,AUR,,,,SQL,
L-74000,2026-05-21 17:04:00,PKF,Facebook,paid_social,PKF_CA_Meta_Prospecting,Lead,
L-72667,2026-05-14 11:06:00,PKF,meta,paid_social,PKF_US_Meta_Conversions,SQL,
L-70228,2026-05-24 19:18:00,AUR,facebook,paid_social,AUR_US_Meta_Prospecting_2026Q2,Closed Won,5200
L-71418,2026-05-29 19:23:00,AUR,,,,SQL,
L-73768,2026-07-24 22:19:00,PKF,facebook,paid_social,PKF_US_Meta_Conversions,Lead,
L-70999,2026-07-28 15:23:00,AUR,meta,paid_social,AUR_US_Meta_Prospecting_2026Q2,Lead,
L-72157,2026-05-12 21:02:00,AUR,,,,Lead,
L-72182,2026-05-22 18:29:00,AUR,,,,Lead,
L-74709,2026-05-23 16:20:00,NMB,meta,paid_social,NMB_US_Meta_Prospecting_2026Q2,Lead,
L-81350,2026-07-16 15:25:00,NMB,,,,MQL,
L-70080,2026-05-09 14:20:00,AUR,paid_social,paid_social,AUR_US_Meta_Prospecting_2026Q2,Lead,
L-70526,2026-06-22 13:57:00,AUR,fb,paid_social,AUR_US_Meta_Prospecting_2026Q2,Lead,
L-80141,2026-05-06 09:59:00,AUR,TikTok,paid_social,AUR_TikTok_Prospecting_2026Q2,Lead,
L-72493,2026-05-06 17:46:00,PKF,Facebook,paid_social,PKF_US_Meta_Conversions,Lead,
L-81438,2026-05-05 18:35:00,PKF,google,paid_social,(not set),SQL,
L-74685,2026-05-23 17:49:00,NMB,Facebook,paid_social,NMB_US_Meta_Prospecting_2026Q2,Closed Won,5200
L-78581,2026-07-24 21:05:00,PKF,google,cpc,PKF_US_Search_Brand_2026Q2,Lead,
L-80006,2026-07-11 10:50:00,NMB,google,cpc,NMB_US_PMax_2026Q2,MQL,
L-78467,2026-07-17 11:08:00,PKF,adwords,cpc,PKF_US_Search_Brand_2026Q2,MQL,
L-75461,2026-07-29 12:46:00,NMB,Facebook,paid_social,NMB_US_Meta_Prospecting_2026Q2,Lead,
L-70853,2026-07-18 19:15:00,AUR,paid_social,paid_social,AUR_US_Meta_Prospecting_2026Q2,Lead,
L-72146,2026-05-11 16:11:00,AUR,,,,Lead,
L-70938,2026-07-21 20:00:00,AUR,,,,MQL,
L-82373,2026-07-27 12:57:00,NMB,google,paid_social,(not set),Lead,
L-76360,2026-05-08 22:58:00,AUR,,,,MQL,
L-80568,2026-05-11 12:38:00,PKF,TikTok,paid_social,PKF_TikTok_Spark_2026Q2,MQL,
L-79262,2026-05-24 22:57:00,NMB,Google Ads,cpc,NMB_US_Search_Brand_2026Q2,SQL,
L-75026,2026-06-21 14:40:00,NMB,facebook,paid_social,NMB_US_Meta_Prospecting_2026Q2,MQL,
L-75790,2026-06-06 10:43:00,NMB,paid_social,paid_social,NMB_US_Meta_Retargeting_2026Q2,MQL,
L-72621,2026-05-13 20:08:00,PKF,fb,paid_social,PKF_US_Meta_Conversions,Lead,
L-76268,2026-07-29 22:36:00,NMB,facebook,paid_social,NMB_US_Meta_Retargeting_2026Q2,Lead,
L-76848,2026-07-11 20:06:00,AUR,google,cpc,AUR_US_Search_Brand_2026Q2,MQL,
L-70446,2026-06-15 15:38:00,AUR,facebook,paid_social,AUR_US_Meta_Prospecting_2026Q2,MQL,
L-70599,2026-06-28 22:28:00,AUR,,,,Lead,
L-72442,2026-07-31 21:44:00,AUR,fb,paid_social,aurelia|prospecting|meta|may26,MQL,
L-73917,2026-05-08 20:29:00,PKF,fb,paid_social,PKF_CA_Meta_Prospecting,MQL,
L-72908,2026-05-31 08:23:00,PKF,Facebook,paid_social,PKF_US_Meta_Conversions,Lead,
L-74308,2026-07-06 13:54:00,PKF,,,,SQL,
L-81253,2026-06-05 13:41:00,NMB,,,,Lead,
L-73637,2026-07-15 16:16:00,PKF,paid_social,paid_social,PKF_US_Meta_Conversions,MQL,
L-81493,2026-05-10 08:32:00,PKF,google,paid_social,(not set),Lead,
L-75964,2026-06-27 12:30:00,NMB,paid_social,paid_social,NMB_US_Meta_Retargeting_2026Q2,Lead,
L-76200,2026-07-24 14:11:00,NMB,Facebook,paid_social,NMB_US_Meta_Retargeting_2026Q2,Lead,
L-76395,2026-05-15 15:38:00,AUR,google,cpc,AUR_US_Search_Brand_2026Q2,MQL,
L-81889,2026-06-14 17:17:00,AUR,google,paid_social,(not set),SQL,
L-73732,2026-07-23 19:11:00,PKF,,,,Lead,
L-73112,2026-06-14 08:38:00,PKF,paid_social,paid_social,PKF_US_Meta_Conversions,MQL,
L-79416,2026-06-11 22:04:00,NMB,google,cpc,NMB_US_Search_Brand_2026Q2,Lead,
L-75631,2026-05-17 09:12:00,NMB,,,,MQL,
L-77469,2026-05-09 11:04:00,PKF,Google Ads,cpc,PKF_US_Search_Brand_2026Q2,MQL,
L-81508,2026-05-12 23:59:00,AUR,,,,SQL,
L-82131,2026-07-06 22:05:00,AUR,google,paid_social,(not set),Lead,
L-75602,2026-05-15 09:12:00,NMB,meta,paid_social,NMB_US_Meta_Retargeting_2026Q2,Lead,
L-75232,2026-07-12 21:19:00,NMB,,,,MQL,
L-74160,2026-06-16 22:05:00,PKF,meta,paid_social,PKF_CA_Meta_Prospecting,Lead,
L-80955,2026-07-04 21:55:00,PKF,tiktok,paid_social,PKF_TikTok_Spark_2026Q2,MQL,
L-74472,2026-05-03 08:17:00,NMB,Facebook,paid_social,NMB_US_Meta_Prospecting_2026Q2,MQL,
L-81554,2026-05-15 18:14:00,PKF,,,,SQL,
L-73561,2026-07-12 11:11:00,PKF,meta,paid_social,PKF_US_Meta_Conversions,Lead,
L-70426,2026-06-15 16:00:00,AUR,meta,paid_social,AUR_US_Meta_Prospecting_2026Q2,Lead,
L-77215,2026-06-19 22:12:00,AUR,google,cpc,AUR_EU_Search_NonBrand_2026Q2,Closed Won,8800
L-75226,2026-07-10 09:46:00,NMB,,,,Lead,
L-74561,2026-05-11 18:32:00,NMB,fb,paid_social,NMB_US_Meta_Prospecting_2026Q2,Lead,
L-78646,2026-07-26 09:16:00,PKF,google,cpc,PKF_US_Search_Brand_2026Q2,MQL,
L-70192,2026-05-22 20:51:00,AUR,,,,MQL,
L-75007,2026-06-18 18:50:00,NMB,Facebook,paid_social,NMB_US_Meta_Prospecting_2026Q2,Lead,
L-70955,2026-07-24 09:37:00,AUR,,,,Lead,
L-70464,2026-06-16 17:37:00,AUR,fb,paid_social,AUR_US_Meta_Prospecting_2026Q2,Lead,
L-81714,2026-05-29 09:51:00,AUR,,,,Lead,
L-75569,2026-05-10 16:16:00,NMB,fb,paid_social,NMB_US_Meta_Retargeting_2026Q2,MQL,
L-76458,2026-05-22 17:04:00,AUR,,,,Lead,
L-78933,2026-06-25 12:08:00,PKF,google,cpc,pkf|nonbrand|search|may26,MQL,
L-71164,2026-05-10 19:25:00,AUR,,,,MQL,
L-71801,2026-07-03 08:26:00,AUR,,,,Lead,
L-77465,2026-05-07 17:38:00,PKF,google,cpc,PKF_US_Search_Brand_2026Q2,MQL,
L-81726,2026-05-30 23:58:00,PKF,google,paid_social,(not set),Lead,
L-73445,2026-07-05 12:19:00,PKF,Facebook,paid_social,PKF_US_Meta_Conversions,Lead,
L-72891,2026-05-29 13:37:00,PKF,facebook,paid_social,PKF_US_Meta_Conversions,Lead,
L-81494,2026-05-10 19:16:00,PKF,google,paid_social,(not set),Lead,
L-71965,2026-07-18 16:15:00,AUR,,,,Lead,
L-80761,2026-06-05 12:41:00,PKF,,,,Lead,
L-73627,2026-07-14 20:47:00,PKF,meta,paid_social,PKF_US_Meta_Conversions,MQL,
L-71733,2026-06-28 16:32:00,AUR,,,,SQL,
L-81944,2026-06-18 09:23:00,NMB,google,paid_social,(not set),MQL,
L-73572,2026-07-11 21:29:00,PKF,,,,Lead,
L-81928,2026-06-17 22:15:00,PKF,,,,Lead,
L-75654,2026-05-21 22:19:00,NMB,facebook,paid_social,NMB_US_Meta_Retargeting_2026Q2,MQL,
L-76625,2026-06-15 10:04:00,AUR,Google Ads,cpc,AUR_US_Search_Brand_2026Q2,Lead,
L-74338,2026-07-12 15:01:00,PKF,Facebook,paid_social,PKF_CA_Meta_Prospecting,MQL,
L-75503,2026-05-03 20:41:00,NMB,fb,paid_social,NMB_US_Meta_Retargeting_2026Q2,Lead,
L-77183,2026-06-13 10:55:00,AUR,Google Ads,cpc,AUR_EU_Search_NonBrand_2026Q2,SQL,
L-74393,2026-07-20 14:23:00,PKF,paid_social,paid_social,PKF_CA_Meta_Prospecting,Lead,
L-73868,2026-05-02 11:18:00,PKF,paid_social,paid_social,PKF_CA_Meta_Prospecting,Lead,
L-77032,2026-05-09 15:44:00,AUR,,,,SQL,
L-77167,2026-06-07 17:08:00,AUR,Google Ads,cpc,AUR_EU_Search_NonBrand_2026Q2,SQL,
L-71178,2026-05-11 14:15:00,AUR,facebook,paid_social,AUR_EU_Meta_Retargeting_2026Q2,Lead,
L-76736,2026-06-27 08:48:00,AUR,,,,Lead,
L-78026,2026-06-17 12:45:00,PKF,google,cpc,PKF_US_Search_Brand_2026Q2,SQL,
L-82313,2026-07-22 22:24:00,AUR,google,paid_social,(not set),Lead,
L-72006,2026-07-21 12:00:00,AUR,,,,Lead,
L-72935,2026-06-03 10:35:00,PKF,fb,paid_social,PKF_US_Meta_Conversions,Lead,
L-74509,2026-05-05 22:49:00,NMB,facebook,paid_social,NMB_US_Meta_Prospecting_2026Q2,Lead,
L-75580,2026-05-11 13:51:00,NMB,paid_social,paid_social,NMB_US_Meta_Retargeting_2026Q2,Lead,
L-81422,2026-05-04 12:14:00,PKF,google,paid_social,(not set),Lead,
L-72487,2026-05-03 16:22:00,PKF,meta,paid_social,PKF_US_Meta_Conversions,Lead,
L-71006,2026-07-29 18:34:00,AUR,paid_social,paid_social,AUR_US_Meta_Prospecting_2026Q2,Lead,
L-72826,2026-05-25 20:18:00,PKF,facebook,paid_social,PKF_US_Meta_Conversions,SQL,
L-73890,2026-05-05 12:47:00,PKF,paid_social,paid_social,PKF_CA_Meta_Prospecting,Lead,
L-76041,2026-07-04 17:45:00,NMB,fb,paid_social,NMB_US_Meta_Retargeting_2026Q2,MQL,
L-79509,2026-06-25 17:29:00,NMB,google,cpc,NMB_US_Search_Brand_2026Q2,Lead,
L-81736,2026-05-31 08:08:00,PKF,google,paid_social,(not set),MQL,
L-75386,2026-07-22 19:02:00,NMB,facebook,paid_social,NMB_US_Meta_Prospecting_2026Q2,Lead,
L-71755,2026-06-30 12:27:00,AUR,facebook,paid_social,AUR_EU_Meta_Retargeting_2026Q2,Lead,
L-70188,2026-05-20 20:06:00,AUR,fb,paid_social,AUR_US_Meta_Prospecting_2026Q2,Lead,
L-70415,2026-06-12 15:41:00,AUR,,,,Lead,
L-80644,2026-05-23 12:46:00,PKF,TikTok,paid_social,PKF_TikTok_Spark_2026Q2,Closed Won,8800
L-73150,2026-06-18 19:02:00,PKF,Facebook,paid_social,PKF_US_Meta_Conversions,Lead,
L-78155,2026-06-25 08:05:00,PKF,Google Ads,cpc,PKF_US_Search_Brand_2026Q2,SQL,
L-77567,2026-05-17 13:37:00,PKF,google,cpc,PKF_US_Search_Brand_2026Q2,SQL,
L-73551,2026-07-11 11:29:00,PKF,,,,Lead,
L-79979,2026-06-25 12:12:00,NMB,google,cpc,NMB_US_PMax_2026Q2,Lead,
L-81610,2026-05-20 13:42:00,PKF,google,paid_social,(not set),Lead,
L-76009,2026-07-03 08:36:00,NMB,paid_social,paid_social,NMB_US_Meta_Retargeting_2026Q2,MQL,
L-71349,2026-05-25 21:38:00,AUR,,,,Lead,
L-75114,2026-07-01 09:38:00,NMB,paid_social,paid_social,NMB_US_Meta_Prospecting_2026Q2,Lead,
L-80393,2026-07-09 21:20:00,AUR,,,,Lead,
L-80093,2026-05-06 21:52:00,PKF,google,cpc,PKF_US_Video_Test_C,Lead,
L-74796,2026-06-02 14:42:00,NMB,paid_social,paid_social,NMB_US_Meta_Prospecting_2026Q2,MQL,
L-81072,2026-07-18 11:45:00,PKF,TikTok,paid_social,PKF_TikTok_Spark_2026Q2,MQL,
L-79883,2026-05-08 16:20:00,NMB,adwords,cpc,NMB_US_PMax_2026Q2,MQL,
L-71391,2026-05-29 16:49:00,AUR,,,,Lead,
L-73373,2026-06-29 19:13:00,PKF,,,,MQL,
L-81544,2026-05-14 18:04:00,PKF,,,,SQL,
L-72642,2026-05-15 10:00:00,PKF,Facebook,paid_social,PKF_US_Meta_Conversions,Lead,
L-71354,2026-05-26 12:54:00,AUR,paid_social,paid_social,AUR_EU_Meta_Retargeting_2026Q2,SQL,
L-75859,2026-06-12 14:55:00,NMB,,,,MQL,
L-71534,2026-06-10 10:04:00,AUR,,,,Lead,
L-74038,2026-05-26 13:39:00,PKF,,,,Lead,
L-78877,2026-06-11 10:39:00,PKF,Google Ads,cpc,pkf|nonbrand|search|may26,SQL,
L-74771,2026-05-31 20:48:00,NMB,paid_social,paid_social,NMB_US_Meta_Prospecting_2026Q2,MQL,
L-79259,2026-05-23 09:42:00,NMB,,,,Lead,
L-75612,2026-05-15 09:59:00,NMB,fb,paid_social,NMB_US_Meta_Retargeting_2026Q2,Lead,
L-75774,2026-06-04 16:15:00,NMB,meta,paid_social,NMB_US_Meta_Retargeting_2026Q2,SQL,
L-77855,2026-06-04 16:51:00,PKF,google,cpc,PKF_US_Search_Brand_2026Q2,MQL,
L-71618,2026-06-17 12:12:00,AUR,,,,Lead,
L-73822,2026-07-30 09:33:00,PKF,fb,paid_social,PKF_US_Meta_Conversions,Lead,
L-74584,2026-05-14 15:10:00,NMB,fb,paid_social,NMB_US_Meta_Prospecting_2026Q2,Lead,
L-76900,2026-07-17 17:15:00,AUR,,,,Lead,
L-77885,2026-06-09 21:59:00,PKF,google,cpc,PKF_US_Search_Brand_2026Q2,Lead,
L-77056,2026-05-15 12:05:00,AUR,adwords,cpc,AUR_EU_Search_NonBrand_2026Q2,SQL,
L-78088,2026-06-19 22:45:00,PKF,Google Ads,cpc,PKF_US_Search_Brand_2026Q2,MQL,
L-78313,2026-07-06 17:24:00,PKF,google,cpc,PKF_US_Search_Brand_2026Q2,Lead,
L-76371,2026-05-13 18:39:00,AUR,,,,Lead,
L-75135,2026-07-02 12:58:00,NMB,meta,paid_social,NMB_US_Meta_Prospecting_2026Q2,Lead,
L-73748,2026-07-22 15:27:00,PKF,paid_social,paid_social,PKF_US_Meta_Conversions,Lead,
L-72812,2026-05-25 11:31:00,PKF,meta,paid_social,PKF_US_Meta_Conversions,Lead,
L-74479,2026-05-04 15:20:00,NMB,fb,paid_social,NMB_US_Meta_Prospecting_2026Q2,Lead,
L-72993,2026-06-07 15:22:00,PKF,paid_social,paid_social,PKF_US_Meta_Conversions,Lead,
L-81985,2026-06-22 14:57:00,NMB,google,paid_social,(not set),Lead,
L-75465,2026-07-30 09:58:00,NMB,paid_social,paid_social,NMB_US_Meta_Prospecting_2026Q2,Lead,
L-78438,2026-07-15 08:21:00,PKF,,,,Closed Won,1900
L-79470,2026-06-18 14:44:00,NMB,adwords,cpc,NMB_US_Search_Brand_2026Q2,MQL,
L-76380,2026-05-13 10:38:00,AUR,google,cpc,AUR_US_Search_Brand_2026Q2,Lead,
L-76045,2026-07-05 08:08:00,NMB,meta,paid_social,NMB_US_Meta_Retargeting_2026Q2,MQL,
L-78702,2026-07-31 08:39:00,PKF,Google Ads,cpc,PKF_US_Search_Brand_2026Q2,Lead,
L-81642,2026-05-23 07:28:00,AUR,google,paid_social,(not set),MQL,
L-79989,2026-06-30 14:04:00,NMB,adwords,cpc,NMB_US_PMax_2026Q2,Lead,
L-77960,2026-06-13 21:26:00,PKF,google,cpc,PKF_US_Search_Brand_2026Q2,Lead,
L-71601,2026-06-15 18:28:00,AUR,,,,Lead,
L-71314,2026-05-21 13:14:00,AUR,fb,paid_social,AUR_EU_Meta_Retargeting_2026Q2,Lead,
L-70288,2026-06-02 14:15:00,AUR,facebook,paid_social,AUR_US_Meta_Prospecting_2026Q2,MQL,
L-71304,2026-05-20 08:14:00,AUR,,,,Lead,
L-82019,2026-06-25 10:12:00,NMB,google,paid_social,(not set),Lead,
L-77827,2026-06-03 16:03:00,PKF,google,cpc,PKF_US_Search_Brand_2026Q2,MQL,
L-73319,2026-06-26 10:55:00,PKF,meta,paid_social,PKF_US_Meta_Conversions,Lead,
L-78217,2026-06-28 13:43:00,PKF,google,cpc,PKF_US_Search_Brand_2026Q2,MQL,
L-72293,2026-06-23 18:56:00,AUR,,,,MQL,
L-78115,2026-06-21 09:20:00,PKF,google,cpc,PKF_US_Search_Brand_2026Q2,MQL,
L-73045,2026-06-09 08:04:00,PKF,meta,paid_social,PKF_US_Meta_Conversions,SQL,
L-79445,2026-06-16 13:24:00,NMB,google,cpc,NMB_US_Search_Brand_2026Q2,MQL,
L-74386,2026-07-17 09:46:00,PKF,facebook,paid_social,PKF_CA_Meta_Prospecting,Lead,
L-74554,2026-05-09 19:26:00,NMB,meta,paid_social,NMB_US_Meta_Prospecting_2026Q2,Lead,
L-76406,2026-05-16 12:57:00,AUR,google,cpc,AUR_US_Search_Brand_2026Q2,Closed Won,5200
L-72618,2026-05-12 10:01:00,PKF,Facebook,paid_social,PKF_US_Meta_Conversions,Lead,
L-70952,2026-07-22 19:47:00,AUR,fb,paid_social,AUR_US_Meta_Prospecting_2026Q2,MQL,
L-74518,2026-05-07 19:57:00,NMB,Facebook,paid_social,NMB_US_Meta_Prospecting_2026Q2,SQL,
L-76914,2026-07-19 14:38:00,AUR,adwords,cpc,AUR_US_Search_Brand_2026Q2,Lead,
L-72416,2026-07-27 17:54:00,AUR,paid_social,paid_social,aurelia|prospecting|meta|may26,Lead,
L-70866,2026-07-17 21:44:00,AUR,meta,paid_social,AUR_US_Meta_Prospecting_2026Q2,MQL,
L-76649,2026-06-16 15:34:00,AUR,,,,Lead,
L-74940,2026-06-13 11:10:00,NMB,paid_social,paid_social,NMB_US_Meta_Prospecting_2026Q2,MQL,
L-70046,2026-05-07 22:55:00,AUR,facebook,paid_social,AUR_US_Meta_Prospecting_2026Q2,Lead,
L-76875,2026-07-14 13:11:00,AUR,Google Ads,cpc,AUR_US_Search_Brand_2026Q2,Lead,
L-70865,2026-07-18 09:40:00,AUR,fb,paid_social,AUR_US_Meta_Prospecting_2026Q2,Lead,
L-73266,2026-06-25 16:33:00,PKF,fb,paid_social,PKF_US_Meta_Conversions,Lead,
L-70103,2026-05-12 11:07:00,AUR,,,,Lead,
L-76494,2026-05-26 18:01:00,AUR,google,cpc,AUR_US_Search_Brand_2026Q2,SQL,
L-78681,2026-07-29 20:51:00,PKF,,,,SQL,
L-78914,2026-06-22 13:45:00,PKF,Google Ads,cpc,pkf|nonbrand|search|may26,Closed Won,1900
L-76038,2026-07-06 12:40:00,NMB,facebook,paid_social,NMB_US_Meta_Retargeting_2026Q2,Lead,
L-74972,2026-06-18 12:26:00,NMB,fb,paid_social,NMB_US_Meta_Prospecting_2026Q2,Lead,
L-76317,2026-05-05 18:53:00,AUR,google,cpc,AUR_US_Search_Brand_2026Q2,Lead,
L-75272,2026-07-14 18:31:00,NMB,Facebook,paid_social,NMB_US_Meta_Prospecting_2026Q2,Lead,
L-80704,2026-05-29 11:24:00,PKF,,,,Lead,
L-80471,2026-07-28 08:45:00,AUR,,,,MQL,
L-70575,2026-06-26 17:50:00,AUR,fb,paid_social,AUR_US_Meta_Prospecting_2026Q2,MQL,
L-71936,2026-07-15 15:27:00,AUR,meta,paid_social,AUR_EU_Meta_Retargeting_2026Q2,Lead,
L-74711,2026-05-24 11:19:00,NMB,fb,paid_social,NMB_US_Meta_Prospecting_2026Q2,Lead,
L-81517,2026-05-12 11:46:00,NMB,google,paid_social,(not set),SQL,
L-79303,2026-05-31 12:46:00,NMB,google,cpc,NMB_US_Search_Brand_2026Q2,MQL,
L-75610,2026-05-15 22:24:00,NMB,,,,Lead,
L-80022,2026-07-22 08:02:00,NMB,google,cpc,NMB_US_PMax_2026Q2,MQL,
L-71858,2026-07-08 12:08:00,AUR,,,,MQL,
L-81744,2026-06-01 12:24:00,AUR,google,paid_social,(not set),MQL,
L-75760,2026-06-01 22:07:00,NMB,facebook,paid_social,NMB_US_Meta_Retargeting_2026Q2,Lead,
L-78114,2026-06-20 11:06:00,PKF,google,cpc,PKF_US_Search_Brand_2026Q2,Lead,
L-78992,2026-07-12 13:39:00,PKF,google,cpc,pkf|nonbrand|search|may26,Lead,
L-74961,2026-06-16 22:49:00,NMB,fb,paid_social,NMB_US_Meta_Prospecting_2026Q2,Lead,
L-72837,2026-05-27 15:16:00,PKF,facebook,paid_social,PKF_US_Meta_Conversions,Lead,
L-81201,2026-05-14 14:27:00,NMB,TikTok,paid_social,NMB_TikTok_Prospecting_2026Q2,Lead,
L-79914,2026-05-27 20:21:00,NMB,google,cpc,NMB_US_PMax_2026Q2,MQL,
L-81147,2026-07-29 14:11:00,PKF,tiktok,paid_social,PKF_TikTok_Spark_2026Q2,Lead,
L-76711,2026-06-24 10:23:00,AUR,,,,SQL,
L-74356,2026-07-14 17:22:00,PKF,,,,MQL,
L-78465,2026-07-15 17:08:00,PKF,google,cpc,PKF_US_Search_Brand_2026Q2,MQL,
L-79198,2026-05-17 15:24:00,NMB,,,,Lead,
L-81939,2026-06-18 22:39:00,PKF,google,paid_social,(not set),Lead,
L-73790,2026-07-26 18:25:00,PKF,facebook,paid_social,PKF_US_Meta_Conversions,Lead,
L-80089,2026-07-16 14:30:00,AUR,Google Ads,cpc,AUR_US_Video_Test_B,MQL,
L-71222,2026-05-15 08:41:00,AUR,,,,SQL,
L-70033,2026-05-07 22:48:00,AUR,facebook,paid_social,AUR_US_Meta_Prospecting_2026Q2,MQL,
L-81706,2026-05-28 23:48:00,PKF,,,,Lead,
L-79051,2026-07-25 14:52:00,PKF,,,,SQL,
L-74153,2026-06-15 09:36:00,PKF,Facebook,paid_social,PKF_CA_Meta_Prospecting,SQL,
L-70491,2026-06-20 20:30:00,AUR,paid_social,paid_social,AUR_US_Meta_Prospecting_2026Q2,Lead,
L-76222,2026-07-25 13:14:00,NMB,paid_social,paid_social,NMB_US_Meta_Retargeting_2026Q2,MQL,
L-74232,2026-06-28 17:47:00,PKF,facebook,paid_social,PKF_CA_Meta_Prospecting,MQL,
L-77218,2026-06-22 21:02:00,AUR,,,,Lead,
L-70905,2026-07-21 14:51:00,AUR,facebook,paid_social,AUR_US_Meta_Prospecting_2026Q2,Lead,
L-71675,2026-06-22 17:54:00,AUR,,,,Lead,
L-81267,2026-06-09 19:10:00,NMB,tiktok,paid_social,NMB_TikTok_Prospecting_2026Q2,Lead,
L-73060,2026-06-09 22:08:00,PKF,Facebook,paid_social,PKF_US_Meta_Conversions,Lead,
L-76895,2026-07-16 08:12:00,AUR,google,cpc,AUR_US_Search_Brand_2026Q2,Lead,
L-70450,2026-06-16 20:23:00,AUR,fb,paid_social,AUR_US_Meta_Prospecting_2026Q2,Lead,
L-72391,2026-07-17 16:58:00,AUR,Facebook,paid_social,aurelia|prospecting|meta|may26,MQL,
L-70322,2026-06-03 16:45:00,AUR,facebook,paid_social,AUR_US_Meta_Prospecting_2026Q2,MQL,
L-74710,2026-05-25 19:12:00,NMB,Facebook,paid_social,NMB_US_Meta_Prospecting_2026Q2,Lead,
L-73446,2026-07-03 12:40:00,PKF,meta,paid_social,PKF_US_Meta_Conversions,Lead,
L-73422,2026-07-03 21:30:00,PKF,facebook,paid_social,PKF_US_Meta_Conversions,Lead,
L-82290,2026-07-20 22:33:00,PKF,google,paid_social,(not set),MQL,
L-75168,2026-07-04 17:43:00,NMB,meta,paid_social,NMB_US_Meta_Prospecting_2026Q2,Lead,
L-74670,2026-05-22 14:59:00,NMB,Facebook,paid_social,NMB_US_Meta_Prospecting_2026Q2,Lead,
L-77149,2026-06-03 22:49:00,AUR,google,cpc,AUR_EU_Search_NonBrand_2026Q2,Lead,
L-76328,2026-05-06 10:58:00,AUR,,,,Lead,
L-78333,2026-07-06 17:14:00,PKF,google,cpc,PKF_US_Search_Brand_2026Q2,SQL,
L-77938,2026-06-10 19:03:00,PKF,google,cpc,PKF_US_Search_Brand_2026Q2,Lead,
L-74001,2026-05-20 19:06:00,PKF,paid_social,paid_social,PKF_CA_Meta_Prospecting,Lead,
L-80881,2026-06-25 12:02:00,PKF,tiktok,paid_social,PKF_TikTok_Spark_2026Q2,Lead,
L-80443,2026-07-18 17:37:00,AUR,tiktok,paid_social,AUR_TikTok_Prospecting_2026Q2,Lead,
L-76369,2026-05-12 21:59:00,AUR,,,,Lead,
L-80893,2026-06-26 11:05:00,PKF,tiktok,paid_social,PKF_TikTok_Spark_2026Q2,Lead,
L-80076,2026-05-20 21:04:00,AUR,adwords,cpc,AUR_US_Video_Test_B,Closed Won,8800
L-76555,2026-06-03 20:52:00,AUR,,,,MQL,
L-77226,2026-06-24 09:12:00,AUR,adwords,cpc,AUR_EU_Search_NonBrand_2026Q2,Lead,
L-73685,2026-07-18 08:18:00,PKF,fb,paid_social,PKF_US_Meta_Conversions,Lead,
L-71677,2026-06-23 09:14:00,AUR,facebook,paid_social,AUR_EU_Meta_Retargeting_2026Q2,Lead,
L-78929,2026-06-26 08:42:00,PKF,adwords,cpc,pkf|nonbrand|search|may26,SQL,
L-79326,2026-06-03 20:32:00,NMB,google,cpc,NMB_US_Search_Brand_2026Q2,Lead,
L-71032,2026-07-31 15:37:00,AUR,,,,MQL,
L-73346,2026-06-29 19:42:00,PKF,fb,paid_social,PKF_US_Meta_Conversions,Lead,
L-78404,2026-07-12 19:17:00,PKF,google,cpc,PKF_US_Search_Brand_2026Q2,Lead,
L-73720,2026-07-22 14:41:00,PKF,meta,paid_social,PKF_US_Meta_Conversions,Lead,
L-75849,2026-06-11 14:34:00,NMB,,,,Lead,
L-77972,2026-06-14 16:54:00,PKF,Google Ads,cpc,PKF_US_Search_Brand_2026Q2,MQL,
L-75530,2026-05-07 10:31:00,NMB,meta,paid_social,NMB_US_Meta_Retargeting_2026Q2,MQL,
L-79721,2026-07-16 12:20:00,NMB,adwords,cpc,NMB_US_Search_Brand_2026Q2,Lead,
L-71725,2026-06-26 21:23:00,AUR,,,,Lead,
L-76655,2026-06-18 19:22:00,AUR,,,,Lead,
L-77283,2026-07-05 13:02:00,AUR,,,,Lead,
L-76102,2026-07-10 16:35:00,NMB,,,,MQL,
L-73223,2026-06-21 11:59:00,PKF,fb,paid_social,PKF_US_Meta_Conversions,MQL,
L-74029,2026-05-23 19:50:00,PKF,Facebook,paid_social,PKF_CA_Meta_Prospecting,Lead,
L-75483,2026-07-30 21:38:00,NMB,facebook,paid_social,NMB_US_Meta_Prospecting_2026Q2,Lead,
L-81176,2026-05-04 19:21:00,NMB,TikTok,paid_social,NMB_TikTok_Prospecting_2026Q2,Lead,
L-76888,2026-07-17 18:47:00,AUR,google,cpc,AUR_US_Search_Brand_2026Q2,MQL,
L-78955,2026-07-03 18:03:00,PKF,,,,MQL,
L-76889,2026-07-15 11:26:00,AUR,,,,MQL,
L-75628,2026-05-16 19:39:00,NMB,fb,paid_social,NMB_US_Meta_Retargeting_2026Q2,MQL,
L-82054,2026-06-29 18:53:00,AUR,google,paid_social,(not set),MQL,
L-71171,2026-05-10 11:14:00,AUR,paid_social,paid_social,AUR_EU_Meta_Retargeting_2026Q2,Lead,
L-70445,2026-06-16 14:59:00,AUR,paid_social,paid_social,AUR_US_Meta_Prospecting_2026Q2,Lead,
L-81749,2026-06-01 16:40:00,PKF,google,paid_social,(not set),Lead,
L-77260,2026-07-02 14:19:00,AUR,google,cpc,AUR_EU_Search_NonBrand_2026Q2,Closed Won,2400
L-78653,2026-07-29 22:28:00,PKF,google,cpc,PKF_US_Search_Brand_2026Q2,Lead,
L-70888,2026-07-17 20:43:00,AUR,meta,paid_social,AUR_US_Meta_Prospecting_2026Q2,Lead,
L-70839,2026-07-15 22:33:00,AUR,fb,paid_social,AUR_US_Meta_Prospecting_2026Q2,MQL,
L-71227,2026-05-14 15:08:00,AUR,,,,MQL,
L-70016,2026-05-05 15:03:00,AUR,facebook,paid_social,AUR_US_Meta_Prospecting_2026Q2,Lead,
L-82080,2026-07-01 13:32:00,AUR,,,,Lead,
L-75522,2026-05-07 11:43:00,NMB,paid_social,paid_social,NMB_US_Meta_Retargeting_2026Q2,Lead,
L-80281,2026-06-14 22:52:00,AUR,,,,MQL,
L-81435,2026-05-05 07:45:00,AUR,,,,Lead,
L-81896,2026-06-14 11:27:00,NMB,google,paid_social,(not set),Lead,
L-75457,2026-07-30 21:21:00,NMB,Facebook,paid_social,NMB_US_Meta_Prospecting_2026Q2,Lead,
L-72702,2026-05-18 22:25:00,PKF,Facebook,paid_social,PKF_US_Meta_Conversions,Lead,
L-81787,2026-06-04 19:14:00,AUR,google,paid_social,(not set),MQL,
L-79925,2026-05-27 20:46:00,NMB,Google Ads,cpc,NMB_US_PMax_2026Q2,Lead,
L-81149,2026-07-30 22:06:00,PKF,tiktok,paid_social,PKF_TikTok_Spark_2026Q2,Lead,
L-74914,2026-06-11 10:16:00,NMB,fb,paid_social,NMB_US_Meta_Prospecting_2026Q2,Closed Won,8800
L-76553,2026-06-02 12:51:00,AUR,,,,Lead,
L-80309,2026-06-20 11:01:00,AUR,TikTok,paid_social,AUR_TikTok_Prospecting_2026Q2,SQL,
L-71446,2026-06-01 09:07:00,AUR,Facebook,paid_social,AUR_EU_Meta_Retargeting_2026Q2,Lead,
L-81586,2026-05-18 08:27:00,PKF,google,paid_social,(not set),MQL,
L-74281,2026-07-04 18:16:00,PKF,meta,paid_social,PKF_CA_Meta_Prospecting,MQL,
L-78785,2026-05-20 18:38:00,PKF,google,cpc,pkf|nonbrand|search|may26,Lead,
L-82354,2026-07-26 14:45:00,AUR,google,paid_social,(not set),SQL,
L-74501,2026-05-06 11:18:00,NMB,meta,paid_social,NMB_US_Meta_Prospecting_2026Q2,Lead,
L-78845,2026-06-01 21:00:00,PKF,google,cpc,pkf|nonbrand|search|may26,Lead,
L-74828,2026-06-03 08:42:00,NMB,fb,paid_social,NMB_US_Meta_Prospecting_2026Q2,Lead,
L-74446,2026-07-30 21:37:00,PKF,,,,MQL,
L-76022,2026-07-05 09:47:00,NMB,facebook,paid_social,NMB_US_Meta_Retargeting_2026Q2,Lead,
L-72040,2026-07-23 22:11:00,AUR,,,,Lead,
L-75439,2026-07-27 10:29:00,NMB,meta,paid_social,NMB_US_Meta_Prospecting_2026Q2,Lead,
L-71072,2026-05-02 11:14:00,AUR,fb,paid_social,AUR_EU_Meta_Retargeting_2026Q2,MQL,
L-73686,2026-07-18 09:09:00,PKF,fb,paid_social,PKF_US_Meta_Conversions,Lead,
L-74923,2026-06-13 22:52:00,NMB,Facebook,paid_social,NMB_US_Meta_Prospecting_2026Q2,Lead,
L-74202,2026-06-23 13:40:00,PKF,facebook,paid_social,PKF_CA_Meta_Prospecting,MQL,
L-77702,2026-05-25 14:13:00,PKF,google,cpc,PKF_US_Search_Brand_2026Q2,Lead,
L-82101,2026-07-03 17:42:00,AUR,,,,MQL,
L-71408,2026-05-30 14:58:00,AUR,,,,Lead,
L-75970,2026-06-27 09:27:00,NMB,paid_social,paid_social,NMB_US_Meta_Retargeting_2026Q2,Lead,
L-78550,2026-07-21 19:26:00,PKF,Google Ads,cpc,PKF_US_Search_Brand_2026Q2,Lead,
L-79338,2026-06-04 09:39:00,NMB,google,cpc,NMB_US_Search_Brand_2026Q2,Lead,
L-81743,2026-06-01 18:21:00,AUR,google,paid_social,(not set),Lead,
L-79252,2026-05-22 21:05:00,NMB,,,,MQL,
L-81635,2026-05-22 11:48:00,PKF,google,paid_social,(not set),Lead,
L-77660,2026-05-22 18:55:00,PKF,Google Ads,cpc,PKF_US_Search_Brand_2026Q2,Lead,
L-71302,2026-05-20 18:31:00,AUR,paid_social,paid_social,AUR_EU_Meta_Retargeting_2026Q2,Lead,
L-71862,2026-07-10 14:22:00,AUR,,,,Lead,
L-75425,2026-07-28 22:47:00,NMB,Facebook,paid_social,NMB_US_Meta_Prospecting_2026Q2,Lead,
L-81930,2026-06-17 14:13:00,PKF,google,paid_social,(not set),MQL,
L-73544,2026-07-09 08:20:00,PKF,,,,Lead,
L-78105,2026-06-21 17:14:00,PKF,Google Ads,cpc,PKF_US_Search_Brand_2026Q2,MQL,
L-73612,2026-07-15 14:42:00,PKF,meta,paid_social,PKF_US_Meta_Conversions,Lead,
L-79510,2026-06-24 14:00:00,NMB,Google Ads,cpc,NMB_US_Search_Brand_2026Q2,Lead,
L-72923,2026-06-02 21:36:00,PKF,facebook,paid_social,PKF_US_Meta_Conversions,Lead,
L-79188,2026-05-15 22:00:00,NMB,google,cpc,NMB_US_Search_Brand_2026Q2,Lead,
L-75398,2026-07-23 17:26:00,NMB,facebook,paid_social,NMB_US_Meta_Prospecting_2026Q2,Lead,
L-79122,2026-05-07 17:04:00,NMB,adwords,cpc,NMB_US_Search_Brand_2026Q2,MQL,
L-73817,2026-07-28 11:38:00,PKF,Facebook,paid_social,PKF_US_Meta_Conversions,Closed Won,5200
L-70871,2026-07-19 13:52:00,AUR,,,,Closed Won,5200
L-75675,2026-05-21 20:11:00,NMB,paid_social,paid_social,NMB_US_Meta_Retargeting_2026Q2,Lead,
L-81042,2026-07-14 20:47:00,PKF,tiktok,paid_social,PKF_TikTok_Spark_2026Q2,MQL,
L-82346,2026-07-24 23:16:00,NMB,google,paid_social,(not set),Lead,
L-71139,2026-05-07 20:13:00,AUR,facebook,paid_social,AUR_EU_Meta_Retargeting_2026Q2,Lead,
L-75893,2026-06-19 19:14:00,NMB,meta,paid_social,NMB_US_Meta_Retargeting_2026Q2,MQL,
L-80536,2026-05-09 12:34:00,PKF,TikTok,paid_social,PKF_TikTok_Spark_2026Q2,MQL,
L-72269,2026-06-14 20:31:00,AUR,facebook,paid_social,aurelia|prospecting|meta|may26,Lead,
L-73802,2026-07-28 20:02:00,PKF,paid_social,paid_social,PKF_US_Meta_Conversions,Lead,
L-73771,2026-07-24 22:58:00,PKF,paid_social,paid_social,PKF_US_Meta_Conversions,Lead,
L-77095,2026-05-23 10:41:00,AUR,,,,Closed Won,1900
L-74902,2026-06-10 15:16:00,NMB,paid_social,paid_social,NMB_US_Meta_Prospecting_2026Q2,Lead,
L-82126,2026-07-05 12:16:00,NMB,google,paid_social,(not set),Lead,
L-76342,2026-05-07 08:00:00,AUR,google,cpc,AUR_US_Search_Brand_2026Q2,Closed Won,5200
L-74732,2026-05-26 17:23:00,NMB,fb,paid_social,NMB_US_Meta_Prospecting_2026Q2,Lead,
L-72306,2026-06-26 09:57:00,AUR,Facebook,paid_social,aurelia|prospecting|meta|may26,Lead,
L-73333,2026-06-27 12:31:00,PKF,paid_social,paid_social,PKF_US_Meta_Conversions,Lead,
L-72427,2026-07-30 17:49:00,AUR,paid_social,paid_social,aurelia|prospecting|meta|may26,Lead,
L-78825,2026-05-28 17:29:00,PKF,google,cpc,pkf|nonbrand|search|may26,SQL,
L-76704,2026-06-24 09:51:00,AUR,Google Ads,cpc,AUR_US_Search_Brand_2026Q2,Lead,
L-78357,2026-07-10 18:17:00,PKF,Google Ads,cpc,PKF_US_Search_Brand_2026Q2,Lead,
L-71386,2026-05-27 11:07:00,AUR,fb,paid_social,AUR_EU_Meta_Retargeting_2026Q2,MQL,
L-79489,2026-06-22 20:14:00,NMB,adwords,cpc,NMB_US_Search_Brand_2026Q2,Lead,
L-77129,2026-05-29 21:22:00,AUR,adwords,cpc,AUR_EU_Search_NonBrand_2026Q2,Closed Won,8800
L-75705,2026-05-25 18:01:00,NMB,paid_social,paid_social,NMB_US_Meta_Retargeting_2026Q2,Lead,
L-72161,2026-05-15 08:35:00,AUR,,,,Lead,
L-75737,2026-05-31 13:05:00,NMB,paid_social,paid_social,NMB_US_Meta_Retargeting_2026Q2,Lead,
L-80308,2026-06-18 22:12:00,AUR,TikTok,paid_social,AUR_TikTok_Prospecting_2026Q2,Closed Won,5200
L-80615,2026-05-21 08:35:00,PKF,tiktok,paid_social,PKF_TikTok_Spark_2026Q2,Lead,
L-71740,2026-06-28 10:36:00,AUR,,,,Lead,
L-80063,2026-07-08 09:17:00,NMB,Google Ads,cpc,NMB_US_Video_Test_A,Lead,
L-70588,2026-06-28 16:20:00,AUR,Facebook,paid_social,AUR_US_Meta_Prospecting_2026Q2,MQL,
L-77131,2026-05-30 15:10:00,AUR,Google Ads,cpc,AUR_EU_Search_NonBrand_2026Q2,Lead,
L-73893,2026-05-06 22:51:00,PKF,meta,paid_social,PKF_CA_Meta_Prospecting,Lead,
L-75725,2026-05-27 11:21:00,NMB,fb,paid_social,NMB_US_Meta_Retargeting_2026Q2,Lead,
L-75587,2026-05-14 08:32:00,NMB,fb,paid_social,NMB_US_Meta_Retargeting_2026Q2,SQL,
L-78317,2026-07-04 14:53:00,PKF,Google Ads,cpc,PKF_US_Search_Brand_2026Q2,Lead,
L-70217,2026-05-22 08:28:00,AUR,,,,Lead,
L-78399,2026-07-12 20:48:00,PKF,adwords,cpc,PKF_US_Search_Brand_2026Q2,MQL,
L-78011,2026-06-14 13:05:00,PKF,google,cpc,PKF_US_Search_Brand_2026Q2,Lead,
L-77370,2026-07-30 13:21:00,AUR,google,cpc,AUR_EU_Search_NonBrand_2026Q2,Lead,
L-75408,2026-07-25 22:47:00,NMB,Facebook,paid_social,NMB_US_Meta_Prospecting_2026Q2,Lead,
L-81644,2026-05-23 12:42:00,AUR,google,paid_social,(not set),Lead,
L-77140,2026-05-31 17:25:00,AUR,google,cpc,AUR_EU_Search_NonBrand_2026Q2,MQL,
L-81504,2026-05-11 23:46:00,NMB,google,paid_social,(not set),Lead,
L-72969,2026-06-04 17:01:00,PKF,facebook,paid_social,PKF_US_Meta_Conversions,Lead,
L-79625,2026-07-06 16:50:00,NMB,Google Ads,cpc,NMB_US_Search_Brand_2026Q2,MQL,
L-76152,2026-07-17 09:40:00,NMB,paid_social,paid_social,NMB_US_Meta_Retargeting_2026Q2,MQL,
L-71085,2026-05-05 13:47:00,AUR,,,,Lead,
L-79709,2026-07-15 17:32:00,NMB,adwords,cpc,NMB_US_Search_Brand_2026Q2,Closed Won,3600
L-70763,2026-07-11 21:35:00,AUR,,,,Lead,
L-70441,2026-06-15 08:06:00,AUR,,,,Closed Won,3600
L-71324,2026-05-21 17:14:00,AUR,fb,paid_social,AUR_EU_Meta_Retargeting_2026Q2,MQL,
L-71871,2026-07-08 13:22:00,AUR,,,,Lead,
L-71294,2026-05-19 14:17:00,AUR,facebook,paid_social,AUR_EU_Meta_Retargeting_2026Q2,Lead,
L-72099,2026-07-30 22:41:00,AUR,paid_social,paid_social,AUR_EU_Meta_Retargeting_2026Q2,Lead,
L-78093,2026-06-20 20:40:00,PKF,Google Ads,cpc,PKF_US_Search_Brand_2026Q2,MQL,
L-70682,2026-07-02 16:02:00,AUR,Facebook,paid_social,AUR_US_Meta_Prospecting_2026Q2,SQL,
L-80544,2026-05-09 13:44:00,PKF,TikTok,paid_social,PKF_TikTok_Spark_2026Q2,MQL,
L-80979,2026-07-06 13:44:00,PKF,tiktok,paid_social,PKF_TikTok_Spark_2026Q2,Closed Won,1900
L-76836,2026-07-11 10:02:00,AUR,,,,SQL,
L-75651,2026-05-21 20:03:00,NMB,meta,paid_social,NMB_US_Meta_Retargeting_2026Q2,Lead,
L-78257,2026-07-01 11:23:00,PKF,adwords,cpc,PKF_US_Search_Brand_2026Q2,Lead,
L-70485,2026-06-20 09:08:00,AUR,,,,Lead,
L-80204,2026-05-24 13:55:00,AUR,TikTok,paid_social,AUR_TikTok_Prospecting_2026Q2,Lead,
L-73146,2026-06-15 10:37:00,PKF,fb,paid_social,PKF_US_Meta_Conversions,Lead,
L-75470,2026-07-29 08:23:00,NMB,meta,paid_social,NMB_US_Meta_Prospecting_2026Q2,Lead,
L-75509,2026-05-03 18:10:00,NMB,facebook,paid_social,NMB_US_Meta_Retargeting_2026Q2,Lead,
L-75173,2026-07-07 11:47:00,NMB,facebook,paid_social,NMB_US_Meta_Prospecting_2026Q2,Lead,
L-74528,2026-05-06 18:29:00,NMB,Facebook,paid_social,NMB_US_Meta_Prospecting_2026Q2,SQL,
L-71257,2026-05-18 11:23:00,AUR,,,,Lead,
L-79527,2026-06-26 16:01:00,NMB,adwords,cpc,NMB_US_Search_Brand_2026Q2,Lead,
L-77151,2026-06-02 18:15:00,AUR,google,cpc,AUR_EU_Search_NonBrand_2026Q2,Closed Won,8800
L-80579,2026-05-14 13:10:00,PKF,TikTok,paid_social,PKF_TikTok_Spark_2026Q2,Lead,
L-73843,2026-07-30 12:37:00,PKF,meta,paid_social,PKF_US_Meta_Conversions,Lead,
L-72455,2026-05-02 21:16:00,PKF,facebook,paid_social,PKF_US_Meta_Conversions,MQL,
L-72840,2026-05-27 12:51:00,PKF,paid_social,paid_social,PKF_US_Meta_Conversions,MQL,
L-75687,2026-05-23 15:20:00,NMB,Facebook,paid_social,NMB_US_Meta_Retargeting_2026Q2,MQL,
L-75653,2026-05-20 13:39:00,NMB,meta,paid_social,NMB_US_Meta_Retargeting_2026Q2,Lead,
L-76854,2026-07-12 21:21:00,AUR,google,cpc,AUR_US_Search_Brand_2026Q2,Lead,
L-77366,2026-07-29 21:23:00,AUR,,,,Lead,
L-77696,2026-05-25 19:02:00,PKF,adwords,cpc,PKF_US_Search_Brand_2026Q2,Lead,
L-80957,2026-07-05 19:04:00,PKF,tiktok,paid_social,PKF_TikTok_Spark_2026Q2,MQL,
L-72022,2026-07-22 19:06:00,AUR,,,,Lead,
L-70316,2026-06-04 13:58:00,AUR,meta,paid_social,AUR_US_Meta_Prospecting_2026Q2,MQL,
L-76464,2026-05-22 11:43:00,AUR,google,cpc,AUR_US_Search_Brand_2026Q2,SQL,
L-74817,2026-06-04 10:49:00,NMB,,,,MQL,
L-75285,2026-07-16 17:06:00,NMB,paid_social,paid_social,NMB_US_Meta_Prospecting_2026Q2,Lead,
L-71490,2026-06-06 19:38:00,AUR,facebook,paid_social,AUR_EU_Meta_Retargeting_2026Q2,Lead,
L-74998,2026-06-17 18:54:00,NMB,Facebook,paid_social,NMB_US_Meta_Prospecting_2026Q2,MQL,
L-72053,2026-07-24 22:33:00,AUR,,,,Lead,
L-74894,2026-06-11 20:22:00,NMB,meta,paid_social,NMB_US_Meta_Prospecting_2026Q2,Lead,
L-81260,2026-06-07 15:25:00,NMB,tiktok,paid_social,NMB_TikTok_Prospecting_2026Q2,MQL,
L-70609,2026-06-28 17:16:00,AUR,,,,MQL,
L-79404,2026-06-10 12:58:00,NMB,Google Ads,cpc,NMB_US_Search_Brand_2026Q2,Lead,
L-79615,2026-07-07 12:34:00,NMB,Google Ads,cpc,NMB_US_Search_Brand_2026Q2,Lead,
L-74883,2026-06-08 10:02:00,NMB,meta,paid_social,NMB_US_Meta_Prospecting_2026Q2,SQL,
L-77224,2026-06-24 11:55:00,AUR,Google Ads,cpc,AUR_EU_Search_NonBrand_2026Q2,Lead,
L-71848,2026-07-07 14:53:00,AUR,fb,paid_social,AUR_EU_Meta_Retargeting_2026Q2,MQL,
L-75683,2026-05-24 10:38:00,NMB,fb,paid_social,NMB_US_Meta_Retargeting_2026Q2,Lead,
L-70413,2026-06-12 17:41:00,AUR,,,,MQL,
L-78963,2026-07-06 22:07:00,PKF,google,cpc,pkf|nonbrand|search|may26,MQL,
L-79166,2026-05-12 13:29:00,NMB,Google Ads,cpc,NMB_US_Search_Brand_2026Q2,Closed Won,8800
L-79023,2026-07-21 19:03:00,PKF,Google Ads,cpc,pkf|nonbrand|search|may26,SQL,
L-78903,2026-06-17 10:44:00,PKF,Google Ads,cpc,pkf|nonbrand|search|may26,Lead,
L-72429,2026-07-28 16:51:00,AUR,,,,Lead,
L-77521,2026-05-13 20:29:00,PKF,google,cpc,PKF_US_Search_Brand_2026Q2,Lead,
L-80227,2026-05-31 17:31:00,AUR,TikTok,paid_social,AUR_TikTok_Prospecting_2026Q2,SQL,
L-82134,2026-07-06 22:17:00,PKF,,,,MQL,
L-80638,2026-05-23 21:28:00,PKF,TikTok,paid_social,PKF_TikTok_Spark_2026Q2,Lead,
L-72927,2026-06-01 09:40:00,PKF,fb,paid_social,PKF_US_Meta_Conversions,MQL,
L-81343,2026-07-17 15:28:00,NMB,TikTok,paid_social,NMB_TikTok_Prospecting_2026Q2,Lead,
L-76548,2026-06-01 13:08:00,AUR,,,,Lead,
L-77476,2026-05-09 15:17:00,PKF,google,cpc,PKF_US_Search_Brand_2026Q2,MQL,
L-72337,2026-07-05 17:51:00,AUR,paid_social,paid_social,aurelia|prospecting|meta|may26,MQL,
L-74505,2026-05-06 12:59:00,NMB,fb,paid_social,NMB_US_Meta_Prospecting_2026Q2,Lead,
L-71963,2026-07-16 20:24:00,AUR,,,,MQL,
L-73951,2026-05-15 18:08:00,PKF,meta,paid_social,PKF_CA_Meta_Prospecting,Lead,
L-77440,2026-05-06 17:33:00,PKF,Google Ads,cpc,PKF_US_Search_Brand_2026Q2,Lead,
L-78815,2026-05-27 12:23:00,PKF,google,cpc,pkf|nonbrand|search|may26,Lead,
L-76984,2026-07-29 20:36:00,AUR,,,,Lead,
L-72076,2026-07-28 19:11:00,AUR,,,,Lead,
L-79487,2026-06-20 10:05:00,NMB,adwords,cpc,NMB_US_Search_Brand_2026Q2,Lead,
L-76098,2026-07-11 13:11:00,NMB,,,,Lead,
L-78935,2026-06-27 11:12:00,PKF,Google Ads,cpc,pkf|nonbrand|search|may26,MQL,
L-70780,2026-07-11 08:57:00,AUR,,,,Lead,
L-76643,2026-06-17 10:25:00,AUR,google,cpc,AUR_US_Search_Brand_2026Q2,SQL,
L-76827,2026-07-10 10:39:00,AUR,,,,Lead,
L-79347,2026-06-03 11:54:00,NMB,Google Ads,cpc,NMB_US_Search_Brand_2026Q2,SQL,
L-80328,2026-06-22 17:53:00,AUR,,,,Lead,
L-79843,2026-07-29 11:50:00,NMB,Google Ads,cpc,NMB_US_Search_Brand_2026Q2,MQL,
L-72682,2026-05-17 12:46:00,PKF,meta,paid_social,PKF_US_Meta_Conversions,MQL,
L-76814,2026-07-06 15:31:00,AUR,,,,MQL,
L-80348,2026-06-27 22:27:00,AUR,,,,Lead,
L-77740,2026-05-27 19:50:00,PKF,google,cpc,PKF_US_Search_Brand_2026Q2,Lead,
L-72918,2026-06-01 22:05:00,PKF,meta,paid_social,PKF_US_Meta_Conversions,MQL,
L-74968,2026-06-16 08:10:00,NMB,paid_social,paid_social,NMB_US_Meta_Prospecting_2026Q2,Closed Won,8800
L-77921,2026-06-10 15:53:00,PKF,google,cpc,PKF_US_Search_Brand_2026Q2,SQL,
L-76849,2026-07-12 14:14:00,AUR,adwords,cpc,AUR_US_Search_Brand_2026Q2,Lead,
L-78029,2026-06-17 21:40:00,PKF,google,cpc,PKF_US_Search_Brand_2026Q2,Lead,
L-77741,2026-05-26 12:47:00,PKF,google,cpc,PKF_US_Search_Brand_2026Q2,MQL,
L-72316,2026-06-29 11:30:00,AUR,meta,paid_social,aurelia|prospecting|meta|may26,Lead,
L-74057,2026-05-27 11:44:00,PKF,fb,paid_social,PKF_CA_Meta_Prospecting,MQL,
L-74092,2026-06-05 10:08:00,PKF,meta,paid_social,PKF_CA_Meta_Prospecting,MQL,
L-74005,2026-05-22 21:05:00,PKF,Facebook,paid_social,PKF_CA_Meta_Prospecting,Lead,
L-82351,2026-07-25 12:04:00,PKF,google,paid_social,(not set),Lead,
L-77022,2026-05-08 15:31:00,AUR,adwords,cpc,AUR_EU_Search_NonBrand_2026Q2,Lead,
L-80167,2026-05-15 14:51:00,AUR,TikTok,paid_social,AUR_TikTok_Prospecting_2026Q2,Lead,
L-77908,2026-06-11 21:42:00,PKF,google,cpc,PKF_US_Search_Brand_2026Q2,Lead,
L-75125,2026-06-30 17:31:00,NMB,meta,paid_social,NMB_US_Meta_Prospecting_2026Q2,Lead,
L-70954,2026-07-23 12:13:00,AUR,facebook,paid_social,AUR_US_Meta_Prospecting_2026Q2,Lead,
L-80215,2026-05-26 20:22:00,AUR,,,,Lead,
L-77460,2026-05-06 18:38:00,PKF,Google Ads,cpc,PKF_US_Search_Brand_2026Q2,Lead,
L-79594,2026-07-03 13:34:00,NMB,Google Ads,cpc,NMB_US_Search_Brand_2026Q2,MQL,
L-81135,2026-07-26 17:42:00,PKF,tiktok,paid_social,PKF_TikTok_Spark_2026Q2,Lead,
L-75092,2026-06-27 18:50:00,NMB,,,,SQL,
L-79900,2026-05-18 18:26:00,NMB,Google Ads,cpc,NMB_US_PMax_2026Q2,Lead,
L-73953,2026-05-14 19:02:00,PKF,paid_social,paid_social,PKF_CA_Meta_Prospecting,Lead,
L-79762,2026-07-21 19:42:00,NMB,google,cpc,NMB_US_Search_Brand_2026Q2,Lead,
L-75955,2026-06-24 16:20:00,NMB,meta,paid_social,NMB_US_Meta_Retargeting_2026Q2,MQL,
L-76344,2026-05-06 14:40:00,AUR,google,cpc,AUR_US_Search_Brand_2026Q2,Lead,
L-75101,2026-06-27 13:09:00,NMB,meta,paid_social,NMB_US_Meta_Prospecting_2026Q2,Lead,
L-70751,2026-07-10 19:30:00,AUR,,,,Lead,
L-79960,2026-06-14 11:42:00,NMB,google,cpc,NMB_US_PMax_2026Q2,SQL,
L-77671,2026-05-22 14:26:00,PKF,google,cpc,PKF_US_Search_Brand_2026Q2,SQL,
L-78651,2026-07-27 21:03:00,PKF,adwords,cpc,PKF_US_Search_Brand_2026Q2,Lead,
L-78248,2026-06-29 22:55:00,PKF,google,cpc,PKF_US_Search_Brand_2026Q2,MQL,
L-79961,2026-06-13 09:38:00,NMB,Google Ads,cpc,NMB_US_PMax_2026Q2,MQL,
L-77669,2026-05-24 11:15:00,PKF,google,cpc,PKF_US_Search_Brand_2026Q2,SQL,
L-80935,2026-07-01 20:00:00,PKF,TikTok,paid_social,PKF_TikTok_Spark_2026Q2,SQL,
L-79985,2026-06-26 08:07:00,NMB,adwords,cpc,NMB_US_PMax_2026Q2,MQL,
L-80066,2026-07-11 11:21:00,NMB,,,,SQL,
L-71264,2026-05-16 09:35:00,AUR,,,,MQL,
L-81420,2026-05-04 13:30:00,AUR,google,paid_social,(not set),Lead,
L-71778,2026-06-30 08:23:00,AUR,facebook,paid_social,AUR_EU_Meta_Retargeting_2026Q2,MQL,
L-71413,2026-05-28 19:08:00,AUR,paid_social,paid_social,AUR_EU_Meta_Retargeting_2026Q2,Lead,
L-80468,2026-07-25 11:57:00,AUR,,,,Lead,
L-77784,2026-05-31 13:50:00,PKF,Google Ads,cpc,PKF_US_Search_Brand_2026Q2,Lead,
L-75724,2026-05-28 20:41:00,NMB,fb,paid_social,NMB_US_Meta_Retargeting_2026Q2,Lead,
L-70208,2026-05-22 12:24:00,AUR,,,,MQL,
L-76960,2026-07-26 13:12:00,AUR,,,,Lead,
L-70689,2026-07-04 11:04:00,AUR,,,,MQL,
L-71581,2026-06-13 20:26:00,AUR,fb,paid_social,AUR_EU_Meta_Retargeting_2026Q2,Lead,
L-75693,2026-05-24 18:07:00,NMB,facebook,paid_social,NMB_US_Meta_Retargeting_2026Q2,Lead,
L-74538,2026-05-09 16:48:00,NMB,Facebook,paid_social,NMB_US_Meta_Prospecting_2026Q2,Lead,
L-77357,2026-07-27 21:06:00,AUR,adwords,cpc,AUR_EU_Search_NonBrand_2026Q2,SQL,
L-71036,2026-07-29 11:45:00,AUR,meta,paid_social,AUR_US_Meta_Prospecting_2026Q2,Lead,
L-73599,2026-07-13 22:55:00,PKF,,,,Lead,
L-72198,2026-05-23 10:57:00,AUR,paid_social,paid_social,aurelia|prospecting|meta|may26,Lead,
L-75185,2026-07-06 10:38:00,NMB,paid_social,paid_social,NMB_US_Meta_Prospecting_2026Q2,Lead,
L-80407,2026-07-09 11:02:00,AUR,TikTok,paid_social,AUR_TikTok_Prospecting_2026Q2,Lead,
L-80002,2026-07-04 16:33:00,NMB,adwords,cpc,NMB_US_PMax_2026Q2,Lead,
L-77891,2026-06-08 20:36:00,PKF,google,cpc,PKF_US_Search_Brand_2026Q2,Closed Won,8800
L-76275,2026-07-30 08:28:00,NMB,paid_social,paid_social,NMB_US_Meta_Retargeting_2026Q2,MQL,
L-82138,2026-07-06 09:33:00,PKF,google,paid_social,(not set),Lead,
L-79442,2026-06-14 13:15:00,NMB,,,,Lead,
L-74275,2026-07-03 21:22:00,PKF,Facebook,paid_social,PKF_CA_Meta_Prospecting,Lead,
L-75396,2026-07-24 20:41:00,NMB,paid_social,paid_social,NMB_US_Meta_Prospecting_2026Q2,Lead,
L-74162,2026-06-17 13:52:00,PKF,Facebook,paid_social,PKF_CA_Meta_Prospecting,MQL,
L-79145,2026-05-09 10:04:00,NMB,adwords,cpc,NMB_US_Search_Brand_2026Q2,Closed Won,5200
L-79210,2026-05-16 17:37:00,NMB,google,cpc,NMB_US_Search_Brand_2026Q2,SQL,
L-76191,2026-07-23 09:24:00,NMB,facebook,paid_social,NMB_US_Meta_Retargeting_2026Q2,SQL,
L-78477,2026-07-17 21:00:00,PKF,,,,Lead,
L-75543,2026-05-08 09:06:00,NMB,meta,paid_social,NMB_US_Meta_Retargeting_2026Q2,Lead,
L-80362,2026-06-30 17:14:00,AUR,,,,MQL,
L-74271,2026-07-04 12:33:00,PKF,paid_social,paid_social,PKF_CA_Meta_Prospecting,Lead,
L-74329,2026-07-12 09:58:00,PKF,paid_social,paid_social,PKF_CA_Meta_Prospecting,MQL,
L-80585,2026-05-16 18:07:00,PKF,tiktok,paid_social,PKF_TikTok_Spark_2026Q2,Lead,
L-71185,2026-05-10 13:03:00,AUR,paid_social,paid_social,AUR_EU_Meta_Retargeting_2026Q2,MQL,
L-78218,2026-06-29 19:49:00,PKF,adwords,cpc,PKF_US_Search_Brand_2026Q2,Lead,
L-74080,2026-06-03 18:27:00,PKF,facebook,paid_social,PKF_CA_Meta_Prospecting,Lead,
L-70531,2026-06-22 13:19:00,AUR,,,,Lead,
L-77386,2026-05-02 21:32:00,PKF,adwords,cpc,PKF_US_Search_Brand_2026Q2,Lead,
L-74321,2026-07-09 17:04:00,PKF,,,,Lead,
L-81137,2026-07-26 22:12:00,PKF,TikTok,paid_social,PKF_TikTok_Spark_2026Q2,Lead,
L-82170,2026-07-08 22:38:00,NMB,google,paid_social,(not set),SQL,
L-76995,2026-07-31 16:42:00,AUR,Google Ads,cpc,AUR_US_Search_Brand_2026Q2,Closed Won,2400
L-77550,2026-05-14 14:47:00,PKF,google,cpc,PKF_US_Search_Brand_2026Q2,Lead,
L-77776,2026-05-31 17:57:00,PKF,google,cpc,PKF_US_Search_Brand_2026Q2,MQL,
L-72952,2026-06-05 21:52:00,PKF,paid_social,paid_social,PKF_US_Meta_Conversions,Lead,
L-81328,2026-07-09 11:05:00,NMB,TikTok,paid_social,NMB_TikTok_Prospecting_2026Q2,Lead,
L-71262,2026-05-17 19:28:00,AUR,fb,paid_social,AUR_EU_Meta_Retargeting_2026Q2,MQL,
L-76483,2026-05-25 21:40:00,AUR,google,cpc,AUR_US_Search_Brand_2026Q2,Lead,
L-75991,2026-06-29 09:49:00,NMB,Facebook,paid_social,NMB_US_Meta_Retargeting_2026Q2,Lead,
L-72407,2026-07-22 14:51:00,AUR,,,,Lead,
L-80550,2026-05-11 18:39:00,PKF,TikTok,paid_social,PKF_TikTok_Spark_2026Q2,Lead,
L-74798,2026-06-02 11:15:00,NMB,fb,paid_social,NMB_US_Meta_Prospecting_2026Q2,MQL,
L-79541,2026-06-27 09:43:00,NMB,google,cpc,NMB_US_Search_Brand_2026Q2,SQL,
L-78801,2026-05-24 16:37:00,PKF,google,cpc,pkf|nonbrand|search|may26,SQL,
L-74708,2026-05-24 12:44:00,NMB,paid_social,paid_social,NMB_US_Meta_Prospecting_2026Q2,Lead,
L-71420,2026-05-30 20:29:00,AUR,facebook,paid_social,AUR_EU_Meta_Retargeting_2026Q2,Lead,
L-74614,2026-05-16 19:01:00,NMB,meta,paid_social,NMB_US_Meta_Prospecting_2026Q2,SQL,
L-76876,2026-07-15 11:46:00,AUR,,,,SQL,
L-71508,2026-06-06 16:50:00,AUR,fb,paid_social,AUR_EU_Meta_Retargeting_2026Q2,SQL,
L-76017,2026-07-03 21:32:00,NMB,fb,paid_social,NMB_US_Meta_Retargeting_2026Q2,Lead,
L-71699,2026-06-25 10:14:00,AUR,,,,Lead,
L-70712,2026-07-06 17:22:00,AUR,,,,MQL,
L-71140,2026-05-07 15:36:00,AUR,Facebook,paid_social,AUR_EU_Meta_Retargeting_2026Q2,Lead,
L-74576,2026-05-13 09:19:00,NMB,paid_social,paid_social,NMB_US_Meta_Prospecting_2026Q2,Lead,
L-74557,2026-05-09 18:59:00,NMB,,,,MQL,
L-81520,2026-05-12 09:20:00,NMB,google,paid_social,(not set),MQL,
L-70581,2026-06-27 19:16:00,AUR,fb,paid_social,AUR_US_Meta_Prospecting_2026Q2,Lead,
L-81184,2026-05-06 18:43:00,NMB,tiktok,paid_social,NMB_TikTok_Prospecting_2026Q2,MQL,
L-82059,2026-06-29 07:16:00,PKF,google,paid_social,(not set),MQL,
L-75837,2026-06-10 14:30:00,NMB,paid_social,paid_social,NMB_US_Meta_Retargeting_2026Q2,Lead,
L-77438,2026-05-07 11:55:00,PKF,adwords,cpc,PKF_US_Search_Brand_2026Q2,Lead,
L-79017,2026-07-18 09:03:00,PKF,Google Ads,cpc,pkf|nonbrand|search|may26,MQL,
L-73066,2026-06-11 13:21:00,PKF,paid_social,paid_social,PKF_US_Meta_Conversions,Lead,
L-71213,2026-05-13 14:27:00,AUR,,,,Lead,
L-75971,2026-06-26 21:09:00,NMB,facebook,paid_social,NMB_US_Meta_Retargeting_2026Q2,Lead,
L-75512,2026-05-03 15:32:00,NMB,paid_social,paid_social,NMB_US_Meta_Retargeting_2026Q2,Lead,
L-72865,2026-05-29 15:25:00,PKF,,,,MQL,
L-77608,2026-05-18 15:05:00,PKF,google,cpc,PKF_US_Search_Brand_2026Q2,Lead,
L-77372,2026-07-30 22:51:00,AUR,adwords,cpc,AUR_EU_Search_NonBrand_2026Q2,MQL,
L-81167,2026-07-31 20:18:00,PKF,tiktok,paid_social,PKF_TikTok_Spark_2026Q2,Lead,
L-72510,2026-05-05 16:36:00,PKF,meta,paid_social,PKF_US_Meta_Conversions,Lead,
L-72596,2026-05-12 15:19:00,PKF,fb,paid_social,PKF_US_Meta_Conversions,MQL,
L-79877,2026-05-04 10:42:00,NMB,google,cpc,NMB_US_PMax_2026Q2,Closed Won,3600
L-77394,2026-05-02 17:42:00,PKF,Google Ads,cpc,PKF_US_Search_Brand_2026Q2,Lead,
L-72844,2026-05-26 20:55:00,PKF,facebook,paid_social,PKF_US_Meta_Conversions,Lead,
L-82402,2026-07-30 12:25:00,PKF,google,paid_social,(not set),Lead,
L-77206,2026-06-19 18:43:00,AUR,google,cpc,AUR_EU_Search_NonBrand_2026Q2,Closed Won,3600
L-76333,2026-05-07 14:26:00,AUR,,,,Lead,
L-75065,2026-06-24 11:20:00,NMB,paid_social,paid_social,NMB_US_Meta_Prospecting_2026Q2,Lead,
L-70831,2026-07-15 22:14:00,AUR,,,,Lead,
L-74208,2026-06-24 18:15:00,PKF,paid_social,paid_social,PKF_CA_Meta_Prospecting,SQL,
L-78841,2026-06-01 10:42:00,PKF,,,,Lead,
L-79174,2026-05-12 10:19:00,NMB,google,cpc,NMB_US_Search_Brand_2026Q2,Lead,
L-72090,2026-07-28 17:26:00,AUR,meta,paid_social,AUR_EU_Meta_Retargeting_2026Q2,Lead,
L-80436,2026-07-16 15:04:00,AUR,,,,Lead,
L-72347,2026-07-09 10:22:00,AUR,,,,Lead,
L-79899,2026-05-18 18:12:00,NMB,Google Ads,cpc,NMB_US_PMax_2026Q2,Lead,
L-77560,2026-05-16 10:04:00,PKF,google,cpc,PKF_US_Search_Brand_2026Q2,Closed Won,3600
L-73010,2026-06-06 17:13:00,PKF,Facebook,paid_social,PKF_US_Meta_Conversions,Lead,
L-80083,2026-07-01 08:20:00,AUR,adwords,cpc,AUR_US_Video_Test_B,MQL,
L-77816,2026-06-02 19:28:00,PKF,adwords,cpc,PKF_US_Search_Brand_2026Q2,Lead,
L-75848,2026-06-12 16:00:00,NMB,,,,Lead,
L-77324,2026-07-16 22:26:00,AUR,adwords,cpc,AUR_EU_Search_NonBrand_2026Q2,Lead,
L-71268,2026-05-19 17:01:00,AUR,facebook,paid_social,AUR_EU_Meta_Retargeting_2026Q2,Lead,
L-70019,2026-05-04 22:50:00,AUR,paid_social,paid_social,AUR_US_Meta_Prospecting_2026Q2,Lead,
L-71270,2026-05-19 20:28:00,AUR,,,,SQL,
L-73934,2026-05-13 19:26:00,PKF,paid_social,paid_social,PKF_CA_Meta_Prospecting,Lead,
L-70259,2026-05-28 10:41:00,AUR,,,,Lead,
L-76497,2026-05-27 22:10:00,AUR,,,,Lead,
L-73614,2026-07-14 21:35:00,PKF,fb,paid_social,PKF_US_Meta_Conversions,Lead,
L-75023,2026-06-20 20:06:00,NMB,paid_social,paid_social,NMB_US_Meta_Prospecting_2026Q2,Lead,
L-76489,2026-05-25 15:53:00,AUR,Google Ads,cpc,AUR_US_Search_Brand_2026Q2,Lead,
L-73360,2026-06-30 20:25:00,PKF,Facebook,paid_social,PKF_US_Meta_Conversions,Lead,
L-79659,2026-07-10 12:41:00,NMB,adwords,cpc,NMB_US_Search_Brand_2026Q2,Lead,
L-78496,2026-07-16 08:37:00,PKF,adwords,cpc,PKF_US_Search_Brand_2026Q2,MQL,
L-71475,2026-06-04 20:02:00,AUR,,,,Lead,
L-77321,2026-07-17 15:29:00,AUR,,,,MQL,
L-74289,2026-07-04 17:12:00,PKF,facebook,paid_social,PKF_CA_Meta_Prospecting,Lead,
L-73391,2026-07-02 20:04:00,PKF,facebook,paid_social,PKF_US_Meta_Conversions,Lead,
L-82226,2026-07-14 23:09:00,PKF,google,paid_social,(not set),Lead,
L-78684,2026-07-30 20:49:00,PKF,google,cpc,PKF_US_Search_Brand_2026Q2,Lead,
L-74458,2026-07-29 22:30:00,PKF,paid_social,paid_social,PKF_CA_Meta_Prospecting,Lead,
L-71635,2026-06-17 09:44:00,AUR,,,,SQL,
L-80593,2026-05-18 20:27:00,PKF,TikTok,paid_social,PKF_TikTok_Spark_2026Q2,Lead,
L-71906,2026-07-13 20:56:00,AUR,,,,Lead,
L-75657,2026-05-20 10:45:00,NMB,fb,paid_social,NMB_US_Meta_Retargeting_2026Q2,Lead,
L-74623,2026-05-17 08:38:00,NMB,paid_social,paid_social,NMB_US_Meta_Prospecting_2026Q2,MQL,
L-72314,2026-06-29 19:10:00,AUR,,,,Lead,
L-74252,2026-06-29 18:24:00,PKF,facebook,paid_social,PKF_CA_Meta_Prospecting,Lead,
L-79193,2026-05-15 20:01:00,NMB,adwords,cpc,NMB_US_Search_Brand_2026Q2,Lead,
L-78967,2026-07-07 09:45:00,PKF,Google Ads,cpc,pkf|nonbrand|search|may26,Lead,
L-82202,2026-07-12 07:33:00,PKF,google,paid_social,(not set),Lead,
L-74974,2026-06-18 19:48:00,NMB,meta,paid_social,NMB_US_Meta_Prospecting_2026Q2,Lead,
L-77773,2026-05-29 11:45:00,PKF,adwords,cpc,PKF_US_Search_Brand_2026Q2,SQL,
L-72404,2026-07-24 20:52:00,AUR,facebook,paid_social,aurelia|prospecting|meta|may26,Lead,
L-80934,2026-07-02 12:21:00,PKF,tiktok,paid_social,PKF_TikTok_Spark_2026Q2,Lead,
L-75366,2026-07-23 16:40:00,NMB,Facebook,paid_social,NMB_US_Meta_Prospecting_2026Q2,Lead,
L-81418,2026-05-04 10:31:00,AUR,,,,Lead,
L-71106,2026-05-06 20:41:00,AUR,,,,Lead,
L-81108,2026-07-24 18:12:00,PKF,TikTok,paid_social,PKF_TikTok_Spark_2026Q2,Lead,
L-75812,2026-06-08 10:48:00,NMB,paid_social,paid_social,NMB_US_Meta_Retargeting_2026Q2,Lead,
L-81428,2026-05-04 08:13:00,PKF,google,paid_social,(not set),MQL,
L-72824,2026-05-25 11:30:00,PKF,Facebook,paid_social,PKF_US_Meta_Conversions,Lead,
L-71586,2026-06-12 19:08:00,AUR,,,,Lead,
L-74147,2026-06-15 18:03:00,PKF,,,,Lead,
L-81601,2026-05-19 14:11:00,PKF,google,paid_social,(not set),Lead,
L-77981,2026-06-13 18:37:00,PKF,google,cpc,PKF_US_Search_Brand_2026Q2,MQL,
L-79572,2026-07-02 13:46:00,NMB,google,cpc,NMB_US_Search_Brand_2026Q2,MQL,
L-73350,2026-06-27 14:11:00,PKF,facebook,paid_social,PKF_US_Meta_Conversions,Lead,
L-81505,2026-05-11 15:57:00,NMB,google,paid_social,(not set),MQL,
L-75566,2026-05-11 08:18:00,NMB,,,,Lead,
L-81129,2026-07-27 21:13:00,PKF,TikTok,paid_social,PKF_TikTok_Spark_2026Q2,Lead,
L-79560,2026-06-29 20:35:00,NMB,Google Ads,cpc,NMB_US_Search_Brand_2026Q2,Lead,
L-76057,2026-07-09 20:33:00,NMB,,,,Lead,
L-81215,2026-05-18 15:57:00,NMB,tiktok,paid_social,NMB_TikTok_Prospecting_2026Q2,MQL,
L-78061,2026-06-19 15:44:00,PKF,google,cpc,PKF_US_Search_Brand_2026Q2,Lead,
L-77915,2026-06-11 10:14:00,PKF,google,cpc,PKF_US_Search_Brand_2026Q2,MQL,
L-76764,2026-06-29 22:30:00,AUR,,,,MQL,
L-80375,2026-07-03 10:43:00,AUR,,,,Lead,
L-70008,2026-05-03 09:32:00,AUR,paid_social,paid_social,AUR_US_Meta_Prospecting_2026Q2,Lead,
L-75927,2026-06-21 11:38:00,NMB,Facebook,paid_social,NMB_US_Meta_Retargeting_2026Q2,MQL,
L-81628,2026-05-21 11:55:00,NMB,google,paid_social,(not set),MQL,
L-80662,2026-05-27 21:47:00,PKF,tiktok,paid_social,PKF_TikTok_Spark_2026Q2,Closed Won,2400
L-77798,2026-06-01 19:45:00,PKF,google,cpc,PKF_US_Search_Brand_2026Q2,SQL,
L-72481,2026-05-03 18:02:00,PKF,paid_social,paid_social,PKF_US_Meta_Conversions,Lead,
L-71052,2026-07-31 21:08:00,AUR,facebook,paid_social,AUR_US_Meta_Prospecting_2026Q2,Lead,
L-80835,2026-06-16 14:37:00,PKF,TikTok,paid_social,PKF_TikTok_Spark_2026Q2,MQL,
L-72996,2026-06-05 20:53:00,PKF,paid_social,paid_social,PKF_US_Meta_Conversions,Lead,
L-81043,2026-07-15 10:26:00,PKF,,,,MQL,
L-74062,2026-05-28 08:31:00,PKF,Facebook,paid_social,PKF_CA_Meta_Prospecting,Lead,
L-78585,2026-07-24 19:23:00,PKF,,,,SQL,
L-70510,2026-06-20 15:41:00,AUR,,,,SQL,
L-76714,2026-06-26 10:37:00,AUR,adwords,cpc,AUR_US_Search_Brand_2026Q2,Lead,
L-73295,2026-06-25 12:28:00,PKF,facebook,paid_social,PKF_US_Meta_Conversions,Lead,
L-81347,2026-07-18 21:40:00,NMB,,,,Lead,
L-70226,2026-05-24 12:04:00,AUR,,,,Lead,
L-74892,2026-06-09 18:26:00,NMB,facebook,paid_social,NMB_US_Meta_Prospecting_2026Q2,Lead,
L-79518,2026-06-25 22:42:00,NMB,Google Ads,cpc,NMB_US_Search_Brand_2026Q2,SQL,
L-78556,2026-07-22 13:31:00,PKF,google,cpc,PKF_US_Search_Brand_2026Q2,MQL,
L-71315,2026-05-21 10:37:00,AUR,,,,MQL,
L-70220,2026-05-22 14:45:00,AUR,,,,Lead,
L-72925,2026-06-03 09:12:00,PKF,fb,paid_social,PKF_US_Meta_Conversions,MQL,
L-80127,2026-05-03 12:10:00,AUR,tiktok,paid_social,AUR_TikTok_Prospecting_2026Q2,MQL,
L-76551,2026-06-01 16:28:00,AUR,adwords,cpc,AUR_US_Search_Brand_2026Q2,MQL,
L-73032,2026-06-09 15:55:00,PKF,meta,paid_social,PKF_US_Meta_Conversions,SQL,
L-75814,2026-06-08 18:37:00,NMB,meta,paid_social,NMB_US_Meta_Retargeting_2026Q2,Lead,
L-81206,2026-05-17 11:07:00,NMB,tiktok,paid_social,NMB_TikTok_Prospecting_2026Q2,Lead,
L-81518,2026-05-12 19:24:00,NMB,google,paid_social,(not set),Closed Won,3600
L-74850,2026-06-05 17:38:00,NMB,paid_social,paid_social,NMB_US_Meta_Prospecting_2026Q2,Lead,
L-70566,2026-06-24 12:58:00,AUR,meta,paid_social,AUR_US_Meta_Prospecting_2026Q2,Lead,
L-78473,2026-07-15 18:07:00,PKF,google,cpc,PKF_US_Search_Brand_2026Q2,Closed Won,5200
L-73001,2026-06-07 18:03:00,PKF,Facebook,paid_social,PKF_US_Meta_Conversions,Lead,
L-79662,2026-07-10 16:48:00,NMB,google,cpc,NMB_US_Search_Brand_2026Q2,MQL,
L-74979,2026-06-16 10:57:00,NMB,,,,MQL,
L-73863,2026-07-31 22:26:00,PKF,Facebook,paid_social,PKF_US_Meta_Conversions,Closed Won,2400
L-82311,2026-07-22 17:28:00,AUR,google,paid_social,(not set),Lead,
L-80572,2026-05-14 13:50:00,PKF,tiktok,paid_social,PKF_TikTok_Spark_2026Q2,Lead,
L-78777,2026-05-17 21:23:00,PKF,google,cpc,pkf|nonbrand|search|may26,Closed Won,5200
L-78014,2026-06-17 16:08:00,PKF,google,cpc,PKF_US_Search_Brand_2026Q2,SQL,
L-73384,2026-07-02 16:41:00,PKF,Facebook,paid_social,PKF_US_Meta_Conversions,SQL,
L-81097,2026-07-20 17:33:00,PKF,tiktok,paid_social,PKF_TikTok_Spark_2026Q2,MQL,
L-71087,2026-05-05 08:20:00,AUR,meta,paid_social,AUR_EU_Meta_Retargeting_2026Q2,MQL,
L-77470,2026-05-08 19:01:00,PKF,google,cpc,PKF_US_Search_Brand_2026Q2,Lead,
L-71969,2026-07-16 11:45:00,AUR,,,,Lead,
L-70963,2026-07-23 12:52:00,AUR,,,,Lead,
L-72244,2026-06-09 19:14:00,AUR,,,,MQL,
L-78353,2026-07-09 21:11:00,PKF,adwords,cpc,PKF_US_Search_Brand_2026Q2,SQL,
L-72503,2026-05-05 20:42:00,PKF,facebook,paid_social,PKF_US_Meta_Conversions,Lead,
L-74279,2026-07-03 11:38:00,PKF,Facebook,paid_social,PKF_CA_Meta_Prospecting,SQL,
L-76136,2026-07-16 09:52:00,NMB,fb,paid_social,NMB_US_Meta_Retargeting_2026Q2,Lead,
L-81527,2026-05-13 12:14:00,PKF,google,paid_social,(not set),Lead,
L-78299,2026-07-05 14:05:00,PKF,Google Ads,cpc,PKF_US_Search_Brand_2026Q2,Lead,
L-70686,2026-07-03 21:54:00,AUR,,,,MQL,
L-79207,2026-05-15 19:17:00,NMB,google,cpc,NMB_US_Search_Brand_2026Q2,Closed Won,2400
L-78734,2026-05-07 18:37:00,PKF,Google Ads,cpc,pkf|nonbrand|search|may26,MQL,
L-78864,2026-06-05 21:39:00,PKF,google,cpc,pkf|nonbrand|search|may26,MQL,
L-74980,2026-06-18 20:12:00,NMB,,,,SQL,
L-77757,2026-05-28 14:48:00,PKF,Google Ads,cpc,PKF_US_Search_Brand_2026Q2,Lead,
L-73691,2026-07-21 10:51:00,PKF,paid_social,paid_social,PKF_US_Meta_Conversions,Lead,
L-78767,2026-05-14 14:22:00,PKF,Google Ads,cpc,pkf|nonbrand|search|may26,Lead,
L-74563,2026-05-12 16:48:00,NMB,facebook,paid_social,NMB_US_Meta_Prospecting_2026Q2,Lead,
L-79475,2026-06-19 14:09:00,NMB,Google Ads,cpc,NMB_US_Search_Brand_2026Q2,SQL,
L-81131,2026-07-26 11:39:00,PKF,tiktok,paid_social,PKF_TikTok_Spark_2026Q2,Lead,
L-72122,2026-05-03 15:35:00,AUR,meta,paid_social,aurelia|prospecting|meta|may26,Lead,
L-77907,2026-06-09 20:30:00,PKF,Google Ads,cpc,PKF_US_Search_Brand_2026Q2,Lead,
L-73025,2026-06-08 14:53:00,PKF,facebook,paid_social,PKF_US_Meta_Conversions,Lead,
L-75712,2026-05-27 14:25:00,NMB,Facebook,paid_social,NMB_US_Meta_Retargeting_2026Q2,Lead,
L-74475,2026-05-04 13:13:00,NMB,Facebook,paid_social,NMB_US_Meta_Prospecting_2026Q2,Lead,
L-71976,2026-07-18 17:45:00,AUR,,,,Lead,
L-79763,2026-07-22 14:28:00,NMB,adwords,cpc,NMB_US_Search_Brand_2026Q2,MQL,
L-77951,2026-06-11 09:44:00,PKF,google,cpc,PKF_US_Search_Brand_2026Q2,Lead,
L-74589,2026-05-13 16:11:00,NMB,paid_social,paid_social,NMB_US_Meta_Prospecting_2026Q2,Lead,
L-80806,2026-06-12 17:22:00,PKF,TikTok,paid_social,PKF_TikTok_Spark_2026Q2,MQL,
L-75277,2026-07-15 17:34:00,NMB,,,,Lead,
L-70292,2026-06-02 18:39:00,AUR,fb,paid_social,AUR_US_Meta_Prospecting_2026Q2,MQL,
L-71978,2026-07-18 21:51:00,AUR,facebook,paid_social,AUR_EU_Meta_Retargeting_2026Q2,Lead,
L-79633,2026-07-07 15:17:00,NMB,Google Ads,cpc,NMB_US_Search_Brand_2026Q2,SQL,
L-76532,2026-05-29 13:42:00,AUR,,,,Lead,
L-75816,2026-06-08 22:18:00,NMB,fb,paid_social,NMB_US_Meta_Retargeting_2026Q2,SQL,
L-78915,2026-06-22 22:38:00,PKF,Google Ads,cpc,pkf|nonbrand|search|may26,MQL,
L-71741,2026-06-27 19:10:00,AUR,,,,Lead,
L-72477,2026-05-05 09:15:00,PKF,meta,paid_social,PKF_US_Meta_Conversions,Lead,
L-74717,2026-05-26 13:50:00,NMB,fb,paid_social,NMB_US_Meta_Prospecting_2026Q2,Lead,
L-70650,2026-06-30 21:24:00,AUR,fb,paid_social,AUR_US_Meta_Prospecting_2026Q2,Lead,
L-81362,2026-07-22 11:45:00,NMB,TikTok,paid_social,NMB_TikTok_Prospecting_2026Q2,Lead,
L-73867,2026-05-02 12:31:00,PKF,Facebook,paid_social,PKF_CA_Meta_Prospecting,Lead,
L-76278,2026-07-31 16:23:00,NMB,paid_social,paid_social,NMB_US_Meta_Retargeting_2026Q2,Lead,
L-79971,2026-06-23 16:20:00,NMB,adwords,cpc,NMB_US_PMax_2026Q2,SQL,
L-74926,2026-06-11 10:25:00,NMB,paid_social,paid_social,NMB_US_Meta_Prospecting_2026Q2,Lead,
L-78082,2026-06-19 22:51:00,PKF,Google Ads,cpc,PKF_US_Search_Brand_2026Q2,Closed Won,3600
L-80062,2026-07-05 11:54:00,NMB,Google Ads,cpc,NMB_US_Video_Test_A,Lead,
L-73314,2026-06-27 15:08:00,PKF,Facebook,paid_social,PKF_US_Meta_Conversions,Lead,
L-80064,2026-07-11 14:29:00,NMB,adwords,cpc,NMB_US_Video_Test_A,Closed Won,2400
L-72259,2026-06-11 17:08:00,AUR,fb,paid_social,aurelia|prospecting|meta|may26,Lead,
L-77924,2026-06-10 22:12:00,PKF,Google Ads,cpc,PKF_US_Search_Brand_2026Q2,Lead,
L-77112,2026-05-26 21:17:00,AUR,google,cpc,AUR_EU_Search_NonBrand_2026Q2,Closed Won,3600
L-79399,2026-06-08 12:36:00,NMB,Google Ads,cpc,NMB_US_Search_Brand_2026Q2,MQL,
L-70120,2026-05-15 19:11:00,AUR,,,,Lead,
L-76224,2026-07-26 11:20:00,NMB,facebook,paid_social,NMB_US_Meta_Retargeting_2026Q2,Lead,
L-76725,2026-06-25 15:08:00,AUR,google,cpc,AUR_US_Search_Brand_2026Q2,Lead,
L-76226,2026-07-26 13:57:00,NMB,Facebook,paid_social,NMB_US_Meta_Retargeting_2026Q2,Lead,
L-81869,2026-06-12 23:47:00,AUR,google,paid_social,(not set),Lead,
L-71376,2026-05-26 22:00:00,AUR,facebook,paid_social,AUR_EU_Meta_Retargeting_2026Q2,Lead,
L-72911,2026-05-30 10:18:00,PKF,facebook,paid_social,PKF_US_Meta_Conversions,Lead,
L-79767,2026-07-22 10:21:00,NMB,google,cpc,NMB_US_Search_Brand_2026Q2,MQL,
L-77627,2026-05-19 14:44:00,PKF,adwords,cpc,PKF_US_Search_Brand_2026Q2,SQL,
L-71147,2026-05-09 08:06:00,AUR,Facebook,paid_social,AUR_EU_Meta_Retargeting_2026Q2,MQL,
L-78565,2026-07-21 08:15:00,PKF,adwords,cpc,PKF_US_Search_Brand_2026Q2,Lead,
L-77911,2026-06-09 14:47:00,PKF,Google Ads,cpc,PKF_US_Search_Brand_2026Q2,Lead,
L-72138,2026-05-07 20:14:00,AUR,fb,paid_social,aurelia|prospecting|meta|may26,Lead,
L-78605,2026-07-26 18:09:00,PKF,google,cpc,PKF_US_Search_Brand_2026Q2,Lead,
L-72977,2026-06-05 16:42:00,PKF,meta,paid_social,PKF_US_Meta_Conversions,MQL,
L-81819,2026-06-08 17:51:00,AUR,,,,SQL,
L-70978,2026-07-24 18:43:00,AUR,,,,Lead,
L-72637,2026-05-15 15:19:00,PKF,facebook,paid_social,PKF_US_Meta_Conversions,MQL,
L-73477,2026-07-08 13:06:00,PKF,,,,MQL,
L-77619,2026-05-21 10:05:00,PKF,adwords,cpc,PKF_US_Search_Brand_2026Q2,Lead,
L-80444,2026-07-19 16:31:00,AUR,,,,Lead,
L-76928,2026-07-22 12:47:00,AUR,google,cpc,AUR_US_Search_Brand_2026Q2,Lead,
L-73674,2026-07-18 12:36:00,PKF,facebook,paid_social,PKF_US_Meta_Conversions,MQL,
L-79196,2026-05-15 16:11:00,NMB,google,cpc,NMB_US_Search_Brand_2026Q2,Lead,
L-71877,2026-07-10 17:47:00,AUR,,,,MQL,
L-80140,2026-05-07 14:47:00,AUR,,,,Lead,
L-72352,2026-07-08 12:57:00,AUR,,,,Lead,
L-73958,2026-05-14 15:20:00,PKF,meta,paid_social,PKF_CA_Meta_Prospecting,SQL,
L-78293,2026-07-03 10:45:00,PKF,Google Ads,cpc,PKF_US_Search_Brand_2026Q2,SQL,
L-75016,2026-06-21 16:07:00,NMB,fb,paid_social,NMB_US_Meta_Prospecting_2026Q2,Lead,
L-71613,2026-06-15 16:45:00,AUR,,,,Lead,
L-70282,2026-06-01 13:57:00,AUR,facebook,paid_social,AUR_US_Meta_Prospecting_2026Q2,Lead,
L-74375,2026-07-17 21:44:00,PKF,paid_social,paid_social,PKF_CA_Meta_Prospecting,Lead,
L-71468,2026-06-03 11:22:00,AUR,,,,Lead,
L-75597,2026-05-13 22:22:00,NMB,Facebook,paid_social,NMB_US_Meta_Retargeting_2026Q2,Lead,
L-71614,2026-06-15 10:21:00,AUR,,,,MQL,
L-78129,2026-06-22 11:25:00,PKF,google,cpc,PKF_US_Search_Brand_2026Q2,Lead,
L-81704,2026-05-28 10:56:00,PKF,google,paid_social,(not set),MQL,
L-78366,2026-07-10 10:06:00,PKF,adwords,cpc,PKF_US_Search_Brand_2026Q2,Lead,
L-76174,2026-07-20 19:20:00,NMB,,,,MQL,
L-77200,2026-06-17 18:31:00,AUR,,,,Lead,
L-71372,2026-05-26 17:26:00,AUR,meta,paid_social,AUR_EU_Meta_Retargeting_2026Q2,Lead,
L-76523,2026-05-29 13:35:00,AUR,Google Ads,cpc,AUR_US_Search_Brand_2026Q2,MQL,
L-80284,2026-06-14 21:33:00,AUR,,,,Lead,
L-73657,2026-07-17 18:28:00,PKF,,,,Lead,
L-70471,2026-06-17 14:49:00,AUR,,,,Closed Won,3600
L-76795,2026-07-05 10:18:00,AUR,adwords,cpc,AUR_US_Search_Brand_2026Q2,MQL,
L-80505,2026-05-03 14:51:00,PKF,TikTok,paid_social,PKF_TikTok_Spark_2026Q2,SQL,
L-74139,2026-06-14 18:38:00,PKF,Facebook,paid_social,PKF_CA_Meta_Prospecting,MQL,
L-80526,2026-05-08 16:15:00,PKF,,,,Lead,
L-78707,2026-07-31 19:30:00,PKF,Google Ads,cpc,PKF_US_Search_Brand_2026Q2,MQL,
L-79389,2026-06-06 22:56:00,NMB,google,cpc,NMB_US_Search_Brand_2026Q2,SQL,
L-77701,2026-05-26 09:01:00,PKF,Google Ads,cpc,PKF_US_Search_Brand_2026Q2,Lead,
L-73558,2026-07-12 19:29:00,PKF,Facebook,paid_social,PKF_US_Meta_Conversions,MQL,
L-76199,2026-07-24 10:22:00,NMB,fb,paid_social,NMB_US_Meta_Retargeting_2026Q2,Lead,
L-75997,2026-07-01 12:48:00,NMB,meta,paid_social,NMB_US_Meta_Retargeting_2026Q2,MQL,
L-76688,2026-06-23 16:52:00,AUR,adwords,cpc,AUR_US_Search_Brand_2026Q2,Lead,
L-78850,2026-06-04 11:34:00,PKF,adwords,cpc,pkf|nonbrand|search|may26,Lead,
L-78295,2026-07-03 08:19:00,PKF,adwords,cpc,PKF_US_Search_Brand_2026Q2,Lead,
L-72979,2026-06-04 20:33:00,PKF,meta,paid_social,PKF_US_Meta_Conversions,SQL,
L-78712,2026-05-03 13:20:00,PKF,google,cpc,pkf|nonbrand|search|may26,Lead,
L-78808,2026-05-27 08:34:00,PKF,google,cpc,pkf|nonbrand|search|may26,Lead,
L-81107,2026-07-21 13:32:00,PKF,tiktok,paid_social,PKF_TikTok_Spark_2026Q2,Lead,
L-77443,2026-05-05 08:48:00,PKF,adwords,cpc,PKF_US_Search_Brand_2026Q2,MQL,
L-76004,2026-07-02 18:50:00,NMB,Facebook,paid_social,NMB_US_Meta_Retargeting_2026Q2,Lead,
L-78441,2026-07-13 09:45:00,PKF,google,cpc,PKF_US_Search_Brand_2026Q2,Closed Won,3600
L-80068,2026-07-15 09:06:00,NMB,adwords,cpc,NMB_US_Video_Test_A,SQL,
L-76910,2026-07-20 13:54:00,AUR,,,,Lead,
L-70062,2026-05-08 12:25:00,AUR,,,,Lead,
L-76211,2026-07-22 11:19:00,NMB,facebook,paid_social,NMB_US_Meta_Retargeting_2026Q2,Lead,
L-75888,2026-06-17 21:21:00,NMB,facebook,paid_social,NMB_US_Meta_Retargeting_2026Q2,MQL,
L-78875,2026-06-10 15:35:00,PKF,google,cpc,pkf|nonbrand|search|may26,Lead,
L-73312,2026-06-25 21:21:00,PKF,Facebook,paid_social,PKF_US_Meta_Conversions,Lead,
L-79943,2026-06-05 18:20:00,NMB,Google Ads,cpc,NMB_US_PMax_2026Q2,Lead,
L-77320,2026-07-15 18:41:00,AUR,Google Ads,cpc,AUR_EU_Search_NonBrand_2026Q2,SQL,
L-75874,2026-06-15 10:31:00,NMB,fb,paid_social,NMB_US_Meta_Retargeting_2026Q2,Lead,
L-77155,2026-06-03 19:42:00,AUR,Google Ads,cpc,AUR_EU_Search_NonBrand_2026Q2,Lead,
L-70304,2026-06-02 21:32:00,AUR,Facebook,paid_social,AUR_US_Meta_Prospecting_2026Q2,Lead,
L-74922,2026-06-13 15:34:00,NMB,Facebook,paid_social,NMB_US_Meta_Prospecting_2026Q2,Lead,
L-70582,2026-06-25 10:29:00,AUR,,,,MQL,
L-72205,2026-05-26 20:32:00,AUR,,,,Lead,
L-73692,2026-07-19 15:55:00,PKF,meta,paid_social,PKF_US_Meta_Conversions,Lead,
L-81786,2026-06-04 10:55:00,AUR,,,,SQL,
L-74251,2026-06-30 14:39:00,PKF,paid_social,paid_social,PKF_CA_Meta_Prospecting,Lead,
L-71909,2026-07-12 10:11:00,AUR,Facebook,paid_social,AUR_EU_Meta_Retargeting_2026Q2,Lead,
L-77043,2026-05-12 15:00:00,AUR,,,,MQL,
L-78879,2026-06-12 14:17:00,PKF,adwords,cpc,pkf|nonbrand|search|may26,Lead,
L-73658,2026-07-16 22:50:00,PKF,facebook,paid_social,PKF_US_Meta_Conversions,Lead,
L-71599,2026-06-15 17:46:00,AUR,facebook,paid_social,AUR_EU_Meta_Retargeting_2026Q2,SQL,
L-74949,2026-06-15 11:28:00,NMB,meta,paid_social,NMB_US_Meta_Prospecting_2026Q2,Lead,
L-73395,2026-06-30 19:27:00,PKF,meta,paid_social,PKF_US_Meta_Conversions,Lead,
L-75137,2026-07-01 14:20:00,NMB,facebook,paid_social,NMB_US_Meta_Prospecting_2026Q2,Lead,
L-78520,2026-07-20 13:13:00,PKF,google,cpc,PKF_US_Search_Brand_2026Q2,Lead,
L-81617,2026-05-20 23:44:00,NMB,google,paid_social,(not set),SQL,
L-78862,2026-06-07 08:40:00,PKF,google,cpc,pkf|nonbrand|search|may26,SQL,
L-71542,2026-06-09 11:50:00,AUR,fb,paid_social,AUR_EU_Meta_Retargeting_2026Q2,Lead,
L-75046,2026-06-22 09:19:00,NMB,paid_social,paid_social,NMB_US_Meta_Prospecting_2026Q2,Lead,
L-76672,2026-06-20 11:52:00,AUR,google,cpc,AUR_US_Search_Brand_2026Q2,Closed Won,3600
L-76228,2026-07-24 22:44:00,NMB,meta,paid_social,NMB_US_Meta_Retargeting_2026Q2,MQL,
L-74737,2026-05-28 09:27:00,NMB,facebook,paid_social,NMB_US_Meta_Prospecting_2026Q2,Lead,
L-80910,2026-06-29 11:49:00,PKF,TikTok,paid_social,PKF_TikTok_Spark_2026Q2,Lead,
L-70719,2026-07-08 17:44:00,AUR,,,,Lead,
L-79000,2026-07-13 19:54:00,PKF,,,,Closed Won,3600
L-70257,2026-05-26 16:31:00,AUR,,,,Lead,
L-80852,2026-06-21 20:23:00,PKF,TikTok,paid_social,PKF_TikTok_Spark_2026Q2,SQL,
L-79789,2026-07-23 08:18:00,NMB,adwords,cpc,NMB_US_Search_Brand_2026Q2,MQL,
L-81886,2026-06-13 10:40:00,NMB,google,paid_social,(not set),MQL,
L-76718,2026-06-26 10:08:00,AUR,adwords,cpc,AUR_US_Search_Brand_2026Q2,Lead,
L-79426,2026-06-12 20:28:00,NMB,google,cpc,NMB_US_Search_Brand_2026Q2,Lead,
L-75013,2026-06-19 13:44:00,NMB,paid_social,paid_social,NMB_US_Meta_Prospecting_2026Q2,Lead,
L-76364,2026-05-09 15:43:00,AUR,,,,MQL,
L-72313,2026-06-29 16:55:00,AUR,paid_social,paid_social,aurelia|prospecting|meta|may26,MQL,
L-77553,2026-05-15 17:43:00,PKF,adwords,cpc,PKF_US_Search_Brand_2026Q2,SQL,
L-77367,2026-07-31 17:09:00,AUR,google,cpc,AUR_EU_Search_NonBrand_2026Q2,MQL,
L-79889,2026-05-12 14:28:00,NMB,,,,Lead,
L-77282,2026-07-05 10:56:00,AUR,Google Ads,cpc,AUR_EU_Search_NonBrand_2026Q2,Lead,
L-72497,2026-05-05 12:17:00,PKF,Facebook,paid_social,PKF_US_Meta_Conversions,Lead,
L-79418,2026-06-12 16:43:00,NMB,google,cpc,NMB_US_Search_Brand_2026Q2,MQL,
L-80793,2026-06-10 13:14:00,PKF,tiktok,paid_social,PKF_TikTok_Spark_2026Q2,Lead,
L-80128,2026-05-03 11:15:00,AUR,,,,Lead,
L-70567,2026-06-26 12:49:00,AUR,facebook,paid_social,AUR_US_Meta_Prospecting_2026Q2,Closed Won,8800
L-81317,2026-07-05 11:18:00,NMB,tiktok,paid_social,NMB_TikTok_Prospecting_2026Q2,SQL,
L-72128,2026-05-04 20:02:00,AUR,,,,Closed Won,5200
L-71685,2026-06-22 15:43:00,AUR,,,,Lead,
L-73694,2026-07-21 20:57:00,PKF,facebook,paid_social,PKF_US_Meta_Conversions,Lead,
L-79380,2026-06-08 15:01:00,NMB,adwords,cpc,NMB_US_Search_Brand_2026Q2,Lead,
L-79674,2026-07-12 19:19:00,NMB,Google Ads,cpc,NMB_US_Search_Brand_2026Q2,Lead,
L-79675,2026-07-11 21:41:00,NMB,,,,SQL,
L-77013,2026-05-04 09:02:00,AUR,Google Ads,cpc,AUR_EU_Search_NonBrand_2026Q2,MQL,
L-80673,2026-05-28 15:13:00,PKF,TikTok,paid_social,PKF_TikTok_Spark_2026Q2,Closed Won,3600
L-74085,2026-06-04 09:10:00,PKF,facebook,paid_social,PKF_CA_Meta_Prospecting,Lead,
L-71672,2026-06-20 08:23:00,AUR,paid_social,paid_social,AUR_EU_Meta_Retargeting_2026Q2,MQL,
L-81568,2026-05-16 12:43:00,PKF,google,paid_social,(not set),Lead,
L-74852,2026-06-06 17:45:00,NMB,facebook,paid_social,NMB_US_Meta_Prospecting_2026Q2,MQL,
L-81015,2026-07-13 17:20:00,PKF,tiktok,paid_social,PKF_TikTok_Spark_2026Q2,Lead,
L-79976,2026-06-25 11:37:00,NMB,google,cpc,NMB_US_PMax_2026Q2,MQL,
L-77694,2026-05-24 20:05:00,PKF,google,cpc,PKF_US_Search_Brand_2026Q2,Lead,
L-81539,2026-05-14 08:46:00,PKF,google,paid_social,(not set),Lead,
L-80748,2026-06-06 15:39:00,PKF,tiktok,paid_social,PKF_TikTok_Spark_2026Q2,SQL,
L-78326,2026-07-06 09:44:00,PKF,google,cpc,PKF_US_Search_Brand_2026Q2,Lead,
L-74138,2026-06-14 10:21:00,PKF,fb,paid_social,PKF_CA_Meta_Prospecting,MQL,
L-80074,2026-05-14 18:48:00,AUR,google,cpc,AUR_US_Video_Test_B,SQL,
L-75040,2026-06-21 19:11:00,NMB,fb,paid_social,NMB_US_Meta_Prospecting_2026Q2,Lead,
L-76164,2026-07-17 20:18:00,NMB,Facebook,paid_social,NMB_US_Meta_Retargeting_2026Q2,Lead,
L-77664,2026-05-24 16:34:00,PKF,google,cpc,PKF_US_Search_Brand_2026Q2,Lead,
L-82141,2026-07-06 21:19:00,NMB,google,paid_social,(not set),Lead,
L-80754,2026-06-04 16:37:00,PKF,tiktok,paid_social,PKF_TikTok_Spark_2026Q2,MQL,
L-74813,2026-06-04 10:33:00,NMB,meta,paid_social,NMB_US_Meta_Prospecting_2026Q2,Lead,
L-78446,2026-07-16 17:32:00,PKF,google,cpc,PKF_US_Search_Brand_2026Q2,Lead,
L-75402,2026-07-24 20:49:00,NMB,meta,paid_social,NMB_US_Meta_Prospecting_2026Q2,MQL,
L-74253,2026-06-29 20:13:00,PKF,meta,paid_social,PKF_CA_Meta_Prospecting,SQL,
L-70363,2026-06-09 11:25:00,AUR,,,,Lead,
L-72933,2026-06-01 08:29:00,PKF,meta,paid_social,PKF_US_Meta_Conversions,Lead,
L-70663,2026-07-03 15:35:00,AUR,,,,Lead,
L-73377,2026-06-29 19:09:00,PKF,fb,paid_social,PKF_US_Meta_Conversions,Lead,
L-76450,2026-05-19 10:25:00,AUR,,,,SQL,
L-82000,2026-06-23 19:46:00,NMB,google,paid_social,(not set),Closed Won,2400
L-81729,2026-05-30 12:31:00,PKF,google,paid_social,(not set),MQL,
L-79897,2026-05-16 13:20:00,NMB,,,,MQL,
L-75391,2026-07-23 13:42:00,NMB,fb,paid_social,NMB_US_Meta_Prospecting_2026Q2,Lead,
L-77955,2026-06-13 16:04:00,PKF,adwords,cpc,PKF_US_Search_Brand_2026Q2,Lead,
L-72044,2026-07-23 09:53:00,AUR,fb,paid_social,AUR_EU_Meta_Retargeting_2026Q2,Lead,
L-76189,2026-07-22 21:52:00,NMB,,,,Lead,
L-78847,2026-06-03 18:31:00,PKF,google,cpc,pkf|nonbrand|search|may26,SQL,
L-74981,2026-06-17 17:08:00,NMB,facebook,paid_social,NMB_US_Meta_Prospecting_2026Q2,Lead,
L-79126,2026-05-09 09:20:00,NMB,google,cpc,NMB_US_Search_Brand_2026Q2,SQL,
L-79390,2026-06-06 19:46:00,NMB,google,cpc,NMB_US_Search_Brand_2026Q2,Lead,
L-71669,2026-06-22 19:24:00,AUR,,,,Lead,
L-77491,2026-05-11 22:59:00,PKF,adwords,cpc,PKF_US_Search_Brand_2026Q2,SQL,
L-81008,2026-07-10 18:12:00,PKF,TikTok,paid_social,PKF_TikTok_Spark_2026Q2,Closed Won,1900
L-79097,2026-05-04 19:12:00,NMB,google,cpc,NMB_US_Search_Brand_2026Q2,Lead,
L-71852,2026-07-07 11:34:00,AUR,,,,Closed Won,8800
L-71476,2026-06-04 10:28:00,AUR,,,,MQL,
L-82352,2026-07-25 09:42:00,NMB,google,paid_social,(not set),Closed Won,3600
L-76165,2026-07-17 14:03:00,NMB,facebook,paid_social,NMB_US_Meta_Retargeting_2026Q2,Lead,
L-74693,2026-05-24 09:21:00,NMB,facebook,paid_social,NMB_US_Meta_Prospecting_2026Q2,MQL,
L-70872,2026-07-19 13:42:00,AUR,paid_social,paid_social,AUR_US_Meta_Prospecting_2026Q2,MQL,
L-73427,2026-07-04 14:26:00,PKF,meta,paid_social,PKF_US_Meta_Conversions,Lead,
L-70277,2026-05-31 16:09:00,AUR,paid_social,paid_social,AUR_US_Meta_Prospecting_2026Q2,Lead,
L-81219,2026-05-19 10:21:00,NMB,TikTok,paid_social,NMB_TikTok_Prospecting_2026Q2,Lead,
L-82372,2026-07-27 22:12:00,NMB,google,paid_social,(not set),MQL,
L-81875,2026-06-12 07:12:00,PKF,google,paid_social,(not set),Lead,
L-73620,2026-07-16 18:13:00,PKF,meta,paid_social,PKF_US_Meta_Conversions,Lead,
L-77884,2026-06-07 17:24:00,PKF,adwords,cpc,PKF_US_Search_Brand_2026Q2,Lead,
L-80347,2026-06-27 16:20:00,AUR,,,,Lead,
L-79431,2026-06-12 19:22:00,NMB,Google Ads,cpc,NMB_US_Search_Brand_2026Q2,Lead,
L-80070,2026-07-20 16:02:00,NMB,adwords,cpc,NMB_US_Video_Test_A,SQL,
L-82192,2026-07-10 23:22:00,NMB,google,paid_social,(not set),Lead,
L-72359,2026-07-10 09:32:00,AUR,,,,Lead,
L-75239,2026-07-13 08:21:00,NMB,paid_social,paid_social,NMB_US_Meta_Prospecting_2026Q2,Lead,
L-75931,2026-06-22 08:45:00,NMB,Facebook,paid_social,NMB_US_Meta_Retargeting_2026Q2,MQL,
L-71318,2026-05-22 12:06:00,AUR,,,,MQL,
L-74788,2026-06-02 22:42:00,NMB,fb,paid_social,NMB_US_Meta_Prospecting_2026Q2,Lead,
L-80619,2026-05-21 09:17:00,PKF,tiktok,paid_social,PKF_TikTok_Spark_2026Q2,Lead,
L-71957,2026-07-15 10:35:00,AUR,paid_social,paid_social,AUR_EU_Meta_Retargeting_2026Q2,Lead,
L-74186,2026-06-18 13:47:00,PKF,fb,paid_social,PKF_CA_Meta_Prospecting,Lead,
L-74860,2026-06-06 14:59:00,NMB,paid_social,paid_social,NMB_US_Meta_Prospecting_2026Q2,Lead,
L-78742,2026-05-08 17:51:00,PKF,Google Ads,cpc,pkf|nonbrand|search|may26,Lead,
L-75041,2026-06-22 09:18:00,NMB,Facebook,paid_social,NMB_US_Meta_Prospecting_2026Q2,MQL,
L-71322,2026-05-20 08:28:00,AUR,,,,MQL,
L-75673,2026-05-23 20:08:00,NMB,paid_social,paid_social,NMB_US_Meta_Retargeting_2026Q2,Lead,
L-81590,2026-05-18 08:45:00,NMB,google,paid_social,(not set),Lead,
L-81130,2026-07-27 19:48:00,PKF,,,,Lead,
L-70773,2026-07-11 09:29:00,AUR,,,,MQL,
L-80183,2026-05-19 22:35:00,AUR,,,,Lead,
L-79915,2026-05-26 12:41:00,NMB,google,cpc,NMB_US_PMax_2026Q2,Lead,
L-72215,2026-05-30 11:08:00,AUR,paid_social,paid_social,aurelia|prospecting|meta|may26,Lead,
L-80343,2026-06-24 21:10:00,AUR,,,,MQL,
L-76630,2026-06-17 11:11:00,AUR,google,cpc,AUR_US_Search_Brand_2026Q2,MQL,
L-70069,2026-05-08 14:57:00,AUR,,,,Lead,
L-73584,2026-07-12 14:25:00,PKF,paid_social,paid_social,PKF_US_Meta_Conversions,Closed Won,3600
L-72600,2026-05-12 16:19:00,PKF,meta,paid_social,PKF_US_Meta_Conversions,Lead,
L-72588,2026-05-09 11:57:00,PKF,meta,paid_social,PKF_US_Meta_Conversions,MQL,
L-75344,2026-07-21 19:28:00,NMB,fb,paid_social,NMB_US_Meta_Prospecting_2026Q2,SQL,
L-75596,2026-05-13 09:55:00,NMB,paid_social,paid_social,NMB_US_Meta_Retargeting_2026Q2,MQL,
L-71605,2026-06-15 22:04:00,AUR,Facebook,paid_social,AUR_EU_Meta_Retargeting_2026Q2,Lead,
L-79728,2026-07-16 15:07:00,NMB,google,cpc,NMB_US_Search_Brand_2026Q2,SQL,
L-72561,2026-05-07 22:32:00,PKF,meta,paid_social,PKF_US_Meta_Conversions,Lead,
L-81730,2026-05-30 18:09:00,PKF,,,,Lead,
L-81762,2026-06-02 11:47:00,PKF,google,paid_social,(not set),Lead,
L-77825,2026-06-02 22:12:00,PKF,google,cpc,PKF_US_Search_Brand_2026Q2,Lead,
L-80961,2026-07-05 11:50:00,PKF,tiktok,paid_social,PKF_TikTok_Spark_2026Q2,MQL,
L-77531,2026-05-13 13:38:00,PKF,google,cpc,PKF_US_Search_Brand_2026Q2,Lead,
L-70578,2026-06-27 12:00:00,AUR,,,,SQL,
L-75500,2026-05-01 19:12:00,NMB,meta,paid_social,NMB_US_Meta_Retargeting_2026Q2,Lead,
L-72555,2026-05-08 12:11:00,PKF,facebook,paid_social,PKF_US_Meta_Conversions,Lead,
L-71592,2026-06-13 22:12:00,AUR,meta,paid_social,AUR_EU_Meta_Retargeting_2026Q2,Closed Won,5200
L-73365,2026-06-29 19:18:00,PKF,paid_social,paid_social,PKF_US_Meta_Conversions,MQL,
L-72890,2026-05-28 18:19:00,PKF,fb,paid_social,PKF_US_Meta_Conversions,Lead,
L-80487,2026-07-31 22:59:00,AUR,tiktok,paid_social,AUR_TikTok_Prospecting_2026Q2,Lead,
L-78205,2026-06-26 08:59:00,PKF,adwords,cpc,PKF_US_Search_Brand_2026Q2,SQL,
L-70993,2026-07-26 22:53:00,AUR,meta,paid_social,AUR_US_Meta_Prospecting_2026Q2,Lead,
L-77686,2026-05-24 17:46:00,PKF,Google Ads,cpc,PKF_US_Search_Brand_2026Q2,Lead,
L-75581,2026-05-13 21:04:00,NMB,paid_social,paid_social,NMB_US_Meta_Retargeting_2026Q2,Lead,
L-79576,2026-06-30 08:15:00,NMB,google,cpc,NMB_US_Search_Brand_2026Q2,MQL,
L-71145,2026-05-09 12:07:00,AUR,,,,MQL,
L-81850,2026-06-10 12:53:00,PKF,google,paid_social,(not set),MQL,
L-71576,2026-06-14 15:58:00,AUR,paid_social,paid_social,AUR_EU_Meta_Retargeting_2026Q2,Lead,
L-81732,2026-05-30 17:45:00,NMB,google,paid_social,(not set),MQL,
L-72910,2026-06-01 15:18:00,PKF,facebook,paid_social,PKF_US_Meta_Conversions,Lead,
L-74555,2026-05-11 12:06:00,NMB,meta,paid_social,NMB_US_Meta_Prospecting_2026Q2,MQL,
L-72815,2026-05-23 20:32:00,PKF,,,,Lead,
L-79724,2026-07-18 17:52:00,NMB,Google Ads,cpc,NMB_US_Search_Brand_2026Q2,MQL,
L-77496,2026-05-13 21:51:00,PKF,Google Ads,cpc,PKF_US_Search_Brand_2026Q2,SQL,
L-79149,2026-05-12 21:18:00,NMB,google,cpc,NMB_US_Search_Brand_2026Q2,MQL,
L-71771,2026-06-30 21:17:00,AUR,paid_social,paid_social,AUR_EU_Meta_Retargeting_2026Q2,MQL,
L-80065,2026-07-12 15:17:00,NMB,adwords,cpc,NMB_US_Video_Test_A,Lead,
L-77150,2026-06-02 11:45:00,AUR,adwords,cpc,AUR_EU_Search_NonBrand_2026Q2,Lead,
L-74625,2026-05-17 13:15:00,NMB,Facebook,paid_social,NMB_US_Meta_Prospecting_2026Q2,MQL,
L-76314,2026-05-03 22:31:00,AUR,adwords,cpc,AUR_US_Search_Brand_2026Q2,MQL,
L-80071,2026-07-25 12:17:00,NMB,adwords,cpc,NMB_US_Video_Test_A,Lead,
L-81030,2026-07-13 14:20:00,PKF,tiktok,paid_social,PKF_TikTok_Spark_2026Q2,Lead,
L-71236,2026-05-15 18:19:00,AUR,facebook,paid_social,AUR_EU_Meta_Retargeting_2026Q2,MQL,
L-71518,2026-06-08 18:45:00,AUR,Facebook,paid_social,AUR_EU_Meta_Retargeting_2026Q2,Lead,
L-81677,2026-05-26 19:45:00,PKF,google,paid_social,(not set),SQL,
L-70017,2026-05-03 15:03:00,AUR,,,,Lead,
L-75399,2026-07-23 10:31:00,NMB,paid_social,paid_social,NMB_US_Meta_Prospecting_2026Q2,MQL,
L-72286,2026-06-20 12:32:00,AUR,,,,Lead,
L-72690,2026-05-16 22:46:00,PKF,meta,paid_social,PKF_US_Meta_Conversions,Lead,
L-75039,2026-06-22 18:46:00,NMB,paid_social,paid_social,NMB_US_Meta_Prospecting_2026Q2,Lead,
L-71993,2026-07-18 20:26:00,AUR,,,,Lead,
L-76269,2026-07-30 12:39:00,NMB,paid_social,paid_social,NMB_US_Meta_Retargeting_2026Q2,Lead,
L-72158,2026-05-13 16:21:00,AUR,fb,paid_social,aurelia|prospecting|meta|may26,Lead,
L-77625,2026-05-21 11:16:00,PKF,,,,Lead,
L-74631,2026-05-17 18:43:00,NMB,fb,paid_social,NMB_US_Meta_Prospecting_2026Q2,Lead,
L-75169,2026-07-05 21:56:00,NMB,Facebook,paid_social,NMB_US_Meta_Prospecting_2026Q2,Lead,
L-78269,2026-07-01 10:38:00,PKF,adwords,cpc,PKF_US_Search_Brand_2026Q2,SQL,
L-80980,2026-07-06 09:19:00,PKF,tiktok,paid_social,PKF_TikTok_Spark_2026Q2,MQL,
L-70857,2026-07-17 21:01:00,AUR,fb,paid_social,AUR_US_Meta_Prospecting_2026Q2,SQL,
L-71639,2026-06-17 20:28:00,AUR,facebook,paid_social,AUR_EU_Meta_Retargeting_2026Q2,MQL,
L-74449,2026-07-31 09:00:00,PKF,paid_social,paid_social,PKF_CA_Meta_Prospecting,Lead,
L-82253,2026-07-16 07:00:00,PKF,google,paid_social,(not set),Lead,
L-81546,2026-05-14 22:54:00,NMB,,,,Lead,
L-82100,2026-07-03 20:35:00,AUR,,,,SQL,
L-70331,2026-06-04 09:39:00,AUR,,,,Lead,
L-71074,2026-05-03 15:33:00,AUR,fb,paid_social,AUR_EU_Meta_Retargeting_2026Q2,MQL,
L-81501,2026-05-11 13:02:00,PKF,google,paid_social,(not set),Closed Won,2400
L-79851,2026-07-30 08:32:00,NMB,google,cpc,NMB_US_Search_Brand_2026Q2,Lead,
L-75401,2026-07-23 14:55:00,NMB,Facebook,paid_social,NMB_US_Meta_Prospecting_2026Q2,Lead,
L-71230,2026-05-13 14:00:00,AUR,Facebook,paid_social,AUR_EU_Meta_Retargeting_2026Q2,MQL,
L-81054,2026-07-16 14:14:00,PKF,TikTok,paid_social,PKF_TikTok_Spark_2026Q2,MQL,
L-80528,2026-05-07 20:41:00,PKF,TikTok,paid_social,PKF_TikTok_Spark_2026Q2,MQL,
L-74682,2026-05-23 13:51:00,NMB,facebook,paid_social,NMB_US_Meta_Prospecting_2026Q2,MQL,
L-78812,2026-05-29 17:04:00,PKF,google,cpc,pkf|nonbrand|search|may26,Lead,
L-74210,2026-06-23 20:55:00,PKF,Facebook,paid_social,PKF_CA_Meta_Prospecting,Lead,
L-79223,2026-05-20 12:21:00,NMB,adwords,cpc,NMB_US_Search_Brand_2026Q2,MQL,
L-78542,2026-07-21 17:15:00,PKF,Google Ads,cpc,PKF_US_Search_Brand_2026Q2,Lead,
L-78265,2026-06-30 08:39:00,PKF,adwords,cpc,PKF_US_Search_Brand_2026Q2,MQL,
L-77737,2026-05-28 22:59:00,PKF,google,cpc,PKF_US_Search_Brand_2026Q2,Lead,
L-75698,2026-05-25 17:00:00,NMB,,,,Lead,
L-79571,2026-06-30 15:40:00,NMB,,,,SQL,
L-72468,2026-05-03 08:15:00,PKF,meta,paid_social,PKF_US_Meta_Conversions,Lead,
L-77230,2026-06-26 12:06:00,AUR,google,cpc,AUR_EU_Search_NonBrand_2026Q2,SQL,
L-70634,2026-07-01 19:24:00,AUR,facebook,paid_social,AUR_US_Meta_Prospecting_2026Q2,Lead,
L-72308,2026-06-26 10:02:00,AUR,facebook,paid_social,aurelia|prospecting|meta|may26,Lead,
L-80252,2026-06-06 14:42:00,AUR,tiktok,paid_social,AUR_TikTok_Prospecting_2026Q2,Lead,
L-75472,2026-07-30 10:09:00,NMB,facebook,paid_social,NMB_US_Meta_Prospecting_2026Q2,Lead,
L-71031,2026-07-29 16:31:00,AUR,paid_social,paid_social,AUR_US_Meta_Prospecting_2026Q2,MQL,
L-75244,2026-07-12 20:45:00,NMB,meta,paid_social,NMB_US_Meta_Prospecting_2026Q2,MQL,
L-74676,2026-05-21 09:24:00,NMB,fb,paid_social,NMB_US_Meta_Prospecting_2026Q2,Lead,
L-72144,2026-05-11 16:01:00,AUR,paid_social,paid_social,aurelia|prospecting|meta|may26,Closed Won,5200
L-74453,2026-07-30 15:37:00,PKF,Facebook,paid_social,PKF_CA_Meta_Prospecting,Lead,
L-71718,2026-06-27 22:59:00,AUR,Facebook,paid_social,AUR_EU_Meta_Retargeting_2026Q2,Lead,
L-77986,2026-06-13 20:59:00,PKF,Google Ads,cpc,PKF_US_Search_Brand_2026Q2,Lead,
L-71190,2026-05-12 22:33:00,AUR,paid_social,paid_social,AUR_EU_Meta_Retargeting_2026Q2,MQL,
L-75951,2026-06-25 08:57:00,NMB,Facebook,paid_social,NMB_US_Meta_Retargeting_2026Q2,Lead,
L-75415,2026-07-26 11:16:00,NMB,paid_social,paid_social,NMB_US_Meta_Prospecting_2026Q2,Lead,
L-78886,2026-06-15 09:19:00,PKF,google,cpc,pkf|nonbrand|search|may26,Lead,
L-78056,2026-06-18 22:00:00,PKF,google,cpc,PKF_US_Search_Brand_2026Q2,Closed Won,8800
L-74201,2026-06-22 15:23:00,PKF,meta,paid_social,PKF_CA_Meta_Prospecting,MQL,
L-79991,2026-07-01 22:47:00,NMB,google,cpc,NMB_US_PMax_2026Q2,Lead,
L-80594,2026-05-17 14:27:00,PKF,tiktok,paid_social,PKF_TikTok_Spark_2026Q2,Lead,
L-76654,2026-06-19 19:43:00,AUR,,,,SQL,
L-70644,2026-07-02 22:51:00,AUR,Facebook,paid_social,AUR_US_Meta_Prospecting_2026Q2,MQL,
L-73311,2026-06-27 21:43:00,PKF,fb,paid_social,PKF_US_Meta_Conversions,Lead,
L-80598,2026-05-18 10:46:00,PKF,,,,Lead,
L-74401,2026-07-21 17:12:00,PKF,Facebook,paid_social,PKF_CA_Meta_Prospecting,SQL,
L-74678,2026-05-22 21:13:00,NMB,paid_social,paid_social,NMB_US_Meta_Prospecting_2026Q2,Lead,
L-76808,2026-07-07 21:43:00,AUR,google,cpc,AUR_US_Search_Brand_2026Q2,SQL,
L-74132,2026-06-11 11:59:00,PKF,paid_social,paid_social,PKF_CA_Meta_Prospecting,Closed Won,2400
L-80325,2026-06-21 14:45:00,AUR,,,,Lead,
L-70986,2026-07-26 11:44:00,AUR,,,,Lead,
L-78225,2026-06-29 14:10:00,PKF,adwords,cpc,PKF_US_Search_Brand_2026Q2,SQL,
L-78495,2026-07-17 20:46:00,PKF,google,cpc,PKF_US_Search_Brand_2026Q2,SQL,
L-73478,2026-07-06 17:11:00,PKF,meta,paid_social,PKF_US_Meta_Conversions,MQL,
L-80255,2026-06-07 16:36:00,AUR,tiktok,paid_social,AUR_TikTok_Prospecting_2026Q2,Lead,
L-76530,2026-05-31 19:09:00,AUR,,,,MQL,
L-77980,2026-06-14 20:27:00,PKF,,,,Lead,
L-78504,2026-07-18 21:41:00,PKF,Google Ads,cpc,PKF_US_Search_Brand_2026Q2,Lead,
L-75044,2026-06-23 21:03:00,NMB,meta,paid_social,NMB_US_Meta_Prospecting_2026Q2,Lead,
L-80990,2026-07-08 08:49:00,PKF,tiktok,paid_social,PKF_TikTok_Spark_2026Q2,Lead,
L-82152,2026-07-07 23:28:00,PKF,google,paid_social,(not set),Lead,
L-73423,2026-07-01 13:54:00,PKF,fb,paid_social,PKF_US_Meta_Conversions,Lead,
L-70272,2026-05-30 21:46:00,AUR,,,,Lead,
L-79718,2026-07-17 16:11:00,NMB,google,cpc,NMB_US_Search_Brand_2026Q2,Lead,
L-72691,2026-05-18 18:07:00,PKF,facebook,paid_social,PKF_US_Meta_Conversions,Lead,
L-79650,2026-07-08 12:22:00,NMB,,,,Closed Won,2400
L-75836,2026-06-10 16:40:00,NMB,facebook,paid_social,NMB_US_Meta_Retargeting_2026Q2,Lead,
L-70083,2026-05-10 15:29:00,AUR,,,,Lead,
L-78452,2026-07-14 13:32:00,PKF,google,cpc,PKF_US_Search_Brand_2026Q2,Lead,
L-81745,2026-06-01 14:43:00,PKF,google,paid_social,(not set),Lead,
L-72490,2026-05-04 14:58:00,PKF,fb,paid_social,PKF_US_Meta_Conversions,MQL,
L-70001,2026-05-03 20:52:00,AUR,facebook,paid_social,AUR_US_Meta_Prospecting_2026Q2,Lead,
L-73428,2026-07-02 22:02:00,PKF,fb,paid_social,PKF_US_Meta_Conversions,Lead,
L-73800,2026-07-28 08:25:00,PKF,facebook,paid_social,PKF_US_Meta_Conversions,Lead,
L-77715,2026-05-25 08:11:00,PKF,adwords,cpc,PKF_US_Search_Brand_2026Q2,Lead,
L-77223,2026-06-24 22:22:00,AUR,google,cpc,AUR_EU_Search_NonBrand_2026Q2,Lead,
L-70796,2026-07-12 14:43:00,AUR,,,,Lead,
L-72039,2026-07-24 20:43:00,AUR,paid_social,paid_social,AUR_EU_Meta_Retargeting_2026Q2,Lead,
L-81680,2026-05-26 18:53:00,NMB,google,paid_social,(not set),Lead,
L-72839,2026-05-27 11:00:00,PKF,paid_social,paid_social,PKF_US_Meta_Conversions,MQL,
L-78764,2026-05-14 11:09:00,PKF,Google Ads,cpc,pkf|nonbrand|search|may26,MQL,
L-80152,2026-05-10 19:50:00,AUR,,,,Lead,
L-80945,2026-07-03 08:16:00,PKF,tiktok,paid_social,PKF_TikTok_Spark_2026Q2,Lead,
L-80027,2026-07-23 20:26:00,NMB,,,,Lead,
L-79873,2026-05-02 18:38:00,NMB,,,,Lead,
L-73051,2026-06-10 22:03:00,PKF,meta,paid_social,PKF_US_Meta_Conversions,Lead,
L-78185,2026-06-26 14:31:00,PKF,google,cpc,PKF_US_Search_Brand_2026Q2,Lead,
L-76524,2026-05-29 16:33:00,AUR,,,,SQL,
L-72693,2026-05-18 18:52:00,PKF,meta,paid_social,PKF_US_Meta_Conversions,Lead,
L-74161,2026-06-16 09:02:00,PKF,paid_social,paid_social,PKF_CA_Meta_Prospecting,Lead,
L-71284,2026-05-19 21:40:00,AUR,paid_social,paid_social,AUR_EU_Meta_Retargeting_2026Q2,MQL,
L-73087,2026-06-12 18:40:00,PKF,fb,paid_social,PKF_US_Meta_Conversions,MQL,
L-71548,2026-06-11 14:59:00,AUR,,,,Lead,
L-75089,2026-06-26 17:47:00,NMB,meta,paid_social,NMB_US_Meta_Prospecting_2026Q2,Lead,
L-76287,2026-07-30 16:56:00,NMB,fb,paid_social,NMB_US_Meta_Retargeting_2026Q2,Lead,
L-79257,2026-05-25 08:07:00,NMB,,,,Lead,
L-70846,2026-07-17 14:42:00,AUR,,,,Lead,
L-80394,2026-07-08 19:16:00,AUR,,,,Lead,
L-70805,2026-07-13 22:10:00,AUR,,,,Lead,
L-72016,2026-07-22 12:48:00,AUR,paid_social,paid_social,AUR_EU_Meta_Retargeting_2026Q2,SQL,
L-72172,2026-05-19 13:54:00,AUR,fb,paid_social,aurelia|prospecting|meta|may26,SQL,
L-78119,2026-06-23 15:41:00,PKF,,,,SQL,
L-81265,2026-06-08 21:31:00,NMB,TikTok,paid_social,NMB_TikTok_Prospecting_2026Q2,MQL,
L-73181,2026-06-19 09:46:00,PKF,meta,paid_social,PKF_US_Meta_Conversions,MQL,
L-72624,2026-05-13 20:32:00,PKF,paid_social,paid_social,PKF_US_Meta_Conversions,Lead,
L-76201,2026-07-24 22:13:00,NMB,fb,paid_social,NMB_US_Meta_Retargeting_2026Q2,Lead,
L-77499,2026-05-13 16:32:00,PKF,google,cpc,PKF_US_Search_Brand_2026Q2,Closed Won,8800
L-72460,2026-05-03 19:44:00,PKF,fb,paid_social,PKF_US_Meta_Conversions,MQL,
L-70439,2026-06-14 14:11:00,AUR,meta,paid_social,AUR_US_Meta_Prospecting_2026Q2,Lead,
L-78422,2026-07-14 18:15:00,PKF,google,cpc,PKF_US_Search_Brand_2026Q2,MQL,
L-74783,2026-05-30 14:29:00,NMB,meta,paid_social,NMB_US_Meta_Prospecting_2026Q2,Lead,
L-79965,2026-06-17 08:10:00,NMB,adwords,cpc,NMB_US_PMax_2026Q2,Lead,
L-73688,2026-07-18 10:17:00,PKF,facebook,paid_social,PKF_US_Meta_Conversions,Lead,
L-75202,2026-07-08 22:50:00,NMB,,,,Lead,
L-71783,2026-07-03 10:07:00,AUR,,,,MQL,
L-72020,2026-07-21 17:06:00,AUR,,,,Lead,
L-75645,2026-05-20 22:13:00,NMB,fb,paid_social,NMB_US_Meta_Retargeting_2026Q2,Lead,
L-76860,2026-07-11 13:01:00,AUR,google,cpc,AUR_US_Search_Brand_2026Q2,Closed Won,2400
L-77606,2026-05-18 13:48:00,PKF,google,cpc,PKF_US_Search_Brand_2026Q2,SQL,
L-80768,2026-06-08 11:31:00,PKF,TikTok,paid_social,PKF_TikTok_Spark_2026Q2,Lead,
L-81595,2026-05-19 22:28:00,AUR,google,paid_social,(not set),Lead,
L-79329,2026-06-04 19:14:00,NMB,adwords,cpc,NMB_US_Search_Brand_2026Q2,MQL,
L-80286,2026-06-16 15:56:00,AUR,,,,Lead,
L-81581,2026-05-17 19:20:00,NMB,google,paid_social,(not set),Lead,
L-81274,2026-06-15 09:57:00,NMB,tiktok,paid_social,NMB_TikTok_Prospecting_2026Q2,Lead,
L-78210,2026-06-29 14:23:00,PKF,google,cpc,PKF_US_Search_Brand_2026Q2,MQL,
L-74784,2026-05-30 16:06:00,NMB,Facebook,paid_social,NMB_US_Meta_Prospecting_2026Q2,MQL,
L-76091,2026-07-11 19:35:00,NMB,,,,Lead,
L-75529,2026-05-07 22:22:00,NMB,paid_social,paid_social,NMB_US_Meta_Retargeting_2026Q2,Lead,
L-72575,2026-05-10 18:08:00,PKF,Facebook,paid_social,PKF_US_Meta_Conversions,MQL,
L-80185,2026-05-20 20:24:00,AUR,tiktok,paid_social,AUR_TikTok_Prospecting_2026Q2,Lead,
L-81191,2026-05-09 17:37:00,NMB,TikTok,paid_social,NMB_TikTok_Prospecting_2026Q2,MQL,
L-72443,2026-07-31 19:06:00,AUR,,,,Lead,
L-73298,2026-06-25 19:01:00,PKF,paid_social,paid_social,PKF_US_Meta_Conversions,Lead,
L-72817,2026-05-23 11:22:00,PKF,Facebook,paid_social,PKF_US_Meta_Conversions,Lead,
L-77463,2026-05-07 19:00:00,PKF,,,,Lead,
L-78526,2026-07-20 11:59:00,PKF,google,cpc,PKF_US_Search_Brand_2026Q2,Lead,
L-72770,2026-05-23 10:24:00,PKF,facebook,paid_social,PKF_US_Meta_Conversions,SQL,
L-71901,2026-07-10 10:11:00,AUR,,,,Lead,
L-72808,2026-05-24 20:01:00,PKF,Facebook,paid_social,PKF_US_Meta_Conversions,Lead,
L-77575,2026-05-18 19:11:00,PKF,google,cpc,PKF_US_Search_Brand_2026Q2,Lead,
L-79215,2026-05-18 20:33:00,NMB,google,cpc,NMB_US_Search_Brand_2026Q2,Lead,
L-77450,2026-05-08 14:58:00,PKF,adwords,cpc,PKF_US_Search_Brand_2026Q2,MQL,
L-81607,2026-05-20 10:14:00,AUR,,,,MQL,
L-72598,2026-05-10 14:57:00,PKF,meta,paid_social,PKF_US_Meta_Conversions,MQL,
L-78848,2026-06-04 22:51:00,PKF,,,,MQL,
L-78668,2026-07-29 20:21:00,PKF,google,cpc,PKF_US_Search_Brand_2026Q2,MQL,
L-75662,2026-05-21 22:01:00,NMB,facebook,paid_social,NMB_US_Meta_Retargeting_2026Q2,Lead,
L-79183,2026-05-15 19:14:00,NMB,adwords,cpc,NMB_US_Search_Brand_2026Q2,MQL,
L-76998,2026-07-30 21:31:00,AUR,,,,SQL,
L-76874,2026-07-16 09:18:00,AUR,google,cpc,AUR_US_Search_Brand_2026Q2,Lead,
L-73271,2026-06-24 15:51:00,PKF,meta,paid_social,PKF_US_Meta_Conversions,Lead,
L-75003,2026-06-20 21:50:00,NMB,Facebook,paid_social,NMB_US_Meta_Prospecting_2026Q2,Closed Won,3600
L-70027,2026-05-05 14:23:00,AUR,,,,Lead,
L-74851,2026-06-06 08:30:00,NMB,fb,paid_social,NMB_US_Meta_Prospecting_2026Q2,Lead,
L-81669,2026-05-25 09:33:00,NMB,google,paid_social,(not set),Lead,
L-79016,2026-07-18 13:30:00,PKF,google,cpc,pkf|nonbrand|search|may26,Closed Won,2400
L-80721,2026-06-01 11:41:00,PKF,TikTok,paid_social,PKF_TikTok_Spark_2026Q2,Lead,
L-73307,2026-06-26 22:50:00,PKF,fb,paid_social,PKF_US_Meta_Conversions,Lead,
L-70585,2026-06-25 11:33:00,AUR,facebook,paid_social,AUR_US_Meta_Prospecting_2026Q2,Closed Won,2400
L-70351,2026-06-06 10:17:00,AUR,,,,MQL,
L-78447,2026-07-15 08:09:00,PKF,google,cpc,PKF_US_Search_Brand_2026Q2,Lead,
L-79108,2026-05-07 14:49:00,NMB,adwords,cpc,NMB_US_Search_Brand_2026Q2,Lead,
L-73054,2026-06-09 11:34:00,PKF,Facebook,paid_social,PKF_US_Meta_Conversions,Lead,
L-76569,2026-06-04 12:58:00,AUR,google,cpc,AUR_US_Search_Brand_2026Q2,MQL,
L-71781,2026-07-02 20:56:00,AUR,,,,Lead,
L-73663,2026-07-16 20:45:00,PKF,fb,paid_social,PKF_US_Meta_Conversions,MQL,
L-70084,2026-05-11 16:29:00,AUR,Facebook,paid_social,AUR_US_Meta_Prospecting_2026Q2,Lead,
L-77184,2026-06-11 11:02:00,AUR,Google Ads,cpc,AUR_EU_Search_NonBrand_2026Q2,SQL,
L-80122,2026-05-02 15:57:00,AUR,,,,Lead,
L-80420,2026-07-14 13:13:00,AUR,TikTok,paid_social,AUR_TikTok_Prospecting_2026Q2,Lead,
L-75561,2026-05-10 18:03:00,NMB,paid_social,paid_social,NMB_US_Meta_Retargeting_2026Q2,Lead,
L-75410,2026-07-26 09:29:00,NMB,paid_social,paid_social,NMB_US_Meta_Prospecting_2026Q2,Lead,
L-71550,2026-06-09 17:49:00,AUR,,,,MQL,
L-78431,2026-07-15 18:55:00,PKF,Google Ads,cpc,PKF_US_Search_Brand_2026Q2,Lead,
L-78580,2026-07-24 19:13:00,PKF,adwords,cpc,PKF_US_Search_Brand_2026Q2,MQL,
L-78481,2026-07-18 10:23:00,PKF,adwords,cpc,PKF_US_Search_Brand_2026Q2,Lead,
L-82146,2026-07-07 15:30:00,AUR,,,,Lead,
L-74635,2026-05-16 12:14:00,NMB,fb,paid_social,NMB_US_Meta_Prospecting_2026Q2,MQL,
L-80361,2026-06-30 08:52:00,AUR,tiktok,paid_social,AUR_TikTok_Prospecting_2026Q2,MQL,
L-76358,2026-05-09 15:43:00,AUR,google,cpc,AUR_US_Search_Brand_2026Q2,Lead,
L-70047,2026-05-06 22:17:00,AUR,,,,Lead,
L-79736,2026-07-18 15:47:00,NMB,google,cpc,NMB_US_Search_Brand_2026Q2,Lead,
L-80318,2026-06-19 20:45:00,AUR,,,,MQL,
L-71361,2026-05-27 08:11:00,AUR,,,,Closed Won,3600
L-76687,2026-06-23 14:05:00,AUR,Google Ads,cpc,AUR_US_Search_Brand_2026Q2,Lead,
L-76633,2026-06-15 12:50:00,AUR,,,,Closed Won,8800
L-71313,2026-05-20 16:19:00,AUR,meta,paid_social,AUR_EU_Meta_Retargeting_2026Q2,Lead,
L-73783,2026-07-26 14:17:00,PKF,Facebook,paid_social,PKF_US_Meta_Conversions,Lead,
L-81156,2026-07-30 11:06:00,PKF,tiktok,paid_social,PKF_TikTok_Spark_2026Q2,Lead,
L-75720,2026-05-27 08:14:00,NMB,Facebook,paid_social,NMB_US_Meta_Retargeting_2026Q2,MQL,
L-70919,2026-07-20 13:03:00,AUR,Facebook,paid_social,AUR_US_Meta_Prospecting_2026Q2,SQL,
L-80416,2026-07-13 08:49:00,AUR,TikTok,paid_social,AUR_TikTok_Prospecting_2026Q2,SQL,
L-72202,2026-05-27 18:46:00,AUR,paid_social,paid_social,aurelia|prospecting|meta|may26,Lead,
L-81691,2026-05-27 21:33:00,NMB,google,paid_social,(not set),Lead,
L-72634,2026-05-14 11:12:00,PKF,facebook,paid_social,PKF_US_Meta_Conversions,Lead,
L-77695,2026-05-26 10:55:00,PKF,,,,Lead,
L-72938,2026-06-03 19:23:00,PKF,,,,MQL,
L-82176,2026-07-09 15:00:00,PKF,,,,Lead,
L-77644,2026-05-21 16:53:00,PKF,Google Ads,cpc,PKF_US_Search_Brand_2026Q2,SQL,
L-72201,2026-05-25 22:56:00,AUR,Facebook,paid_social,aurelia|prospecting|meta|may26,Lead,
L-74173,2026-06-19 22:14:00,PKF,,,,Lead,
L-72673,2026-05-16 21:05:00,PKF,meta,paid_social,PKF_US_Meta_Conversions,Lead,
L-81895,2026-06-14 10:03:00,NMB,google,paid_social,(not set),Closed Won,1900
L-76290,2026-07-30 22:03:00,NMB,paid_social,paid_social,NMB_US_Meta_Retargeting_2026Q2,Lead,
L-80387,2026-07-08 18:33:00,AUR,tiktok,paid_social,AUR_TikTok_Prospecting_2026Q2,Lead,
L-75623,2026-05-17 20:24:00,NMB,fb,paid_social,NMB_US_Meta_Retargeting_2026Q2,Lead,
L-72152,2026-05-14 16:14:00,AUR,,,,Lead,
L-81283,2026-06-19 19:48:00,NMB,TikTok,paid_social,NMB_TikTok_Prospecting_2026Q2,Lead,
L-81407,2026-05-02 15:29:00,NMB,google,paid_social,(not set),MQL,
L-70642,2026-07-01 19:14:00,AUR,,,,Lead,
L-77690,2026-05-24 09:05:00,PKF,google,cpc,PKF_US_Search_Brand_2026Q2,Lead,
L-75311,2026-07-18 14:25:00,NMB,facebook,paid_social,NMB_US_Meta_Prospecting_2026Q2,Lead,
L-72989,2026-06-05 10:29:00,PKF,facebook,paid_social,PKF_US_Meta_Conversions,Lead,
L-79376,2026-06-06 17:38:00,NMB,google,cpc,NMB_US_Search_Brand_2026Q2,MQL,
L-76242,2026-07-28 08:11:00,NMB,paid_social,paid_social,NMB_US_Meta_Retargeting_2026Q2,Lead,
L-74075,2026-06-02 19:23:00,PKF,facebook,paid_social,PKF_CA_Meta_Prospecting,MQL,
L-73777,2026-07-25 13:06:00,PKF,fb,paid_social,PKF_US_Meta_Conversions,Lead,
L-76665,2026-06-19 16:58:00,AUR,,,,Lead,
L-81480,2026-05-08 13:09:00,NMB,google,paid_social,(not set),Lead,
L-81332,2026-07-11 14:52:00,NMB,TikTok,paid_social,NMB_TikTok_Prospecting_2026Q2,MQL,
L-76592,2026-06-09 08:43:00,AUR,google,cpc,AUR_US_Search_Brand_2026Q2,SQL,
L-79403,2026-06-11 17:54:00,NMB,google,cpc,NMB_US_Search_Brand_2026Q2,Lead,
L-82310,2026-07-22 14:21:00,AUR,,,,Lead,
L-78429,2026-07-14 11:20:00,PKF,google,cpc,PKF_US_Search_Brand_2026Q2,MQL,
L-74396,2026-07-19 14:55:00,PKF,,,,Lead,
L-82189,2026-07-10 08:53:00,PKF,google,paid_social,(not set),Lead,
L-77524,2026-05-13 13:06:00,PKF,Google Ads,cpc,PKF_US_Search_Brand_2026Q2,Lead,
L-80828,2026-06-16 15:09:00,PKF,tiktok,paid_social,PKF_TikTok_Spark_2026Q2,Lead,
L-70580,2026-06-26 21:29:00,AUR,,,,Lead,
L-77862,2026-06-07 14:32:00,PKF,google,cpc,PKF_US_Search_Brand_2026Q2,SQL,
L-78514,2026-07-17 09:39:00,PKF,Google Ads,cpc,PKF_US_Search_Brand_2026Q2,Lead,
L-79740,2026-07-18 13:38:00,NMB,google,cpc,NMB_US_Search_Brand_2026Q2,MQL,
L-78975,2026-07-08 09:50:00,PKF,adwords,cpc,pkf|nonbrand|search|may26,Lead,
L-78667,2026-07-28 21:08:00,PKF,google,cpc,PKF_US_Search_Brand_2026Q2,MQL,
L-75847,2026-06-12 08:13:00,NMB,paid_social,paid_social,NMB_US_Meta_Retargeting_2026Q2,Lead,
L-80687,2026-05-29 11:42:00,PKF,tiktok,paid_social,PKF_TikTok_Spark_2026Q2,Lead,
L-71172,2026-05-11 11:07:00,AUR,,,,Lead,
L-81631,2026-05-21 21:54:00,NMB,google,paid_social,(not set),Lead,
L-80858,2026-06-20 20:14:00,PKF,tiktok,paid_social,PKF_TikTok_Spark_2026Q2,Lead,
L-80025,2026-07-21 10:22:00,NMB,google,cpc,NMB_US_PMax_2026Q2,MQL,
L-73601,2026-07-15 13:32:00,PKF,facebook,paid_social,PKF_US_Meta_Conversions,Lead,
L-79875,2026-05-05 10:28:00,NMB,google,cpc,NMB_US_PMax_2026Q2,MQL,
L-79290,2026-05-27 18:16:00,NMB,Google Ads,cpc,NMB_US_Search_Brand_2026Q2,SQL,
L-74405,2026-07-22 08:54:00,PKF,,,,MQL,
L-73262,2026-06-22 09:02:00,PKF,meta,paid_social,PKF_US_Meta_Conversions,Lead,
L-72351,2026-07-07 19:03:00,AUR,,,,Lead,
L-77455,2026-05-06 16:30:00,PKF,Google Ads,cpc,PKF_US_Search_Brand_2026Q2,Lead,
L-72674,2026-05-15 08:27:00,PKF,Facebook,paid_social,PKF_US_Meta_Conversions,MQL,
L-77145,2026-06-02 09:23:00,AUR,google,cpc,AUR_EU_Search_NonBrand_2026Q2,Lead,
L-80238,2026-06-04 11:12:00,AUR,tiktok,paid_social,AUR_TikTok_Prospecting_2026Q2,Lead,
L-70613,2026-06-29 09:12:00,AUR,,,,Closed Won,8800
L-70021,2026-05-05 09:12:00,AUR,,,,Lead,
L-77423,2026-05-06 20:32:00,PKF,adwords,cpc,PKF_US_Search_Brand_2026Q2,Closed Won,5200
L-80466,2026-07-24 09:46:00,AUR,TikTok,paid_social,AUR_TikTok_Prospecting_2026Q2,Lead,
L-77398,2026-05-03 12:56:00,PKF,google,cpc,PKF_US_Search_Brand_2026Q2,Lead,
L-73148,2026-06-16 14:54:00,PKF,facebook,paid_social,PKF_US_Meta_Conversions,Lead,
L-82316,2026-07-22 17:14:00,PKF,google,paid_social,(not set),Lead,
L-70157,2026-05-19 18:57:00,AUR,,,,Closed Won,2400
L-82147,2026-07-07 18:42:00,PKF,google,paid_social,(not set),MQL,
L-74059,2026-05-26 11:42:00,PKF,facebook,paid_social,PKF_CA_Meta_Prospecting,Lead,
L-79919,2026-05-29 16:19:00,NMB,google,cpc,NMB_US_PMax_2026Q2,SQL,
L-78710,2026-05-01 13:49:00,PKF,google,cpc,pkf|nonbrand|search|may26,Lead,
L-78401,2026-07-12 14:18:00,PKF,google,cpc,PKF_US_Search_Brand_2026Q2,Lead,
L-77730,2026-05-26 16:11:00,PKF,google,cpc,PKF_US_Search_Brand_2026Q2,MQL,
L-80418,2026-07-11 18:04:00,AUR,tiktok,paid_social,AUR_TikTok_Prospecting_2026Q2,Lead,
L-78112,2026-06-20 17:45:00,PKF,,,,Lead,
L-80424,2026-07-13 12:08:00,AUR,tiktok,paid_social,AUR_TikTok_Prospecting_2026Q2,MQL,
L-72986,2026-06-05 22:48:00,PKF,facebook,paid_social,PKF_US_Meta_Conversions,MQL,
L-79423,2026-06-12 11:04:00,NMB,google,cpc,NMB_US_Search_Brand_2026Q2,Lead,
L-81879,2026-06-12 16:37:00,NMB,google,paid_social,(not set),SQL,
L-75331,2026-07-19 14:58:00,NMB,paid_social,paid_social,NMB_US_Meta_Prospecting_2026Q2,Lead,
L-73440,2026-07-02 11:55:00,PKF,paid_social,paid_social,PKF_US_Meta_Conversions,MQL,
L-76055,2026-07-07 14:10:00,NMB,facebook,paid_social,NMB_US_Meta_Retargeting_2026Q2,Lead,
L-76441,2026-05-21 12:55:00,AUR,,,,Closed Won,3600
L-70841,2026-07-16 12:12:00,AUR,paid_social,paid_social,AUR_US_Meta_Prospecting_2026Q2,Lead,
L-75979,2026-06-29 14:33:00,NMB,Facebook,paid_social,NMB_US_Meta_Retargeting_2026Q2,MQL,
L-72757,2026-05-22 21:20:00,PKF,meta,paid_social,PKF_US_Meta_Conversions,Lead,
L-80627,2026-05-20 12:06:00,PKF,TikTok,paid_social,PKF_TikTok_Spark_2026Q2,MQL,
L-74353,2026-07-14 20:02:00,PKF,fb,paid_social,PKF_CA_Meta_Prospecting,Lead,
L-75471,2026-07-30 09:05:00,NMB,facebook,paid_social,NMB_US_Meta_Prospecting_2026Q2,Lead,
L-74532,2026-05-08 22:59:00,NMB,meta,paid_social,NMB_US_Meta_Prospecting_2026Q2,Closed Won,5200
L-70635,2026-07-01 18:08:00,AUR,,,,Lead,
L-73906,2026-05-08 09:24:00,PKF,fb,paid_social,PKF_CA_Meta_Prospecting,Lead,
L-73920,2026-05-08 12:16:00,PKF,facebook,paid_social,PKF_CA_Meta_Prospecting,MQL,
L-75077,2026-06-25 17:14:00,NMB,paid_social,paid_social,NMB_US_Meta_Prospecting_2026Q2,Lead,
L-74177,2026-06-18 11:44:00,PKF,paid_social,paid_social,PKF_CA_Meta_Prospecting,MQL,
L-80381,2026-07-06 08:29:00,AUR,tiktok,paid_social,AUR_TikTok_Prospecting_2026Q2,Lead,
L-70850,2026-07-17 21:40:00,AUR,,,,Lead,
L-74328,2026-07-11 15:11:00,PKF,,,,SQL,
L-79335,2026-06-04 09:47:00,NMB,,,,Lead,
L-77199,2026-06-17 16:07:00,AUR,,,,Lead,
L-77350,2026-07-26 15:13:00,AUR,Google Ads,cpc,AUR_EU_Search_NonBrand_2026Q2,Lead,
L-77052,2026-05-13 20:48:00,AUR,google,cpc,AUR_EU_Search_NonBrand_2026Q2,Lead,
L-75960,2026-06-27 13:44:00,NMB,facebook,paid_social,NMB_US_Meta_Retargeting_2026Q2,Lead,
L-77335,2026-07-20 19:55:00,AUR,google,cpc,AUR_EU_Search_NonBrand_2026Q2,Closed Won,1900
L-72759,2026-05-21 14:38:00,PKF,Facebook,paid_social,PKF_US_Meta_Conversions,Lead,
L-70818,2026-07-12 15:17:00,AUR,meta,paid_social,AUR_US_Meta_Prospecting_2026Q2,Lead,
L-71202,2026-05-12 16:36:00,AUR,facebook,paid_social,AUR_EU_Meta_Retargeting_2026Q2,Lead,
L-74103,2026-06-06 10:40:00,PKF,paid_social,paid_social,PKF_CA_Meta_Prospecting,Lead,
L-72382,2026-07-17 15:06:00,AUR,,,,Lead,
L-76366,2026-05-11 11:24:00,AUR,adwords,cpc,AUR_US_Search_Brand_2026Q2,MQL,
L-82292,2026-07-20 13:53:00,PKF,google,paid_social,(not set),Closed Won,8800
L-79355,2026-06-03 13:43:00,NMB,adwords,cpc,NMB_US_Search_Brand_2026Q2,Lead,
L-81140,2026-07-27 19:47:00,PKF,tiktok,paid_social,PKF_TikTok_Spark_2026Q2,Lead,
L-80677,2026-05-27 22:20:00,PKF,TikTok,paid_social,PKF_TikTok_Spark_2026Q2,Lead,
L-75526,2026-05-05 16:17:00,NMB,fb,paid_social,NMB_US_Meta_Retargeting_2026Q2,Lead,
L-79785,2026-07-24 18:11:00,NMB,google,cpc,NMB_US_Search_Brand_2026Q2,Lead,
L-76838,2026-07-10 20:20:00,AUR,adwords,cpc,AUR_US_Search_Brand_2026Q2,Lead,
L-70430,2026-06-15 12:36:00,AUR,meta,paid_social,AUR_US_Meta_Prospecting_2026Q2,Lead,
L-74997,2026-06-19 21:39:00,NMB,fb,paid_social,NMB_US_Meta_Prospecting_2026Q2,Lead,
L-71607,2026-06-14 16:37:00,AUR,fb,paid_social,AUR_EU_Meta_Retargeting_2026Q2,Lead,
L-74339,2026-07-14 18:46:00,PKF,facebook,paid_social,PKF_CA_Meta_Prospecting,MQL,
L-70706,2026-07-06 08:49:00,AUR,facebook,paid_social,AUR_US_Meta_Prospecting_2026Q2,Lead,
L-74855,2026-06-07 14:26:00,NMB,,,,MQL,
L-77689,2026-05-24 14:12:00,PKF,adwords,cpc,PKF_US_Search_Brand_2026Q2,Closed Won,2400
L-72275,2026-06-18 18:15:00,AUR,,,,MQL,
L-82205,2026-07-12 13:35:00,PKF,google,paid_social,(not set),Lead,
L-75106,2026-06-29 18:51:00,NMB,meta,paid_social,NMB_US_Meta_Prospecting_2026Q2,Lead,
L-73847,2026-07-30 19:49:00,PKF,fb,paid_social,PKF_US_Meta_Conversions,Closed Won,3600
L-81521,2026-05-13 13:00:00,AUR,,,,SQL,
L-78586,2026-07-22 13:10:00,PKF,adwords,cpc,PKF_US_Search_Brand_2026Q2,SQL,
L-74712,2026-05-25 18:03:00,NMB,fb,paid_social,NMB_US_Meta_Prospecting_2026Q2,Lead,
L-70236,2026-05-24 08:36:00,AUR,,,,Lead,
L-75518,2026-05-04 21:23:00,NMB,paid_social,paid_social,NMB_US_Meta_Retargeting_2026Q2,Lead,
L-81146,2026-07-29 20:55:00,PKF,tiktok,paid_social,PKF_TikTok_Spark_2026Q2,Lead,
L-82013,2026-06-25 19:23:00,AUR,google,paid_social,(not set),Lead,
L-75616,2026-05-16 20:20:00,NMB,fb,paid_social,NMB_US_Meta_Retargeting_2026Q2,Lead,
L-70260,2026-05-28 12:57:00,AUR,,,,Lead,
L-80229,2026-05-30 10:10:00,AUR,,,,MQL,
L-80719,2026-06-02 22:36:00,PKF,TikTok,paid_social,PKF_TikTok_Spark_2026Q2,Lead,
L-76274,2026-07-31 16:15:00,NMB,fb,paid_social,NMB_US_Meta_Retargeting_2026Q2,Lead,
L-73742,2026-07-24 10:32:00,PKF,facebook,paid_social,PKF_US_Meta_Conversions,Lead,
L-76620,2026-06-12 09:22:00,AUR,,,,SQL,
L-72664,2026-05-16 19:57:00,PKF,meta,paid_social,PKF_US_Meta_Conversions,Lead,
L-80608,2026-05-18 08:17:00,PKF,TikTok,paid_social,PKF_TikTok_Spark_2026Q2,Lead,
L-75866,2026-06-15 14:07:00,NMB,fb,paid_social,NMB_US_Meta_Retargeting_2026Q2,MQL,
L-80075,2026-05-15 21:45:00,AUR,adwords,cpc,AUR_US_Video_Test_B,MQL,
L-73325,2026-06-27 19:48:00,PKF,paid_social,paid_social,PKF_US_Meta_Conversions,Lead,
L-77143,2026-06-01 10:26:00,AUR,adwords,cpc,AUR_EU_Search_NonBrand_2026Q2,SQL,
L-77883,2026-06-09 08:14:00,PKF,adwords,cpc,PKF_US_Search_Brand_2026Q2,Lead,
L-74806,2026-06-03 17:28:00,NMB,facebook,paid_social,NMB_US_Meta_Prospecting_2026Q2,Lead,
L-71980,2026-07-17 19:26:00,AUR,,,,MQL,
L-71898,2026-07-11 09:42:00,AUR,,,,Lead,
L-74898,2026-06-10 20:46:00,NMB,Facebook,paid_social,NMB_US_Meta_Prospecting_2026Q2,Lead,
L-78601,2026-07-25 11:26:00,PKF,google,cpc,PKF_US_Search_Brand_2026Q2,MQL,
L-77048,2026-05-13 08:57:00,AUR,google,cpc,AUR_EU_Search_NonBrand_2026Q2,Lead,
L-79619,2026-07-06 16:09:00,NMB,google,cpc,NMB_US_Search_Brand_2026Q2,MQL,
L-75678,2026-05-22 12:03:00,NMB,meta,paid_social,NMB_US_Meta_Retargeting_2026Q2,Lead,
L-77160,2026-06-05 12:17:00,AUR,,,,Lead,
L-80351,2026-06-28 10:19:00,AUR,tiktok,paid_social,AUR_TikTok_Prospecting_2026Q2,Lead,
L-80821,2026-06-14 10:23:00,PKF,tiktok,paid_social,PKF_TikTok_Spark_2026Q2,MQL,
L-72930,2026-06-01 15:34:00,PKF,facebook,paid_social,PKF_US_Meta_Conversions,Lead,
L-75300,2026-07-18 22:21:00,NMB,Facebook,paid_social,NMB_US_Meta_Prospecting_2026Q2,Lead,
L-81790,2026-06-04 11:52:00,PKF,google,paid_social,(not set),MQL,
L-77974,2026-06-12 11:47:00,PKF,adwords,cpc,PKF_US_Search_Brand_2026Q2,Lead,
L-73202,2026-06-21 10:41:00,PKF,meta,paid_social,PKF_US_Meta_Conversions,Lead,
L-71585,2026-06-13 15:26:00,AUR,Facebook,paid_social,AUR_EU_Meta_Retargeting_2026Q2,Lead,
L-79080,2026-07-12 13:34:00,PKF,google,cpc,PKF_US_Display_Legacy,SQL,
L-82405,2026-07-30 14:05:00,PKF,google,paid_social,(not set),Lead,
L-74445,2026-07-28 15:01:00,PKF,facebook,paid_social,PKF_CA_Meta_Prospecting,Lead,
L-79956,2026-06-13 13:30:00,NMB,Google Ads,cpc,NMB_US_PMax_2026Q2,Lead,
L-72276,2026-06-19 15:10:00,AUR,,,,Lead,
L-72437,2026-07-31 19:59:00,AUR,facebook,paid_social,aurelia|prospecting|meta|may26,MQL,
L-81465,2026-05-07 10:23:00,PKF,google,paid_social,(not set),Lead,
L-77266,2026-07-02 11:20:00,AUR,google,cpc,AUR_EU_Search_NonBrand_2026Q2,SQL,
L-73945,2026-05-14 16:59:00,PKF,paid_social,paid_social,PKF_CA_Meta_Prospecting,MQL,
L-74689,2026-05-23 21:38:00,NMB,meta,paid_social,NMB_US_Meta_Prospecting_2026Q2,Lead,
L-73037,2026-06-09 21:11:00,PKF,facebook,paid_social,PKF_US_Meta_Conversions,Lead,
L-74521,2026-05-07 20:31:00,NMB,fb,paid_social,NMB_US_Meta_Prospecting_2026Q2,Lead,
L-80539,2026-05-09 08:18:00,PKF,tiktok,paid_social,PKF_TikTok_Spark_2026Q2,SQL,
L-82397,2026-07-30 17:41:00,AUR,google,paid_social,(not set),MQL,
L-78458,2026-07-14 12:32:00,PKF,google,cpc,PKF_US_Search_Brand_2026Q2,Lead,
L-70310,2026-06-02 13:48:00,AUR,,,,Lead,
L-70987,2026-07-25 10:45:00,AUR,Facebook,paid_social,AUR_US_Meta_Prospecting_2026Q2,Lead,
L-76667,2026-06-19 20:05:00,AUR,google,cpc,AUR_US_Search_Brand_2026Q2,SQL,
L-77688,2026-05-26 16:42:00,PKF,google,cpc,PKF_US_Search_Brand_2026Q2,MQL,
L-80788,2026-06-09 11:23:00,PKF,tiktok,paid_social,PKF_TikTok_Spark_2026Q2,Lead,
L-77878,2026-06-07 16:37:00,PKF,google,cpc,PKF_US_Search_Brand_2026Q2,Lead,
L-70397,2026-06-12 16:00:00,AUR,facebook,paid_social,AUR_US_Meta_Prospecting_2026Q2,MQL,
L-81995,2026-06-23 14:40:00,PKF,google,paid_social,(not set),Lead,
L-78830,2026-05-31 08:40:00,PKF,google,cpc,pkf|nonbrand|search|may26,MQL,
L-70936,2026-07-21 21:38:00,AUR,,,,Lead,
L-71286,2026-05-19 22:01:00,AUR,paid_social,paid_social,AUR_EU_Meta_Retargeting_2026Q2,Lead,
L-70212,2026-05-23 19:25:00,AUR,,,,MQL,
L-76776,2026-06-30 10:45:00,AUR,google,cpc,AUR_US_Search_Brand_2026Q2,Lead,
L-76013,2026-07-04 21:45:00,NMB,Facebook,paid_social,NMB_US_Meta_Retargeting_2026Q2,Lead,
L-73436,2026-07-04 19:03:00,PKF,paid_social,paid_social,PKF_US_Meta_Conversions,Lead,
L-80531,2026-05-08 14:48:00,PKF,tiktok,paid_social,PKF_TikTok_Spark_2026Q2,Lead,
L-73207,2026-06-19 12:26:00,PKF,paid_social,paid_social,PKF_US_Meta_Conversions,Lead,
L-77848,2026-06-06 20:38:00,PKF,google,cpc,PKF_US_Search_Brand_2026Q2,Lead,
L-72529,2026-05-07 16:20:00,PKF,meta,paid_social,PKF_US_Meta_Conversions,Lead,
L-73759,2026-07-23 14:35:00,PKF,,,,Lead,
L-75093,2026-06-29 16:17:00,NMB,Facebook,paid_social,NMB_US_Meta_Prospecting_2026Q2,Lead,
L-74009,2026-05-20 16:13:00,PKF,paid_social,paid_social,PKF_CA_Meta_Prospecting,Lead,
L-72828,2026-05-25 11:08:00,PKF,meta,paid_social,PKF_US_Meta_Conversions,Lead,
L-73406,2026-07-03 11:06:00,PKF,paid_social,paid_social,PKF_US_Meta_Conversions,Lead,
L-82282,2026-07-19 16:20:00,PKF,google,paid_social,(not set),Lead,
L-75544,2026-05-07 09:32:00,NMB,,,,Lead,
L-71173,2026-05-10 09:45:00,AUR,,,,MQL,
L-78709,2026-05-03 10:20:00,PKF,Google Ads,cpc,pkf|nonbrand|search|may26,SQL,
L-81011,2026-07-10 16:50:00,PKF,tiktok,paid_social,PKF_TikTok_Spark_2026Q2,Lead,
L-72798,2026-05-23 12:36:00,PKF,meta,paid_social,PKF_US_Meta_Conversions,Lead,
L-71378,2026-05-27 13:42:00,AUR,paid_social,paid_social,AUR_EU_Meta_Retargeting_2026Q2,Lead,
L-75045,2026-06-24 14:30:00,NMB,facebook,paid_social,NMB_US_Meta_Prospecting_2026Q2,Lead,
L-70358,2026-06-08 12:19:00,AUR,,,,MQL,
L-79848,2026-07-28 21:06:00,NMB,google,cpc,NMB_US_Search_Brand_2026Q2,SQL,
L-75068,2026-06-24 10:41:00,NMB,fb,paid_social,NMB_US_Meta_Prospecting_2026Q2,MQL,
L-74073,2026-05-31 10:22:00,PKF,Facebook,paid_social,PKF_CA_Meta_Prospecting,Lead,
L-75466,2026-07-29 14:57:00,NMB,paid_social,paid_social,NMB_US_Meta_Prospecting_2026Q2,Lead,
L-76641,2026-06-16 17:35:00,AUR,adwords,cpc,AUR_US_Search_Brand_2026Q2,MQL,
L-74002,2026-05-20 10:27:00,PKF,fb,paid_social,PKF_CA_Meta_Prospecting,Lead,
L-81197,2026-05-12 21:28:00,NMB,TikTok,paid_social,NMB_TikTok_Prospecting_2026Q2,MQL,
L-70487,2026-06-19 13:58:00,AUR,,,,MQL,
L-78294,2026-07-02 21:54:00,PKF,Google Ads,cpc,PKF_US_Search_Brand_2026Q2,MQL,
L-71708,2026-06-26 22:52:00,AUR,fb,paid_social,AUR_EU_Meta_Retargeting_2026Q2,Lead,
L-78799,2026-05-24 13:34:00,PKF,adwords,cpc,pkf|nonbrand|search|may26,Lead,
L-77464,2026-05-09 08:11:00,PKF,google,cpc,PKF_US_Search_Brand_2026Q2,SQL,
L-75638,2026-05-18 22:37:00,NMB,meta,paid_social,NMB_US_Meta_Retargeting_2026Q2,Lead,
L-72243,2026-06-08 11:15:00,AUR,,,,Lead,
L-71728,2026-06-26 19:37:00,AUR,,,,Lead,
L-76703,2026-06-23 22:50:00,AUR,google,cpc,AUR_US_Search_Brand_2026Q2,Lead,
L-77211,2026-06-21 10:35:00,AUR,google,cpc,AUR_EU_Search_NonBrand_2026Q2,Closed Won,3600
L-73274,2026-06-25 16:55:00,PKF,paid_social,paid_social,PKF_US_Meta_Conversions,Lead,
L-71039,2026-07-31 09:05:00,AUR,,,,SQL,
L-80452,2026-07-21 12:34:00,AUR,TikTok,paid_social,AUR_TikTok_Prospecting_2026Q2,Lead,
L-80294,2026-06-17 10:58:00,AUR,TikTok,paid_social,AUR_TikTok_Prospecting_2026Q2,MQL,
L-70878,2026-07-18 08:36:00,AUR,fb,paid_social,AUR_US_Meta_Prospecting_2026Q2,MQL,
L-78078,2026-06-18 15:00:00,PKF,google,cpc,PKF_US_Search_Brand_2026Q2,Lead,
L-81365,2026-07-23 08:41:00,NMB,tiktok,paid_social,NMB_TikTok_Prospecting_2026Q2,Lead,
L-71134,2026-05-07 10:12:00,AUR,fb,paid_social,AUR_EU_Meta_Retargeting_2026Q2,MQL,
L-71625,2026-06-18 10:44:00,AUR,meta,paid_social,AUR_EU_Meta_Retargeting_2026Q2,Lead,
L-75548,2026-05-08 21:13:00,NMB,fb,paid_social,NMB_US_Meta_Retargeting_2026Q2,Lead,
L-78896,2026-06-18 08:21:00,PKF,google,cpc,pkf|nonbrand|search|may26,Closed Won,3600
L-76209,2026-07-22 12:27:00,NMB,facebook,paid_social,NMB_US_Meta_Retargeting_2026Q2,MQL,
L-74423,2026-07-24 20:04:00,PKF,Facebook,paid_social,PKF_CA_Meta_Prospecting,Lead,
L-75413,2026-07-26 12:16:00,NMB,facebook,paid_social,NMB_US_Meta_Prospecting_2026Q2,MQL,
L-74648,2026-05-20 16:49:00,NMB,facebook,paid_social,NMB_US_Meta_Prospecting_2026Q2,MQL,
L-81205,2026-05-14 10:46:00,NMB,TikTok,paid_social,NMB_TikTok_Prospecting_2026Q2,Lead,
L-77349,2026-07-24 17:27:00,AUR,,,,MQL,
L-79984,2026-06-25 15:05:00,NMB,adwords,cpc,NMB_US_PMax_2026Q2,Lead,
L-76160,2026-07-19 14:23:00,NMB,fb,paid_social,NMB_US_Meta_Retargeting_2026Q2,Lead,
L-79248,2026-05-21 10:54:00,NMB,adwords,cpc,NMB_US_Search_Brand_2026Q2,Closed Won,8800
L-75383,2026-07-22 15:47:00,NMB,fb,paid_social,NMB_US_Meta_Prospecting_2026Q2,Lead,
L-70772,2026-07-10 13:30:00,AUR,,,,Lead,
L-74476,2026-05-04 18:09:00,NMB,,,,Lead,
L-71692,2026-06-24 21:41:00,AUR,,,,MQL,
L-76617,2026-06-11 14:43:00,AUR,Google Ads,cpc,AUR_US_Search_Brand_2026Q2,SQL,
L-81482,2026-05-09 16:36:00,AUR,,,,Closed Won,2400
L-74578,2026-05-11 13:50:00,NMB,fb,paid_social,NMB_US_Meta_Prospecting_2026Q2,Lead,
L-75835,2026-06-09 13:24:00,NMB,fb,paid_social,NMB_US_Meta_Retargeting_2026Q2,Lead,
L-81049,2026-07-16 19:45:00,PKF,tiktok,paid_social,PKF_TikTok_Spark_2026Q2,SQL,
L-77703,2026-05-27 20:31:00,PKF,google,cpc,PKF_US_Search_Brand_2026Q2,MQL,
L-72230,2026-06-03 15:48:00,AUR,facebook,paid_social,aurelia|prospecting|meta|may26,Lead,
L-77198,2026-06-15 19:28:00,AUR,,,,Lead,
L-73530,2026-07-10 15:12:00,PKF,,,,Lead,
L-74810,2026-06-04 19:01:00,NMB,paid_social,paid_social,NMB_US_Meta_Prospecting_2026Q2,Lead,
L-80126,2026-05-03 15:32:00,AUR,TikTok,paid_social,AUR_TikTok_Prospecting_2026Q2,Lead,
L-81243,2026-05-30 08:09:00,NMB,tiktok,paid_social,NMB_TikTok_Prospecting_2026Q2,Lead,
L-71388,2026-05-28 13:13:00,AUR,,,,Lead,
L-80582,2026-05-16 18:40:00,PKF,tiktok,paid_social,PKF_TikTok_Spark_2026Q2,Closed Won,8800
L-80067,2026-07-12 09:07:00,NMB,adwords,cpc,NMB_US_Video_Test_A,MQL,
L-73552,2026-07-10 20:11:00,PKF,,,,Lead,
L-74058,2026-05-27 08:45:00,PKF,meta,paid_social,PKF_CA_Meta_Prospecting,Lead,
L-75987,2026-06-28 08:03:00,NMB,meta,paid_social,NMB_US_Meta_Retargeting_2026Q2,MQL,
L-74333,2026-07-14 14:58:00,PKF,fb,paid_social,PKF_CA_Meta_Prospecting,Lead,
L-81223,2026-05-21 18:20:00,NMB,TikTok,paid_social,NMB_TikTok_Prospecting_2026Q2,Lead,
L-70162,2026-05-18 21:11:00,AUR,meta,paid_social,AUR_US_Meta_Prospecting_2026Q2,Lead,
L-74067,2026-05-30 13:39:00,PKF,fb,paid_social,PKF_CA_Meta_Prospecting,Lead,
L-80906,2026-06-26 10:26:00,PKF,tiktok,paid_social,PKF_TikTok_Spark_2026Q2,MQL,
L-78839,2026-06-01 09:39:00,PKF,adwords,cpc,pkf|nonbrand|search|may26,Lead,
L-74777,2026-05-31 15:02:00,NMB,meta,paid_social,NMB_US_Meta_Prospecting_2026Q2,Lead,
L-72422,2026-07-29 08:15:00,AUR,paid_social,paid_social,aurelia|prospecting|meta|may26,MQL,
L-72522,2026-05-06 13:38:00,PKF,meta,paid_social,PKF_US_Meta_Conversions,SQL,
L-80543,2026-05-09 22:00:00,PKF,,,,Lead,
L-76258,2026-07-28 20:09:00,NMB,Facebook,paid_social,NMB_US_Meta_Retargeting_2026Q2,Lead,
L-70097,2026-05-13 08:24:00,AUR,fb,paid_social,AUR_US_Meta_Prospecting_2026Q2,MQL,
L-71278,2026-05-19 22:37:00,AUR,,,,Lead,
L-76673,2026-06-22 19:25:00,AUR,,,,MQL,
L-73840,2026-07-29 16:14:00,PKF,facebook,paid_social,PKF_US_Meta_Conversions,Closed Won,1900
L-78242,2026-06-30 09:01:00,PKF,google,cpc,PKF_US_Search_Brand_2026Q2,Closed Won,8800
L-71847,2026-07-08 08:31:00,AUR,,,,MQL,
L-73049,2026-06-10 12:56:00,PKF,paid_social,paid_social,PKF_US_Meta_Conversions,MQL,
L-82068,2026-06-30 13:10:00,PKF,google,paid_social,(not set),Lead,
L-70066,2026-05-09 18:22:00,AUR,Facebook,paid_social,AUR_US_Meta_Prospecting_2026Q2,Lead,
L-75532,2026-05-08 08:21:00,NMB,meta,paid_social,NMB_US_Meta_Retargeting_2026Q2,MQL,
L-77728,2026-05-28 14:33:00,PKF,,,,MQL,
L-74181,2026-06-18 20:44:00,PKF,,,,Lead,
L-81614,2026-05-20 23:51:00,PKF,google,paid_social,(not set),Lead,
L-78439,2026-07-15 19:13:00,PKF,Google Ads,cpc,PKF_US_Search_Brand_2026Q2,Lead,
L-80480,2026-07-28 18:56:00,AUR,tiktok,paid_social,AUR_TikTok_Prospecting_2026Q2,Lead,
L-74733,2026-05-27 10:36:00,NMB,facebook,paid_social,NMB_US_Meta_Prospecting_2026Q2,Lead,
L-71008,2026-07-27 11:23:00,AUR,meta,paid_social,AUR_US_Meta_Prospecting_2026Q2,MQL,
L-77045,2026-05-13 15:01:00,AUR,adwords,cpc,AUR_EU_Search_NonBrand_2026Q2,MQL,
L-77992,2026-06-13 12:17:00,PKF,Google Ads,cpc,PKF_US_Search_Brand_2026Q2,MQL,
L-71384,2026-05-28 11:13:00,AUR,paid_social,paid_social,AUR_EU_Meta_Retargeting_2026Q2,Lead,
L-82276,2026-07-18 19:33:00,NMB,google,paid_social,(not set),Lead,
L-81099,2026-07-22 08:50:00,PKF,,,,MQL,
L-76997,2026-07-31 10:57:00,AUR,adwords,cpc,AUR_US_Search_Brand_2026Q2,SQL,
L-76368,2026-05-10 17:49:00,AUR,,,,Closed Won,5200
L-78516,2026-07-20 12:44:00,PKF,adwords,cpc,PKF_US_Search_Brand_2026Q2,Lead,
L-75042,2026-06-22 10:03:00,NMB,,,,SQL,
L-79620,2026-07-05 16:05:00,NMB,google,cpc,NMB_US_Search_Brand_2026Q2,MQL,
L-81200,2026-05-13 14:52:00,NMB,tiktok,paid_social,NMB_TikTok_Prospecting_2026Q2,Lead,
L-70728,2026-07-06 11:32:00,AUR,,,,SQL,
L-72140,2026-05-09 15:05:00,AUR,facebook,paid_social,aurelia|prospecting|meta|may26,Lead,
L-74768,2026-05-30 18:52:00,NMB,facebook,paid_social,NMB_US_Meta_Prospecting_2026Q2,SQL,
L-78474,2026-07-16 08:42:00,PKF,Google Ads,cpc,PKF_US_Search_Brand_2026Q2,Lead,
L-82381,2026-07-28 19:34:00,PKF,google,paid_social,(not set),Lead,
L-72678,2026-05-16 22:32:00,PKF,fb,paid_social,PKF_US_Meta_Conversions,Lead,
L-78673,2026-07-29 14:50:00,PKF,google,cpc,PKF_US_Search_Brand_2026Q2,Lead,
L-77873,2026-06-08 22:39:00,PKF,google,cpc,PKF_US_Search_Brand_2026Q2,Closed Won,1900
L-79894,2026-05-16 17:13:00,NMB,,,,MQL,
L-73900,2026-05-07 22:42:00,PKF,paid_social,paid_social,PKF_CA_Meta_Prospecting,Lead,
L-80053,2026-05-28 15:22:00,NMB,adwords,cpc,NMB_US_Video_Test_A,Lead,
L-71826,2026-07-03 12:21:00,AUR,Facebook,paid_social,AUR_EU_Meta_Retargeting_2026Q2,Lead,
L-80989,2026-07-08 10:14:00,PKF,tiktok,paid_social,PKF_TikTok_Spark_2026Q2,Lead,
L-74944,2026-06-15 11:24:00,NMB,fb,paid_social,NMB_US_Meta_Prospecting_2026Q2,MQL,
L-71705,2026-06-24 13:37:00,AUR,meta,paid_social,AUR_EU_Meta_Retargeting_2026Q2,Lead,
L-81672,2026-05-26 19:07:00,AUR,google,paid_social,(not set),MQL,
L-70148,2026-05-19 16:11:00,AUR,Facebook,paid_social,AUR_US_Meta_Prospecting_2026Q2,SQL,
L-73013,2026-06-07 16:27:00,PKF,Facebook,paid_social,PKF_US_Meta_Conversions,MQL,
L-77055,2026-05-14 20:48:00,AUR,google,cpc,AUR_EU_Search_NonBrand_2026Q2,Lead,
L-79060,2026-07-27 08:19:00,PKF,google,cpc,pkf|nonbrand|search|may26,Closed Won,1900
L-79386,2026-06-06 17:44:00,NMB,Google Ads,cpc,NMB_US_Search_Brand_2026Q2,Lead,
L-82317,2026-07-22 11:01:00,PKF,google,paid_social,(not set),SQL,
L-76831,2026-07-10 14:47:00,AUR,,,,Lead,
L-72458,2026-05-03 20:22:00,PKF,,,,Lead,
L-74558,2026-05-11 15:03:00,NMB,facebook,paid_social,NMB_US_Meta_Prospecting_2026Q2,Lead,
L-71853,2026-07-08 14:53:00,AUR,,,,Lead,
L-70739,2026-07-07 22:31:00,AUR,fb,paid_social,AUR_US_Meta_Prospecting_2026Q2,Lead,
L-76281,2026-07-31 22:14:00,NMB,meta,paid_social,NMB_US_Meta_Retargeting_2026Q2,Lead,
L-77222,2026-06-24 08:44:00,AUR,google,cpc,AUR_EU_Search_NonBrand_2026Q2,MQL,
L-81064,2026-07-19 14:37:00,PKF,TikTok,paid_social,PKF_TikTok_Spark_2026Q2,Lead,
L-79070,2026-07-31 22:07:00,PKF,,,,SQL,
L-79284,2026-05-26 19:18:00,NMB,adwords,cpc,NMB_US_Search_Brand_2026Q2,Lead,
L-80992,2026-07-08 10:05:00,PKF,TikTok,paid_social,PKF_TikTok_Spark_2026Q2,Lead,
L-70601,2026-06-28 12:15:00,AUR,paid_social,paid_social,AUR_US_Meta_Prospecting_2026Q2,MQL,
L-73323,2026-06-26 08:42:00,PKF,Facebook,paid_social,PKF_US_Meta_Conversions,Lead,
L-77102,2026-05-22 18:40:00,AUR,google,cpc,AUR_EU_Search_NonBrand_2026Q2,MQL,
L-73588,2026-07-12 13:52:00,PKF,Facebook,paid_social,PKF_US_Meta_Conversions,Lead,
L-81484,2026-05-09 20:40:00,PKF,google,paid_social,(not set),Lead,
L-77473,2026-05-08 10:56:00,PKF,,,,Lead,
L-72221,2026-06-01 13:59:00,AUR,facebook,paid_social,aurelia|prospecting|meta|may26,MQL,
L-77707,2026-05-26 20:54:00,PKF,adwords,cpc,PKF_US_Search_Brand_2026Q2,MQL,
L-76180,2026-07-21 21:11:00,NMB,paid_social,paid_social,NMB_US_Meta_Retargeting_2026Q2,Lead,
L-74519,2026-05-08 12:51:00,NMB,,,,Lead,
L-71927,2026-07-14 22:59:00,AUR,fb,paid_social,AUR_EU_Meta_Retargeting_2026Q2,MQL,
L-80181,2026-05-19 13:43:00,AUR,,,,Lead,
L-81792,2026-06-04 07:31:00,PKF,google,paid_social,(not set),Lead,
L-74151,2026-06-13 13:46:00,PKF,paid_social,paid_social,PKF_CA_Meta_Prospecting,MQL,
L-75515,2026-05-04 19:06:00,NMB,Facebook,paid_social,NMB_US_Meta_Retargeting_2026Q2,MQL,
L-70942,2026-07-23 11:51:00,AUR,,,,Lead,
L-73519,2026-07-08 11:00:00,PKF,,,,Lead,
L-73166,2026-06-18 09:24:00,PKF,Facebook,paid_social,PKF_US_Meta_Conversions,Lead,
L-73681,2026-07-18 08:02:00,PKF,facebook,paid_social,PKF_US_Meta_Conversions,SQL,
L-74947,2026-06-14 11:54:00,NMB,meta,paid_social,NMB_US_Meta_Prospecting_2026Q2,MQL,
L-79558,2026-06-29 18:49:00,NMB,google,cpc,NMB_US_Search_Brand_2026Q2,Closed Won,5200
L-76786,2026-07-04 08:54:00,AUR,,,,Lead,
L-81116,2026-07-25 08:34:00,PKF,TikTok,paid_social,PKF_TikTok_Spark_2026Q2,Lead,
L-73004,2026-06-07 17:48:00,PKF,fb,paid_social,PKF_US_Meta_Conversions,Lead,
L-74095,2026-06-05 13:55:00,PKF,facebook,paid_social,PKF_CA_Meta_Prospecting,MQL,
L-75824,2026-06-08 11:29:00,NMB,fb,paid_social,NMB_US_Meta_Retargeting_2026Q2,Lead,
L-81337,2026-07-14 22:58:00,NMB,TikTok,paid_social,NMB_TikTok_Prospecting_2026Q2,MQL,
L-74765,2026-05-28 20:18:00,NMB,meta,paid_social,NMB_US_Meta_Prospecting_2026Q2,MQL,
L-77837,2026-06-03 09:19:00,PKF,google,cpc,PKF_US_Search_Brand_2026Q2,Closed Won,5200
L-78065,2026-06-17 16:06:00,PKF,adwords,cpc,PKF_US_Search_Brand_2026Q2,SQL,
L-76246,2026-07-27 12:16:00,NMB,meta,paid_social,NMB_US_Meta_Retargeting_2026Q2,MQL,
L-79636,2026-07-08 17:11:00,NMB,google,cpc,NMB_US_Search_Brand_2026Q2,MQL,
L-73340,2026-06-27 18:13:00,PKF,facebook,paid_social,PKF_US_Meta_Conversions,Lead,
L-79092,2026-05-04 19:57:00,NMB,google,cpc,NMB_US_Search_Brand_2026Q2,Lead,
L-80169,2026-05-15 22:14:00,AUR,,,,Lead,
L-78015,2026-06-17 15:35:00,PKF,google,cpc,PKF_US_Search_Brand_2026Q2,MQL,
L-77554,2026-05-16 15:55:00,PKF,Google Ads,cpc,PKF_US_Search_Brand_2026Q2,MQL,
L-72287,2026-06-22 14:21:00,AUR,fb,paid_social,aurelia|prospecting|meta|may26,Lead,
L-71869,2026-07-09 15:02:00,AUR,,,,Lead,
L-70661,2026-07-01 10:30:00,AUR,,,,MQL,
L-75756,2026-06-01 17:27:00,NMB,fb,paid_social,NMB_US_Meta_Retargeting_2026Q2,SQL,
L-71984,2026-07-17 18:23:00,AUR,,,,MQL,
L-80988,2026-07-07 08:39:00,PKF,tiktok,paid_social,PKF_TikTok_Spark_2026Q2,MQL,
L-76691,2026-06-24 12:05:00,AUR,,,,SQL,
L-71024,2026-07-30 15:43:00,AUR,meta,paid_social,AUR_US_Meta_Prospecting_2026Q2,Lead,
L-71156,2026-05-09 21:13:00,AUR,,,,MQL,
L-73212,2026-06-21 20:41:00,PKF,meta,paid_social,PKF_US_Meta_Conversions,MQL,
L-79544,2026-06-26 18:13:00,NMB,adwords,cpc,NMB_US_Search_Brand_2026Q2,Lead,
L-71806,2026-07-03 15:15:00,AUR,meta,paid_social,AUR_EU_Meta_Retargeting_2026Q2,Lead,
L-78798,2026-05-23 08:48:00,PKF,,,,Lead,
L-72323,2026-07-01 19:12:00,AUR,Facebook,paid_social,aurelia|prospecting|meta|may26,MQL,
L-77559,2026-05-15 22:15:00,PKF,google,cpc,PKF_US_Search_Brand_2026Q2,Lead,
L-82304,2026-07-21 14:44:00,PKF,google,paid_social,(not set),SQL,
L-71159,2026-05-09 14:32:00,AUR,,,,MQL,
L-81659,2026-05-24 23:54:00,NMB,google,paid_social,(not set),SQL,
L-70767,2026-07-09 15:30:00,AUR,,,,Lead,
L-79565,2026-07-01 22:33:00,NMB,adwords,cpc,NMB_US_Search_Brand_2026Q2,MQL,
L-79481,2026-06-21 10:03:00,NMB,google,cpc,NMB_US_Search_Brand_2026Q2,Lead,
L-78375,2026-07-09 13:48:00,PKF,Google Ads,cpc,PKF_US_Search_Brand_2026Q2,Lead,
L-78478,2026-07-16 14:19:00,PKF,Google Ads,cpc,PKF_US_Search_Brand_2026Q2,Lead,
L-74701,2026-05-25 20:58:00,NMB,paid_social,paid_social,NMB_US_Meta_Prospecting_2026Q2,Lead,
L-75966,2026-06-25 21:58:00,NMB,fb,paid_social,NMB_US_Meta_Retargeting_2026Q2,Lead,
L-80640,2026-05-23 18:29:00,PKF,TikTok,paid_social,PKF_TikTok_Spark_2026Q2,MQL,
L-80668,2026-05-28 09:56:00,PKF,TikTok,paid_social,PKF_TikTok_Spark_2026Q2,Lead,
L-74046,2026-05-25 10:02:00,PKF,facebook,paid_social,PKF_CA_Meta_Prospecting,Lead,
L-70245,2026-05-27 21:54:00,AUR,,,,Lead,
L-75926,2026-06-21 19:41:00,NMB,paid_social,paid_social,NMB_US_Meta_Retargeting_2026Q2,Closed Won,5200
L-82151,2026-07-07 20:18:00,PKF,google,paid_social,(not set),Lead,
L-75710,2026-05-27 15:03:00,NMB,fb,paid_social,NMB_US_Meta_Retargeting_2026Q2,Lead,
L-77213,2026-06-20 17:24:00,AUR,,,,Lead,
L-77488,2026-05-09 14:06:00,PKF,adwords,cpc,PKF_US_Search_Brand_2026Q2,Lead,
L-78602,2026-07-24 10:10:00,PKF,Google Ads,cpc,PKF_US_Search_Brand_2026Q2,SQL,
L-77590,2026-05-18 16:22:00,PKF,adwords,cpc,PKF_US_Search_Brand_2026Q2,Lead,
L-73035,2026-06-10 12:27:00,PKF,paid_social,paid_social,PKF_US_Meta_Conversions,Lead,
L-75447,2026-07-30 15:41:00,NMB,fb,paid_social,NMB_US_Meta_Prospecting_2026Q2,MQL,
L-72250,2026-06-09 14:48:00,AUR,paid_social,paid_social,aurelia|prospecting|meta|may26,Lead,
L-72073,2026-07-26 10:36:00,AUR,Facebook,paid_social,AUR_EU_Meta_Retargeting_2026Q2,Closed Won,2400
L-81917,2026-06-16 12:42:00,NMB,google,paid_social,(not set),SQL,
L-81475,2026-05-08 19:28:00,PKF,google,paid_social,(not set),Lead,
L-70007,2026-05-01 08:58:00,AUR,paid_social,paid_social,AUR_US_Meta_Prospecting_2026Q2,MQL,
L-72964,2026-06-03 08:56:00,PKF,Facebook,paid_social,PKF_US_Meta_Conversions,Lead,
L-70340,2026-06-06 11:46:00,AUR,Facebook,paid_social,AUR_US_Meta_Prospecting_2026Q2,Closed Won,5200
L-71154,2026-05-09 10:13:00,AUR,,,,Lead,
L-78316,2026-07-04 09:14:00,PKF,google,cpc,PKF_US_Search_Brand_2026Q2,Lead,
L-70335,2026-06-06 12:37:00,AUR,,,,MQL,
L-81996,2026-06-23 20:36:00,PKF,google,paid_social,(not set),SQL,
L-77852,2026-06-06 14:56:00,PKF,adwords,cpc,PKF_US_Search_Brand_2026Q2,MQL,
L-75177,2026-07-06 13:22:00,NMB,meta,paid_social,NMB_US_Meta_Prospecting_2026Q2,MQL,
L-73870,2026-05-02 09:40:00,PKF,facebook,paid_social,PKF_CA_Meta_Prospecting,Lead,
L-81876,2026-06-12 20:13:00,PKF,google,paid_social,(not set),SQL,
L-81933,2026-06-17 13:41:00,NMB,google,paid_social,(not set),MQL,
L-78391,2026-07-12 22:01:00,PKF,google,cpc,PKF_US_Search_Brand_2026Q2,SQL,
L-79637,2026-07-09 19:31:00,NMB,google,cpc,NMB_US_Search_Brand_2026Q2,SQL,
L-81900,2026-06-15 20:25:00,PKF,google,paid_social,(not set),Lead,
L-75664,2026-05-21 14:46:00,NMB,fb,paid_social,NMB_US_Meta_Retargeting_2026Q2,MQL,
L-77424,2026-05-04 11:10:00,PKF,Google Ads,cpc,PKF_US_Search_Brand_2026Q2,Lead,
L-77485,2026-05-10 20:28:00,PKF,Google Ads,cpc,PKF_US_Search_Brand_2026Q2,MQL,
L-70843,2026-07-17 20:39:00,AUR,paid_social,paid_social,AUR_US_Meta_Prospecting_2026Q2,Lead,
L-71001,2026-07-27 15:33:00,AUR,Facebook,paid_social,AUR_US_Meta_Prospecting_2026Q2,MQL,
L-80200,2026-05-23 19:21:00,AUR,tiktok,paid_social,AUR_TikTok_Prospecting_2026Q2,Lead,
L-74332,2026-07-13 22:16:00,PKF,fb,paid_social,PKF_CA_Meta_Prospecting,Lead,
L-81809,2026-06-06 23:00:00,PKF,google,paid_social,(not set),Lead,
L-75681,2026-05-24 09:39:00,NMB,meta,paid_social,NMB_US_Meta_Retargeting_2026Q2,Lead,
L-75627,2026-05-16 10:09:00,NMB,Facebook,paid_social,NMB_US_Meta_Retargeting_2026Q2,MQL,
L-80069,2026-07-19 16:08:00,NMB,Google Ads,cpc,NMB_US_Video_Test_A,Lead,
L-77365,2026-07-30 08:59:00,AUR,google,cpc,AUR_EU_Search_NonBrand_2026Q2,SQL,
L-72070,2026-07-26 16:41:00,AUR,facebook,paid_social,AUR_EU_Meta_Retargeting_2026Q2,Lead,
L-77339,2026-07-21 21:07:00,AUR,,,,Lead,
L-78130,2026-06-22 16:02:00,PKF,Google Ads,cpc,PKF_US_Search_Brand_2026Q2,Lead,
L-73779,2026-07-25 16:38:00,PKF,meta,paid_social,PKF_US_Meta_Conversions,MQL,
L-74100,2026-06-05 22:20:00,PKF,fb,paid_social,PKF_CA_Meta_Prospecting,Lead,
L-79477,2026-06-19 08:31:00,NMB,google,cpc,NMB_US_Search_Brand_2026Q2,Lead,
L-75236,2026-07-11 22:49:00,NMB,,,,MQL,
L-73731,2026-07-24 20:49:00,PKF,Facebook,paid_social,PKF_US_Meta_Conversions,MQL,
L-80026,2026-07-23 10:38:00,NMB,google,cpc,NMB_US_PMax_2026Q2,SQL,
L-73536,2026-07-11 20:40:00,PKF,,,,Lead,
L-76114,2026-07-13 15:31:00,NMB,meta,paid_social,NMB_US_Meta_Retargeting_2026Q2,MQL,
L-79105,2026-05-06 15:32:00,NMB,Google Ads,cpc,NMB_US_Search_Brand_2026Q2,Lead,
L-73250,2026-06-24 12:03:00,PKF,Facebook,paid_social,PKF_US_Meta_Conversions,MQL,
L-71943,2026-07-16 19:34:00,AUR,fb,paid_social,AUR_EU_Meta_Retargeting_2026Q2,Lead,
L-77161,2026-06-06 18:54:00,AUR,Google Ads,cpc,AUR_EU_Search_NonBrand_2026Q2,Lead,
L-72724,2026-05-19 20:24:00,PKF,meta,paid_social,PKF_US_Meta_Conversions,Lead,
L-77746,2026-05-29 14:43:00,PKF,,,,Lead,
L-73470,2026-07-06 17:23:00,PKF,fb,paid_social,PKF_US_Meta_Conversions,Lead,
L-82129,2026-07-06 21:07:00,AUR,,,,MQL,
L-73431,2026-07-03 16:28:00,PKF,facebook,paid_social,PKF_US_Meta_Conversions,MQL,
L-77925,2026-06-09 17:20:00,PKF,google,cpc,PKF_US_Search_Brand_2026Q2,Lead,
L-81298,2026-06-26 21:30:00,NMB,tiktok,paid_social,NMB_TikTok_Prospecting_2026Q2,MQL,
L-76323,2026-05-06 17:34:00,AUR,,,,Lead,
L-75293,2026-07-18 11:35:00,NMB,meta,paid_social,NMB_US_Meta_Prospecting_2026Q2,MQL,
L-78990,2026-07-12 20:44:00,PKF,Google Ads,cpc,pkf|nonbrand|search|may26,Lead,
L-79234,2026-05-21 10:44:00,NMB,google,cpc,NMB_US_Search_Brand_2026Q2,MQL,
L-74086,2026-06-03 13:39:00,PKF,facebook,paid_social,PKF_CA_Meta_Prospecting,MQL,
L-73750,2026-07-24 10:19:00,PKF,Facebook,paid_social,PKF_US_Meta_Conversions,Lead,
L-78613,2026-07-25 12:15:00,PKF,,,,Lead,
L-77833,2026-06-03 18:35:00,PKF,google,cpc,PKF_US_Search_Brand_2026Q2,Closed Won,5200
L-73017,2026-06-08 09:21:00,PKF,meta,paid_social,PKF_US_Meta_Conversions,MQL,
L-75699,2026-05-26 20:15:00,NMB,fb,paid_social,NMB_US_Meta_Retargeting_2026Q2,Lead,
L-73570,2026-07-12 18:05:00,PKF,paid_social,paid_social,PKF_US_Meta_Conversions,Lead,
L-73501,2026-07-09 22:21:00,PKF,,,,Lead,
L-70037,2026-05-07 09:07:00,AUR,,,,Lead,
L-80899,2026-06-26 16:27:00,PKF,TikTok,paid_social,PKF_TikTok_Spark_2026Q2,Lead,
L-73387,2026-07-02 19:50:00,PKF,facebook,paid_social,PKF_US_Meta_Conversions,Lead,
L-80376,2026-07-04 16:06:00,AUR,,,,Lead,
L-74819,2026-06-02 21:21:00,NMB,meta,paid_social,NMB_US_Meta_Prospecting_2026Q2,Lead,
L-73921,2026-05-11 12:29:00,PKF,paid_social,paid_social,PKF_CA_Meta_Prospecting,Lead,
L-81312,2026-07-03 20:56:00,NMB,TikTok,paid_social,NMB_TikTok_Prospecting_2026Q2,Lead,
L-73040,2026-06-10 13:17:00,PKF,,,,MQL,
L-81210,2026-05-15 20:35:00,NMB,tiktok,paid_social,NMB_TikTok_Prospecting_2026Q2,Lead,
L-76023,2026-07-04 09:37:00,NMB,,,,Lead,
L-75493,2026-07-31 12:01:00,NMB,facebook,paid_social,NMB_US_Meta_Prospecting_2026Q2,Lead,
L-71399,2026-05-29 12:39:00,AUR,,,,Lead,
L-70685,2026-07-03 20:15:00,AUR,,,,Lead,
L-76662,2026-06-19 10:48:00,AUR,adwords,cpc,AUR_US_Search_Brand_2026Q2,MQL,
L-76357,2026-05-10 13:03:00,AUR,,,,Lead,
L-80705,2026-05-29 20:03:00,PKF,TikTok,paid_social,PKF_TikTok_Spark_2026Q2,Lead,
L-73232,2026-06-23 22:34:00,PKF,paid_social,paid_social,PKF_US_Meta_Conversions,Lead,
L-81589,2026-05-18 23:47:00,PKF,google,paid_social,(not set),Lead,
L-71616,2026-06-16 14:58:00,AUR,meta,paid_social,AUR_EU_Meta_Retargeting_2026Q2,MQL,
L-80964,2026-07-05 19:13:00,PKF,TikTok,paid_social,PKF_TikTok_Spark_2026Q2,Lead,
L-76104,2026-07-10 18:02:00,NMB,,,,Lead,
L-72879,2026-05-30 09:02:00,PKF,Facebook,paid_social,PKF_US_Meta_Conversions,Lead,
L-78434,2026-07-13 16:13:00,PKF,google,cpc,PKF_US_Search_Brand_2026Q2,MQL,
L-73061,2026-06-11 16:57:00,PKF,Facebook,paid_social,PKF_US_Meta_Conversions,Lead,
L-80657,2026-05-25 22:01:00,PKF,TikTok,paid_social,PKF_TikTok_Spark_2026Q2,Lead,
L-72117,2026-07-30 16:21:00,AUR,fb,paid_social,AUR_EU_Meta_Retargeting_2026Q2,Lead,
L-82130,2026-07-06 09:27:00,AUR,,,,SQL,
L-75338,2026-07-20 21:20:00,NMB,meta,paid_social,NMB_US_Meta_Prospecting_2026Q2,Lead,
L-80413,2026-07-10 08:03:00,AUR,,,,Lead,
L-70131,2026-05-16 18:39:00,AUR,facebook,paid_social,AUR_US_Meta_Prospecting_2026Q2,SQL,
L-70023,2026-05-05 10:16:00,AUR,,,,Lead,
L-78553,2026-07-21 12:13:00,PKF,adwords,cpc,PKF_US_Search_Brand_2026Q2,Lead,
L-80296,2026-06-17 22:48:00,AUR,,,,Lead,
L-80211,2026-05-27 18:07:00,AUR,tiktok,paid_social,AUR_TikTok_Prospecting_2026Q2,Lead,
L-70514,2026-06-21 08:13:00,AUR,,,,Lead,
L-80861,2026-06-23 14:04:00,PKF,,,,Lead,
L-74192,2026-06-20 12:46:00,PKF,facebook,paid_social,PKF_CA_Meta_Prospecting,Lead,
L-73909,2026-05-09 17:05:00,PKF,fb,paid_social,PKF_CA_Meta_Prospecting,Lead,
L-71628,2026-06-18 13:30:00,AUR,,,,MQL,
L-72311,2026-06-26 13:39:00,AUR,paid_social,paid_social,aurelia|prospecting|meta|may26,Lead,
L-71627,2026-06-18 22:57:00,AUR,,,,Lead,
L-78619,2026-07-24 18:56:00,PKF,google,cpc,PKF_US_Search_Brand_2026Q2,Lead,
L-76839,2026-07-11 18:22:00,AUR,,,,MQL,
L-70877,2026-07-19 14:00:00,AUR,,,,MQL,
L-81748,2026-06-01 07:25:00,PKF,,,,Lead,
L-80316,2026-06-20 21:44:00,AUR,TikTok,paid_social,AUR_TikTok_Prospecting_2026Q2,MQL,
L-79917,2026-05-27 16:33:00,NMB,google,cpc,NMB_US_PMax_2026Q2,Lead,
L-78918,2026-06-24 17:10:00,PKF,google,cpc,pkf|nonbrand|search|may26,Lead,
L-73027,2026-06-09 18:49:00,PKF,Facebook,paid_social,PKF_US_Meta_Conversions,Lead,
L-76535,2026-06-01 21:21:00,AUR,adwords,cpc,AUR_US_Search_Brand_2026Q2,MQL,
L-82051,2026-06-28 11:35:00,NMB,google,paid_social,(not set),Lead,
L-76886,2026-07-17 10:08:00,AUR,,,,Lead,
L-72887,2026-05-30 18:44:00,PKF,facebook,paid_social,PKF_US_Meta_Conversions,Lead,
L-80998,2026-07-11 22:53:00,PKF,tiktok,paid_social,PKF_TikTok_Spark_2026Q2,Lead,
L-71731,2026-06-27 14:08:00,AUR,,,,MQL,
L-81553,2026-05-15 18:44:00,PKF,,,,MQL,
L-73716,2026-07-21 10:36:00,PKF,facebook,paid_social,PKF_US_Meta_Conversions,Lead,
L-80894,2026-06-25 08:27:00,PKF,tiktok,paid_social,PKF_TikTok_Spark_2026Q2,Lead,
L-71922,2026-07-13 22:28:00,AUR,paid_social,paid_social,AUR_EU_Meta_Retargeting_2026Q2,Lead,
L-81751,2026-06-01 15:21:00,PKF,google,paid_social,(not set),Lead,
L-78644,2026-07-28 20:47:00,PKF,adwords,cpc,PKF_US_Search_Brand_2026Q2,Closed Won,5200
L-70703,2026-07-04 14:06:00,AUR,meta,paid_social,AUR_US_Meta_Prospecting_2026Q2,Lead,
L-79708,2026-07-15 20:44:00,NMB,Google Ads,cpc,NMB_US_Search_Brand_2026Q2,Lead,
L-76440,2026-05-20 21:27:00,AUR,,,,SQL,
L-78629,2026-07-25 09:09:00,PKF,adwords,cpc,PKF_US_Search_Brand_2026Q2,Lead,
L-74187,2026-06-18 09:00:00,PKF,meta,paid_social,PKF_CA_Meta_Prospecting,MQL,
L-80884,2026-06-25 09:51:00,PKF,tiktok,paid_social,PKF_TikTok_Spark_2026Q2,Lead,
L-77201,2026-06-17 17:43:00,AUR,Google Ads,cpc,AUR_EU_Search_NonBrand_2026Q2,Lead,
L-70341,2026-06-06 18:58:00,AUR,Facebook,paid_social,AUR_US_Meta_Prospecting_2026Q2,Lead,
L-75677,2026-05-23 12:28:00,NMB,meta,paid_social,NMB_US_Meta_Retargeting_2026Q2,Lead,
L-71650,2026-06-18 21:33:00,AUR,facebook,paid_social,AUR_EU_Meta_Retargeting_2026Q2,Lead,
L-80143,2026-05-09 08:09:00,AUR,,,,Lead,
L-77448,2026-05-07 22:46:00,PKF,google,cpc,PKF_US_Search_Brand_2026Q2,Lead,
L-71203,2026-05-13 08:27:00,AUR,Facebook,paid_social,AUR_EU_Meta_Retargeting_2026Q2,MQL,
L-73382,2026-06-30 14:21:00,PKF,fb,paid_social,PKF_US_Meta_Conversions,SQL,
L-74063,2026-05-29 14:33:00,PKF,facebook,paid_social,PKF_CA_Meta_Prospecting,Lead,
L-75590,2026-05-13 08:12:00,NMB,paid_social,paid_social,NMB_US_Meta_Retargeting_2026Q2,Lead,
L-76011,2026-07-01 16:03:00,NMB,meta,paid_social,NMB_US_Meta_Retargeting_2026Q2,Lead,
L-78149,2026-06-25 15:41:00,PKF,adwords,cpc,PKF_US_Search_Brand_2026Q2,Closed Won,3600
L-76647,2026-06-18 11:03:00,AUR,,,,Lead,
L-80279,2026-06-12 11:43:00,AUR,,,,Lead,
L-73695,2026-07-21 08:37:00,PKF,paid_social,paid_social,PKF_US_Meta_Conversions,Lead,
L-78469,2026-07-16 18:40:00,PKF,google,cpc,PKF_US_Search_Brand_2026Q2,Lead,
L-80928,2026-07-01 12:27:00,PKF,tiktok,paid_social,PKF_TikTok_Spark_2026Q2,MQL,
L-73699,2026-07-21 16:23:00,PKF,facebook,paid_social,PKF_US_Meta_Conversions,MQL,
L-71350,2026-05-24 20:34:00,AUR,Facebook,paid_social,AUR_EU_Meta_Retargeting_2026Q2,MQL,
L-70210,2026-05-23 18:39:00,AUR,Facebook,paid_social,AUR_US_Meta_Prospecting_2026Q2,Lead,
L-77478,2026-05-10 14:51:00,PKF,Google Ads,cpc,PKF_US_Search_Brand_2026Q2,SQL,
L-78924,2026-06-23 19:16:00,PKF,adwords,cpc,pkf|nonbrand|search|may26,MQL,
L-72059,2026-07-24 20:25:00,AUR,paid_social,paid_social,AUR_EU_Meta_Retargeting_2026Q2,Lead,
L-76972,2026-07-29 11:33:00,AUR,,,,Lead,
L-76156,2026-07-18 08:43:00,NMB,paid_social,paid_social,NMB_US_Meta_Retargeting_2026Q2,Lead,
L-81352,2026-07-17 13:48:00,NMB,tiktok,paid_social,NMB_TikTok_Prospecting_2026Q2,SQL,
L-70998,2026-07-29 11:56:00,AUR,paid_social,paid_social,AUR_US_Meta_Prospecting_2026Q2,Lead,
L-80733,2026-06-04 21:45:00,PKF,tiktok,paid_social,PKF_TikTok_Spark_2026Q2,Lead,
L-78940,2026-06-25 21:58:00,PKF,google,cpc,pkf|nonbrand|search|may26,MQL,
L-77808,2026-05-31 10:43:00,PKF,Google Ads,cpc,PKF_US_Search_Brand_2026Q2,Lead,
L-81531,2026-05-13 08:37:00,NMB,google,paid_social,(not set),Closed Won,5200
L-76484,2026-05-23 13:04:00,AUR,,,,Lead,
L-70913,2026-07-21 15:23:00,AUR,fb,paid_social,AUR_US_Meta_Prospecting_2026Q2,Lead,
L-71986,2026-07-19 22:00:00,AUR,,,,Lead,
L-70042,2026-05-05 20:20:00,AUR,,,,Lead,
L-77061,2026-05-15 22:59:00,AUR,,,,Closed Won,8800
L-71735,2026-06-29 12:55:00,AUR,,,,Lead,
L-73379,2026-07-02 08:45:00,PKF,paid_social,paid_social,PKF_US_Meta_Conversions,MQL,
L-72568,2026-05-09 09:06:00,PKF,facebook,paid_social,PKF_US_Meta_Conversions,MQL,
L-76709,2026-06-24 20:34:00,AUR,,,,Lead,
L-81608,2026-05-20 15:41:00,PKF,google,paid_social,(not set),Lead,
L-79589,2026-07-03 17:47:00,NMB,google,cpc,NMB_US_Search_Brand_2026Q2,Closed Won,2400
L-78374,2026-07-08 15:26:00,PKF,,,,Lead,
L-81001,2026-07-09 19:09:00,PKF,,,,Lead,
L-73743,2026-07-24 13:50:00,PKF,facebook,paid_social,PKF_US_Meta_Conversions,Lead,
L-71526,2026-06-07 21:39:00,AUR,paid_social,paid_social,AUR_EU_Meta_Retargeting_2026Q2,MQL,
L-77999,2026-06-14 16:39:00,PKF,adwords,cpc,PKF_US_Search_Brand_2026Q2,Lead,
L-80288,2026-06-16 18:03:00,AUR,,,,Lead,
L-77487,2026-05-09 10:02:00,PKF,google,cpc,PKF_US_Search_Brand_2026Q2,Lead,
L-79273,2026-05-25 10:45:00,NMB,,,,Lead,
L-76259,2026-07-29 16:09:00,NMB,Facebook,paid_social,NMB_US_Meta_Retargeting_2026Q2,Closed Won,8800
L-72142,2026-05-08 14:45:00,AUR,paid_social,paid_social,aurelia|prospecting|meta|may26,MQL,
L-80111,2026-06-27 08:18:00,PKF,adwords,cpc,PKF_US_Video_Test_C,Lead,
L-80769,2026-06-08 09:58:00,PKF,tiktok,paid_social,PKF_TikTok_Spark_2026Q2,Lead,
L-71772,2026-06-30 08:13:00,AUR,facebook,paid_social,AUR_EU_Meta_Retargeting_2026Q2,Lead,
L-73766,2026-07-26 09:53:00,PKF,meta,paid_social,PKF_US_Meta_Conversions,Lead,
L-75204,2026-07-08 20:40:00,NMB,,,,Closed Won,1900
L-81473,2026-05-08 14:52:00,PKF,google,paid_social,(not set),SQL,
L-73246,2026-06-22 08:26:00,PKF,facebook,paid_social,PKF_US_Meta_Conversions,Lead,
L-70902,2026-07-19 15:06:00,AUR,fb,paid_social,AUR_US_Meta_Prospecting_2026Q2,Lead,
L-72870,2026-05-29 09:33:00,PKF,facebook,paid_social,PKF_US_Meta_Conversions,Lead,
L-77611,2026-05-19 11:32:00,PKF,Google Ads,cpc,PKF_US_Search_Brand_2026Q2,SQL,
L-81667,2026-05-25 10:49:00,PKF,,,,Lead,
L-78300,2026-07-05 10:00:00,PKF,Google Ads,cpc,PKF_US_Search_Brand_2026Q2,Lead,
L-76078,2026-07-10 11:55:00,NMB,,,,Lead,
L-72900,2026-05-31 13:05:00,PKF,facebook,paid_social,PKF_US_Meta_Conversions,Lead,
L-82421,2026-07-31 13:21:00,NMB,google,paid_social,(not set),Lead,
L-76384,2026-05-13 19:36:00,AUR,,,,Lead,
L-71788,2026-07-03 15:02:00,AUR,Facebook,paid_social,AUR_EU_Meta_Retargeting_2026Q2,Lead,
L-73858,2026-07-31 18:37:00,PKF,Facebook,paid_social,PKF_US_Meta_Conversions,SQL,
L-76659,2026-06-18 16:29:00,AUR,adwords,cpc,AUR_US_Search_Brand_2026Q2,Closed Won,3600
L-72343,2026-07-09 19:21:00,AUR,,,,Lead,
L-71647,2026-06-20 12:50:00,AUR,Facebook,paid_social,AUR_EU_Meta_Retargeting_2026Q2,Lead,
L-72550,2026-05-08 17:23:00,PKF,meta,paid_social,PKF_US_Meta_Conversions,Lead,
L-77937,2026-06-10 17:19:00,PKF,adwords,cpc,PKF_US_Search_Brand_2026Q2,MQL,
L-78055,2026-06-19 18:04:00,PKF,Google Ads,cpc,PKF_US_Search_Brand_2026Q2,Lead,
L-78957,2026-07-03 20:32:00,PKF,google,cpc,pkf|nonbrand|search|may26,MQL,
L-75649,2026-05-19 11:34:00,NMB,fb,paid_social,NMB_US_Meta_Retargeting_2026Q2,Lead,
L-75574,2026-05-11 19:12:00,NMB,facebook,paid_social,NMB_US_Meta_Retargeting_2026Q2,Lead,
L-73082,2026-06-12 22:04:00,PKF,meta,paid_social,PKF_US_Meta_Conversions,Lead,
L-71221,2026-05-13 11:23:00,AUR,Facebook,paid_social,AUR_EU_Meta_Retargeting_2026Q2,SQL,
L-77212,2026-06-19 15:30:00,AUR,google,cpc,AUR_EU_Search_NonBrand_2026Q2,Lead,
L-78854,2026-06-03 08:51:00,PKF,Google Ads,cpc,pkf|nonbrand|search|may26,Lead,
L-81968,2026-06-21 21:17:00,PKF,google,paid_social,(not set),Lead,
L-79277,2026-05-28 11:47:00,NMB,adwords,cpc,NMB_US_Search_Brand_2026Q2,Closed Won,3600
L-76961,2026-07-26 18:46:00,AUR,adwords,cpc,AUR_US_Search_Brand_2026Q2,SQL,
L-82324,2026-07-23 19:27:00,AUR,,,,Lead,
L-80786,2026-06-10 11:44:00,PKF,TikTok,paid_social,PKF_TikTok_Spark_2026Q2,SQL,
L-76311,2026-05-02 10:50:00,AUR,google,cpc,AUR_US_Search_Brand_2026Q2,Lead,
L-81084,2026-07-19 22:22:00,PKF,tiktok,paid_social,PKF_TikTok_Spark_2026Q2,Closed Won,8800
L-75388,2026-07-24 13:12:00,NMB,fb,paid_social,NMB_US_Meta_Prospecting_2026Q2,MQL,
L-75196,2026-07-09 15:31:00,NMB,,,,Lead,
L-70065,2026-05-10 13:15:00,AUR,,,,Lead,
L-70160,2026-05-20 09:27:00,AUR,,,,SQL,
L-72026,2026-07-23 13:43:00,AUR,,,,Lead,
L-82156,2026-07-07 16:19:00,NMB,google,paid_social,(not set),SQL,
L-73531,2026-07-09 15:48:00,PKF,,,,Lead,
L-74398,2026-07-21 12:20:00,PKF,facebook,paid_social,PKF_CA_Meta_Prospecting,Lead,
L-71068,2026-05-01 18:14:00,AUR,paid_social,paid_social,AUR_EU_Meta_Retargeting_2026Q2,Lead,
L-79564,2026-06-29 16:33:00,NMB,google,cpc,NMB_US_Search_Brand_2026Q2,MQL,
L-78180,2026-06-27 12:53:00,PKF,Google Ads,cpc,PKF_US_Search_Brand_2026Q2,Lead,
L-76607,2026-06-11 16:05:00,AUR,adwords,cpc,AUR_US_Search_Brand_2026Q2,Lead,
L-80892,2026-06-27 14:20:00,PKF,tiktok,paid_social,PKF_TikTok_Spark_2026Q2,MQL,
L-74242,2026-06-29 20:42:00,PKF,meta,paid_social,PKF_CA_Meta_Prospecting,Lead,
L-80428,2026-07-14 14:51:00,AUR,,,,Lead,
L-77584,2026-05-18 11:58:00,PKF,google,cpc,PKF_US_Search_Brand_2026Q2,MQL,
L-70809,2026-07-12 10:04:00,AUR,Facebook,paid_social,AUR_US_Meta_Prospecting_2026Q2,Lead,
L-80567,2026-05-12 11:04:00,PKF,tiktok,paid_social,PKF_TikTok_Spark_2026Q2,Lead,
L-80221,2026-05-27 20:10:00,AUR,tiktok,paid_social,AUR_TikTok_Prospecting_2026Q2,Lead,
L-76470,2026-05-23 18:13:00,AUR,google,cpc,AUR_US_Search_Brand_2026Q2,MQL,
L-73755,2026-07-25 11:01:00,PKF,meta,paid_social,PKF_US_Meta_Conversions,Closed Won,8800
L-74170,2026-06-18 10:18:00,PKF,meta,paid_social,PKF_CA_Meta_Prospecting,Lead,
L-74045,2026-05-25 16:31:00,PKF,fb,paid_social,PKF_CA_Meta_Prospecting,Lead,
L-80506,2026-05-05 20:04:00,PKF,,,,MQL,
L-72829,2026-05-24 13:08:00,PKF,Facebook,paid_social,PKF_US_Meta_Conversions,Lead,
L-75218,2026-07-10 09:32:00,NMB,,,,MQL,
L-76581,2026-06-07 21:11:00,AUR,,,,Lead,
L-70167,2026-05-21 11:03:00,AUR,,,,Lead,
L-76457,2026-05-21 08:26:00,AUR,adwords,cpc,AUR_US_Search_Brand_2026Q2,Lead,
L-71330,2026-05-21 12:04:00,AUR,fb,paid_social,AUR_EU_Meta_Retargeting_2026Q2,Lead,
L-73894,2026-05-05 19:09:00,PKF,facebook,paid_social,PKF_CA_Meta_Prospecting,Lead,
L-75897,2026-06-18 16:31:00,NMB,,,,Lead,
L-76985,2026-07-30 10:33:00,AUR,,,,Lead,
L-77254,2026-06-30 09:32:00,AUR,adwords,cpc,AUR_EU_Search_NonBrand_2026Q2,Lead,
L-73813,2026-07-30 08:39:00,PKF,facebook,paid_social,PKF_US_Meta_Conversions,Lead,
L-81858,2026-06-11 17:29:00,AUR,google,paid_social,(not set),SQL,
L-79022,2026-07-21 13:47:00,PKF,google,cpc,pkf|nonbrand|search|may26,SQL,
L-82133,2026-07-06 16:08:00,AUR,,,,MQL,
L-71566,2026-06-11 20:10:00,AUR,,,,MQL,
L-75976,2026-06-27 21:35:00,NMB,fb,paid_social,NMB_US_Meta_Retargeting_2026Q2,MQL,
L-77071,2026-05-18 08:00:00,AUR,adwords,cpc,AUR_EU_Search_NonBrand_2026Q2,Lead,
L-80741,2026-06-04 14:08:00,PKF,TikTok,paid_social,PKF_TikTok_Spark_2026Q2,MQL,
L-74455,2026-07-31 15:14:00,PKF,,,,Lead,
L-71018,2026-07-28 17:24:00,AUR,facebook,paid_social,AUR_US_Meta_Prospecting_2026Q2,Lead,
L-73831,2026-07-29 14:34:00,PKF,Facebook,paid_social,PKF_US_Meta_Conversions,Lead,
L-78232,2026-07-01 15:51:00,PKF,Google Ads,cpc,PKF_US_Search_Brand_2026Q2,Lead,
L-75001,2026-06-19 19:42:00,NMB,facebook,paid_social,NMB_US_Meta_Prospecting_2026Q2,Lead,
L-75494,2026-07-31 13:05:00,NMB,fb,paid_social,NMB_US_Meta_Prospecting_2026Q2,Lead,
L-79219,2026-05-19 12:53:00,NMB,Google Ads,cpc,NMB_US_Search_Brand_2026Q2,Lead,
L-70694,2026-07-05 19:37:00,AUR,facebook,paid_social,AUR_US_Meta_Prospecting_2026Q2,Lead,
L-74496,2026-05-06 13:35:00,NMB,Facebook,paid_social,NMB_US_Meta_Prospecting_2026Q2,Lead,
L-71498,2026-06-06 15:42:00,AUR,meta,paid_social,AUR_EU_Meta_Retargeting_2026Q2,SQL,
L-75601,2026-05-14 12:30:00,NMB,paid_social,paid_social,NMB_US_Meta_Retargeting_2026Q2,SQL,
L-73218,2026-06-20 13:44:00,PKF,facebook,paid_social,PKF_US_Meta_Conversions,Lead,
L-74456,2026-07-30 18:49:00,PKF,Facebook,paid_social,PKF_CA_Meta_Prospecting,Lead,
L-73832,2026-07-31 16:52:00,PKF,facebook,paid_social,PKF_US_Meta_Conversions,MQL,
L-77326,2026-07-18 20:08:00,AUR,,,,Lead,
L-79756,2026-07-20 13:36:00,NMB,adwords,cpc,NMB_US_Search_Brand_2026Q2,Lead,
L-72123,2026-05-02 14:45:00,AUR,facebook,paid_social,aurelia|prospecting|meta|may26,Lead,
L-73194,2026-06-20 15:21:00,PKF,paid_social,paid_social,PKF_US_Meta_Conversions,Lead,
L-80530,2026-05-07 10:30:00,PKF,TikTok,paid_social,PKF_TikTok_Spark_2026Q2,MQL,
L-76463,2026-05-21 09:59:00,AUR,google,cpc,AUR_US_Search_Brand_2026Q2,MQL,
L-81777,2026-06-03 20:26:00,PKF,google,paid_social,(not set),Lead,
L-70916,2026-07-20 21:19:00,AUR,,,,MQL,
L-74986,2026-06-19 11:12:00,NMB,Facebook,paid_social,NMB_US_Meta_Prospecting_2026Q2,MQL,
L-71369,2026-05-25 17:01:00,AUR,,,,MQL,
L-76773,2026-07-02 19:22:00,AUR,,,,Closed Won,5200
L-75328,2026-07-19 20:28:00,NMB,fb,paid_social,NMB_US_Meta_Prospecting_2026Q2,Lead,
L-78291,2026-07-02 18:23:00,PKF,adwords,cpc,PKF_US_Search_Brand_2026Q2,Lead,
L-77024,2026-05-08 21:37:00,AUR,adwords,cpc,AUR_EU_Search_NonBrand_2026Q2,MQL,
L-76126,2026-07-14 21:55:00,NMB,meta,paid_social,NMB_US_Meta_Retargeting_2026Q2,Lead,
L-76115,2026-07-11 11:04:00,NMB,,,,MQL,
L-72567,2026-05-10 22:20:00,PKF,meta,paid_social,PKF_US_Meta_Conversions,MQL,
L-78032,2026-06-15 08:59:00,PKF,Google Ads,cpc,PKF_US_Search_Brand_2026Q2,SQL,
L-81041,2026-07-15 21:50:00,PKF,tiktok,paid_social,PKF_TikTok_Spark_2026Q2,MQL,
L-72399,2026-07-22 16:51:00,AUR,fb,paid_social,aurelia|prospecting|meta|may26,Lead,
L-70357,2026-06-08 08:57:00,AUR,paid_social,paid_social,AUR_US_Meta_Prospecting_2026Q2,MQL,
L-80580,2026-05-15 14:35:00,PKF,TikTok,paid_social,PKF_TikTok_Spark_2026Q2,Lead,
L-80996,2026-07-08 15:18:00,PKF,tiktok,paid_social,PKF_TikTok_Spark_2026Q2,Lead,
L-76956,2026-07-25 10:20:00,AUR,google,cpc,AUR_US_Search_Brand_2026Q2,SQL,
L-77373,2026-07-30 14:22:00,AUR,google,cpc,AUR_EU_Search_NonBrand_2026Q2,MQL,
L-74330,2026-07-10 18:49:00,PKF,,,,Lead,
L-73404,2026-07-01 12:34:00,PKF,facebook,paid_social,PKF_US_Meta_Conversions,MQL,
L-78079,2026-06-20 10:15:00,PKF,google,cpc,PKF_US_Search_Brand_2026Q2,Lead,
L-75646,2026-05-20 21:17:00,NMB,fb,paid_social,NMB_US_Meta_Retargeting_2026Q2,MQL,
L-72668,2026-05-14 16:33:00,PKF,fb,paid_social,PKF_US_Meta_Conversions,Lead,
L-77177,2026-06-11 21:29:00,AUR,,,,MQL,
L-72860,2026-05-28 15:17:00,PKF,meta,paid_social,PKF_US_Meta_Conversions,Lead,
L-81545,2026-05-14 14:53:00,PKF,google,paid_social,(not set),Lead,
L-73281,2026-06-23 15:04:00,PKF,facebook,paid_social,PKF_US_Meta_Conversions,Lead,
L-76132,2026-07-15 22:05:00,NMB,Facebook,paid_social,NMB_US_Meta_Retargeting_2026Q2,Lead,
L-78774,2026-05-17 16:42:00,PKF,Google Ads,cpc,pkf|nonbrand|search|may26,MQL,
L-81663,2026-05-25 08:24:00,PKF,google,paid_social,(not set),Lead,
L-78064,2026-06-19 11:46:00,PKF,adwords,cpc,PKF_US_Search_Brand_2026Q2,Lead,
L-82246,2026-07-15 17:38:00,NMB,google,paid_social,(not set),Lead,
L-76439,2026-05-21 17:48:00,AUR,google,cpc,AUR_US_Search_Brand_2026Q2,SQL,
L-74924,2026-06-12 16:57:00,NMB,Facebook,paid_social,NMB_US_Meta_Prospecting_2026Q2,Lead,
L-74782,2026-05-31 22:29:00,NMB,fb,paid_social,NMB_US_Meta_Prospecting_2026Q2,SQL,
L-73339,2026-06-26 18:31:00,PKF,paid_social,paid_social,PKF_US_Meta_Conversions,Lead,
L-77065,2026-05-18 18:41:00,AUR,,,,Closed Won,5200
L-73839,2026-07-31 09:47:00,PKF,paid_social,paid_social,PKF_US_Meta_Conversions,Lead,
L-79406,2026-06-10 20:51:00,NMB,,,,Lead,
L-72445,2026-05-02 11:16:00,PKF,Facebook,paid_social,PKF_US_Meta_Conversions,Lead,
L-78872,2026-06-09 19:23:00,PKF,Google Ads,cpc,pkf|nonbrand|search|may26,SQL,
L-78687,2026-07-30 16:26:00,PKF,Google Ads,cpc,PKF_US_Search_Brand_2026Q2,Closed Won,3600
L-81883,2026-06-13 12:37:00,PKF,google,paid_social,(not set),Lead,
L-71584,2026-06-14 22:48:00,AUR,,,,SQL,
L-73919,2026-05-08 11:45:00,PKF,paid_social,paid_social,PKF_CA_Meta_Prospecting,Lead,
L-80999,2026-07-11 10:06:00,PKF,tiktok,paid_social,PKF_TikTok_Spark_2026Q2,Lead,
L-78691,2026-07-29 20:10:00,PKF,google,cpc,PKF_US_Search_Brand_2026Q2,Lead,
L-75622,2026-05-16 15:24:00,NMB,meta,paid_social,NMB_US_Meta_Retargeting_2026Q2,Lead,
L-80454,2026-07-24 14:46:00,AUR,TikTok,paid_social,AUR_TikTok_Prospecting_2026Q2,Lead,
L-79169,2026-05-13 15:05:00,NMB,,,,Lead,
L-79837,2026-07-28 12:23:00,NMB,,,,Closed Won,2400
L-71760,2026-06-29 15:26:00,AUR,meta,paid_social,AUR_EU_Meta_Retargeting_2026Q2,MQL,
L-77187,2026-06-13 09:37:00,AUR,adwords,cpc,AUR_EU_Search_NonBrand_2026Q2,SQL,
L-75332,2026-07-21 20:24:00,NMB,facebook,paid_social,NMB_US_Meta_Prospecting_2026Q2,Lead,
L-81222,2026-05-19 22:09:00,NMB,TikTok,paid_social,NMB_TikTok_Prospecting_2026Q2,Lead,
L-73439,2026-07-03 10:12:00,PKF,meta,paid_social,PKF_US_Meta_Conversions,Lead,
L-79037,2026-07-22 22:12:00,PKF,Google Ads,cpc,pkf|nonbrand|search|may26,SQL,
L-70926,2026-07-20 09:31:00,AUR,facebook,paid_social,AUR_US_Meta_Prospecting_2026Q2,Lead,
L-78117,2026-06-20 12:06:00,PKF,google,cpc,PKF_US_Search_Brand_2026Q2,Lead,
L-70279,2026-05-30 22:50:00,AUR,,,,Lead,
L-75054,2026-06-22 22:44:00,NMB,facebook,paid_social,NMB_US_Meta_Prospecting_2026Q2,MQL,
L-79630,2026-07-06 09:20:00,NMB,google,cpc,NMB_US_Search_Brand_2026Q2,Lead,
L-70329,2026-06-05 20:37:00,AUR,fb,paid_social,AUR_US_Meta_Prospecting_2026Q2,Lead,
L-74203,2026-06-22 09:01:00,PKF,paid_social,paid_social,PKF_CA_Meta_Prospecting,Lead,
L-77860,2026-06-05 17:30:00,PKF,google,cpc,PKF_US_Search_Brand_2026Q2,SQL,
L-79370,2026-06-05 09:21:00,NMB,adwords,cpc,NMB_US_Search_Brand_2026Q2,MQL,
L-71398,2026-05-29 10:12:00,AUR,,,,Lead,
L-75972,2026-06-29 15:26:00,NMB,fb,paid_social,NMB_US_Meta_Retargeting_2026Q2,Lead,
L-81698,2026-05-28 17:24:00,AUR,,,,SQL,
L-70013,2026-05-04 20:36:00,AUR,Facebook,paid_social,AUR_US_Meta_Prospecting_2026Q2,Lead,
L-74723,2026-05-25 12:44:00,NMB,meta,paid_social,NMB_US_Meta_Prospecting_2026Q2,MQL,
L-75565,2026-05-11 09:09:00,NMB,fb,paid_social,NMB_US_Meta_Retargeting_2026Q2,Lead,
L-82331,2026-07-23 08:06:00,NMB,google,paid_social,(not set),MQL,
L-71970,2026-07-17 18:11:00,AUR,fb,paid_social,AUR_EU_Meta_Retargeting_2026Q2,MQL,
L-75809,2026-06-05 20:38:00,NMB,facebook,paid_social,NMB_US_Meta_Retargeting_2026Q2,Lead,
L-80717,2026-06-01 08:26:00,PKF,tiktok,paid_social,PKF_TikTok_Spark_2026Q2,Lead,
L-75810,2026-06-06 10:19:00,NMB,fb,paid_social,NMB_US_Meta_Retargeting_2026Q2,Lead,
L-75031,2026-06-23 16:36:00,NMB,Facebook,paid_social,NMB_US_Meta_Prospecting_2026Q2,Lead,
L-73540,2026-07-09 09:10:00,PKF,,,,Lead,
L-74448,2026-07-29 08:30:00,PKF,Facebook,paid_social,PKF_CA_Meta_Prospecting,Lead,
L-81727,2026-05-30 16:00:00,PKF,google,paid_social,(not set),Lead,
L-80131,2026-05-06 17:17:00,AUR,tiktok,paid_social,AUR_TikTok_Prospecting_2026Q2,Lead,
L-78512,2026-07-18 14:33:00,PKF,adwords,cpc,PKF_US_Search_Brand_2026Q2,Lead,
L-74155,2026-06-14 11:18:00,PKF,facebook,paid_social,PKF_CA_Meta_Prospecting,Lead,
L-79680,2026-07-11 10:55:00,NMB,Google Ads,cpc,NMB_US_Search_Brand_2026Q2,Lead,
L-77468,2026-05-09 17:00:00,PKF,adwords,cpc,PKF_US_Search_Brand_2026Q2,SQL,
L-72388,2026-07-18 10:13:00,AUR,,,,Lead,
L-73833,2026-07-29 19:58:00,PKF,facebook,paid_social,PKF_US_Meta_Conversions,Lead,
L-75145,2026-07-02 10:27:00,NMB,fb,paid_social,NMB_US_Meta_Prospecting_2026Q2,Lead,
L-75844,2026-06-10 09:53:00,NMB,paid_social,paid_social,NMB_US_Meta_Retargeting_2026Q2,Lead,
L-77838,2026-06-03 18:53:00,PKF,Google Ads,cpc,PKF_US_Search_Brand_2026Q2,Lead,
L-72799,2026-05-22 12:10:00,PKF,paid_social,paid_social,PKF_US_Meta_Conversions,Lead,
L-73814,2026-07-28 13:11:00,PKF,facebook,paid_social,PKF_US_Meta_Conversions,MQL,
L-81746,2026-06-01 08:49:00,PKF,google,paid_social,(not set),MQL,
L-78536,2026-07-20 21:36:00,PKF,adwords,cpc,PKF_US_Search_Brand_2026Q2,MQL,
L-76958,2026-07-25 22:07:00,AUR,,,,Lead,
L-75986,2026-06-30 08:33:00,NMB,paid_social,paid_social,NMB_US_Meta_Retargeting_2026Q2,MQL,
L-73491,2026-07-07 09:27:00,PKF,paid_social,paid_social,PKF_US_Meta_Conversions,Lead,
L-77522,2026-05-14 09:54:00,PKF,google,cpc,PKF_US_Search_Brand_2026Q2,Lead,
L-70837,2026-07-14 16:47:00,AUR,,,,MQL,
L-76026,2026-07-04 20:19:00,NMB,Facebook,paid_social,NMB_US_Meta_Retargeting_2026Q2,Lead,
L-77127,2026-05-28 14:52:00,AUR,google,cpc,AUR_EU_Search_NonBrand_2026Q2,MQL,
L-78759,2026-05-15 22:20:00,PKF,google,cpc,pkf|nonbrand|search|may26,Lead,
L-72063,2026-07-24 21:46:00,AUR,,,,Lead,
L-76964,2026-07-26 16:12:00,AUR,google,cpc,AUR_US_Search_Brand_2026Q2,MQL,
L-75444,2026-07-28 20:53:00,NMB,fb,paid_social,NMB_US_Meta_Prospecting_2026Q2,MQL,
L-80942,2026-07-03 16:16:00,PKF,tiktok,paid_social,PKF_TikTok_Spark_2026Q2,MQL,
L-71776,2026-07-01 21:12:00,AUR,fb,paid_social,AUR_EU_Meta_Retargeting_2026Q2,Lead,
L-72661,2026-05-15 11:05:00,PKF,,,,SQL,
L-71824,2026-07-03 09:06:00,AUR,,,,MQL,
L-81884,2026-06-13 19:55:00,PKF,google,paid_social,(not set),Closed Won,8800
L-76999,2026-07-31 17:54:00,AUR,google,cpc,AUR_US_Search_Brand_2026Q2,MQL,
L-72184,2026-05-22 15:13:00,AUR,,,,Lead,
L-78120,2026-06-23 19:38:00,PKF,google,cpc,PKF_US_Search_Brand_2026Q2,SQL,
L-71296,2026-05-20 10:17:00,AUR,,,,Lead,
L-82008,2026-06-24 14:07:00,NMB,google,paid_social,(not set),Lead,
L-72025,2026-07-22 12:44:00,AUR,facebook,paid_social,AUR_EU_Meta_Retargeting_2026Q2,Closed Won,3600
L-78688,2026-07-30 16:52:00,PKF,google,cpc,PKF_US_Search_Brand_2026Q2,MQL,
L-71947,2026-07-15 21:16:00,AUR,,,,Closed Won,3600
L-76192,2026-07-21 21:49:00,NMB,paid_social,paid_social,NMB_US_Meta_Retargeting_2026Q2,Lead,
L-76282,2026-07-29 21:47:00,NMB,facebook,paid_social,NMB_US_Meta_Retargeting_2026Q2,Lead,
L-72592,2026-05-09 19:51:00,PKF,,,,Lead,
L-77098,2026-05-23 17:38:00,AUR,,,,SQL,
L-81469,2026-05-07 16:13:00,NMB,,,,MQL,
L-80329,2026-06-23 20:38:00,AUR,,,,Lead,
L-75796,2026-06-05 22:03:00,NMB,paid_social,paid_social,NMB_US_Meta_Retargeting_2026Q2,Lead,
L-77605,2026-05-20 13:50:00,PKF,google,cpc,PKF_US_Search_Brand_2026Q2,Lead,
L-74846,2026-06-06 09:02:00,NMB,fb,paid_social,NMB_US_Meta_Prospecting_2026Q2,SQL,
L-80750,2026-06-05 10:14:00,PKF,tiktok,paid_social,PKF_TikTok_Spark_2026Q2,Lead,
L-82195,2026-07-11 13:57:00,PKF,google,paid_social,(not set),Lead,
L-71636,2026-06-18 18:03:00,AUR,,,,Lead,
L-76564,2026-06-05 15:15:00,AUR,,,,MQL,
L-76291,2026-07-31 08:41:00,NMB,facebook,paid_social,NMB_US_Meta_Retargeting_2026Q2,MQL,
L-76482,2026-05-23 21:50:00,AUR,adwords,cpc,AUR_US_Search_Brand_2026Q2,SQL,
L-77123,2026-05-28 16:23:00,AUR,google,cpc,AUR_EU_Search_NonBrand_2026Q2,MQL,
L-74893,2026-06-09 08:29:00,NMB,paid_social,paid_social,NMB_US_Meta_Prospecting_2026Q2,MQL,
L-71383,2026-05-27 13:25:00,AUR,facebook,paid_social,AUR_EU_Meta_Retargeting_2026Q2,Lead,
L-78882,2026-06-13 17:32:00,PKF,Google Ads,cpc,pkf|nonbrand|search|may26,Lead,
L-77571,2026-05-17 10:45:00,PKF,google,cpc,PKF_US_Search_Brand_2026Q2,Closed Won,5200
L-76461,2026-05-22 10:19:00,AUR,Google Ads,cpc,AUR_US_Search_Brand_2026Q2,Lead,
L-78221,2026-06-29 14:36:00,PKF,Google Ads,cpc,PKF_US_Search_Brand_2026Q2,Lead,
L-72204,2026-05-25 17:32:00,AUR,,,,Lead,
L-73090,2026-06-13 16:23:00,PKF,Facebook,paid_social,PKF_US_Meta_Conversions,Lead,
L-75901,2026-06-18 15:51:00,NMB,facebook,paid_social,NMB_US_Meta_Retargeting_2026Q2,Lead,
L-73370,2026-06-30 18:47:00,PKF,,,,Lead,
L-80272,2026-06-10 11:07:00,AUR,,,,Lead,
L-77445,2026-05-05 17:32:00,PKF,Google Ads,cpc,PKF_US_Search_Brand_2026Q2,Lead,
L-81535,2026-05-14 12:50:00,AUR,,,,MQL,
L-81562,2026-05-15 19:47:00,NMB,google,paid_social,(not set),Lead,
L-75817,2026-06-09 11:46:00,NMB,fb,paid_social,NMB_US_Meta_Retargeting_2026Q2,Lead,
L-73922,2026-05-09 14:10:00,PKF,Facebook,paid_social,PKF_CA_Meta_Prospecting,MQL,
L-75928,2026-06-24 09:36:00,NMB,,,,Lead,
L-70379,2026-06-09 19:04:00,AUR,,,,Lead,
L-77958,2026-06-11 13:53:00,PKF,adwords,cpc,PKF_US_Search_Brand_2026Q2,Lead,
L-76250,2026-07-28 09:57:00,NMB,Facebook,paid_social,NMB_US_Meta_Retargeting_2026Q2,MQL,
L-81866,2026-06-11 16:46:00,NMB,google,paid_social,(not set),Lead,
L-70589,2026-06-27 11:18:00,AUR,,,,Lead,
L-73355,2026-06-30 11:31:00,PKF,facebook,paid_social,PKF_US_Meta_Conversions,Lead,
L-74299,2026-07-06 17:22:00,PKF,meta,paid_social,PKF_CA_Meta_Prospecting,Lead,
L-71332,2026-05-21 13:06:00,AUR,,,,Lead,
L-73773,2026-07-26 15:12:00,PKF,,,,Lead,
L-70881,2026-07-18 20:44:00,AUR,,,,Lead,
L-70362,2026-06-07 12:31:00,AUR,,,,MQL,
L-77042,2026-05-13 10:41:00,AUR,adwords,cpc,AUR_EU_Search_NonBrand_2026Q2,Lead,
L-80710,2026-06-01 14:58:00,PKF,TikTok,paid_social,PKF_TikTok_Spark_2026Q2,MQL,
L-73659,2026-07-16 21:46:00,PKF,facebook,paid_social,PKF_US_Meta_Conversions,Lead,
L-76640,2026-06-16 11:48:00,AUR,,,,Closed Won,5200
L-78576,2026-07-23 18:18:00,PKF,Google Ads,cpc,PKF_US_Search_Brand_2026Q2,Lead,
L-82302,2026-07-21 22:48:00,PKF,google,paid_social,(not set),Closed Won,5200
L-81455,2026-05-06 16:22:00,NMB,google,paid_social,(not set),MQL,
L-76208,2026-07-23 12:36:00,NMB,meta,paid_social,NMB_US_Meta_Retargeting_2026Q2,Lead,
L-81827,2026-06-08 13:28:00,NMB,google,paid_social,(not set),Lead,
L-80315,2026-06-19 18:48:00,AUR,,,,Lead,
L-77120,2026-05-28 19:54:00,AUR,,,,MQL,
L-76306,2026-05-03 17:01:00,AUR,adwords,cpc,AUR_US_Search_Brand_2026Q2,Lead,
L-72108,2026-07-30 14:34:00,AUR,,,,MQL,
L-74785,2026-05-30 17:21:00,NMB,facebook,paid_social,NMB_US_Meta_Prospecting_2026Q2,Lead,
L-73224,2026-06-21 21:48:00,PKF,meta,paid_social,PKF_US_Meta_Conversions,Lead,
L-77556,2026-05-14 22:39:00,PKF,google,cpc,PKF_US_Search_Brand_2026Q2,Lead,
L-72612,2026-05-13 20:22:00,PKF,,,,Lead,
L-80607,2026-05-18 16:02:00,PKF,TikTok,paid_social,PKF_TikTok_Spark_2026Q2,Lead,
L-76817,2026-07-07 19:23:00,AUR,google,cpc,AUR_US_Search_Brand_2026Q2,Lead,
L-75861,2026-06-14 20:48:00,NMB,facebook,paid_social,NMB_US_Meta_Retargeting_2026Q2,Lead,
L-80757,2026-06-06 15:40:00,PKF,TikTok,paid_social,PKF_TikTok_Spark_2026Q2,MQL,
L-78315,2026-07-04 12:20:00,PKF,google,cpc,PKF_US_Search_Brand_2026Q2,Lead,
L-76685,2026-06-23 09:57:00,AUR,adwords,cpc,AUR_US_Search_Brand_2026Q2,MQL,
L-70824,2026-07-14 17:25:00,AUR,,,,Lead,
L-73042,2026-06-09 09:31:00,PKF,meta,paid_social,PKF_US_Meta_Conversions,MQL,
L-77494,2026-05-11 22:20:00,PKF,,,,Lead,
L-74879,2026-06-09 18:33:00,NMB,Facebook,paid_social,NMB_US_Meta_Prospecting_2026Q2,Closed Won,3600
L-82183,2026-07-10 11:01:00,PKF,google,paid_social,(not set),SQL,
L-74400,2026-07-20 14:09:00,PKF,fb,paid_social,PKF_CA_Meta_Prospecting,Lead,
L-80116,2026-07-13 10:53:00,PKF,google,cpc,PKF_US_Video_Test_C,Closed Won,8800
L-73524,2026-07-09 08:28:00,PKF,,,,SQL,
L-70600,2026-06-29 17:12:00,AUR,,,,Lead,
L-70170,2026-05-20 08:42:00,AUR,fb,paid_social,AUR_US_Meta_Prospecting_2026Q2,Lead,
L-72240,2026-06-08 21:31:00,AUR,facebook,paid_social,aurelia|prospecting|meta|may26,Lead,
L-78502,2026-07-17 12:19:00,PKF,google,cpc,PKF_US_Search_Brand_2026Q2,MQL,
L-78672,2026-07-28 13:57:00,PKF,google,cpc,PKF_US_Search_Brand_2026Q2,SQL,
L-75904,2026-06-20 19:12:00,NMB,,,,Lead,
L-72010,2026-07-20 09:07:00,AUR,,,,Lead,
L-81218,2026-05-18 18:34:00,NMB,TikTok,paid_social,NMB_TikTok_Prospecting_2026Q2,Lead,
L-79461,2026-06-18 19:41:00,NMB,Google Ads,cpc,NMB_US_Search_Brand_2026Q2,SQL,
L-78091,2026-06-20 10:12:00,PKF,google,cpc,PKF_US_Search_Brand_2026Q2,Lead,
L-81629,2026-05-21 19:00:00,NMB,google,paid_social,(not set),MQL,
L-76062,2026-07-08 12:05:00,NMB,,,,Lead,
L-77409,2026-05-04 18:40:00,PKF,google,cpc,PKF_US_Search_Brand_2026Q2,Lead,
L-76899,2026-07-17 17:08:00,AUR,google,cpc,AUR_US_Search_Brand_2026Q2,MQL,
L-73741,2026-07-22 10:13:00,PKF,facebook,paid_social,PKF_US_Meta_Conversions,Lead,
L-71990,2026-07-20 20:30:00,AUR,,,,Lead,
L-74234,2026-06-28 22:37:00,PKF,meta,paid_social,PKF_CA_Meta_Prospecting,Lead,
L-81947,2026-06-19 21:32:00,AUR,google,paid_social,(not set),Lead,
L-72265,2026-06-12 13:05:00,AUR,paid_social,paid_social,aurelia|prospecting|meta|may26,Lead,
L-72315,2026-06-29 18:00:00,AUR,fb,paid_social,aurelia|prospecting|meta|may26,Lead,
L-72031,2026-07-23 20:29:00,AUR,facebook,paid_social,AUR_EU_Meta_Retargeting_2026Q2,Lead,
L-74320,2026-07-08 19:59:00,PKF,,,,Lead,
L-72821,2026-05-26 12:43:00,PKF,,,,Lead,
L-70894,2026-07-19 13:43:00,AUR,,,,Lead,
L-73746,2026-07-24 22:46:00,PKF,paid_social,paid_social,PKF_US_Meta_Conversions,Lead,
L-75743,2026-05-31 21:07:00,NMB,facebook,paid_social,NMB_US_Meta_Retargeting_2026Q2,Lead,
L-74165,2026-06-15 18:34:00,PKF,paid_social,paid_social,PKF_CA_Meta_Prospecting,Lead,
L-71500,2026-06-06 16:00:00,AUR,facebook,paid_social,AUR_EU_Meta_Retargeting_2026Q2,Lead,
L-75504,2026-05-02 12:11:00,NMB,Facebook,paid_social,NMB_US_Meta_Retargeting_2026Q2,Closed Won,8800
L-74816,2026-06-03 16:10:00,NMB,,,,Lead,
L-75963,2026-06-27 15:26:00,NMB,meta,paid_social,NMB_US_Meta_Retargeting_2026Q2,Lead,
L-72465,2026-05-04 18:10:00,PKF,Facebook,paid_social,PKF_US_Meta_Conversions,Lead,
L-82369,2026-07-27 12:07:00,PKF,,,,Lead,
L-80188,2026-05-20 16:08:00,AUR,,,,Lead,
L-78352,2026-07-08 08:28:00,PKF,google,cpc,PKF_US_Search_Brand_2026Q2,Lead,
L-74592,2026-05-13 17:34:00,NMB,paid_social,paid_social,NMB_US_Meta_Prospecting_2026Q2,Lead,
L-80917,2026-06-29 17:14:00,PKF,TikTok,paid_social,PKF_TikTok_Spark_2026Q2,MQL,
L-70677,2026-07-04 18:44:00,AUR,,,,Lead,
L-79067,2026-07-28 19:20:00,PKF,google,cpc,pkf|nonbrand|search|may26,Lead,
L-80179,2026-05-20 11:18:00,AUR,,,,MQL,
L-77935,2026-06-11 10:34:00,PKF,,,,MQL,
L-80013,2026-07-14 15:54:00,NMB,google,cpc,NMB_US_PMax_2026Q2,Closed Won,1900
L-80028,2026-07-23 08:02:00,NMB,,,,Lead,
L-76120,2026-07-14 20:03:00,NMB,facebook,paid_social,NMB_US_Meta_Retargeting_2026Q2,Lead,
L-81023,2026-07-13 18:40:00,PKF,TikTok,paid_social,PKF_TikTok_Spark_2026Q2,MQL,
L-78123,2026-06-23 20:38:00,PKF,google,cpc,PKF_US_Search_Brand_2026Q2,Lead,
L-77667,2026-05-22 15:25:00,PKF,adwords,cpc,PKF_US_Search_Brand_2026Q2,MQL,
L-73883,2026-05-05 09:56:00,PKF,fb,paid_social,PKF_CA_Meta_Prospecting,Lead,
L-73182,2026-06-18 15:22:00,PKF,,,,Lead,
L-75319,2026-07-18 15:18:00,NMB,facebook,paid_social,NMB_US_Meta_Prospecting_2026Q2,Lead,
L-78069,2026-06-19 12:20:00,PKF,google,cpc,PKF_US_Search_Brand_2026Q2,MQL,
L-76579,2026-06-05 19:14:00,AUR,,,,Lead,
L-70374,2026-06-11 14:25:00,AUR,,,,Lead,
L-73523,2026-07-09 17:35:00,PKF,,,,Lead,
L-70172,2026-05-20 18:48:00,AUR,fb,paid_social,AUR_US_Meta_Prospecting_2026Q2,MQL,
L-81117,2026-07-24 12:43:00,PKF,TikTok,paid_social,PKF_TikTok_Spark_2026Q2,MQL,
L-70256,2026-05-27 21:54:00,AUR,paid_social,paid_social,AUR_US_Meta_Prospecting_2026Q2,SQL,
L-70940,2026-07-22 22:22:00,AUR,,,,Lead,
L-77647,2026-05-23 12:49:00,PKF,,,,Lead,
L-76708,2026-06-25 14:28:00,AUR,adwords,cpc,AUR_US_Search_Brand_2026Q2,Lead,
L-81089,2026-07-21 10:08:00,PKF,tiktok,paid_social,PKF_TikTok_Spark_2026Q2,Lead,
L-80782,2026-06-10 19:34:00,PKF,TikTok,paid_social,PKF_TikTok_Spark_2026Q2,Lead,
L-70494,2026-06-18 12:43:00,AUR,,,,SQL,
L-78939,2026-06-26 13:23:00,PKF,google,cpc,pkf|nonbrand|search|may26,Lead,
L-73287,2026-06-25 09:18:00,PKF,meta,paid_social,PKF_US_Meta_Conversions,Lead,
L-72435,2026-07-30 18:44:00,AUR,,,,Lead,
L-73511,2026-07-10 09:54:00,PKF,,,,Lead,
L-72432,2026-07-29 08:11:00,AUR,,,,Lead,
L-81965,2026-06-21 08:26:00,AUR,google,paid_social,(not set),MQL,
L-76933,2026-07-23 14:54:00,AUR,google,cpc,AUR_US_Search_Brand_2026Q2,Lead,
L-82273,2026-07-18 12:57:00,PKF,,,,Lead,
L-78488,2026-07-17 16:43:00,PKF,Google Ads,cpc,PKF_US_Search_Brand_2026Q2,MQL,
L-71026,2026-07-28 11:47:00,AUR,paid_social,paid_social,AUR_US_Meta_Prospecting_2026Q2,Lead,
L-72291,2026-06-21 08:02:00,AUR,fb,paid_social,aurelia|prospecting|meta|may26,Lead,
L-79086,2026-05-01 12:21:00,NMB,google,cpc,NMB_US_Search_Brand_2026Q2,Lead,
L-75738,2026-05-29 15:19:00,NMB,facebook,paid_social,NMB_US_Meta_Retargeting_2026Q2,Lead,
L-74430,2026-07-25 14:25:00,PKF,Facebook,paid_social,PKF_CA_Meta_Prospecting,Lead,
L-78482,2026-07-17 21:35:00,PKF,adwords,cpc,PKF_US_Search_Brand_2026Q2,MQL,
L-70829,2026-07-15 12:14:00,AUR,,,,Lead,
L-80756,2026-06-04 11:15:00,PKF,tiktok,paid_social,PKF_TikTok_Spark_2026Q2,MQL,
L-76383,2026-05-14 17:18:00,AUR,Google Ads,cpc,AUR_US_Search_Brand_2026Q2,Lead,
L-78354,2026-07-07 11:51:00,PKF,google,cpc,PKF_US_Search_Brand_2026Q2,Lead,
L-74618,2026-05-15 08:59:00,NMB,Facebook,paid_social,NMB_US_Meta_Prospecting_2026Q2,Lead,
L-70855,2026-07-18 17:51:00,AUR,,,,Lead,
L-79552,2026-06-28 21:58:00,NMB,Google Ads,cpc,NMB_US_Search_Brand_2026Q2,Lead,
L-80623,2026-05-22 18:58:00,PKF,TikTok,paid_social,PKF_TikTok_Spark_2026Q2,Lead,
L-81345,2026-07-16 20:54:00,NMB,TikTok,paid_social,NMB_TikTok_Prospecting_2026Q2,SQL,
L-72485,2026-05-05 11:09:00,PKF,meta,paid_social,PKF_US_Meta_Conversions,MQL,
L-74365,2026-07-15 08:49:00,PKF,meta,paid_social,PKF_CA_Meta_Prospecting,Lead,
L-73903,2026-05-08 15:34:00,PKF,Facebook,paid_social,PKF_CA_Meta_Prospecting,SQL,
L-72595,2026-05-12 16:17:00,PKF,facebook,paid_social,PKF_US_Meta_Conversions,MQL,
L-74244,2026-06-29 20:04:00,PKF,paid_social,paid_social,PKF_CA_Meta_Prospecting,Lead,
L-75058,2026-06-22 14:40:00,NMB,meta,paid_social,NMB_US_Meta_Prospecting_2026Q2,Lead,
L-79362,2026-06-05 13:55:00,NMB,Google Ads,cpc,NMB_US_Search_Brand_2026Q2,Lead,
L-73503,2026-07-07 10:08:00,PKF,meta,paid_social,PKF_US_Meta_Conversions,Lead,
L-75577,2026-05-11 21:03:00,NMB,Facebook,paid_social,NMB_US_Meta_Retargeting_2026Q2,Lead,
L-80758,2026-06-04 19:59:00,PKF,TikTok,paid_social,PKF_TikTok_Spark_2026Q2,Lead,
L-78122,2026-06-21 22:14:00,PKF,adwords,cpc,PKF_US_Search_Brand_2026Q2,Lead,
L-75442,2026-07-28 11:58:00,NMB,,,,Lead,
L-72610,2026-05-11 16:26:00,PKF,fb,paid_social,PKF_US_Meta_Conversions,Lead,
L-71631,2026-06-16 08:42:00,AUR,meta,paid_social,AUR_EU_Meta_Retargeting_2026Q2,Lead,
L-74392,2026-07-19 18:28:00,PKF,meta,paid_social,PKF_CA_Meta_Prospecting,Lead,
L-73701,2026-07-21 15:15:00,PKF,Facebook,paid_social,PKF_US_Meta_Conversions,MQL,
L-78754,2026-05-11 21:45:00,PKF,adwords,cpc,pkf|nonbrand|search|may26,Lead,
L-79107,2026-05-05 18:03:00,NMB,google,cpc,NMB_US_Search_Brand_2026Q2,Lead,
L-80285,2026-06-14 16:08:00,AUR,,,,Lead,
L-71602,2026-06-13 19:38:00,AUR,Facebook,paid_social,AUR_EU_Meta_Retargeting_2026Q2,Lead,
L-74319,2026-07-10 18:04:00,PKF,,,,Lead,
L-76518,2026-05-28 18:20:00,AUR,Google Ads,cpc,AUR_US_Search_Brand_2026Q2,Lead,
L-70711,2026-07-05 20:39:00,AUR,,,,MQL,
L-78874,2026-06-11 13:16:00,PKF,google,cpc,pkf|nonbrand|search|may26,Lead,
L-79082,2026-05-01 15:41:00,NMB,Google Ads,cpc,NMB_US_Search_Brand_2026Q2,Lead,
L-74357,2026-07-15 21:33:00,PKF,fb,paid_social,PKF_CA_Meta_Prospecting,Lead,
L-73249,2026-06-22 10:44:00,PKF,facebook,paid_social,PKF_US_Meta_Conversions,Lead,
L-81445,2026-05-05 19:54:00,NMB,,,,MQL,
L-77014,2026-05-04 14:32:00,AUR,google,cpc,AUR_EU_Search_NonBrand_2026Q2,Lead,
L-71003,2026-07-27 18:03:00,AUR,,,,SQL,
L-79162,2026-05-12 20:12:00,NMB,Google Ads,cpc,NMB_US_Search_Brand_2026Q2,Closed Won,2400
L-76015,2026-07-03 16:18:00,NMB,facebook,paid_social,NMB_US_Meta_Retargeting_2026Q2,SQL,
L-80446,2026-07-21 20:02:00,AUR,tiktok,paid_social,AUR_TikTok_Prospecting_2026Q2,MQL,
L-74408,2026-07-22 20:31:00,PKF,fb,paid_social,PKF_CA_Meta_Prospecting,MQL,
L-71065,2026-05-01 18:17:00,AUR,,,,Lead,
L-70759,2026-07-08 16:07:00,AUR,,,,Lead,
L-75222,2026-07-11 15:42:00,NMB,,,,Lead,
L-80812,2026-06-13 09:31:00,PKF,tiktok,paid_social,PKF_TikTok_Spark_2026Q2,MQL,
L-80287,2026-06-16 19:42:00,AUR,TikTok,paid_social,AUR_TikTok_Prospecting_2026Q2,Closed Won,2400
L-75552,2026-05-08 20:45:00,NMB,paid_social,paid_social,NMB_US_Meta_Retargeting_2026Q2,Lead,
L-71225,2026-05-15 11:35:00,AUR,,,,Lead,
L-81036,2026-07-15 19:57:00,PKF,tiktok,paid_social,PKF_TikTok_Spark_2026Q2,Lead,
L-81453,2026-05-06 12:26:00,PKF,google,paid_social,(not set),Lead,
L-80046,2026-07-30 13:39:00,NMB,google,cpc,NMB_US_PMax_2026Q2,SQL,
L-81405,2026-05-02 17:13:00,PKF,google,paid_social,(not set),Lead,
L-70708,2026-07-07 14:30:00,AUR,meta,paid_social,AUR_US_Meta_Prospecting_2026Q2,Lead,
L-73507,2026-07-07 09:44:00,PKF,paid_social,paid_social,PKF_US_Meta_Conversions,MQL,
L-76707,2026-06-25 13:47:00,AUR,Google Ads,cpc,AUR_US_Search_Brand_2026Q2,Lead,
L-71186,2026-05-11 22:39:00,AUR,,,,Lead,
L-78036,2026-06-17 15:22:00,PKF,adwords,cpc,PKF_US_Search_Brand_2026Q2,SQL,
L-74024,2026-05-24 22:53:00,PKF,Facebook,paid_social,PKF_CA_Meta_Prospecting,Lead,
L-79871,2026-07-31 11:03:00,NMB,Google Ads,cpc,NMB_US_Search_Brand_2026Q2,MQL,
L-76210,2026-07-24 16:03:00,NMB,Facebook,paid_social,NMB_US_Meta_Retargeting_2026Q2,Lead,
L-73684,2026-07-19 16:30:00,PKF,fb,paid_social,PKF_US_Meta_Conversions,MQL,
L-73047,2026-06-10 11:45:00,PKF,paid_social,paid_social,PKF_US_Meta_Conversions,Lead,
L-78805,2026-05-27 21:16:00,PKF,google,cpc,pkf|nonbrand|search|may26,Lead,
L-80731,2026-06-04 08:18:00,PKF,TikTok,paid_social,PKF_TikTok_Spark_2026Q2,Lead,
L-80121,2026-05-01 17:33:00,AUR,,,,Lead,
L-79131,2026-05-09 21:02:00,NMB,google,cpc,NMB_US_Search_Brand_2026Q2,Lead,
L-78310,2026-07-05 20:22:00,PKF,google,cpc,PKF_US_Search_Brand_2026Q2,Lead,
L-70977,2026-07-24 09:05:00,AUR,,,,Lead,
L-70550,2026-06-23 14:55:00,AUR,meta,paid_social,AUR_US_Meta_Prospecting_2026Q2,SQL,
L-73526,2026-07-09 19:38:00,PKF,,,,MQL,
L-74664,2026-05-19 16:27:00,NMB,paid_social,paid_social,NMB_US_Meta_Prospecting_2026Q2,MQL,
L-82222,2026-07-14 13:30:00,PKF,google,paid_social,(not set),Lead,
L-74725,2026-05-26 16:13:00,NMB,facebook,paid_social,NMB_US_Meta_Prospecting_2026Q2,SQL,
L-75265,2026-07-13 18:19:00,NMB,fb,paid_social,NMB_US_Meta_Prospecting_2026Q2,Lead,
L-74427,2026-07-24 18:41:00,PKF,meta,paid_social,PKF_CA_Meta_Prospecting,Lead,
L-75813,2026-06-06 14:15:00,NMB,Facebook,paid_social,NMB_US_Meta_Retargeting_2026Q2,Lead,
L-82024,2026-06-26 19:52:00,AUR,,,,MQL,
L-76071,2026-07-09 20:16:00,NMB,,,,Lead,
L-77530,2026-05-14 22:02:00,PKF,Google Ads,cpc,PKF_US_Search_Brand_2026Q2,MQL,
L-82404,2026-07-30 08:25:00,PKF,,,,MQL,
L-71267,2026-05-17 13:48:00,AUR,Facebook,paid_social,AUR_EU_Meta_Retargeting_2026Q2,Lead,
L-74486,2026-05-05 19:17:00,NMB,meta,paid_social,NMB_US_Meta_Prospecting_2026Q2,Lead,
L-72402,2026-07-23 11:43:00,AUR,,,,SQL,
L-82165,2026-07-08 22:52:00,PKF,google,paid_social,(not set),Lead,
L-81972,2026-06-22 20:03:00,AUR,google,paid_social,(not set),Lead,
L-79861,2026-07-31 08:53:00,NMB,Google Ads,cpc,NMB_US_Search_Brand_2026Q2,MQL,
L-81604,2026-05-19 16:49:00,NMB,google,paid_social,(not set),Lead,
L-76778,2026-07-03 10:26:00,AUR,google,cpc,AUR_US_Search_Brand_2026Q2,MQL,
L-75936,2026-06-23 14:22:00,NMB,meta,paid_social,NMB_US_Meta_Retargeting_2026Q2,Lead,
L-79611,2026-07-06 08:56:00,NMB,Google Ads,cpc,NMB_US_Search_Brand_2026Q2,Closed Won,3600
L-76133,2026-07-15 19:50:00,NMB,paid_social,paid_social,NMB_US_Meta_Retargeting_2026Q2,Lead,
L-82150,2026-07-07 09:41:00,PKF,google,paid_social,(not set),Lead,
L-79241,2026-05-23 18:11:00,NMB,google,cpc,NMB_US_Search_Brand_2026Q2,SQL,
L-75346,2026-07-21 15:35:00,NMB,Facebook,paid_social,NMB_US_Meta_Prospecting_2026Q2,MQL,
L-79201,2026-05-17 11:34:00,NMB,Google Ads,cpc,NMB_US_Search_Brand_2026Q2,Lead,
L-72737,2026-05-21 08:30:00,PKF,fb,paid_social,PKF_US_Meta_Conversions,Lead,
L-71266,2026-05-17 16:26:00,AUR,fb,paid_social,AUR_EU_Meta_Retargeting_2026Q2,MQL,
L-71335,2026-05-23 11:35:00,AUR,,,,Lead,
L-78943,2026-06-26 13:57:00,PKF,google,cpc,pkf|nonbrand|search|may26,MQL,
L-80645,2026-05-24 21:25:00,PKF,TikTok,paid_social,PKF_TikTok_Spark_2026Q2,MQL,
L-80633,2026-05-22 11:53:00,PKF,tiktok,paid_social,PKF_TikTok_Spark_2026Q2,MQL,
L-70428,2026-06-13 22:09:00,AUR,,,,Lead,
L-73597,2026-07-14 20:55:00,PKF,facebook,paid_social,PKF_US_Meta_Conversions,Lead,
L-72363,2026-07-09 09:07:00,AUR,,,,Lead,
L-79146,2026-05-09 09:22:00,NMB,Google Ads,cpc,NMB_US_Search_Brand_2026Q2,Lead,
L-75656,2026-05-19 22:17:00,NMB,fb,paid_social,NMB_US_Meta_Retargeting_2026Q2,Lead,
L-78263,2026-07-02 12:28:00,PKF,Google Ads,cpc,PKF_US_Search_Brand_2026Q2,MQL,
L-77113,2026-05-25 22:38:00,AUR,,,,MQL,
L-75487,2026-07-30 21:20:00,NMB,paid_social,paid_social,NMB_US_Meta_Prospecting_2026Q2,MQL,
L-71119,2026-05-07 11:04:00,AUR,meta,paid_social,AUR_EU_Meta_Retargeting_2026Q2,MQL,
L-80058,2026-06-19 08:53:00,NMB,Google Ads,cpc,NMB_US_Video_Test_A,Lead,
L-73550,2026-07-11 20:10:00,PKF,,,,SQL,
L-70909,2026-07-22 08:57:00,AUR,,,,Closed Won,1900
L-78962,2026-07-03 17:24:00,PKF,adwords,cpc,pkf|nonbrand|search|may26,Lead,
L-71671,2026-06-21 14:58:00,AUR,,,,MQL,
L-73357,2026-06-28 08:29:00,PKF,fb,paid_social,PKF_US_Meta_Conversions,MQL,
L-75899,2026-06-20 09:42:00,NMB,facebook,paid_social,NMB_US_Meta_Retargeting_2026Q2,MQL,
L-76236,2026-07-28 08:01:00,NMB,Facebook,paid_social,NMB_US_Meta_Retargeting_2026Q2,Lead,
L-80907,2026-06-28 22:06:00,PKF,,,,Lead,
L-81025,2026-07-14 15:48:00,PKF,tiktok,paid_social,PKF_TikTok_Spark_2026Q2,Lead,
L-76804,2026-07-06 09:11:00,AUR,,,,Lead,
L-74954,2026-06-16 15:22:00,NMB,paid_social,paid_social,NMB_US_Meta_Prospecting_2026Q2,MQL,
L-79112,2026-05-06 08:18:00,NMB,google,cpc,NMB_US_Search_Brand_2026Q2,MQL,
L-72267,2026-06-15 09:23:00,AUR,,,,Lead,
L-78636,2026-07-27 21:32:00,PKF,google,cpc,PKF_US_Search_Brand_2026Q2,Lead,
L-72640,2026-05-16 12:57:00,PKF,facebook,paid_social,PKF_US_Meta_Conversions,Lead,
L-72386,2026-07-17 17:54:00,AUR,facebook,paid_social,aurelia|prospecting|meta|may26,Lead,
L-78852,2026-06-04 17:09:00,PKF,google,cpc,pkf|nonbrand|search|may26,Lead,
L-74306,2026-07-08 11:39:00,PKF,,,,Closed Won,8800
L-73972,2026-05-16 11:43:00,PKF,meta,paid_social,PKF_CA_Meta_Prospecting,Lead,
L-71758,2026-06-28 15:45:00,AUR,Facebook,paid_social,AUR_EU_Meta_Retargeting_2026Q2,MQL,
L-76030,2026-07-04 22:29:00,NMB,paid_social,paid_social,NMB_US_Meta_Retargeting_2026Q2,Lead,
L-75514,2026-05-05 12:08:00,NMB,facebook,paid_social,NMB_US_Meta_Retargeting_2026Q2,Lead,
L-76636,2026-06-17 12:56:00,AUR,google,cpc,AUR_US_Search_Brand_2026Q2,Lead,
L-74915,2026-06-12 08:10:00,NMB,meta,paid_social,NMB_US_Meta_Prospecting_2026Q2,Lead,
L-77836,2026-06-02 14:29:00,PKF,,,,MQL,
L-71357,2026-05-25 19:35:00,AUR,,,,MQL,
L-81897,2026-06-15 11:19:00,AUR,google,paid_social,(not set),MQL,
L-74280,2026-07-03 14:30:00,PKF,paid_social,paid_social,PKF_CA_Meta_Prospecting,Lead,
L-80770,2026-06-07 14:23:00,PKF,TikTok,paid_social,PKF_TikTok_Spark_2026Q2,MQL,
L-77843,2026-06-03 12:12:00,PKF,google,cpc,PKF_US_Search_Brand_2026Q2,SQL,
L-80363,2026-07-01 08:49:00,AUR,,,,MQL,
L-80804,2026-06-12 16:11:00,PKF,tiktok,paid_social,PKF_TikTok_Spark_2026Q2,Lead,
L-79318,2026-06-01 14:08:00,NMB,Google Ads,cpc,NMB_US_Search_Brand_2026Q2,Closed Won,1900
L-74371,2026-07-17 15:32:00,PKF,,,,Lead,
L-79649,2026-07-10 14:29:00,NMB,adwords,cpc,NMB_US_Search_Brand_2026Q2,Lead,
L-70885,2026-07-18 16:42:00,AUR,Facebook,paid_social,AUR_US_Meta_Prospecting_2026Q2,Lead,
L-81295,2026-06-25 21:21:00,NMB,tiktok,paid_social,NMB_TikTok_Prospecting_2026Q2,Lead,
L-81774,2026-06-03 14:40:00,PKF,google,paid_social,(not set),MQL,
L-73592,2026-07-14 13:28:00,PKF,fb,paid_social,PKF_US_Meta_Conversions,Lead,
L-78321,2026-07-05 18:55:00,PKF,google,cpc,PKF_US_Search_Brand_2026Q2,Lead,
L-70547,2026-06-25 18:14:00,AUR,paid_social,paid_social,AUR_US_Meta_Prospecting_2026Q2,Lead,
L-75965,2026-06-27 13:52:00,NMB,meta,paid_social,NMB_US_Meta_Retargeting_2026Q2,Lead,
L-70098,2026-05-14 21:38:00,AUR,,,,Lead,
L-81813,2026-06-07 08:27:00,AUR,google,paid_social,(not set),SQL,
L-78994,2026-07-12 11:11:00,PKF,google,cpc,pkf|nonbrand|search|may26,Lead,
L-70130,2026-05-16 18:57:00,AUR,,,,Lead,
L-74235,2026-06-27 20:39:00,PKF,fb,paid_social,PKF_CA_Meta_Prospecting,MQL,
L-76454,2026-05-21 16:58:00,AUR,google,cpc,AUR_US_Search_Brand_2026Q2,Closed Won,3600
L-77285,2026-07-06 19:14:00,AUR,google,cpc,AUR_EU_Search_NonBrand_2026Q2,Lead,
L-77967,2026-06-14 16:36:00,PKF,google,cpc,PKF_US_Search_Brand_2026Q2,MQL,
L-75617,2026-05-15 18:09:00,NMB,,,,Lead,
L-75496,2026-05-01 22:23:00,NMB,fb,paid_social,NMB_US_Meta_Retargeting_2026Q2,Lead,
L-80059,2026-06-18 18:23:00,NMB,google,cpc,NMB_US_Video_Test_A,Lead,
L-77197,2026-06-15 17:15:00,AUR,adwords,cpc,AUR_EU_Search_NonBrand_2026Q2,MQL,
L-72649,2026-05-15 16:46:00,PKF,paid_social,paid_social,PKF_US_Meta_Conversions,MQL,
L-79069,2026-07-29 18:56:00,PKF,google,cpc,pkf|nonbrand|search|may26,SQL,
L-79949,2026-06-08 14:52:00,NMB,google,cpc,NMB_US_PMax_2026Q2,MQL,
L-79472,2026-06-20 18:24:00,NMB,Google Ads,cpc,NMB_US_Search_Brand_2026Q2,Closed Won,3600
L-72773,2026-05-23 14:55:00,PKF,Facebook,paid_social,PKF_US_Meta_Conversions,Closed Won,3600
L-71096,2026-05-04 11:41:00,AUR,meta,paid_social,AUR_EU_Meta_Retargeting_2026Q2,MQL,
L-81333,2026-07-13 08:15:00,NMB,TikTok,paid_social,NMB_TikTok_Prospecting_2026Q2,SQL,
L-79918,2026-05-29 19:35:00,NMB,google,cpc,NMB_US_PMax_2026Q2,SQL,
L-77729,2026-05-26 21:44:00,PKF,,,,Lead,
L-75695,2026-05-25 20:27:00,NMB,Facebook,paid_social,NMB_US_Meta_Retargeting_2026Q2,MQL,
L-81686,2026-05-27 18:30:00,PKF,,,,Lead,
L-82321,2026-07-23 18:50:00,AUR,google,paid_social,(not set),MQL,
L-71620,2026-06-15 20:10:00,AUR,paid_social,paid_social,AUR_EU_Meta_Retargeting_2026Q2,Lead,
L-79580,2026-07-01 22:42:00,NMB,Google Ads,cpc,NMB_US_Search_Brand_2026Q2,Lead,
L-74844,2026-06-06 12:33:00,NMB,meta,paid_social,NMB_US_Meta_Prospecting_2026Q2,Lead,
L-80625,2026-05-22 13:11:00,PKF,TikTok,paid_social,PKF_TikTok_Spark_2026Q2,SQL,
L-80586,2026-05-15 09:44:00,PKF,tiktok,paid_social,PKF_TikTok_Spark_2026Q2,MQL,
L-80124,2026-05-03 17:51:00,AUR,tiktok,paid_social,AUR_TikTok_Prospecting_2026Q2,Lead,
L-80403,2026-07-10 19:36:00,AUR,TikTok,paid_social,AUR_TikTok_Prospecting_2026Q2,Lead,
L-72358,2026-07-10 14:43:00,AUR,,,,SQL,
L-72895,2026-05-31 08:53:00,PKF,,,,Lead,
L-78926,2026-06-26 08:10:00,PKF,google,cpc,pkf|nonbrand|search|may26,Lead,
L-82105,2026-07-03 14:29:00,PKF,google,paid_social,(not set),Closed Won,8800
L-81923,2026-06-17 18:57:00,AUR,,,,MQL,
L-81894,2026-06-14 14:20:00,NMB,google,paid_social,(not set),Lead,
L-80342,2026-06-26 13:36:00,AUR,tiktok,paid_social,AUR_TikTok_Prospecting_2026Q2,MQL,
L-71937,2026-07-14 13:12:00,AUR,meta,paid_social,AUR_EU_Meta_Retargeting_2026Q2,Lead,
L-76193,2026-07-21 19:31:00,NMB,meta,paid_social,NMB_US_Meta_Retargeting_2026Q2,Closed Won,8800
L-79735,2026-07-19 09:20:00,NMB,adwords,cpc,NMB_US_Search_Brand_2026Q2,Lead,
L-79359,2026-06-04 08:42:00,NMB,adwords,cpc,NMB_US_Search_Brand_2026Q2,MQL,
L-77471,2026-05-08 20:41:00,PKF,google,cpc,PKF_US_Search_Brand_2026Q2,MQL,
L-76676,2026-06-20 22:14:00,AUR,,,,Lead,
L-78887,2026-06-14 15:39:00,PKF,,,,Closed Won,5200
L-76834,2026-07-11 19:23:00,AUR,,,,Lead,
L-74050,2026-05-25 13:03:00,PKF,meta,paid_social,PKF_CA_Meta_Prospecting,MQL,
L-73134,2026-06-14 13:53:00,PKF,fb,paid_social,PKF_US_Meta_Conversions,Lead,
L-75534,2026-05-06 14:56:00,NMB,paid_social,paid_social,NMB_US_Meta_Retargeting_2026Q2,Lead,
L-72863,2026-05-28 17:37:00,PKF,fb,paid_social,PKF_US_Meta_Conversions,MQL,
L-77058,2026-05-15 21:41:00,AUR,,,,MQL,
L-72467,2026-05-02 16:29:00,PKF,facebook,paid_social,PKF_US_Meta_Conversions,Lead,
L-81045,2026-07-17 10:24:00,PKF,TikTok,paid_social,PKF_TikTok_Spark_2026Q2,SQL,
L-81360,2026-07-21 12:20:00,NMB,tiktok,paid_social,NMB_TikTok_Prospecting_2026Q2,Lead,
L-74593,2026-05-13 19:40:00,NMB,fb,paid_social,NMB_US_Meta_Prospecting_2026Q2,Lead,
L-82366,2026-07-27 20:14:00,PKF,google,paid_social,(not set),MQL,
L-75921,2026-06-22 08:24:00,NMB,paid_social,paid_social,NMB_US_Meta_Retargeting_2026Q2,MQL,
L-79236,2026-05-21 20:18:00,NMB,adwords,cpc,NMB_US_Search_Brand_2026Q2,Lead,
L-74484,2026-05-05 11:16:00,NMB,fb,paid_social,NMB_US_Meta_Prospecting_2026Q2,MQL,
L-80941,2026-07-03 15:01:00,PKF,tiktok,paid_social,PKF_TikTok_Spark_2026Q2,Lead,
L-79476,2026-06-21 18:47:00,NMB,google,cpc,NMB_US_Search_Brand_2026Q2,Lead,
L-81491,2026-05-10 11:45:00,AUR,,,,MQL,
L-72982,2026-06-05 16:09:00,PKF,paid_social,paid_social,PKF_US_Meta_Conversions,Lead,
L-80368,2026-06-30 13:25:00,AUR,,,,Closed Won,5200
L-72566,2026-05-08 14:14:00,PKF,Facebook,paid_social,PKF_US_Meta_Conversions,Lead,
L-73901,2026-05-06 08:59:00,PKF,facebook,paid_social,PKF_CA_Meta_Prospecting,Lead,
L-71880,2026-07-09 18:36:00,AUR,,,,Lead,
L-82053,2026-06-29 12:37:00,AUR,google,paid_social,(not set),Lead,
L-79018,2026-07-19 19:23:00,PKF,,,,Lead,
L-76322,2026-05-06 17:11:00,AUR,,,,Lead,
L-71100,2026-05-06 16:32:00,AUR,paid_social,paid_social,AUR_EU_Meta_Retargeting_2026Q2,Lead,
L-72892,2026-05-29 12:33:00,PKF,meta,paid_social,PKF_US_Meta_Conversions,Lead,
L-76147,2026-07-17 17:20:00,NMB,,,,Lead,
L-71095,2026-05-05 08:55:00,AUR,,,,MQL,
L-72471,2026-05-04 17:27:00,PKF,meta,paid_social,PKF_US_Meta_Conversions,MQL,
L-80556,2026-05-12 09:28:00,PKF,tiktok,paid_social,PKF_TikTok_Spark_2026Q2,Lead,
L-71129,2026-05-08 12:33:00,AUR,,,,MQL,
L-76267,2026-07-30 14:02:00,NMB,Facebook,paid_social,NMB_US_Meta_Retargeting_2026Q2,Lead,
L-79665,2026-07-12 14:44:00,NMB,Google Ads,cpc,NMB_US_Search_Brand_2026Q2,Lead,
L-81118,2026-07-25 14:59:00,PKF,TikTok,paid_social,PKF_TikTok_Spark_2026Q2,SQL,
L-71950,2026-07-16 14:08:00,AUR,Facebook,paid_social,AUR_EU_Meta_Retargeting_2026Q2,Lead,
L-76335,2026-05-05 08:14:00,AUR,google,cpc,AUR_US_Search_Brand_2026Q2,Lead,
L-78932,2026-06-26 20:23:00,PKF,,,,Lead,
L-81279,2026-06-15 21:35:00,NMB,tiktok,paid_social,NMB_TikTok_Prospecting_2026Q2,Lead,
L-79291,2026-05-29 22:50:00,NMB,Google Ads,cpc,NMB_US_Search_Brand_2026Q2,SQL,
L-75736,2026-05-29 08:52:00,NMB,facebook,paid_social,NMB_US_Meta_Retargeting_2026Q2,MQL,
L-79978,2026-06-24 16:15:00,NMB,,,,Lead,
L-82035,2026-06-26 13:19:00,NMB,google,paid_social,(not set),Lead,
L-72043,2026-07-25 21:33:00,AUR,paid_social,paid_social,AUR_EU_Meta_Retargeting_2026Q2,Lead,
L-74169,2026-06-17 10:47:00,PKF,paid_social,paid_social,PKF_CA_Meta_Prospecting,Lead,
L-71385,2026-05-27 15:01:00,AUR,paid_social,paid_social,AUR_EU_Meta_Retargeting_2026Q2,MQL,
L-80139,2026-05-06 12:37:00,AUR,TikTok,paid_social,AUR_TikTok_Prospecting_2026Q2,Lead,
L-71521,2026-06-07 16:06:00,AUR,Facebook,paid_social,AUR_EU_Meta_Retargeting_2026Q2,Lead,
L-70680,2026-07-04 15:18:00,AUR,fb,paid_social,AUR_US_Meta_Prospecting_2026Q2,MQL,
L-72408,2026-07-22 18:18:00,AUR,,,,MQL,
L-79045,2026-07-24 21:58:00,PKF,Google Ads,cpc,pkf|nonbrand|search|may26,Lead,
L-75841,2026-06-11 11:02:00,NMB,facebook,paid_social,NMB_US_Meta_Retargeting_2026Q2,MQL,
L-80108,2026-06-19 15:34:00,PKF,Google Ads,cpc,PKF_US_Video_Test_C,Lead,
L-71641,2026-06-19 16:30:00,AUR,,,,Lead,
L-76134,2026-07-16 18:22:00,NMB,fb,paid_social,NMB_US_Meta_Retargeting_2026Q2,MQL,
L-74036,2026-05-25 20:57:00,PKF,meta,paid_social,PKF_CA_Meta_Prospecting,Lead,
L-72301,2026-06-25 20:36:00,AUR,meta,paid_social,aurelia|prospecting|meta|may26,Lead,
L-77543,2026-05-13 20:51:00,PKF,adwords,cpc,PKF_US_Search_Brand_2026Q2,SQL,
L-76526,2026-05-29 08:38:00,AUR,google,cpc,AUR_US_Search_Brand_2026Q2,Lead,
L-71523,2026-06-07 17:27:00,AUR,facebook,paid_social,AUR_EU_Meta_Retargeting_2026Q2,Lead,
L-71201,2026-05-13 08:14:00,AUR,meta,paid_social,AUR_EU_Meta_Retargeting_2026Q2,Lead,
L-72110,2026-07-29 10:11:00,AUR,Facebook,paid_social,AUR_EU_Meta_Retargeting_2026Q2,Closed Won,3600
L-78544,2026-07-21 18:52:00,PKF,adwords,cpc,PKF_US_Search_Brand_2026Q2,Closed Won,8800
L-74497,2026-05-04 14:55:00,NMB,facebook,paid_social,NMB_US_Meta_Prospecting_2026Q2,Lead,
L-77309,2026-07-14 09:04:00,AUR,,,,MQL,
L-70221,2026-05-23 21:08:00,AUR,,,,MQL,
L-70714,2026-07-08 09:40:00,AUR,,,,Lead,
L-74481,2026-05-05 08:06:00,NMB,fb,paid_social,NMB_US_Meta_Prospecting_2026Q2,MQL,
L-73185,2026-06-19 14:54:00,PKF,paid_social,paid_social,PKF_US_Meta_Conversions,Lead,
L-81444,2026-05-05 18:18:00,NMB,,,,Lead,
L-81689,2026-05-27 20:16:00,PKF,google,paid_social,(not set),Lead,
L-72747,2026-05-21 08:05:00,PKF,,,,Lead,
L-71451,2026-06-01 11:47:00,AUR,paid_social,paid_social,AUR_EU_Meta_Retargeting_2026Q2,Lead,
L-79790,2026-07-23 14:43:00,NMB,google,cpc,NMB_US_Search_Brand_2026Q2,Lead,
L-75178,2026-07-08 19:53:00,NMB,,,,MQL,
L-78259,2026-06-30 16:32:00,PKF,,,,Closed Won,1900
L-72038,2026-07-24 22:09:00,AUR,paid_social,paid_social,AUR_EU_Meta_Retargeting_2026Q2,Lead,
L-78868,2026-06-09 21:27:00,PKF,Google Ads,cpc,pkf|nonbrand|search|may26,SQL,
L-79598,2026-07-04 22:51:00,NMB,google,cpc,NMB_US_Search_Brand_2026Q2,SQL,
L-74335,2026-07-12 08:29:00,PKF,meta,paid_social,PKF_CA_Meta_Prospecting,Lead,
L-80634,2026-05-22 22:39:00,PKF,TikTok,paid_social,PKF_TikTok_Spark_2026Q2,Lead,
L-74714,2026-05-26 08:14:00,NMB,Facebook,paid_social,NMB_US_Meta_Prospecting_2026Q2,MQL,
L-78408,2026-07-14 16:16:00,PKF,google,cpc,PKF_US_Search_Brand_2026Q2,Lead,
L-80101,2026-05-28 09:06:00,PKF,google,cpc,PKF_US_Video_Test_C,MQL,
L-71955,2026-07-17 18:04:00,AUR,,,,Lead,
L-78615,2026-07-25 21:00:00,PKF,Google Ads,cpc,PKF_US_Search_Brand_2026Q2,MQL,
L-81207,2026-05-17 22:28:00,NMB,TikTok,paid_social,NMB_TikTok_Prospecting_2026Q2,Lead,
L-80915,2026-06-28 11:43:00,PKF,tiktok,paid_social,PKF_TikTok_Spark_2026Q2,SQL,
L-74869,2026-06-08 09:13:00,NMB,Facebook,paid_social,NMB_US_Meta_Prospecting_2026Q2,MQL,
L-80742,2026-06-03 20:33:00,PKF,TikTok,paid_social,PKF_TikTok_Spark_2026Q2,Lead,
L-78634,2026-07-27 21:41:00,PKF,Google Ads,cpc,PKF_US_Search_Brand_2026Q2,Lead,
L-82112,2026-07-04 15:24:00,AUR,,,,Lead,
L-79906,2026-05-22 21:00:00,NMB,Google Ads,cpc,NMB_US_PMax_2026Q2,Lead,
L-79538,2026-06-26 22:19:00,NMB,google,cpc,NMB_US_Search_Brand_2026Q2,MQL,
L-78490,2026-07-16 21:52:00,PKF,adwords,cpc,PKF_US_Search_Brand_2026Q2,SQL,
L-74649,2026-05-18 21:37:00,NMB,facebook,paid_social,NMB_US_Meta_Prospecting_2026Q2,MQL,
L-70146,2026-05-18 14:08:00,AUR,,,,Lead,
L-73819,2026-07-29 09:02:00,PKF,meta,paid_social,PKF_US_Meta_Conversions,MQL,
L-70169,2026-05-20 18:12:00,AUR,fb,paid_social,AUR_US_Meta_Prospecting_2026Q2,SQL,
L-75575,2026-05-11 10:30:00,NMB,meta,paid_social,NMB_US_Meta_Retargeting_2026Q2,MQL,
L-78282,2026-07-03 10:09:00,PKF,Google Ads,cpc,PKF_US_Search_Brand_2026Q2,Closed Won,3600
L-71010,2026-07-27 14:45:00,AUR,meta,paid_social,AUR_US_Meta_Prospecting_2026Q2,Lead,
L-73396,2026-07-02 14:44:00,PKF,fb,paid_social,PKF_US_Meta_Conversions,MQL,
L-78528,2026-07-20 08:47:00,PKF,google,cpc,PKF_US_Search_Brand_2026Q2,Closed Won,2400
L-77901,2026-06-09 20:31:00,PKF,google,cpc,PKF_US_Search_Brand_2026Q2,Lead,
L-80655,2026-05-25 22:07:00,PKF,TikTok,paid_social,PKF_TikTok_Spark_2026Q2,Lead,
L-75878,2026-06-16 08:36:00,NMB,facebook,paid_social,NMB_US_Meta_Retargeting_2026Q2,Lead,
L-81074,2026-07-20 10:57:00,PKF,tiktok,paid_social,PKF_TikTok_Spark_2026Q2,Lead,
L-81773,2026-06-03 14:34:00,AUR,google,paid_social,(not set),MQL,
L-71285,2026-05-18 21:25:00,AUR,fb,paid_social,AUR_EU_Meta_Retargeting_2026Q2,Lead,
L-73462,2026-07-06 08:24:00,PKF,Facebook,paid_social,PKF_US_Meta_Conversions,Lead,
L-77078,2026-05-21 14:33:00,AUR,,,,MQL,
L-73177,2026-06-18 09:38:00,PKF,meta,paid_social,PKF_US_Meta_Conversions,Lead,
L-76239,2026-07-27 12:07:00,NMB,Facebook,paid_social,NMB_US_Meta_Retargeting_2026Q2,Lead,
L-76123,2026-07-15 19:34:00,NMB,meta,paid_social,NMB_US_Meta_Retargeting_2026Q2,Lead,
L-76796,2026-07-05 13:58:00,AUR,,,,MQL,
L-71767,2026-06-29 14:47:00,AUR,paid_social,paid_social,AUR_EU_Meta_Retargeting_2026Q2,Lead,
L-74629,2026-05-17 18:14:00,NMB,paid_social,paid_social,NMB_US_Meta_Prospecting_2026Q2,Lead,
L-75498,2026-05-03 09:18:00,NMB,,,,Lead,
L-77508,2026-05-13 13:19:00,PKF,google,cpc,PKF_US_Search_Brand_2026Q2,Lead,
L-77767,2026-05-31 09:58:00,PKF,google,cpc,PKF_US_Search_Brand_2026Q2,Lead,
L-82207,2026-07-13 11:08:00,AUR,,,,Lead,
L-70297,2026-06-01 08:05:00,AUR,,,,Lead,
L-80956,2026-07-03 22:36:00,PKF,TikTok,paid_social,PKF_TikTok_Spark_2026Q2,Lead,
L-70409,2026-06-13 19:02:00,AUR,,,,Lead,
L-74089,2026-06-04 09:01:00,PKF,fb,paid_social,PKF_CA_Meta_Prospecting,MQL,
L-74774,2026-05-29 21:34:00,NMB,Facebook,paid_social,NMB_US_Meta_Prospecting_2026Q2,MQL,
L-72946,2026-06-03 17:31:00,PKF,fb,paid_social,PKF_US_Meta_Conversions,MQL,
L-78034,2026-06-16 16:14:00,PKF,,,,Lead,
L-70179,2026-05-20 09:01:00,AUR,paid_social,paid_social,AUR_US_Meta_Prospecting_2026Q2,MQL,
L-76694,2026-06-24 09:58:00,AUR,,,,MQL,
L-78772,2026-05-15 09:18:00,PKF,adwords,cpc,pkf|nonbrand|search|may26,MQL,
L-74977,2026-06-17 16:56:00,NMB,paid_social,paid_social,NMB_US_Meta_Prospecting_2026Q2,Closed Won,8800
L-77579,2026-05-16 12:10:00,PKF,adwords,cpc,PKF_US_Search_Brand_2026Q2,Lead,
L-75925,2026-06-21 15:37:00,NMB,fb,paid_social,NMB_US_Meta_Retargeting_2026Q2,Lead,
L-79300,2026-05-29 21:29:00,NMB,google,cpc,NMB_US_Search_Brand_2026Q2,SQL,
L-77264,2026-07-03 11:00:00,AUR,,,,Lead,
L-73183,2026-06-18 11:39:00,PKF,facebook,paid_social,PKF_US_Meta_Conversions,Lead,
L-77408,2026-05-05 14:08:00,PKF,google,cpc,PKF_US_Search_Brand_2026Q2,Lead,
L-73915,2026-05-08 13:50:00,PKF,paid_social,paid_social,PKF_CA_Meta_Prospecting,Lead,
L-75647,2026-05-21 09:49:00,NMB,fb,paid_social,NMB_US_Meta_Retargeting_2026Q2,MQL,
L-76244,2026-07-28 18:58:00,NMB,fb,paid_social,NMB_US_Meta_Retargeting_2026Q2,Lead,
L-80334,2026-06-25 11:06:00,AUR,TikTok,paid_social,AUR_TikTok_Prospecting_2026Q2,Lead,
L-75139,2026-07-01 21:32:00,NMB,fb,paid_social,NMB_US_Meta_Prospecting_2026Q2,Lead,
L-75069,2026-06-24 17:58:00,NMB,facebook,paid_social,NMB_US_Meta_Prospecting_2026Q2,Lead,
L-76318,2026-05-05 22:10:00,AUR,,,,Lead,
L-72219,2026-05-29 22:47:00,AUR,,,,Lead,
L-81570,2026-05-16 12:53:00,PKF,google,paid_social,(not set),MQL,
L-77850,2026-06-05 18:04:00,PKF,google,cpc,PKF_US_Search_Brand_2026Q2,MQL,
L-78251,2026-07-02 09:03:00,PKF,google,cpc,PKF_US_Search_Brand_2026Q2,Lead,
L-77864,2026-06-07 12:23:00,PKF,adwords,cpc,PKF_US_Search_Brand_2026Q2,MQL,
L-74394,2026-07-20 09:54:00,PKF,paid_social,paid_social,PKF_CA_Meta_Prospecting,MQL,
L-74793,2026-06-02 22:53:00,NMB,Facebook,paid_social,NMB_US_Meta_Prospecting_2026Q2,Lead,
L-77434,2026-05-05 08:13:00,PKF,google,cpc,PKF_US_Search_Brand_2026Q2,MQL,
L-79459,2026-06-17 19:05:00,NMB,google,cpc,NMB_US_Search_Brand_2026Q2,Lead,
L-78153,2026-06-24 18:52:00,PKF,adwords,cpc,PKF_US_Search_Brand_2026Q2,MQL,
L-79059,2026-07-28 21:13:00,PKF,google,cpc,pkf|nonbrand|search|may26,SQL,
L-74278,2026-07-04 20:11:00,PKF,meta,paid_social,PKF_CA_Meta_Prospecting,Lead,
L-76744,2026-06-29 20:41:00,AUR,,,,Lead,
L-73000,2026-06-05 13:53:00,PKF,,,,Lead,
L-74380,2026-07-18 22:35:00,PKF,paid_social,paid_social,PKF_CA_Meta_Prospecting,Lead,
L-80435,2026-07-18 09:29:00,AUR,tiktok,paid_social,AUR_TikTok_Prospecting_2026Q2,Lead,
L-70615,2026-06-28 10:42:00,AUR,Facebook,paid_social,AUR_US_Meta_Prospecting_2026Q2,Lead,
L-72304,2026-06-25 17:20:00,AUR,Facebook,paid_social,aurelia|prospecting|meta|may26,Lead,
L-75397,2026-07-24 12:37:00,NMB,meta,paid_social,NMB_US_Meta_Prospecting_2026Q2,Lead,
L-82179,2026-07-09 12:10:00,NMB,google,paid_social,(not set),Lead,
L-80947,2026-07-02 10:53:00,PKF,TikTok,paid_social,PKF_TikTok_Spark_2026Q2,Lead,
L-75508,2026-05-03 22:41:00,NMB,facebook,paid_social,NMB_US_Meta_Retargeting_2026Q2,Lead,
L-81657,2026-05-24 14:38:00,PKF,google,paid_social,(not set),Lead,
L-78628,2026-07-24 08:21:00,PKF,google,cpc,PKF_US_Search_Brand_2026Q2,MQL,
L-76393,2026-05-14 18:08:00,AUR,,,,Lead,
L-73690,2026-07-19 15:50:00,PKF,fb,paid_social,PKF_US_Meta_Conversions,Lead,
L-81033,2026-07-15 17:49:00,PKF,TikTok,paid_social,PKF_TikTok_Spark_2026Q2,Lead,
L-79208,2026-05-16 17:29:00,NMB,Google Ads,cpc,NMB_US_Search_Brand_2026Q2,Lead,
L-77745,2026-05-27 12:07:00,PKF,adwords,cpc,PKF_US_Search_Brand_2026Q2,SQL,
L-73078,2026-06-10 20:26:00,PKF,Facebook,paid_social,PKF_US_Meta_Conversions,Lead,
L-80032,2026-07-26 18:38:00,NMB,adwords,cpc,NMB_US_PMax_2026Q2,Lead,
L-74413,2026-07-24 21:49:00,PKF,fb,paid_social,PKF_CA_Meta_Prospecting,SQL,
L-75672,2026-05-23 21:54:00,NMB,paid_social,paid_social,NMB_US_Meta_Retargeting_2026Q2,MQL,
L-78560,2026-07-22 11:09:00,PKF,google,cpc,PKF_US_Search_Brand_2026Q2,Lead,
L-71851,2026-07-06 20:34:00,AUR,,,,Lead,
L-76175,2026-07-21 18:59:00,NMB,fb,paid_social,NMB_US_Meta_Retargeting_2026Q2,Lead,
L-74758,2026-05-30 22:47:00,NMB,,,,Lead,
L-73854,2026-07-31 20:08:00,PKF,fb,paid_social,PKF_US_Meta_Conversions,Lead,
L-80764,2026-06-07 20:18:00,PKF,tiktok,paid_social,PKF_TikTok_Spark_2026Q2,MQL,
L-78145,2026-06-24 12:32:00,PKF,google,cpc,PKF_US_Search_Brand_2026Q2,MQL,
L-78486,2026-07-16 11:01:00,PKF,Google Ads,cpc,PKF_US_Search_Brand_2026Q2,Lead,
L-77190,2026-06-15 14:22:00,AUR,,,,Lead,
L-78258,2026-07-01 19:47:00,PKF,Google Ads,cpc,PKF_US_Search_Brand_2026Q2,Lead,
L-75210,2026-07-09 14:19:00,NMB,,,,Lead,
L-73437,2026-07-04 20:12:00,PKF,paid_social,paid_social,PKF_US_Meta_Conversions,Closed Won,1900
L-78235,2026-06-30 14:49:00,PKF,google,cpc,PKF_US_Search_Brand_2026Q2,Lead,
L-77413,2026-05-06 21:48:00,PKF,adwords,cpc,PKF_US_Search_Brand_2026Q2,Lead,
L-72806,2026-05-24 22:50:00,PKF,Facebook,paid_social,PKF_US_Meta_Conversions,SQL,
L-81927,2026-06-17 13:24:00,PKF,google,paid_social,(not set),Lead,
L-70026,2026-05-06 10:39:00,AUR,meta,paid_social,AUR_US_Meta_Prospecting_2026Q2,Lead,
L-74529,2026-05-07 13:15:00,NMB,paid_social,paid_social,NMB_US_Meta_Prospecting_2026Q2,MQL,
L-82325,2026-07-23 11:43:00,PKF,google,paid_social,(not set),Lead,
L-81029,2026-07-13 17:24:00,PKF,tiktok,paid_social,PKF_TikTok_Spark_2026Q2,SQL,
L-81376,2026-07-26 22:35:00,NMB,TikTok,paid_social,NMB_TikTok_Prospecting_2026Q2,Lead,
L-78775,2026-05-17 11:37:00,PKF,adwords,cpc,pkf|nonbrand|search|may26,Lead,
L-80745,2026-06-03 19:03:00,PKF,TikTok,paid_social,PKF_TikTok_Spark_2026Q2,MQL,
L-70591,2026-06-26 08:33:00,AUR,paid_social,paid_social,AUR_US_Meta_Prospecting_2026Q2,Lead,
L-81622,2026-05-21 16:27:00,AUR,,,,Lead,
L-82003,2026-06-24 22:07:00,PKF,google,paid_social,(not set),Lead,
L-71274,2026-05-17 13:03:00,AUR,paid_social,paid_social,AUR_EU_Meta_Retargeting_2026Q2,Lead,
L-76051,2026-07-06 08:34:00,NMB,facebook,paid_social,NMB_US_Meta_Retargeting_2026Q2,Lead,
L-82037,2026-06-26 16:58:00,NMB,google,paid_social,(not set),Lead,
L-74220,2026-06-24 20:38:00,PKF,paid_social,paid_social,PKF_CA_Meta_Prospecting,SQL,
L-71754,2026-06-28 14:02:00,AUR,,,,Lead,
L-77645,2026-05-22 16:04:00,PKF,google,cpc,PKF_US_Search_Brand_2026Q2,Lead,
L-72627,2026-05-14 19:42:00,PKF,Facebook,paid_social,PKF_US_Meta_Conversions,Lead,
L-75752,2026-05-31 22:12:00,NMB,meta,paid_social,NMB_US_Meta_Retargeting_2026Q2,Lead,
L-79050,2026-07-24 19:01:00,PKF,Google Ads,cpc,pkf|nonbrand|search|may26,SQL,
L-74755,2026-05-30 09:16:00,NMB,fb,paid_social,NMB_US_Meta_Prospecting_2026Q2,MQL,
L-75511,2026-05-05 22:49:00,NMB,fb,paid_social,NMB_US_Meta_Retargeting_2026Q2,Lead,
L-76692,2026-06-23 14:16:00,AUR,google,cpc,AUR_US_Search_Brand_2026Q2,Lead,
L-77348,2026-07-25 20:31:00,AUR,,,,Lead,
L-76833,2026-07-09 21:21:00,AUR,,,,SQL,
L-79648,2026-07-10 19:25:00,NMB,google,cpc,NMB_US_Search_Brand_2026Q2,Lead,
L-70418,2026-06-12 14:02:00,AUR,paid_social,paid_social,AUR_US_Meta_Prospecting_2026Q2,Closed Won,2400
L-70503,2026-06-21 09:27:00,AUR,fb,paid_social,AUR_US_Meta_Prospecting_2026Q2,Lead,
L-73641,2026-07-15 22:48:00,PKF,,,,Lead,
L-73123,2026-06-14 11:07:00,PKF,facebook,paid_social,PKF_US_Meta_Conversions,Lead,
L-73052,2026-06-11 10:57:00,PKF,meta,paid_social,PKF_US_Meta_Conversions,Lead,
L-73442,2026-07-05 21:39:00,PKF,,,,Lead,
L-78971,2026-07-07 14:39:00,PKF,,,,Closed Won,2400
L-74359,2026-07-14 22:42:00,PKF,meta,paid_social,PKF_CA_Meta_Prospecting,Lead,
L-80591,2026-05-16 08:11:00,PKF,TikTok,paid_social,PKF_TikTok_Spark_2026Q2,Lead,
L-75254,2026-07-14 15:55:00,NMB,meta,paid_social,NMB_US_Meta_Prospecting_2026Q2,Lead,
L-78591,2026-07-25 09:00:00,PKF,google,cpc,PKF_US_Search_Brand_2026Q2,SQL,
L-76355,2026-05-10 20:35:00,AUR,,,,MQL,
L-75952,2026-06-24 11:50:00,NMB,paid_social,paid_social,NMB_US_Meta_Retargeting_2026Q2,Lead,
L-78762,2026-05-14 09:17:00,PKF,google,cpc,pkf|nonbrand|search|may26,MQL,
L-79835,2026-07-29 19:08:00,NMB,,,,Lead,
L-74628,2026-05-17 09:52:00,NMB,Facebook,paid_social,NMB_US_Meta_Prospecting_2026Q2,Closed Won,2400
L-76917,2026-07-19 17:03:00,AUR,google,cpc,AUR_US_Search_Brand_2026Q2,Lead,
L-76135,2026-07-15 20:30:00,NMB,facebook,paid_social,NMB_US_Meta_Retargeting_2026Q2,Lead,
L-75373,2026-07-23 12:29:00,NMB,fb,paid_social,NMB_US_Meta_Prospecting_2026Q2,Lead,
L-70941,2026-07-24 16:48:00,AUR,,,,MQL,
L-70209,2026-05-21 08:26:00,AUR,fb,paid_social,AUR_US_Meta_Prospecting_2026Q2,MQL,
L-81935,2026-06-18 14:48:00,AUR,,,,Lead,
L-78960,2026-07-04 18:41:00,PKF,adwords,cpc,pkf|nonbrand|search|may26,Lead,
L-72594,2026-05-11 22:19:00,PKF,,,,Lead,
L-77031,2026-05-09 09:36:00,AUR,,,,Lead,
L-71459,2026-06-01 20:29:00,AUR,meta,paid_social,AUR_EU_Meta_Retargeting_2026Q2,MQL,
L-80314,2026-06-19 10:27:00,AUR,TikTok,paid_social,AUR_TikTok_Prospecting_2026Q2,Lead,
L-80921,2026-06-29 15:10:00,PKF,TikTok,paid_social,PKF_TikTok_Spark_2026Q2,Closed Won,3600
L-75197,2026-07-07 11:55:00,NMB,Facebook,paid_social,NMB_US_Meta_Prospecting_2026Q2,Lead,
L-79251,2026-05-23 11:15:00,NMB,adwords,cpc,NMB_US_Search_Brand_2026Q2,Lead,
L-80029,2026-07-24 10:48:00,NMB,adwords,cpc,NMB_US_PMax_2026Q2,SQL,
L-81624,2026-05-21 16:24:00,PKF,google,paid_social,(not set),SQL,
L-73739,2026-07-22 13:30:00,PKF,paid_social,paid_social,PKF_US_Meta_Conversions,Lead,
L-71638,2026-06-18 12:37:00,AUR,,,,Lead,
L-81151,2026-07-29 15:19:00,PKF,tiktok,paid_social,PKF_TikTok_Spark_2026Q2,Lead,
L-71433,2026-05-30 12:21:00,AUR,paid_social,paid_social,AUR_EU_Meta_Retargeting_2026Q2,MQL,
L-79847,2026-07-28 15:43:00,NMB,google,cpc,NMB_US_Search_Brand_2026Q2,Lead,
L-82162,2026-07-08 17:00:00,AUR,,,,Lead,
L-71120,2026-05-08 20:56:00,AUR,,,,Lead,
L-74763,2026-05-29 19:11:00,NMB,,,,MQL,
L-80477,2026-07-28 13:53:00,AUR,,,,Lead,
L-79840,2026-07-28 09:31:00,NMB,google,cpc,NMB_US_Search_Brand_2026Q2,Lead,
L-79584,2026-07-01 14:26:00,NMB,adwords,cpc,NMB_US_Search_Brand_2026Q2,SQL,
L-80888,2026-06-24 15:34:00,PKF,TikTok,paid_social,PKF_TikTok_Spark_2026Q2,Lead,
L-77110,2026-05-27 10:45:00,AUR,adwords,cpc,AUR_EU_Search_NonBrand_2026Q2,Lead,
L-71785,2026-07-01 12:26:00,AUR,meta,paid_social,AUR_EU_Meta_Retargeting_2026Q2,Lead,
L-76517,2026-05-29 20:39:00,AUR,adwords,cpc,AUR_US_Search_Brand_2026Q2,MQL,
L-72109,2026-07-29 13:47:00,AUR,,,,MQL,
L-76777,2026-07-02 18:27:00,AUR,google,cpc,AUR_US_Search_Brand_2026Q2,MQL,
L-76166,2026-07-18 20:08:00,NMB,meta,paid_social,NMB_US_Meta_Retargeting_2026Q2,Lead,
L-79922,2026-05-29 21:23:00,NMB,google,cpc,NMB_US_PMax_2026Q2,Lead,
L-72216,2026-05-28 15:46:00,AUR,,,,Lead,
L-72143,2026-05-09 09:35:00,AUR,,,,Lead,
L-71407,2026-05-28 11:09:00,AUR,,,,Lead,
L-75873,2026-06-15 09:57:00,NMB,paid_social,paid_social,NMB_US_Meta_Retargeting_2026Q2,MQL,
L-80617,2026-05-19 08:22:00,PKF,TikTok,paid_social,PKF_TikTok_Spark_2026Q2,Lead,
L-79361,2026-06-05 10:40:00,NMB,google,cpc,NMB_US_Search_Brand_2026Q2,Lead,
L-70296,2026-05-31 20:03:00,AUR,,,,Lead,
L-75985,2026-06-29 19:18:00,NMB,Facebook,paid_social,NMB_US_Meta_Retargeting_2026Q2,Lead,
L-71660,2026-06-22 20:57:00,AUR,meta,paid_social,AUR_EU_Meta_Retargeting_2026Q2,Lead,
L-71053,2026-07-31 21:35:00,AUR,,,,Lead,
L-75917,2026-06-21 08:05:00,NMB,paid_social,paid_social,NMB_US_Meta_Retargeting_2026Q2,Lead,
L-78888,2026-06-13 14:44:00,PKF,google,cpc,pkf|nonbrand|search|may26,SQL,
L-81346,2026-07-18 16:17:00,NMB,tiktok,paid_social,NMB_TikTok_Prospecting_2026Q2,MQL,
L-78226,2026-06-30 20:27:00,PKF,Google Ads,cpc,PKF_US_Search_Brand_2026Q2,SQL,
L-75949,2026-06-24 22:34:00,NMB,meta,paid_social,NMB_US_Meta_Retargeting_2026Q2,MQL,
L-70508,2026-06-20 15:23:00,AUR,paid_social,paid_social,AUR_US_Meta_Prospecting_2026Q2,Closed Won,5200
L-73835,2026-07-29 10:21:00,PKF,Facebook,paid_social,PKF_US_Meta_Conversions,Lead,
L-78466,2026-07-16 19:01:00,PKF,Google Ads,cpc,PKF_US_Search_Brand_2026Q2,MQL,
L-74801,2026-06-03 09:37:00,NMB,Facebook,paid_social,NMB_US_Meta_Prospecting_2026Q2,MQL,
L-75467,2026-07-30 17:47:00,NMB,meta,paid_social,NMB_US_Meta_Prospecting_2026Q2,SQL,
L-75436,2026-07-27 20:53:00,NMB,fb,paid_social,NMB_US_Meta_Prospecting_2026Q2,Lead,
L-79345,2026-06-04 08:58:00,NMB,adwords,cpc,NMB_US_Search_Brand_2026Q2,Lead,
L-77539,2026-05-15 11:00:00,PKF,google,cpc,PKF_US_Search_Brand_2026Q2,Lead,
L-73144,2026-06-17 22:59:00,PKF,paid_social,paid_social,PKF_US_Meta_Conversions,MQL,
L-70410,2026-06-11 09:03:00,AUR,,,,Lead,
L-73725,2026-07-22 13:35:00,PKF,Facebook,paid_social,PKF_US_Meta_Conversions,Lead,
L-70710,2026-07-07 11:41:00,AUR,,,,Lead,
L-77359,2026-07-28 22:16:00,AUR,google,cpc,AUR_EU_Search_NonBrand_2026Q2,SQL,
L-75555,2026-05-07 16:51:00,NMB,Facebook,paid_social,NMB_US_Meta_Retargeting_2026Q2,Lead,
L-76823,2026-07-07 19:50:00,AUR,adwords,cpc,AUR_US_Search_Brand_2026Q2,Lead,
L-78806,2026-05-28 10:37:00,PKF,google,cpc,pkf|nonbrand|search|may26,MQL,
L-74074,2026-05-31 08:34:00,PKF,meta,paid_social,PKF_CA_Meta_Prospecting,Lead,
L-74369,2026-07-17 12:32:00,PKF,fb,paid_social,PKF_CA_Meta_Prospecting,Lead,
L-75894,2026-06-19 17:23:00,NMB,fb,paid_social,NMB_US_Meta_Retargeting_2026Q2,Lead,
L-78187,2026-06-27 15:12:00,PKF,google,cpc,PKF_US_Search_Brand_2026Q2,SQL,
L-75877,2026-06-17 22:53:00,NMB,paid_social,paid_social,NMB_US_Meta_Retargeting_2026Q2,Lead,
L-74560,2026-05-11 19:41:00,NMB,fb,paid_social,NMB_US_Meta_Prospecting_2026Q2,MQL,
L-71338,2026-05-22 11:31:00,AUR,,,,SQL,
L-73898,2026-05-07 19:29:00,PKF,Facebook,paid_social,PKF_CA_Meta_Prospecting,Lead,
L-78004,2026-06-16 13:04:00,PKF,google,cpc,PKF_US_Search_Brand_2026Q2,Lead,
L-76600,2026-06-11 19:52:00,AUR,,,,Lead,
L-71861,2026-07-10 11:52:00,AUR,,,,SQL,
L-73482,2026-07-07 11:34:00,PKF,facebook,paid_social,PKF_US_Meta_Conversions,Lead,
L-81437,2026-05-05 16:23:00,AUR,google,paid_social,(not set),Lead,
L-81981,2026-06-22 20:50:00,PKF,google,paid_social,(not set),Lead,
L-74849,2026-06-05 18:44:00,NMB,meta,paid_social,NMB_US_Meta_Prospecting_2026Q2,Lead,
L-79397,2026-06-08 13:25:00,NMB,adwords,cpc,NMB_US_Search_Brand_2026Q2,MQL,
L-82074,2026-06-30 20:16:00,NMB,google,paid_social,(not set),Lead,
L-76082,2026-07-10 16:30:00,NMB,,,,Lead,
L-79358,2026-06-04 10:44:00,NMB,adwords,cpc,NMB_US_Search_Brand_2026Q2,SQL,
L-74241,2026-06-29 09:24:00,PKF,Facebook,paid_social,PKF_CA_Meta_Prospecting,Lead,
L-77241,2026-06-28 18:30:00,AUR,,,,Lead,
L-73824,2026-07-28 15:11:00,PKF,Facebook,paid_social,PKF_US_Meta_Conversions,Lead,
L-81248,2026-06-01 08:30:00,NMB,tiktok,paid_social,NMB_TikTok_Prospecting_2026Q2,MQL,
L-81275,2026-06-14 09:44:00,NMB,tiktok,paid_social,NMB_TikTok_Prospecting_2026Q2,Lead,
L-70166,2026-05-20 14:20:00,AUR,fb,paid_social,AUR_US_Meta_Prospecting_2026Q2,Lead,
L-72454,2026-05-01 17:11:00,PKF,paid_social,paid_social,PKF_US_Meta_Conversions,Lead,
L-77717,2026-05-27 10:39:00,PKF,google,cpc,PKF_US_Search_Brand_2026Q2,Lead,
L-80039,2026-07-28 17:56:00,NMB,adwords,cpc,NMB_US_PMax_2026Q2,MQL,
L-81471,2026-05-08 14:00:00,AUR,google,paid_social,(not set),Lead,
L-78873,2026-06-11 21:24:00,PKF,google,cpc,pkf|nonbrand|search|may26,Lead,
L-79962,2026-06-15 19:11:00,NMB,google,cpc,NMB_US_PMax_2026Q2,MQL,
L-72585,2026-05-11 09:54:00,PKF,paid_social,paid_social,PKF_US_Meta_Conversions,MQL,
L-75696,2026-05-24 18:52:00,NMB,facebook,paid_social,NMB_US_Meta_Retargeting_2026Q2,Lead,
L-73603,2026-07-14 18:59:00,PKF,fb,paid_social,PKF_US_Meta_Conversions,Lead,
L-82336,2026-07-24 14:52:00,AUR,,,,Lead,
L-78147,2026-06-23 10:18:00,PKF,adwords,cpc,PKF_US_Search_Brand_2026Q2,MQL,
L-70688,2026-07-04 09:58:00,AUR,paid_social,paid_social,AUR_US_Meta_Prospecting_2026Q2,Lead,
L-73324,2026-06-26 16:04:00,PKF,fb,paid_social,PKF_US_Meta_Conversions,Lead,
L-74959,2026-06-15 12:32:00,NMB,,,,Lead,
L-70326,2026-06-03 08:16:00,AUR,paid_social,paid_social,AUR_US_Meta_Prospecting_2026Q2,Lead,
L-78159,2026-06-23 17:42:00,PKF,google,cpc,PKF_US_Search_Brand_2026Q2,Lead,
L-77711,2026-05-26 21:40:00,PKF,adwords,cpc,PKF_US_Search_Brand_2026Q2,Lead,
L-74698,2026-05-24 13:36:00,NMB,paid_social,paid_social,NMB_US_Meta_Prospecting_2026Q2,Lead,
L-72543,2026-05-07 22:45:00,PKF,facebook,paid_social,PKF_US_Meta_Conversions,MQL,
L-77957,2026-06-11 17:07:00,PKF,adwords,cpc,PKF_US_Search_Brand_2026Q2,SQL,
L-70555,2026-06-24 13:52:00,AUR,Facebook,paid_social,AUR_US_Meta_Prospecting_2026Q2,MQL,
L-77505,2026-05-13 21:21:00,PKF,google,cpc,PKF_US_Search_Brand_2026Q2,MQL,
L-78923,2026-06-24 14:25:00,PKF,google,cpc,pkf|nonbrand|search|may26,MQL,
L-70956,2026-07-24 09:12:00,AUR,meta,paid_social,AUR_US_Meta_Prospecting_2026Q2,Lead,
L-77768,2026-05-29 14:00:00,PKF,Google Ads,cpc,PKF_US_Search_Brand_2026Q2,MQL,
L-74865,2026-06-06 19:19:00,NMB,facebook,paid_social,NMB_US_Meta_Prospecting_2026Q2,MQL,
L-73850,2026-07-31 16:35:00,PKF,fb,paid_social,PKF_US_Meta_Conversions,MQL,
L-75630,2026-05-17 08:22:00,NMB,paid_social,paid_social,NMB_US_Meta_Retargeting_2026Q2,MQL,
L-74585,2026-05-14 21:23:00,NMB,facebook,paid_social,NMB_US_Meta_Prospecting_2026Q2,MQL,
L-72083,2026-07-29 08:04:00,AUR,paid_social,paid_social,AUR_EU_Meta_Retargeting_2026Q2,Lead,
L-77099,2026-05-24 20:02:00,AUR,,,,Lead,
L-72576,2026-05-08 14:49:00,PKF,facebook,paid_social,PKF_US_Meta_Conversions,Lead,
L-75961,2026-06-27 18:03:00,NMB,facebook,paid_social,NMB_US_Meta_Retargeting_2026Q2,Lead,
L-70674,2026-07-01 18:53:00,AUR,,,,SQL,
L-79278,2026-05-26 16:11:00,NMB,google,cpc,NMB_US_Search_Brand_2026Q2,Lead,
L-76307,2026-05-03 20:25:00,AUR,,,,Lead,
L-75213,2026-07-10 14:27:00,NMB,,,,Lead,
L-74559,2026-05-10 15:58:00,NMB,fb,paid_social,NMB_US_Meta_Prospecting_2026Q2,MQL,
L-75340,2026-07-19 19:51:00,NMB,,,,Lead,
L-81336,2026-07-14 13:52:00,NMB,TikTok,paid_social,NMB_TikTok_Prospecting_2026Q2,Lead,
L-82091,2026-07-02 21:55:00,PKF,google,paid_social,(not set),Lead,
L-75749,2026-05-31 13:59:00,NMB,fb,paid_social,NMB_US_Meta_Retargeting_2026Q2,Lead,
L-75536,2026-05-06 11:43:00,NMB,Facebook,paid_social,NMB_US_Meta_Retargeting_2026Q2,Lead,
L-79550,2026-06-27 17:23:00,NMB,,,,Closed Won,2400
L-70124,2026-05-16 15:27:00,AUR,facebook,paid_social,AUR_US_Meta_Prospecting_2026Q2,Lead,
L-82386,2026-07-29 10:29:00,AUR,google,paid_social,(not set),Closed Won,8800
L-70844,2026-07-15 14:04:00,AUR,meta,paid_social,AUR_US_Meta_Prospecting_2026Q2,Lead,
L-70434,2026-06-13 21:11:00,AUR,paid_social,paid_social,AUR_US_Meta_Prospecting_2026Q2,MQL,
L-75111,2026-07-01 09:40:00,NMB,Facebook,paid_social,NMB_US_Meta_Prospecting_2026Q2,Lead,
L-75072,2026-06-26 19:55:00,NMB,Facebook,paid_social,NMB_US_Meta_Prospecting_2026Q2,Lead,
L-78381,2026-07-09 21:50:00,PKF,adwords,cpc,PKF_US_Search_Brand_2026Q2,Lead,
L-81075,2026-07-18 10:24:00,PKF,TikTok,paid_social,PKF_TikTok_Spark_2026Q2,MQL,
L-77982,2026-06-13 15:36:00,PKF,adwords,cpc,PKF_US_Search_Brand_2026Q2,Closed Won,8800
L-74205,2026-06-23 22:51:00,PKF,Facebook,paid_social,PKF_CA_Meta_Prospecting,Lead,
L-79521,2026-06-25 13:31:00,NMB,google,cpc,NMB_US_Search_Brand_2026Q2,Lead,
L-77893,2026-06-09 20:55:00,PKF,,,,Lead,
L-75262,2026-07-13 16:13:00,NMB,fb,paid_social,NMB_US_Meta_Prospecting_2026Q2,Lead,
L-76111,2026-07-12 17:23:00,NMB,Facebook,paid_social,NMB_US_Meta_Retargeting_2026Q2,SQL,
L-74607,2026-05-15 12:38:00,NMB,paid_social,paid_social,NMB_US_Meta_Prospecting_2026Q2,Lead,
L-77859,2026-06-05 18:14:00,PKF,adwords,cpc,PKF_US_Search_Brand_2026Q2,Lead,
L-70679,2026-07-02 17:41:00,AUR,fb,paid_social,AUR_US_Meta_Prospecting_2026Q2,Lead,
L-76186,2026-07-23 13:10:00,NMB,fb,paid_social,NMB_US_Meta_Retargeting_2026Q2,Lead,
L-82072,2026-06-30 09:40:00,PKF,google,paid_social,(not set),SQL,
L-80145,2026-05-09 13:14:00,AUR,,,,Lead,
L-80191,2026-05-20 15:36:00,AUR,,,,MQL,
L-79014,2026-07-17 10:26:00,PKF,Google Ads,cpc,pkf|nonbrand|search|may26,Lead,
L-75393,2026-07-23 14:57:00,NMB,meta,paid_social,NMB_US_Meta_Prospecting_2026Q2,Lead,
L-77731,2026-05-28 19:10:00,PKF,adwords,cpc,PKF_US_Search_Brand_2026Q2,SQL,
L-80960,2026-07-05 17:26:00,PKF,tiktok,paid_social,PKF_TikTok_Spark_2026Q2,Lead,
L-80665,2026-05-27 17:17:00,PKF,,,,Lead,
L-76370,2026-05-10 15:28:00,AUR,,,,MQL,
L-71456,2026-06-03 16:35:00,AUR,Facebook,paid_social,AUR_EU_Meta_Retargeting_2026Q2,MQL,
L-81997,2026-06-23 22:16:00,NMB,google,paid_social,(not set),Lead,
L-72305,2026-06-27 09:45:00,AUR,paid_social,paid_social,aurelia|prospecting|meta|may26,MQL,
L-76320,2026-05-03 21:16:00,AUR,,,,MQL,
L-74323,2026-07-11 12:19:00,PKF,,,,Lead,
L-70472,2026-06-17 18:46:00,AUR,,,,Closed Won,3600
L-82245,2026-07-15 21:28:00,NMB,google,paid_social,(not set),Lead,
L-76271,2026-07-29 13:45:00,NMB,Facebook,paid_social,NMB_US_Meta_Retargeting_2026Q2,Lead,
L-75252,2026-07-13 15:39:00,NMB,Facebook,paid_social,NMB_US_Meta_Prospecting_2026Q2,Lead,
L-81765,2026-06-02 17:31:00,PKF,google,paid_social,(not set),Closed Won,2400
L-76606,2026-06-12 13:00:00,AUR,,,,MQL,
L-72035,2026-07-23 15:32:00,AUR,Facebook,paid_social,AUR_EU_Meta_Retargeting_2026Q2,MQL,
L-73486,2026-07-08 16:44:00,PKF,,,,Lead,
L-74216,2026-06-23 21:09:00,PKF,meta,paid_social,PKF_CA_Meta_Prospecting,SQL,
L-77725,2026-05-28 11:57:00,PKF,google,cpc,PKF_US_Search_Brand_2026Q2,Lead,
L-72606,2026-05-12 11:09:00,PKF,facebook,paid_social,PKF_US_Meta_Conversions,Lead,
L-76799,2026-07-06 21:14:00,AUR,,,,Lead,
L-78188,2026-06-27 11:40:00,PKF,google,cpc,PKF_US_Search_Brand_2026Q2,Closed Won,3600
L-82046,2026-06-28 21:25:00,PKF,google,paid_social,(not set),Lead,
L-72633,2026-05-13 10:44:00,PKF,paid_social,paid_social,PKF_US_Meta_Conversions,Lead,
L-75868,2026-06-16 22:00:00,NMB,Facebook,paid_social,NMB_US_Meta_Retargeting_2026Q2,MQL,
L-77809,2026-06-02 15:36:00,PKF,adwords,cpc,PKF_US_Search_Brand_2026Q2,Lead,
L-76053,2026-07-06 17:30:00,NMB,facebook,paid_social,NMB_US_Meta_Retargeting_2026Q2,Lead,
L-72104,2026-07-31 16:19:00,AUR,,,,MQL,
L-80385,2026-07-07 18:11:00,AUR,TikTok,paid_social,AUR_TikTok_Prospecting_2026Q2,MQL,
L-70568,2026-06-25 14:20:00,AUR,,,,MQL,
L-74853,2026-06-06 10:40:00,NMB,Facebook,paid_social,NMB_US_Meta_Prospecting_2026Q2,Lead,
L-80102,2026-06-03 17:07:00,PKF,google,cpc,PKF_US_Video_Test_C,Lead,
L-74287,2026-07-04 18:23:00,PKF,Facebook,paid_social,PKF_CA_Meta_Prospecting,MQL,
L-77233,2026-06-25 19:29:00,AUR,,,,MQL,
L-71382,2026-05-28 14:28:00,AUR,fb,paid_social,AUR_EU_Meta_Retargeting_2026Q2,Lead,
L-77727,2026-05-27 19:09:00,PKF,adwords,cpc,PKF_US_Search_Brand_2026Q2,SQL,
L-81632,2026-05-22 12:59:00,AUR,google,paid_social,(not set),SQL,
L-70030,2026-05-06 19:33:00,AUR,paid_social,paid_social,AUR_US_Meta_Prospecting_2026Q2,MQL,
L-82234,2026-07-15 18:10:00,AUR,,,,MQL,
L-77561,2026-05-15 16:49:00,PKF,google,cpc,PKF_US_Search_Brand_2026Q2,Closed Won,3600
L-76844,2026-07-09 14:51:00,AUR,Google Ads,cpc,AUR_US_Search_Brand_2026Q2,Lead,
L-76813,2026-07-06 15:58:00,AUR,adwords,cpc,AUR_US_Search_Brand_2026Q2,SQL,
L-73272,2026-06-24 22:51:00,PKF,Facebook,paid_social,PKF_US_Meta_Conversions,Lead,
L-78485,2026-07-17 10:30:00,PKF,google,cpc,PKF_US_Search_Brand_2026Q2,Lead,
L-79216,2026-05-20 14:58:00,NMB,google,cpc,NMB_US_Search_Brand_2026Q2,Lead,
L-79581,2026-07-03 10:57:00,NMB,google,cpc,NMB_US_Search_Brand_2026Q2,MQL,
L-71214,2026-05-14 21:56:00,AUR,,,,Lead,
L-81679,2026-05-26 16:29:00,NMB,google,paid_social,(not set),Lead,
L-73229,2026-06-23 17:19:00,PKF,paid_social,paid_social,PKF_US_Meta_Conversions,Lead,
L-74824,2026-06-03 15:06:00,NMB,,,,MQL,
L-82174,2026-07-09 19:38:00,AUR,,,,Lead,
L-80588,2026-05-17 11:42:00,PKF,tiktok,paid_social,PKF_TikTok_Spark_2026Q2,Lead,
L-72841,2026-05-26 13:23:00,PKF,paid_social,paid_social,PKF_US_Meta_Conversions,Lead,
L-77458,2026-05-08 08:10:00,PKF,Google Ads,cpc,PKF_US_Search_Brand_2026Q2,Lead,
L-75652,2026-05-21 22:21:00,NMB,Facebook,paid_social,NMB_US_Meta_Retargeting_2026Q2,Lead,
L-70684,2026-07-03 19:46:00,AUR,Facebook,paid_social,AUR_US_Meta_Prospecting_2026Q2,MQL,
L-79684,2026-07-13 14:02:00,NMB,Google Ads,cpc,NMB_US_Search_Brand_2026Q2,MQL,
L-76820,2026-07-06 17:27:00,AUR,,,,Lead,
L-77396,2026-05-04 16:38:00,PKF,Google Ads,cpc,PKF_US_Search_Brand_2026Q2,Lead,
L-78905,2026-06-18 21:54:00,PKF,,,,SQL,
L-75312,2026-07-18 17:01:00,NMB,meta,paid_social,NMB_US_Meta_Prospecting_2026Q2,Lead,
L-71437,2026-05-30 22:46:00,AUR,facebook,paid_social,AUR_EU_Meta_Retargeting_2026Q2,Lead,
L-71084,2026-05-05 20:29:00,AUR,fb,paid_social,AUR_EU_Meta_Retargeting_2026Q2,MQL,
L-77755,2026-05-30 10:28:00,PKF,adwords,cpc,PKF_US_Search_Brand_2026Q2,Lead,
L-77512,2026-05-11 13:40:00,PKF,google,cpc,PKF_US_Search_Brand_2026Q2,SQL,
L-76700,2026-06-24 19:48:00,AUR,google,cpc,AUR_US_Search_Brand_2026Q2,Lead,
L-72001,2026-07-20 22:08:00,AUR,facebook,paid_social,AUR_EU_Meta_Retargeting_2026Q2,Lead,
L-72718,2026-05-19 20:49:00,PKF,fb,paid_social,PKF_US_Meta_Conversions,Lead,
L-79996,2026-07-02 18:55:00,NMB,,,,Lead,
L-77047,2026-05-15 22:03:00,AUR,google,cpc,AUR_EU_Search_NonBrand_2026Q2,Lead,
L-80783,2026-06-10 17:20:00,PKF,TikTok,paid_social,PKF_TikTok_Spark_2026Q2,Lead,
L-80697,2026-05-30 10:10:00,PKF,tiktok,paid_social,PKF_TikTok_Spark_2026Q2,Closed Won,2400
L-70648,2026-07-02 17:48:00,AUR,meta,paid_social,AUR_US_Meta_Prospecting_2026Q2,Lead,
L-71589,2026-06-12 08:09:00,AUR,fb,paid_social,AUR_EU_Meta_Retargeting_2026Q2,Lead,
L-70264,2026-05-29 14:02:00,AUR,paid_social,paid_social,AUR_US_Meta_Prospecting_2026Q2,MQL,
L-82343,2026-07-24 11:04:00,PKF,google,paid_social,(not set),Lead,
L-71047,2026-07-30 21:19:00,AUR,paid_social,paid_social,AUR_US_Meta_Prospecting_2026Q2,Lead,
L-75327,2026-07-20 17:22:00,NMB,meta,paid_social,NMB_US_Meta_Prospecting_2026Q2,MQL,
L-80929,2026-07-01 13:00:00,PKF,tiktok,paid_social,PKF_TikTok_Spark_2026Q2,MQL,
L-81711,2026-05-28 15:44:00,NMB,google,paid_social,(not set),Lead,
L-71964,2026-07-15 11:41:00,AUR,facebook,paid_social,AUR_EU_Meta_Retargeting_2026Q2,Lead,
L-78894,2026-06-17 15:45:00,PKF,google,cpc,pkf|nonbrand|search|may26,Closed Won,8800
L-72845,2026-05-26 20:50:00,PKF,paid_social,paid_social,PKF_US_Meta_Conversions,Lead,
L-80738,2026-06-05 16:51:00,PKF,TikTok,paid_social,PKF_TikTok_Spark_2026Q2,MQL,
L-77812,2026-05-31 16:29:00,PKF,google,cpc,PKF_US_Search_Brand_2026Q2,Closed Won,8800
L-75891,2026-06-18 18:29:00,NMB,Facebook,paid_social,NMB_US_Meta_Retargeting_2026Q2,SQL,
L-71555,2026-06-11 22:45:00,AUR,,,,Lead,
L-73633,2026-07-16 11:15:00,PKF,facebook,paid_social,PKF_US_Meta_Conversions,Lead,
L-74482,2026-05-04 22:27:00,NMB,,,,Lead,
L-74105,2026-06-06 12:12:00,PKF,meta,paid_social,PKF_CA_Meta_Prospecting,Lead,
L-70771,2026-07-11 08:12:00,AUR,,,,Closed Won,8800
L-82206,2026-07-12 08:40:00,NMB,google,paid_social,(not set),Lead,
L-77144,2026-06-03 08:14:00,AUR,google,cpc,AUR_EU_Search_NonBrand_2026Q2,Lead,
L-71041,2026-07-30 20:08:00,AUR,,,,Lead,
L-71711,2026-06-25 21:05:00,AUR,,,,Closed Won,3600
L-72441,2026-07-31 09:47:00,AUR,,,,Lead,
L-78685,2026-07-30 10:08:00,PKF,google,cpc,PKF_US_Search_Brand_2026Q2,Closed Won,3600
L-79340,2026-06-05 10:08:00,NMB,google,cpc,NMB_US_Search_Brand_2026Q2,MQL,
L-72409,2026-07-24 16:39:00,AUR,,,,Lead,
L-73139,2026-06-16 20:59:00,PKF,Facebook,paid_social,PKF_US_Meta_Conversions,Lead,
L-81310,2026-07-02 10:27:00,NMB,TikTok,paid_social,NMB_TikTok_Prospecting_2026Q2,Lead,
L-74144,2026-06-14 12:01:00,PKF,fb,paid_social,PKF_CA_Meta_Prospecting,Lead,
L-78610,2026-07-24 13:37:00,PKF,google,cpc,PKF_US_Search_Brand_2026Q2,Lead,
L-79869,2026-07-31 11:15:00,NMB,adwords,cpc,NMB_US_Search_Brand_2026Q2,SQL,
L-80415,2026-07-12 14:30:00,AUR,tiktok,paid_social,AUR_TikTok_Prospecting_2026Q2,Lead,
L-72980,2026-06-05 12:51:00,PKF,fb,paid_social,PKF_US_Meta_Conversions,Lead,
L-70847,2026-07-16 16:41:00,AUR,,,,Closed Won,2400
L-76871,2026-07-13 08:37:00,AUR,,,,SQL,
L-81053,2026-07-17 13:22:00,PKF,tiktok,paid_social,PKF_TikTok_Spark_2026Q2,MQL,
L-81770,2026-06-02 21:58:00,NMB,,,,MQL,
L-71557,2026-06-10 21:43:00,AUR,,,,Lead,
L-77592,2026-05-17 21:09:00,PKF,google,cpc,PKF_US_Search_Brand_2026Q2,Lead,
L-75872,2026-06-15 11:41:00,NMB,Facebook,paid_social,NMB_US_Meta_Retargeting_2026Q2,MQL,
L-79057,2026-07-28 12:58:00,PKF,adwords,cpc,pkf|nonbrand|search|may26,Lead,
L-77057,2026-05-14 20:09:00,AUR,google,cpc,AUR_EU_Search_NonBrand_2026Q2,MQL,
L-82078,2026-07-01 10:33:00,AUR,google,paid_social,(not set),SQL,
L-72055,2026-07-24 20:00:00,AUR,fb,paid_social,AUR_EU_Meta_Retargeting_2026Q2,MQL,
L-75190,2026-07-08 10:18:00,NMB,,,,SQL,
L-75935,2026-06-25 16:56:00,NMB,paid_social,paid_social,NMB_US_Meta_Retargeting_2026Q2,Lead,
L-78199,2026-06-26 18:37:00,PKF,,,,Lead,
L-75934,2026-06-23 14:30:00,NMB,meta,paid_social,NMB_US_Meta_Retargeting_2026Q2,Lead,
L-77462,2026-05-07 11:37:00,PKF,Google Ads,cpc,PKF_US_Search_Brand_2026Q2,Lead,
L-75792,2026-06-06 21:44:00,NMB,fb,paid_social,NMB_US_Meta_Retargeting_2026Q2,MQL,
L-76249,2026-07-28 17:29:00,NMB,Facebook,paid_social,NMB_US_Meta_Retargeting_2026Q2,Lead,
L-78789,2026-05-20 17:00:00,PKF,google,cpc,pkf|nonbrand|search|may26,MQL,
L-72708,2026-05-17 16:22:00,PKF,meta,paid_social,PKF_US_Meta_Conversions,Lead,
L-71226,2026-05-14 18:17:00,AUR,,,,Lead,
L-76891,2026-07-18 14:46:00,AUR,,,,Lead,
L-81055,2026-07-16 12:23:00,PKF,TikTok,paid_social,PKF_TikTok_Spark_2026Q2,Lead,
L-71344,2026-05-22 18:45:00,AUR,,,,Closed Won,2400
L-72507,2026-05-05 20:50:00,PKF,paid_social,paid_social,PKF_US_Meta_Conversions,Lead,
L-80388,2026-07-08 09:20:00,AUR,,,,MQL,
L-79749,2026-07-20 12:19:00,NMB,adwords,cpc,NMB_US_Search_Brand_2026Q2,Lead,
L-73960,2026-05-14 19:59:00,PKF,facebook,paid_social,PKF_CA_Meta_Prospecting,Lead,
L-75032,2026-06-23 10:52:00,NMB,fb,paid_social,NMB_US_Meta_Prospecting_2026Q2,Lead,
L-71958,2026-07-15 12:00:00,AUR,,,,MQL,
L-79054,2026-07-26 19:43:00,PKF,google,cpc,pkf|nonbrand|search|may26,Lead,
L-79053,2026-07-24 20:11:00,PKF,Google Ads,cpc,pkf|nonbrand|search|may26,Lead,
L-75269,2026-07-13 10:57:00,NMB,Facebook,paid_social,NMB_US_Meta_Prospecting_2026Q2,MQL,
L-81096,2026-07-21 17:58:00,PKF,TikTok,paid_social,PKF_TikTok_Spark_2026Q2,Lead,
L-70899,2026-07-18 13:17:00,AUR,,,,MQL,
L-76327,2026-05-07 18:27:00,AUR,google,cpc,AUR_US_Search_Brand_2026Q2,MQL,
L-81630,2026-05-21 17:31:00,NMB,google,paid_social,(not set),Lead,
L-74260,2026-06-30 18:54:00,PKF,paid_social,paid_social,PKF_CA_Meta_Prospecting,MQL,
L-80176,2026-05-20 09:41:00,AUR,,,,Lead,
L-73848,2026-07-30 09:43:00,PKF,meta,paid_social,PKF_US_Meta_Conversions,Lead,
L-70783,2026-07-11 19:15:00,AUR,,,,Lead,
L-78945,2026-06-28 22:40:00,PKF,google,cpc,pkf|nonbrand|search|may26,SQL,
L-79683,2026-07-12 11:05:00,NMB,adwords,cpc,NMB_US_Search_Brand_2026Q2,Lead,
L-79371,2026-06-05 13:15:00,NMB,google,cpc,NMB_US_Search_Brand_2026Q2,Lead,
L-73216,2026-06-20 15:13:00,PKF,Facebook,paid_social,PKF_US_Meta_Conversions,MQL,
L-76572,2026-06-04 08:24:00,AUR,Google Ads,cpc,AUR_US_Search_Brand_2026Q2,Lead,
L-79582,2026-07-01 14:45:00,NMB,google,cpc,NMB_US_Search_Brand_2026Q2,Lead,
L-75819,2026-06-07 14:54:00,NMB,paid_social,paid_social,NMB_US_Meta_Retargeting_2026Q2,Lead,
L-81174,2026-05-02 21:14:00,NMB,TikTok,paid_social,NMB_TikTok_Prospecting_2026Q2,Lead,
L-71117,2026-05-07 19:31:00,AUR,paid_social,paid_social,AUR_EU_Meta_Retargeting_2026Q2,Lead,
L-77678,2026-05-24 19:38:00,PKF,Google Ads,cpc,PKF_US_Search_Brand_2026Q2,SQL,
L-80902,2026-06-26 13:21:00,PKF,TikTok,paid_social,PKF_TikTok_Spark_2026Q2,Lead,
L-76863,2026-07-13 15:54:00,AUR,,,,Lead,
L-73568,2026-07-11 09:38:00,PKF,,,,MQL,
L-81874,2026-06-12 12:06:00,PKF,google,paid_social,(not set),SQL,
L-79905,2026-05-22 15:57:00,NMB,Google Ads,cpc,NMB_US_PMax_2026Q2,MQL,
L-70851,2026-07-15 16:23:00,AUR,,,,Lead,
L-73553,2026-07-12 13:18:00,PKF,,,,Lead,
L-70205,2026-05-21 18:18:00,AUR,meta,paid_social,AUR_US_Meta_Prospecting_2026Q2,Lead,
L-77783,2026-05-30 17:37:00,PKF,google,cpc,PKF_US_Search_Brand_2026Q2,MQL,
L-70868,2026-07-18 18:06:00,AUR,fb,paid_social,AUR_US_Meta_Prospecting_2026Q2,MQL,
L-78950,2026-07-01 10:22:00,PKF,google,cpc,pkf|nonbrand|search|may26,Closed Won,2400
L-74566,2026-05-12 08:41:00,NMB,,,,Lead,
L-79732,2026-07-17 11:58:00,NMB,adwords,cpc,NMB_US_Search_Brand_2026Q2,SQL,
L-70465,2026-06-17 21:45:00,AUR,,,,MQL,
L-70583,2026-06-25 21:09:00,AUR,,,,SQL,
L-79331,2026-06-02 08:06:00,NMB,google,cpc,NMB_US_Search_Brand_2026Q2,Lead,
L-71020,2026-07-29 11:48:00,AUR,fb,paid_social,AUR_US_Meta_Prospecting_2026Q2,Closed Won,3600
L-71169,2026-05-08 09:19:00,AUR,meta,paid_social,AUR_EU_Meta_Retargeting_2026Q2,MQL,
L-76729,2026-06-25 14:49:00,AUR,adwords,cpc,AUR_US_Search_Brand_2026Q2,Lead,
L-71004,2026-07-29 21:17:00,AUR,meta,paid_social,AUR_US_Meta_Prospecting_2026Q2,MQL,
L-77917,2026-06-09 10:25:00,PKF,google,cpc,PKF_US_Search_Brand_2026Q2,MQL,
L-81967,2026-06-21 22:46:00,PKF,google,paid_social,(not set),Lead,
L-82031,2026-06-26 12:51:00,PKF,google,paid_social,(not set),Lead,
L-74805,2026-06-03 11:19:00,NMB,paid_social,paid_social,NMB_US_Meta_Prospecting_2026Q2,Lead,
L-80984,2026-07-07 08:31:00,PKF,,,,Lead,
L-82125,2026-07-05 20:37:00,PKF,google,paid_social,(not set),MQL,
L-81211,2026-05-15 12:45:00,NMB,TikTok,paid_social,NMB_TikTok_Prospecting_2026Q2,Lead,
L-70637,2026-07-02 22:29:00,AUR,,,,MQL,
L-73418,2026-07-01 16:41:00,PKF,Facebook,paid_social,PKF_US_Meta_Conversions,SQL,
L-79456,2026-06-16 21:09:00,NMB,adwords,cpc,NMB_US_Search_Brand_2026Q2,MQL,
L-73251,2026-06-22 19:51:00,PKF,paid_social,paid_social,PKF_US_Meta_Conversions,SQL,
L-80592,2026-05-17 10:36:00,PKF,TikTok,paid_social,PKF_TikTok_Spark_2026Q2,Lead,
L-73604,2026-07-15 19:38:00,PKF,fb,paid_social,PKF_US_Meta_Conversions,Lead,
L-74695,2026-05-22 14:17:00,NMB,Facebook,paid_social,NMB_US_Meta_Prospecting_2026Q2,Lead,
L-79415,2026-06-10 08:23:00,NMB,Google Ads,cpc,NMB_US_Search_Brand_2026Q2,Closed Won,3600
L-77949,2026-06-11 13:23:00,PKF,google,cpc,PKF_US_Search_Brand_2026Q2,Lead,
L-71860,2026-07-10 13:16:00,AUR,,,,Lead,
L-70150,2026-05-20 22:03:00,AUR,,,,SQL,
L-78462,2026-07-17 09:55:00,PKF,Google Ads,cpc,PKF_US_Search_Brand_2026Q2,Lead,
L-79056,2026-07-26 12:20:00,PKF,google,cpc,pkf|nonbrand|search|may26,Closed Won,8800
L-77538,2026-05-15 14:27:00,PKF,google,cpc,PKF_US_Search_Brand_2026Q2,Lead,
L-78794,2026-05-22 21:25:00,PKF,google,cpc,pkf|nonbrand|search|may26,SQL,
L-76213,2026-07-24 22:05:00,NMB,paid_social,paid_social,NMB_US_Meta_Retargeting_2026Q2,Lead,
L-70884,2026-07-18 16:28:00,AUR,,,,MQL,
L-72045,2026-07-23 11:07:00,AUR,fb,paid_social,AUR_EU_Meta_Retargeting_2026Q2,Lead,
L-73942,2026-05-13 22:08:00,PKF,facebook,paid_social,PKF_CA_Meta_Prospecting,MQL,
L-75183,2026-07-07 20:29:00,NMB,fb,paid_social,NMB_US_Meta_Prospecting_2026Q2,Lead,
L-82010,2026-06-24 17:15:00,NMB,google,paid_social,(not set),Lead,
L-75429,2026-07-28 22:28:00,NMB,meta,paid_social,NMB_US_Meta_Prospecting_2026Q2,Lead,
L-70058,2026-05-09 15:33:00,AUR,,,,Lead,
L-71058,2026-05-01 22:04:00,AUR,paid_social,paid_social,AUR_EU_Meta_Retargeting_2026Q2,MQL,
L-81287,2026-06-21 09:57:00,NMB,tiktok,paid_social,NMB_TikTok_Prospecting_2026Q2,Lead,
L-76746,2026-06-28 21:38:00,AUR,adwords,cpc,AUR_US_Search_Brand_2026Q2,MQL,
L-74087,2026-06-02 14:06:00,PKF,facebook,paid_social,PKF_CA_Meta_Prospecting,Lead,
L-79175,2026-05-14 22:59:00,NMB,google,cpc,NMB_US_Search_Brand_2026Q2,Lead,
L-82231,2026-07-14 15:41:00,NMB,google,paid_social,(not set),Lead,
L-73811,2026-07-29 15:37:00,PKF,paid_social,paid_social,PKF_US_Meta_Conversions,Lead,
L-77514,2026-05-12 18:05:00,PKF,google,cpc,PKF_US_Search_Brand_2026Q2,SQL,
L-72101,2026-07-31 09:59:00,AUR,fb,paid_social,AUR_EU_Meta_Retargeting_2026Q2,Lead,
L-73640,2026-07-17 17:55:00,PKF,fb,paid_social,PKF_US_Meta_Conversions,Lead,
L-72135,2026-05-05 13:10:00,AUR,paid_social,paid_social,aurelia|prospecting|meta|may26,MQL,
L-77430,2026-05-07 20:58:00,PKF,google,cpc,PKF_US_Search_Brand_2026Q2,Lead,
L-73310,2026-06-25 10:29:00,PKF,,,,Lead,
L-72861,2026-05-27 21:05:00,PKF,meta,paid_social,PKF_US_Meta_Conversions,Lead,
L-71319,2026-05-20 22:16:00,AUR,fb,paid_social,AUR_EU_Meta_Retargeting_2026Q2,Lead,
L-70932,2026-07-23 16:32:00,AUR,,,,Lead,
L-78168,2026-06-26 14:56:00,PKF,google,cpc,PKF_US_Search_Brand_2026Q2,Lead,
L-79121,2026-05-06 10:55:00,NMB,google,cpc,NMB_US_Search_Brand_2026Q2,SQL,
L-76760,2026-07-01 08:24:00,AUR,google,cpc,AUR_US_Search_Brand_2026Q2,MQL,
L-74498,2026-05-05 18:36:00,NMB,fb,paid_social,NMB_US_Meta_Prospecting_2026Q2,Lead,
L-79870,2026-07-31 15:55:00,NMB,,,,Closed Won,1900
L-78339,2026-07-08 13:35:00,PKF,Google Ads,cpc,PKF_US_Search_Brand_2026Q2,SQL,
L-76324,2026-05-06 10:15:00,AUR,,,,Lead,
L-81880,2026-06-13 14:41:00,AUR,,,,SQL,
L-81510,2026-05-12 22:44:00,AUR,google,paid_social,(not set),MQL,
L-75192,2026-07-07 17:47:00,NMB,fb,paid_social,NMB_US_Meta_Prospecting_2026Q2,MQL,
L-77835,2026-06-03 09:49:00,PKF,adwords,cpc,PKF_US_Search_Brand_2026Q2,SQL,
L-74891,2026-06-10 12:52:00,NMB,meta,paid_social,NMB_US_Meta_Prospecting_2026Q2,MQL,
L-77834,2026-06-02 14:12:00,PKF,Google Ads,cpc,PKF_US_Search_Brand_2026Q2,Lead,
L-77483,2026-05-11 22:07:00,PKF,,,,Lead,
L-71519,2026-06-08 12:59:00,AUR,,,,Lead,
L-81026,2026-07-14 10:29:00,PKF,TikTok,paid_social,PKF_TikTok_Spark_2026Q2,MQL,
L-78142,2026-06-23 20:31:00,PKF,google,cpc,PKF_US_Search_Brand_2026Q2,Lead,
L-74920,2026-06-11 11:43:00,NMB,meta,paid_social,NMB_US_Meta_Prospecting_2026Q2,Lead,
L-73452,2026-07-05 08:58:00,PKF,paid_social,paid_social,PKF_US_Meta_Conversions,Lead,
L-76881,2026-07-17 18:03:00,AUR,,,,Lead,
L-74020,2026-05-23 20:40:00,PKF,fb,paid_social,PKF_CA_Meta_Prospecting,Lead,
L-71777,2026-07-02 10:30:00,AUR,,,,Lead,
L-82305,2026-07-21 11:23:00,NMB,google,paid_social,(not set),MQL,
L-81912,2026-06-16 22:35:00,PKF,google,paid_social,(not set),MQL,
L-80317,2026-06-19 17:26:00,AUR,tiktok,paid_social,AUR_TikTok_Prospecting_2026Q2,Lead,
L-72557,2026-05-07 22:19:00,PKF,meta,paid_social,PKF_US_Meta_Conversions,Lead,
L-73131,2026-06-15 16:53:00,PKF,paid_social,paid_social,PKF_US_Meta_Conversions,Lead,
L-80304,2026-06-17 13:40:00,AUR,TikTok,paid_social,AUR_TikTok_Prospecting_2026Q2,Lead,
L-73424,2026-07-01 19:13:00,PKF,facebook,paid_social,PKF_US_Meta_Conversions,Lead,
L-76379,2026-05-12 21:52:00,AUR,adwords,cpc,AUR_US_Search_Brand_2026Q2,Lead,
L-77072,2026-05-17 16:36:00,AUR,adwords,cpc,AUR_EU_Search_NonBrand_2026Q2,Lead,
L-74705,2026-05-24 13:55:00,NMB,fb,paid_social,NMB_US_Meta_Prospecting_2026Q2,Lead,
L-80624,2026-05-20 20:19:00,PKF,tiktok,paid_social,PKF_TikTok_Spark_2026Q2,Lead,
L-80398,2026-07-08 14:53:00,AUR,TikTok,paid_social,AUR_TikTok_Prospecting_2026Q2,Lead,
L-80485,2026-07-29 08:05:00,AUR,tiktok,paid_social,AUR_TikTok_Prospecting_2026Q2,Lead,
L-71027,2026-07-30 22:44:00,AUR,meta,paid_social,AUR_US_Meta_Prospecting_2026Q2,Lead,
L-80507,2026-05-04 20:37:00,PKF,TikTok,paid_social,PKF_TikTok_Spark_2026Q2,Lead,
L-80824,2026-06-15 18:51:00,PKF,tiktok,paid_social,PKF_TikTok_Spark_2026Q2,Lead,
L-70266,2026-05-27 15:46:00,AUR,facebook,paid_social,AUR_US_Meta_Prospecting_2026Q2,Lead,
L-72214,2026-05-28 11:40:00,AUR,paid_social,paid_social,aurelia|prospecting|meta|may26,MQL,
L-81062,2026-07-17 15:22:00,PKF,TikTok,paid_social,PKF_TikTok_Spark_2026Q2,Lead,
L-70930,2026-07-22 19:55:00,AUR,,,,Lead,
L-73713,2026-07-22 14:59:00,PKF,fb,paid_social,PKF_US_Meta_Conversions,MQL,
L-72381,2026-07-15 13:07:00,AUR,fb,paid_social,aurelia|prospecting|meta|may26,MQL,
L-77882,2026-06-08 19:15:00,PKF,adwords,cpc,PKF_US_Search_Brand_2026Q2,Lead,
L-77141,2026-06-01 17:34:00,AUR,,,,SQL,
L-78784,2026-05-19 21:15:00,PKF,adwords,cpc,pkf|nonbrand|search|may26,SQL,
L-79114,2026-05-07 13:52:00,NMB,google,cpc,NMB_US_Search_Brand_2026Q2,Lead,
L-79778,2026-07-23 08:27:00,NMB,Google Ads,cpc,NMB_US_Search_Brand_2026Q2,SQL,
L-71029,2026-07-29 19:55:00,AUR,paid_social,paid_social,AUR_US_Meta_Prospecting_2026Q2,Lead,
L-72052,2026-07-24 16:43:00,AUR,meta,paid_social,AUR_EU_Meta_Retargeting_2026Q2,Lead,
L-79079,2026-05-25 08:35:00,PKF,google,cpc,PKF_US_Display_Legacy,Lead,
L-79385,2026-06-08 11:19:00,NMB,,,,MQL,
L-76334,2026-05-07 16:40:00,AUR,adwords,cpc,AUR_US_Search_Brand_2026Q2,Lead,
L-77097,2026-05-21 21:44:00,AUR,adwords,cpc,AUR_EU_Search_NonBrand_2026Q2,SQL,
L-78416,2026-07-13 21:16:00,PKF,Google Ads,cpc,PKF_US_Search_Brand_2026Q2,Lead,
L-81245,2026-06-02 17:30:00,NMB,,,,Lead,
L-79066,2026-07-29 14:00:00,PKF,google,cpc,pkf|nonbrand|search|may26,Lead,
L-76101,2026-07-12 22:29:00,NMB,,,,MQL,
L-80092,2026-05-08 18:15:00,PKF,google,cpc,PKF_US_Video_Test_C,Lead,
L-75441,2026-07-28 08:45:00,NMB,facebook,paid_social,NMB_US_Meta_Prospecting_2026Q2,MQL,
L-75152,2026-07-02 15:06:00,NMB,meta,paid_social,NMB_US_Meta_Prospecting_2026Q2,MQL,
L-81061,2026-07-19 08:31:00,PKF,TikTok,paid_social,PKF_TikTok_Spark_2026Q2,Lead,
L-70460,2026-06-18 20:33:00,AUR,,,,Lead,
L-78196,2026-06-28 21:22:00,PKF,google,cpc,PKF_US_Search_Brand_2026Q2,Lead,
L-71464,2026-06-02 18:24:00,AUR,,,,Lead,
L-80482,2026-07-29 22:58:00,AUR,tiktok,paid_social,AUR_TikTok_Prospecting_2026Q2,Lead,
L-73175,2026-06-19 22:33:00,PKF,Facebook,paid_social,PKF_US_Meta_Conversions,MQL,
L-79076,2026-07-31 10:22:00,PKF,google,cpc,pkf|nonbrand|search|may26,Lead,
L-74875,2026-06-09 17:22:00,NMB,facebook,paid_social,NMB_US_Meta_Prospecting_2026Q2,Lead,
L-73198,2026-06-19 08:40:00,PKF,meta,paid_social,PKF_US_Meta_Conversions,Lead,
L-72734,2026-05-21 13:36:00,PKF,paid_social,paid_social,PKF_US_Meta_Conversions,Lead,
L-79705,2026-07-16 21:35:00,NMB,google,cpc,NMB_US_Search_Brand_2026Q2,Lead,
L-77680,2026-05-25 12:07:00,PKF,google,cpc,PKF_US_Search_Brand_2026Q2,MQL,
L-77351,2026-07-25 16:42:00,AUR,,,,Lead,
L-70807,2026-07-12 08:22:00,AUR,meta,paid_social,AUR_US_Meta_Prospecting_2026Q2,MQL,
L-72959,2026-06-04 17:15:00,PKF,facebook,paid_social,PKF_US_Meta_Conversions,Lead,
L-80559,2026-05-11 20:46:00,PKF,tiktok,paid_social,PKF_TikTok_Spark_2026Q2,Lead,
L-70327,2026-06-03 18:42:00,AUR,,,,Lead,
L-80694,2026-05-30 09:47:00,PKF,,,,Lead,
L-80802,2026-06-13 18:40:00,PKF,tiktok,paid_social,PKF_TikTok_Spark_2026Q2,Lead,
L-81446,2026-05-05 10:27:00,NMB,google,paid_social,(not set),Lead,
L-72605,2026-05-12 08:19:00,PKF,fb,paid_social,PKF_US_Meta_Conversions,MQL,
L-73375,2026-06-30 19:32:00,PKF,meta,paid_social,PKF_US_Meta_Conversions,Lead,
L-72392,2026-07-19 14:51:00,AUR,,,,Lead,
L-81668,2026-05-25 14:09:00,NMB,,,,Lead,
L-79947,2026-06-08 19:01:00,NMB,adwords,cpc,NMB_US_PMax_2026Q2,Lead,
L-82398,2026-07-30 09:56:00,AUR,google,paid_social,(not set),Lead,
L-80258,2026-06-07 16:30:00,AUR,,,,MQL,
L-74406,2026-07-22 08:14:00,PKF,fb,paid_social,PKF_CA_Meta_Prospecting,MQL,
L-77363,2026-07-28 13:42:00,AUR,,,,Lead,
L-73433,2026-07-04 22:48:00,PKF,paid_social,paid_social,PKF_US_Meta_Conversions,MQL,
L-73652,2026-07-17 22:27:00,PKF,meta,paid_social,PKF_US_Meta_Conversions,Lead,
L-79817,2026-07-28 18:46:00,NMB,,,,MQL,
L-75407,2026-07-24 08:27:00,NMB,paid_social,paid_social,NMB_US_Meta_Prospecting_2026Q2,MQL,
L-79777,2026-07-22 09:01:00,NMB,Google Ads,cpc,NMB_US_Search_Brand_2026Q2,Lead,
L-77709,2026-05-27 08:45:00,PKF,google,cpc,PKF_US_Search_Brand_2026Q2,Lead,
L-78121,2026-06-22 09:10:00,PKF,adwords,cpc,PKF_US_Search_Brand_2026Q2,Closed Won,3600
L-77563,2026-05-16 20:41:00,PKF,google,cpc,PKF_US_Search_Brand_2026Q2,Lead,
L-82117,2026-07-04 09:23:00,NMB,,,,Lead,
L-77269,2026-07-01 13:10:00,AUR,,,,Closed Won,8800
L-81961,2026-06-20 11:30:00,PKF,google,paid_social,(not set),Lead,
L-70105,2026-05-14 09:01:00,AUR,,,,Lead,
L-76099,2026-07-12 18:27:00,NMB,meta,paid_social,NMB_US_Meta_Retargeting_2026Q2,Lead,
L-75220,2026-07-09 19:08:00,NMB,,,,Lead,
L-79682,2026-07-13 18:51:00,NMB,Google Ads,cpc,NMB_US_Search_Brand_2026Q2,Lead,
L-70882,2026-07-18 12:11:00,AUR,fb,paid_social,AUR_US_Meta_Prospecting_2026Q2,MQL,
L-72176,2026-05-18 18:15:00,AUR,facebook,paid_social,aurelia|prospecting|meta|may26,Lead,
L-73434,2026-07-04 12:49:00,PKF,fb,paid_social,PKF_US_Meta_Conversions,Closed Won,2400
L-72361,2026-07-10 20:47:00,AUR,,,,Lead,
L-78044,2026-06-16 21:45:00,PKF,google,cpc,PKF_US_Search_Brand_2026Q2,Lead,
L-74137,2026-06-12 10:07:00,PKF,meta,paid_social,PKF_CA_Meta_Prospecting,Lead,
L-80225,2026-05-30 12:59:00,AUR,,,,MQL,
L-73679,2026-07-18 15:25:00,PKF,meta,paid_social,PKF_US_Meta_Conversions,Lead,
L-79627,2026-07-08 12:58:00,NMB,adwords,cpc,NMB_US_Search_Brand_2026Q2,Lead,
L-80958,2026-07-05 13:54:00,PKF,TikTok,paid_social,PKF_TikTok_Spark_2026Q2,MQL,
L-80243,2026-06-05 20:06:00,AUR,tiktok,paid_social,AUR_TikTok_Prospecting_2026Q2,Lead,
L-82345,2026-07-24 08:02:00,NMB,google,paid_social,(not set),MQL,
L-79049,2026-07-25 17:09:00,PKF,,,,Closed Won,8800
L-79664,2026-07-09 19:47:00,NMB,google,cpc,NMB_US_Search_Brand_2026Q2,Lead,
L-77086,2026-05-21 09:58:00,AUR,,,,Lead,
L-81483,2026-05-09 20:20:00,PKF,google,paid_social,(not set),Lead,
L-71462,2026-06-02 20:22:00,AUR,,,,Lead,
L-79742,2026-07-18 19:51:00,NMB,adwords,cpc,NMB_US_Search_Brand_2026Q2,Closed Won,8800
L-75301,2026-07-16 09:04:00,NMB,facebook,paid_social,NMB_US_Meta_Prospecting_2026Q2,Lead,
L-74761,2026-05-30 18:55:00,NMB,paid_social,paid_social,NMB_US_Meta_Prospecting_2026Q2,MQL,
L-82359,2026-07-26 18:14:00,PKF,google,paid_social,(not set),Lead,
L-70876,2026-07-17 20:42:00,AUR,,,,Lead,
L-71455,2026-06-01 15:24:00,AUR,Facebook,paid_social,AUR_EU_Meta_Retargeting_2026Q2,Lead,
L-75547,2026-05-08 17:28:00,NMB,Facebook,paid_social,NMB_US_Meta_Retargeting_2026Q2,MQL,
L-73465,2026-07-06 22:24:00,PKF,Facebook,paid_social,PKF_US_Meta_Conversions,Lead,
L-79302,2026-05-30 11:11:00,NMB,google,cpc,NMB_US_Search_Brand_2026Q2,Lead,
L-78517,2026-07-19 20:00:00,PKF,google,cpc,PKF_US_Search_Brand_2026Q2,Lead,
L-78863,2026-06-07 14:56:00,PKF,Google Ads,cpc,pkf|nonbrand|search|may26,MQL,
L-72883,2026-05-28 20:16:00,PKF,Facebook,paid_social,PKF_US_Meta_Conversions,Lead,
L-80165,2026-05-14 12:11:00,AUR,TikTok,paid_social,AUR_TikTok_Prospecting_2026Q2,Lead,
L-78030,2026-06-17 16:24:00,PKF,google,cpc,PKF_US_Search_Brand_2026Q2,Closed Won,1900
L-73506,2026-07-08 17:52:00,PKF,,,,Lead,
L-79140,2026-05-08 13:29:00,NMB,google,cpc,NMB_US_Search_Brand_2026Q2,Lead,
L-77942,2026-06-10 21:27:00,PKF,Google Ads,cpc,PKF_US_Search_Brand_2026Q2,Closed Won,2400
L-82239,2026-07-15 21:23:00,PKF,google,paid_social,(not set),Lead,
L-82306,2026-07-21 14:54:00,NMB,google,paid_social,(not set),SQL,
L-72048,2026-07-23 19:35:00,AUR,paid_social,paid_social,AUR_EU_Meta_Retargeting_2026Q2,Lead,
L-74861,2026-06-07 18:54:00,NMB,paid_social,paid_social,NMB_US_Meta_Prospecting_2026Q2,Lead,
L-79690,2026-07-14 16:08:00,NMB,google,cpc,NMB_US_Search_Brand_2026Q2,SQL,
L-77318,2026-07-15 12:20:00,AUR,,,,Lead,
L-70204,2026-05-23 08:32:00,AUR,paid_social,paid_social,AUR_US_Meta_Prospecting_2026Q2,Lead,
L-70274,2026-05-31 19:25:00,AUR,fb,paid_social,AUR_US_Meta_Prospecting_2026Q2,MQL,
L-76504,2026-05-27 20:05:00,AUR,adwords,cpc,AUR_US_Search_Brand_2026Q2,SQL,
L-70907,2026-07-21 20:21:00,AUR,fb,paid_social,AUR_US_Meta_Prospecting_2026Q2,Lead,
L-75706,2026-05-27 11:06:00,NMB,paid_social,paid_social,NMB_US_Meta_Retargeting_2026Q2,Lead,
L-82210,2026-07-13 16:33:00,AUR,google,paid_social,(not set),SQL,
L-81305,2026-06-27 08:50:00,NMB,TikTok,paid_social,NMB_TikTok_Prospecting_2026Q2,MQL,
L-71143,2026-05-08 17:59:00,AUR,,,,Lead,
L-73905,2026-05-08 15:17:00,PKF,,,,MQL,
L-80715,2026-06-01 17:37:00,PKF,TikTok,paid_social,PKF_TikTok_Spark_2026Q2,Lead,
L-79583,2026-07-03 17:03:00,NMB,Google Ads,cpc,NMB_US_Search_Brand_2026Q2,Lead,
L-73564,2026-07-10 19:14:00,PKF,,,,MQL,
L-74675,2026-05-22 14:05:00,NMB,paid_social,paid_social,NMB_US_Meta_Prospecting_2026Q2,Lead,
L-70158,2026-05-18 19:37:00,AUR,Facebook,paid_social,AUR_US_Meta_Prospecting_2026Q2,Lead,
L-72931,2026-06-02 08:36:00,PKF,paid_social,paid_social,PKF_US_Meta_Conversions,MQL,
L-73856,2026-07-31 22:49:00,PKF,Facebook,paid_social,PKF_US_Meta_Conversions,MQL,
L-82263,2026-07-17 15:09:00,PKF,google,paid_social,(not set),Lead,
L-77555,2026-05-14 12:38:00,PKF,adwords,cpc,PKF_US_Search_Brand_2026Q2,SQL,
L-73886,2026-05-06 17:41:00,PKF,fb,paid_social,PKF_CA_Meta_Prospecting,MQL,
L-74414,2026-07-23 09:57:00,PKF,fb,paid_social,PKF_CA_Meta_Prospecting,Lead,
L-75360,2026-07-21 19:33:00,NMB,facebook,paid_social,NMB_US_Meta_Prospecting_2026Q2,MQL,
L-76508,2026-05-26 09:49:00,AUR,google,cpc,AUR_US_Search_Brand_2026Q2,SQL,
L-70385,2026-06-12 14:10:00,AUR,,,,MQL,
L-70522,2026-06-22 19:42:00,AUR,meta,paid_social,AUR_US_Meta_Prospecting_2026Q2,MQL,
L-78497,2026-07-17 19:19:00,PKF,Google Ads,cpc,PKF_US_Search_Brand_2026Q2,Lead,
L-71086,2026-05-05 10:22:00,AUR,,,,SQL,
L-78308,2026-07-06 19:02:00,PKF,Google Ads,cpc,PKF_US_Search_Brand_2026Q2,Lead,
L-77609,2026-05-20 22:17:00,PKF,,,,Lead,
L-81361,2026-07-21 13:03:00,NMB,TikTok,paid_social,NMB_TikTok_Prospecting_2026Q2,Lead,
L-73896,2026-05-07 20:33:00,PKF,facebook,paid_social,PKF_CA_Meta_Prospecting,Lead,
L-74124,2026-06-09 11:12:00,PKF,meta,paid_social,PKF_CA_Meta_Prospecting,Lead,
L-79885,2026-05-09 20:21:00,NMB,google,cpc,NMB_US_PMax_2026Q2,SQL,
L-81688,2026-05-27 19:51:00,PKF,google,paid_social,(not set),Lead,
L-79494,2026-06-22 09:55:00,NMB,google,cpc,NMB_US_Search_Brand_2026Q2,Lead,
L-72211,2026-05-27 20:30:00,AUR,paid_social,paid_social,aurelia|prospecting|meta|may26,Lead,
L-70076,2026-05-10 20:45:00,AUR,,,,Lead,
L-75924,2026-06-22 13:18:00,NMB,Facebook,paid_social,NMB_US_Meta_Retargeting_2026Q2,Lead,
L-75409,2026-07-26 09:34:00,NMB,fb,paid_social,NMB_US_Meta_Prospecting_2026Q2,Closed Won,1900
L-78246,2026-06-30 17:47:00,PKF,google,cpc,PKF_US_Search_Brand_2026Q2,Lead,
L-72807,2026-05-23 10:32:00,PKF,fb,paid_social,PKF_US_Meta_Conversions,MQL,
L-71219,2026-05-14 18:03:00,AUR,,,,Lead,
L-80948,2026-07-04 08:00:00,PKF,tiktok,paid_social,PKF_TikTok_Spark_2026Q2,Lead,
L-70626,2026-06-29 18:03:00,AUR,facebook,paid_social,AUR_US_Meta_Prospecting_2026Q2,MQL,
L-78160,2026-06-25 19:50:00,PKF,adwords,cpc,PKF_US_Search_Brand_2026Q2,Closed Won,1900
L-71405,2026-05-27 12:51:00,AUR,,,,Lead,
L-78660,2026-07-28 16:49:00,PKF,Google Ads,cpc,PKF_US_Search_Brand_2026Q2,Closed Won,1900
L-71362,2026-05-26 12:21:00,AUR,paid_social,paid_social,AUR_EU_Meta_Retargeting_2026Q2,Lead,
L-77442,2026-05-06 08:30:00,PKF,,,,MQL,
L-79667,2026-07-10 21:10:00,NMB,Google Ads,cpc,NMB_US_Search_Brand_2026Q2,Lead,
L-81259,2026-06-05 18:42:00,NMB,tiktok,paid_social,NMB_TikTok_Prospecting_2026Q2,Lead,
L-70015,2026-05-05 17:12:00,AUR,,,,Closed Won,3600
L-75818,2026-06-08 15:37:00,NMB,,,,Lead,
L-72703,2026-05-17 17:23:00,PKF,fb,paid_social,PKF_US_Meta_Conversions,Lead,
L-74814,2026-06-03 15:40:00,NMB,meta,paid_social,NMB_US_Meta_Prospecting_2026Q2,MQL,
L-79106,2026-05-06 14:37:00,NMB,Google Ads,cpc,NMB_US_Search_Brand_2026Q2,MQL,
L-72992,2026-06-05 20:08:00,PKF,facebook,paid_social,PKF_US_Meta_Conversions,Closed Won,2400
L-75235,2026-07-13 09:06:00,NMB,paid_social,paid_social,NMB_US_Meta_Prospecting_2026Q2,Lead,
L-74255,2026-07-01 08:01:00,PKF,facebook,paid_social,PKF_CA_Meta_Prospecting,Lead,
L-81841,2026-06-09 21:46:00,NMB,google,paid_social,(not set),SQL,
L-72823,2026-05-26 14:29:00,PKF,facebook,paid_social,PKF_US_Meta_Conversions,Lead,
L-71646,2026-06-18 17:58:00,AUR,,,,MQL,
L-78397,2026-07-11 14:10:00,PKF,,,,Lead,
L-73632,2026-07-15 13:07:00,PKF,meta,paid_social,PKF_US_Meta_Conversions,Lead,
L-81379,2026-07-29 08:10:00,NMB,TikTok,paid_social,NMB_TikTok_Prospecting_2026Q2,Lead,
L-81286,2026-06-20 17:25:00,NMB,TikTok,paid_social,NMB_TikTok_Prospecting_2026Q2,SQL,
L-72227,2026-06-01 20:19:00,AUR,,,,Lead,
L-73135,2026-06-16 10:26:00,PKF,facebook,paid_social,PKF_US_Meta_Conversions,Lead,
L-74341,2026-07-14 21:12:00,PKF,facebook,paid_social,PKF_CA_Meta_Prospecting,MQL,
L-76217,2026-07-23 14:43:00,NMB,Facebook,paid_social,NMB_US_Meta_Retargeting_2026Q2,Lead,
L-76520,2026-05-29 17:11:00,AUR,google,cpc,AUR_US_Search_Brand_2026Q2,SQL,
L-75435,2026-07-29 18:20:00,NMB,fb,paid_social,NMB_US_Meta_Prospecting_2026Q2,Lead,
L-75793,2026-06-05 13:01:00,NMB,Facebook,paid_social,NMB_US_Meta_Retargeting_2026Q2,MQL,
L-79244,2026-05-22 10:46:00,NMB,Google Ads,cpc,NMB_US_Search_Brand_2026Q2,SQL,
L-76077,2026-07-10 21:00:00,NMB,,,,Lead,
L-70745,2026-07-08 12:38:00,AUR,,,,MQL,
L-72033,2026-07-22 16:01:00,AUR,,,,Lead,
L-75076,2026-06-25 22:35:00,NMB,Facebook,paid_social,NMB_US_Meta_Prospecting_2026Q2,MQL,
L-79136,2026-05-09 10:48:00,NMB,google,cpc,NMB_US_Search_Brand_2026Q2,Lead,
L-82042,2026-06-27 13:21:00,NMB,google,paid_social,(not set),Lead,
L-76847,2026-07-12 16:47:00,AUR,Google Ads,cpc,AUR_US_Search_Brand_2026Q2,MQL,
L-77652,2026-05-22 20:57:00,PKF,google,cpc,PKF_US_Search_Brand_2026Q2,Lead,
L-70937,2026-07-23 21:36:00,AUR,meta,paid_social,AUR_US_Meta_Prospecting_2026Q2,MQL,
L-80470,2026-07-27 20:36:00,AUR,,,,MQL,
L-70569,2026-06-26 21:36:00,AUR,,,,Lead,
L-75307,2026-07-19 11:46:00,NMB,Facebook,paid_social,NMB_US_Meta_Prospecting_2026Q2,Lead,
L-81268,2026-06-10 08:57:00,NMB,TikTok,paid_social,NMB_TikTok_Prospecting_2026Q2,SQL,
L-78410,2026-07-12 22:04:00,PKF,adwords,cpc,PKF_US_Search_Brand_2026Q2,MQL,
L-70813,2026-07-14 11:22:00,AUR,,,,Lead,
L-74072,2026-05-31 08:10:00,PKF,facebook,paid_social,PKF_CA_Meta_Prospecting,Lead,
L-81150,2026-07-30 16:38:00,PKF,TikTok,paid_social,PKF_TikTok_Spark_2026Q2,Lead,
L-70025,2026-05-04 10:01:00,AUR,meta,paid_social,AUR_US_Meta_Prospecting_2026Q2,Lead,
L-72473,2026-05-04 22:47:00,PKF,Facebook,paid_social,PKF_US_Meta_Conversions,Lead,
L-77534,2026-05-15 08:23:00,PKF,google,cpc,PKF_US_Search_Brand_2026Q2,Lead,
L-76340,2026-05-07 18:33:00,AUR,google,cpc,AUR_US_Search_Brand_2026Q2,Lead,
L-74311,2026-07-07 15:04:00,PKF,paid_social,paid_social,PKF_CA_Meta_Prospecting,Lead,
L-79941,2026-06-06 10:26:00,NMB,,,,Closed Won,2400
L-71253,2026-05-15 21:27:00,AUR,,,,MQL,
L-73776,2026-07-25 13:04:00,PKF,meta,paid_social,PKF_US_Meta_Conversions,MQL,
L-82323,2026-07-23 10:36:00,AUR,,,,Lead,
L-73765,2026-07-24 21:21:00,PKF,meta,paid_social,PKF_US_Meta_Conversions,Lead,
L-79203,2026-05-15 08:43:00,NMB,Google Ads,cpc,NMB_US_Search_Brand_2026Q2,Closed Won,2400
L-79260,2026-05-25 11:35:00,NMB,adwords,cpc,NMB_US_Search_Brand_2026Q2,Lead,
L-80663,2026-05-25 17:57:00,PKF,tiktok,paid_social,PKF_TikTok_Spark_2026Q2,Lead,
L-76604,2026-06-10 19:14:00,AUR,,,,Lead,
L-80198,2026-05-23 18:44:00,AUR,,,,MQL,
L-74987,2026-06-17 17:32:00,NMB,fb,paid_social,NMB_US_Meta_Prospecting_2026Q2,MQL,
L-74885,2026-06-08 16:42:00,NMB,,,,Closed Won,5200
L-74604,2026-05-14 10:06:00,NMB,fb,paid_social,NMB_US_Meta_Prospecting_2026Q2,Lead,
L-71485,2026-06-06 10:48:00,AUR,,,,Lead,
L-80112,2026-07-01 16:02:00,PKF,,,,MQL,
L-80983,2026-07-06 19:56:00,PKF,,,,MQL,
L-78371,2026-07-09 15:39:00,PKF,Google Ads,cpc,PKF_US_Search_Brand_2026Q2,Lead,
L-81278,2026-06-15 09:33:00,NMB,tiktok,paid_social,NMB_TikTok_Prospecting_2026Q2,Lead,
L-81528,2026-05-13 14:53:00,PKF,google,paid_social,(not set),Closed Won,8800
L-79975,2026-06-23 19:04:00,NMB,adwords,cpc,NMB_US_PMax_2026Q2,MQL,
L-80295,2026-06-18 19:59:00,AUR,,,,Lead,
L-78038,2026-06-18 15:23:00,PKF,google,cpc,PKF_US_Search_Brand_2026Q2,Closed Won,2400
L-72508,2026-05-07 19:46:00,PKF,paid_social,paid_social,PKF_US_Meta_Conversions,Lead,
L-78470,2026-07-15 17:48:00,PKF,google,cpc,PKF_US_Search_Brand_2026Q2,Lead,
L-80488,2026-07-30 20:44:00,AUR,tiktok,paid_social,AUR_TikTok_Prospecting_2026Q2,MQL,
L-79912,2026-05-26 13:55:00,NMB,,,,Lead,
L-76810,2026-07-08 17:18:00,AUR,,,,Lead,
L-79293,2026-05-29 13:20:00,NMB,adwords,cpc,NMB_US_Search_Brand_2026Q2,Lead,
L-77171,2026-06-06 11:44:00,AUR,Google Ads,cpc,AUR_EU_Search_NonBrand_2026Q2,SQL,
L-76591,2026-06-10 13:49:00,AUR,google,cpc,AUR_US_Search_Brand_2026Q2,SQL,
L-80158,2026-05-12 09:20:00,AUR,TikTok,paid_social,AUR_TikTok_Prospecting_2026Q2,MQL,
L-71952,2026-07-15 20:54:00,AUR,Facebook,paid_social,AUR_EU_Meta_Retargeting_2026Q2,Lead,
L-71908,2026-07-13 12:05:00,AUR,paid_social,paid_social,AUR_EU_Meta_Retargeting_2026Q2,Lead,
L-80749,2026-06-06 16:50:00,PKF,tiktok,paid_social,PKF_TikTok_Spark_2026Q2,Lead,
L-77194,2026-06-14 17:58:00,AUR,Google Ads,cpc,AUR_EU_Search_NonBrand_2026Q2,MQL,
L-72087,2026-07-28 11:45:00,AUR,Facebook,paid_social,AUR_EU_Meta_Retargeting_2026Q2,MQL,
L-74071,2026-05-31 11:34:00,PKF,fb,paid_social,PKF_CA_Meta_Prospecting,MQL,
L-81294,2026-06-25 14:42:00,NMB,TikTok,paid_social,NMB_TikTok_Prospecting_2026Q2,MQL,
L-76493,2026-05-25 13:55:00,AUR,,,,SQL,
L-77481,2026-05-09 08:57:00,PKF,google,cpc,PKF_US_Search_Brand_2026Q2,MQL,
L-72671,2026-05-15 20:04:00,PKF,,,,MQL,
L-70587,2026-06-28 14:06:00,AUR,meta,paid_social,AUR_US_Meta_Prospecting_2026Q2,Lead,
L-79743,2026-07-19 10:04:00,NMB,adwords,cpc,NMB_US_Search_Brand_2026Q2,Closed Won,2400
L-75777,2026-06-04 18:26:00,NMB,Facebook,paid_social,NMB_US_Meta_Retargeting_2026Q2,Lead,
L-72371,2026-07-10 17:22:00,AUR,,,,Lead,
L-70135,2026-05-16 16:00:00,AUR,,,,MQL,
L-82249,2026-07-16 12:20:00,AUR,,,,Closed Won,5200
L-79253,2026-05-24 12:43:00,NMB,,,,MQL,
L-80920,2026-07-01 13:30:00,PKF,tiktok,paid_social,PKF_TikTok_Spark_2026Q2,Lead,
L-71445,2026-06-02 14:08:00,AUR,,,,Lead,
L-80867,2026-06-23 11:59:00,PKF,,,,MQL,
L-81543,2026-05-14 15:26:00,PKF,google,paid_social,(not set),MQL,
L-74862,2026-06-06 14:39:00,NMB,,,,Lead,
L-80606,2026-05-20 10:56:00,PKF,tiktok,paid_social,PKF_TikTok_Spark_2026Q2,MQL,
L-74574,2026-05-11 21:52:00,NMB,fb,paid_social,NMB_US_Meta_Prospecting_2026Q2,Lead,
L-71210,2026-05-15 18:33:00,AUR,paid_social,paid_social,AUR_EU_Meta_Retargeting_2026Q2,Lead,
L-71368,2026-05-26 20:28:00,AUR,,,,Lead,
L-80937,2026-07-01 18:15:00,PKF,TikTok,paid_social,PKF_TikTok_Spark_2026Q2,Lead,
L-78595,2026-07-24 22:12:00,PKF,adwords,cpc,PKF_US_Search_Brand_2026Q2,Lead,
L-77291,2026-07-08 13:35:00,AUR,google,cpc,AUR_EU_Search_NonBrand_2026Q2,MQL,
L-82378,2026-07-28 23:10:00,AUR,google,paid_social,(not set),SQL,
L-75733,2026-05-29 22:20:00,NMB,,,,Lead,
L-70115,2026-05-15 19:32:00,AUR,facebook,paid_social,AUR_US_Meta_Prospecting_2026Q2,Lead,
L-80574,2026-05-14 08:02:00,PKF,TikTok,paid_social,PKF_TikTok_Spark_2026Q2,Lead,
L-79679,2026-07-13 18:08:00,NMB,adwords,cpc,NMB_US_Search_Brand_2026Q2,MQL,
L-72981,2026-06-04 17:23:00,PKF,,,,SQL,
L-76378,2026-05-13 17:03:00,AUR,,,,MQL,
L-76726,2026-06-25 11:36:00,AUR,google,cpc,AUR_US_Search_Brand_2026Q2,MQL,
L-76774,2026-06-30 15:12:00,AUR,google,cpc,AUR_US_Search_Brand_2026Q2,Lead,
L-79867,2026-07-30 12:12:00,NMB,Google Ads,cpc,NMB_US_Search_Brand_2026Q2,MQL,
L-71533,2026-06-08 11:32:00,AUR,fb,paid_social,AUR_EU_Meta_Retargeting_2026Q2,Lead,
L-81533,2026-05-13 10:51:00,NMB,,,,Lead,
L-72688,2026-05-18 22:01:00,PKF,fb,paid_social,PKF_US_Meta_Conversions,MQL,
L-82283,2026-07-19 10:21:00,NMB,google,paid_social,(not set),SQL,
L-78273,2026-07-02 17:45:00,PKF,google,cpc,PKF_US_Search_Brand_2026Q2,Lead,
L-76315,2026-05-04 20:27:00,AUR,Google Ads,cpc,AUR_US_Search_Brand_2026Q2,SQL,
L-81844,2026-06-10 08:03:00,AUR,google,paid_social,(not set),SQL,
L-79292,2026-05-28 17:27:00,NMB,google,cpc,NMB_US_Search_Brand_2026Q2,Closed Won,8800
L-70828,2026-07-14 10:01:00,AUR,,,,MQL,
L-74026,2026-05-23 08:42:00,PKF,Facebook,paid_social,PKF_CA_Meta_Prospecting,MQL,
L-78335,2026-07-07 15:17:00,PKF,Google Ads,cpc,PKF_US_Search_Brand_2026Q2,Closed Won,5200
L-73878,2026-05-06 11:59:00,PKF,meta,paid_social,PKF_CA_Meta_Prospecting,Lead,
L-81808,2026-06-06 10:36:00,PKF,google,paid_social,(not set),Lead,
L-78782,2026-05-21 16:34:00,PKF,google,cpc,pkf|nonbrand|search|may26,MQL,
L-80702,2026-05-29 08:14:00,PKF,TikTok,paid_social,PKF_TikTok_Spark_2026Q2,MQL,
L-78503,2026-07-19 12:26:00,PKF,adwords,cpc,PKF_US_Search_Brand_2026Q2,Closed Won,3600
L-74166,2026-06-16 16:44:00,PKF,facebook,paid_social,PKF_CA_Meta_Prospecting,Lead,
L-82403,2026-07-30 12:04:00,PKF,,,,SQL,
L-77525,2026-05-12 18:32:00,PKF,google,cpc,PKF_US_Search_Brand_2026Q2,SQL,
L-72136,2026-05-08 21:29:00,AUR,,,,Lead,
L-73026,2026-06-07 13:48:00,PKF,,,,MQL,
L-71393,2026-05-28 17:57:00,AUR,paid_social,paid_social,AUR_EU_Meta_Retargeting_2026Q2,Lead,
L-70988,2026-07-28 17:47:00,AUR,fb,paid_social,AUR_US_Meta_Prospecting_2026Q2,Lead,
L-75811,2026-06-08 20:24:00,NMB,Facebook,paid_social,NMB_US_Meta_Retargeting_2026Q2,Lead,
L-77154,2026-06-03 17:21:00,AUR,google,cpc,AUR_EU_Search_NonBrand_2026Q2,Lead,
L-72112,2026-07-29 17:18:00,AUR,,,,Lead,
L-72775,2026-05-21 22:55:00,PKF,meta,paid_social,PKF_US_Meta_Conversions,MQL,
L-79473,2026-06-20 14:56:00,NMB,google,cpc,NMB_US_Search_Brand_2026Q2,SQL,
L-76451,2026-05-19 16:02:00,AUR,,,,Lead,
L-74551,2026-05-11 20:38:00,NMB,facebook,paid_social,NMB_US_Meta_Prospecting_2026Q2,SQL,
L-77723,2026-05-27 15:35:00,PKF,Google Ads,cpc,PKF_US_Search_Brand_2026Q2,MQL,
L-72067,2026-07-27 17:27:00,AUR,,,,Lead,
L-70543,2026-06-24 18:52:00,AUR,meta,paid_social,AUR_US_Meta_Prospecting_2026Q2,MQL,
L-72549,2026-05-09 18:21:00,PKF,meta,paid_social,PKF_US_Meta_Conversions,Lead,
L-81441,2026-05-05 16:46:00,PKF,google,paid_social,(not set),SQL,
L-80136,2026-05-06 09:15:00,AUR,TikTok,paid_social,AUR_TikTok_Prospecting_2026Q2,Lead,
L-71928,2026-07-13 09:40:00,AUR,meta,paid_social,AUR_EU_Meta_Retargeting_2026Q2,Closed Won,2400
L-82200,2026-07-12 07:28:00,AUR,,,,Lead,
L-80604,2026-05-18 19:51:00,PKF,TikTok,paid_social,PKF_TikTok_Spark_2026Q2,MQL,
L-74215,2026-06-23 09:57:00,PKF,,,,Lead,
L-78981,2026-07-08 09:03:00,PKF,Google Ads,cpc,pkf|nonbrand|search|may26,Lead,
L-81559,2026-05-15 15:35:00,PKF,,,,Lead,
L-76375,2026-05-11 12:37:00,AUR,,,,Lead,
L-79372,2026-06-07 10:24:00,NMB,google,cpc,NMB_US_Search_Brand_2026Q2,MQL,
L-72498,2026-05-05 08:50:00,PKF,meta,paid_social,PKF_US_Meta_Conversions,Lead,
L-71890,2026-07-10 18:19:00,AUR,,,,Closed Won,5200
L-75214,2026-07-10 09:18:00,NMB,,,,Lead,
L-79891,2026-05-13 16:01:00,NMB,,,,Lead,
L-81090,2026-07-22 15:48:00,PKF,tiktok,paid_social,PKF_TikTok_Spark_2026Q2,MQL,
L-75390,2026-07-23 12:32:00,NMB,Facebook,paid_social,NMB_US_Meta_Prospecting_2026Q2,Lead,
L-76012,2026-07-03 14:13:00,NMB,Facebook,paid_social,NMB_US_Meta_Retargeting_2026Q2,Lead,
L-71904,2026-07-13 15:28:00,AUR,facebook,paid_social,AUR_EU_Meta_Retargeting_2026Q2,Lead,
L-78148,2026-06-23 19:35:00,PKF,Google Ads,cpc,PKF_US_Search_Brand_2026Q2,SQL,
L-70614,2026-06-30 15:39:00,AUR,,,,Lead,
L-81429,2026-05-04 08:47:00,NMB,google,paid_social,(not set),SQL,
L-79814,2026-07-28 15:19:00,NMB,google,cpc,NMB_US_Search_Brand_2026Q2,SQL,
L-75334,2026-07-20 13:12:00,NMB,fb,paid_social,NMB_US_Meta_Prospecting_2026Q2,Closed Won,1900
L-75022,2026-06-19 18:09:00,NMB,meta,paid_social,NMB_US_Meta_Prospecting_2026Q2,Lead,
L-80680,2026-05-27 14:56:00,PKF,tiktok,paid_social,PKF_TikTok_Spark_2026Q2,Lead,
L-74957,2026-06-16 17:15:00,NMB,paid_social,paid_social,NMB_US_Meta_Prospecting_2026Q2,Lead,
L-71716,2026-06-26 17:06:00,AUR,meta,paid_social,AUR_EU_Meta_Retargeting_2026Q2,Lead,
L-81007,2026-07-11 14:18:00,PKF,tiktok,paid_social,PKF_TikTok_Spark_2026Q2,MQL,
L-75501,2026-05-02 08:04:00,NMB,facebook,paid_social,NMB_US_Meta_Retargeting_2026Q2,MQL,
L-72007,2026-07-20 22:14:00,AUR,paid_social,paid_social,AUR_EU_Meta_Retargeting_2026Q2,MQL,
L-77229,2026-06-24 11:54:00,AUR,,,,MQL,
L-74391,2026-07-20 15:56:00,PKF,facebook,paid_social,PKF_CA_Meta_Prospecting,SQL,
L-74212,2026-06-22 21:59:00,PKF,fb,paid_social,PKF_CA_Meta_Prospecting,Lead,
L-75655,2026-05-19 15:40:00,NMB,facebook,paid_social,NMB_US_Meta_Retargeting_2026Q2,Lead,
L-74762,2026-05-30 09:45:00,NMB,paid_social,paid_social,NMB_US_Meta_Prospecting_2026Q2,Lead,
L-75832,2026-06-10 17:34:00,NMB,meta,paid_social,NMB_US_Meta_Retargeting_2026Q2,Lead,
L-78725,2026-05-05 16:54:00,PKF,Google Ads,cpc,pkf|nonbrand|search|may26,Lead,
L-75333,2026-07-21 10:15:00,NMB,fb,paid_social,NMB_US_Meta_Prospecting_2026Q2,Lead,
L-77941,2026-06-10 18:04:00,PKF,google,cpc,PKF_US_Search_Brand_2026Q2,Closed Won,8800
L-78362,2026-07-09 11:38:00,PKF,Google Ads,cpc,PKF_US_Search_Brand_2026Q2,Lead,
L-77207,2026-06-17 08:06:00,AUR,Google Ads,cpc,AUR_EU_Search_NonBrand_2026Q2,MQL,
L-74385,2026-07-18 21:20:00,PKF,paid_social,paid_social,PKF_CA_Meta_Prospecting,Lead,
L-80669,2026-05-26 08:25:00,PKF,tiktok,paid_social,PKF_TikTok_Spark_2026Q2,MQL,
L-72536,2026-05-07 16:12:00,PKF,Facebook,paid_social,PKF_US_Meta_Conversions,SQL,
L-78237,2026-06-29 17:44:00,PKF,google,cpc,PKF_US_Search_Brand_2026Q2,Lead,
L-79138,2026-05-10 12:21:00,NMB,adwords,cpc,NMB_US_Search_Brand_2026Q2,Lead,
L-76321,2026-05-06 15:49:00,AUR,adwords,cpc,AUR_US_Search_Brand_2026Q2,Lead,
L-78708,2026-05-01 10:11:00,PKF,google,cpc,pkf|nonbrand|search|may26,Lead,
L-75585,2026-05-14 12:54:00,NMB,paid_social,paid_social,NMB_US_Meta_Retargeting_2026Q2,MQL,
L-74019,2026-05-23 14:03:00,PKF,,,,Lead,
L-76658,2026-06-19 19:33:00,AUR,adwords,cpc,AUR_US_Search_Brand_2026Q2,Lead,
L-77791,2026-05-30 12:28:00,PKF,google,cpc,PKF_US_Search_Brand_2026Q2,SQL,
L-72701,2026-05-17 14:46:00,PKF,fb,paid_social,PKF_US_Meta_Conversions,MQL,
L-73646,2026-07-17 19:48:00,PKF,facebook,paid_social,PKF_US_Meta_Conversions,Lead,
L-80016,2026-07-18 19:25:00,NMB,Google Ads,cpc,NMB_US_PMax_2026Q2,Lead,
L-80400,2026-07-10 15:09:00,AUR,tiktok,paid_social,AUR_TikTok_Prospecting_2026Q2,Lead,
L-71629,2026-06-18 12:51:00,AUR,,,,Lead,
L-78455,2026-07-14 12:29:00,PKF,google,cpc,PKF_US_Search_Brand_2026Q2,Lead,
L-80088,2026-07-15 17:05:00,AUR,,,,Lead,
L-71016,2026-07-28 09:17:00,AUR,,,,Lead,
L-74439,2026-07-26 15:22:00,PKF,meta,paid_social,PKF_CA_Meta_Prospecting,Lead,
L-71974,2026-07-17 09:11:00,AUR,,,,Lead,
L-81593,2026-05-18 10:00:00,NMB,google,paid_social,(not set),Lead,
L-82219,2026-07-14 11:28:00,AUR,google,paid_social,(not set),MQL,
L-81485,2026-05-09 20:42:00,PKF,google,paid_social,(not set),Lead,
L-77428,2026-05-06 22:56:00,PKF,Google Ads,cpc,PKF_US_Search_Brand_2026Q2,Closed Won,8800
L-73675,2026-07-19 10:12:00,PKF,facebook,paid_social,PKF_US_Meta_Conversions,Lead,
L-79935,2026-06-02 16:14:00,NMB,google,cpc,NMB_US_PMax_2026Q2,Lead,
L-71182,2026-05-10 18:47:00,AUR,Facebook,paid_social,AUR_EU_Meta_Retargeting_2026Q2,Lead,
L-79910,2026-05-25 20:00:00,NMB,google,cpc,NMB_US_PMax_2026Q2,MQL,
L-76792,2026-07-05 15:43:00,AUR,,,,Lead,
L-71450,2026-05-31 15:31:00,AUR,Facebook,paid_social,AUR_EU_Meta_Retargeting_2026Q2,MQL,
L-74171,2026-06-17 22:13:00,PKF,fb,paid_social,PKF_CA_Meta_Prospecting,MQL,
L-72872,2026-05-27 12:24:00,PKF,facebook,paid_social,PKF_US_Meta_Conversions,MQL,
L-81695,2026-05-28 07:51:00,AUR,,,,Lead,
L-72628,2026-05-13 16:14:00,PKF,facebook,paid_social,PKF_US_Meta_Conversions,MQL,
L-74491,2026-05-05 17:10:00,NMB,facebook,paid_social,NMB_US_Meta_Prospecting_2026Q2,MQL,
L-71517,2026-06-08 18:28:00,AUR,paid_social,paid_social,AUR_EU_Meta_Retargeting_2026Q2,Lead,
L-73677,2026-07-19 13:55:00,PKF,facebook,paid_social,PKF_US_Meta_Conversions,MQL,
L-78698,2026-07-29 16:44:00,PKF,google,cpc,PKF_US_Search_Brand_2026Q2,Closed Won,2400
L-78086,2026-06-20 09:38:00,PKF,Google Ads,cpc,PKF_US_Search_Brand_2026Q2,Lead,
L-73562,2026-07-10 16:24:00,PKF,,,,Lead,
L-70348,2026-06-06 22:48:00,AUR,,,,Lead,
L-80115,2026-07-11 11:50:00,PKF,,,,SQL,
L-79514,2026-06-24 21:22:00,NMB,Google Ads,cpc,NMB_US_Search_Brand_2026Q2,Lead,
L-79502,2026-06-24 16:00:00,NMB,google,cpc,NMB_US_Search_Brand_2026Q2,Lead,
L-77634,2026-05-21 14:17:00,PKF,adwords,cpc,PKF_US_Search_Brand_2026Q2,Lead,
L-71137,2026-05-08 20:34:00,AUR,fb,paid_social,AUR_EU_Meta_Retargeting_2026Q2,Lead,
L-78385,2026-07-09 22:25:00,PKF,google,cpc,PKF_US_Search_Brand_2026Q2,SQL,
L-76044,2026-07-07 21:02:00,NMB,fb,paid_social,NMB_US_Meta_Retargeting_2026Q2,Lead,
L-71516,2026-06-08 21:12:00,AUR,meta,paid_social,AUR_EU_Meta_Retargeting_2026Q2,SQL,
L-73269,2026-06-23 21:15:00,PKF,fb,paid_social,PKF_US_Meta_Conversions,Lead,
L-74364,2026-07-16 17:33:00,PKF,meta,paid_social,PKF_CA_Meta_Prospecting,MQL,
L-74097,2026-06-05 12:55:00,PKF,paid_social,paid_social,PKF_CA_Meta_Prospecting,MQL,
L-76353,2026-05-09 14:29:00,AUR,,,,MQL,
L-77724,2026-05-28 08:33:00,PKF,google,cpc,PKF_US_Search_Brand_2026Q2,Lead,
L-77552,2026-05-15 08:48:00,PKF,Google Ads,cpc,PKF_US_Search_Brand_2026Q2,Lead,
L-73079,2026-06-12 19:19:00,PKF,facebook,paid_social,PKF_US_Meta_Conversions,Lead,
L-72229,2026-06-02 15:23:00,AUR,fb,paid_social,aurelia|prospecting|meta|may26,Lead,
L-74083,2026-06-03 09:40:00,PKF,meta,paid_social,PKF_CA_Meta_Prospecting,Lead,
L-71127,2026-05-06 10:07:00,AUR,facebook,paid_social,AUR_EU_Meta_Retargeting_2026Q2,Lead,
L-70605,2026-06-29 18:16:00,AUR,facebook,paid_social,AUR_US_Meta_Prospecting_2026Q2,Lead,
L-79754,2026-07-21 18:13:00,NMB,,,,Lead,
L-73866,2026-05-03 21:13:00,PKF,,,,Lead,
L-76621,2026-06-12 16:29:00,AUR,,,,MQL,
L-78573,2026-07-22 15:10:00,PKF,google,cpc,PKF_US_Search_Brand_2026Q2,MQL,
L-71606,2026-06-14 15:14:00,AUR,,,,Lead,
L-72056,2026-07-25 14:55:00,AUR,,,,MQL,
L-70756,2026-07-09 08:30:00,AUR,,,,Lead,
L-70085,2026-05-12 21:17:00,AUR,,,,Lead,
L-80797,2026-06-11 17:00:00,PKF,tiktok,paid_social,PKF_TikTok_Spark_2026Q2,Lead,
L-79755,2026-07-22 17:26:00,NMB,google,cpc,NMB_US_Search_Brand_2026Q2,Lead,
L-76970,2026-07-29 15:15:00,AUR,,,,MQL,
L-77818,2026-06-02 20:57:00,PKF,google,cpc,PKF_US_Search_Brand_2026Q2,Lead,
L-70725,2026-07-08 12:03:00,AUR,,,,Lead,
L-79973,2026-06-24 20:33:00,NMB,google,cpc,NMB_US_PMax_2026Q2,Lead,
L-75099,2026-06-27 18:56:00,NMB,facebook,paid_social,NMB_US_Meta_Prospecting_2026Q2,MQL,
L-73069,2026-06-12 11:06:00,PKF,meta,paid_social,PKF_US_Meta_Conversions,Lead,
L-71258,2026-05-16 15:57:00,AUR,paid_social,paid_social,AUR_EU_Meta_Retargeting_2026Q2,Lead,
L-81417,2026-05-04 10:49:00,AUR,google,paid_social,(not set),Lead,
L-81366,2026-07-21 19:23:00,NMB,tiktok,paid_social,NMB_TikTok_Prospecting_2026Q2,Lead,
L-77665,2026-05-22 19:25:00,PKF,google,cpc,PKF_US_Search_Brand_2026Q2,Lead,
L-74779,2026-05-30 08:52:00,NMB,facebook,paid_social,NMB_US_Meta_Prospecting_2026Q2,MQL,
L-82089,2026-07-02 10:55:00,AUR,,,,Lead,
L-73595,2026-07-12 09:30:00,PKF,meta,paid_social,PKF_US_Meta_Conversions,Lead,
L-77610,2026-05-18 15:51:00,PKF,google,cpc,PKF_US_Search_Brand_2026Q2,Lead,
L-70931,2026-07-23 11:35:00,AUR,,,,Lead,
L-81370,2026-07-25 15:53:00,NMB,tiktok,paid_social,NMB_TikTok_Prospecting_2026Q2,Lead,
L-71739,2026-06-29 13:44:00,AUR,Facebook,paid_social,AUR_EU_Meta_Retargeting_2026Q2,Lead,
L-77872,2026-06-07 09:22:00,PKF,adwords,cpc,PKF_US_Search_Brand_2026Q2,MQL,
L-76660,2026-06-18 10:42:00,AUR,adwords,cpc,AUR_US_Search_Brand_2026Q2,MQL,
L-75489,2026-07-30 21:36:00,NMB,fb,paid_social,NMB_US_Meta_Prospecting_2026Q2,Lead,
L-72752,2026-05-20 14:29:00,PKF,Facebook,paid_social,PKF_US_Meta_Conversions,MQL,
L-72002,2026-07-20 14:37:00,AUR,facebook,paid_social,AUR_EU_Meta_Retargeting_2026Q2,SQL,
L-72978,2026-06-05 11:28:00,PKF,,,,Lead,
L-77509,2026-05-12 12:01:00,PKF,Google Ads,cpc,PKF_US_Search_Brand_2026Q2,MQL,
L-77792,2026-06-01 16:58:00,PKF,,,,Lead,
L-81782,2026-06-03 22:17:00,NMB,google,paid_social,(not set),MQL,
L-79496,2026-06-23 15:36:00,NMB,google,cpc,NMB_US_Search_Brand_2026Q2,Lead,
L-75347,2026-07-20 18:38:00,NMB,Facebook,paid_social,NMB_US_Meta_Prospecting_2026Q2,Lead,
L-81708,2026-05-28 22:02:00,NMB,google,paid_social,(not set),Lead,
L-79796,2026-07-25 20:09:00,NMB,google,cpc,NMB_US_Search_Brand_2026Q2,MQL,
L-82274,2026-07-18 21:33:00,NMB,google,paid_social,(not set),SQL,
L-77742,2026-05-28 22:57:00,PKF,google,cpc,PKF_US_Search_Brand_2026Q2,SQL,
L-72772,2026-05-23 21:37:00,PKF,meta,paid_social,PKF_US_Meta_Conversions,MQL,
L-82009,2026-06-24 23:46:00,NMB,google,paid_social,(not set),Lead,
L-81173,2026-05-03 20:58:00,NMB,TikTok,paid_social,NMB_TikTok_Prospecting_2026Q2,MQL,
L-75378,2026-07-22 08:13:00,NMB,paid_social,paid_social,NMB_US_Meta_Prospecting_2026Q2,Lead,
L-79822,2026-07-29 17:50:00,NMB,,,,Lead,
L-76336,2026-05-06 19:54:00,AUR,adwords,cpc,AUR_US_Search_Brand_2026Q2,MQL,
L-81048,2026-07-17 08:34:00,PKF,TikTok,paid_social,PKF_TikTok_Spark_2026Q2,Lead,
L-73036,2026-06-09 12:00:00,PKF,fb,paid_social,PKF_US_Meta_Conversions,Lead,
L-70213,2026-05-23 16:40:00,AUR,,,,Lead,
L-71751,2026-06-28 15:59:00,AUR,,,,Lead,
L-81537,2026-05-14 07:55:00,AUR,google,paid_social,(not set),MQL,
L-82278,2026-07-19 14:42:00,PKF,google,paid_social,(not set),Lead,
L-70334,2026-06-05 10:24:00,AUR,,,,Lead,
L-77764,2026-05-30 15:06:00,PKF,google,cpc,PKF_US_Search_Brand_2026Q2,Lead,
L-78172,2026-06-25 12:37:00,PKF,google,cpc,PKF_US_Search_Brand_2026Q2,Lead,
L-74447,2026-07-29 19:48:00,PKF,facebook,paid_social,PKF_CA_Meta_Prospecting,MQL,
L-79274,2026-05-26 18:38:00,NMB,Google Ads,cpc,NMB_US_Search_Brand_2026Q2,Closed Won,3600
L-77447,2026-05-06 21:01:00,PKF,,,,MQL,
L-80410,2026-07-11 13:25:00,AUR,,,,Lead,
L-75660,2026-05-21 21:05:00,NMB,fb,paid_social,NMB_US_Meta_Retargeting_2026Q2,MQL,
L-80716,2026-06-02 11:11:00,PKF,tiktok,paid_social,PKF_TikTok_Spark_2026Q2,Lead,
L-77232,2026-06-25 19:15:00,AUR,,,,Lead,
L-80359,2026-06-29 12:08:00,AUR,tiktok,paid_social,AUR_TikTok_Prospecting_2026Q2,Lead,
L-70957,2026-07-23 09:05:00,AUR,facebook,paid_social,AUR_US_Meta_Prospecting_2026Q2,MQL,
L-71827,2026-07-06 10:37:00,AUR,paid_social,paid_social,AUR_EU_Meta_Retargeting_2026Q2,Lead,
L-76826,2026-07-10 09:07:00,AUR,google,cpc,AUR_US_Search_Brand_2026Q2,SQL,
L-79325,2026-06-02 22:08:00,NMB,google,cpc,NMB_US_Search_Brand_2026Q2,MQL,
L-81111,2026-07-23 20:46:00,PKF,TikTok,paid_social,PKF_TikTok_Spark_2026Q2,SQL,
L-81778,2026-06-03 09:57:00,PKF,google,paid_social,(not set),MQL,
L-73609,2026-07-15 10:25:00,PKF,,,,Lead,
L-79524,2026-06-24 22:00:00,NMB,,,,Lead,
L-71987,2026-07-19 12:34:00,AUR,,,,MQL,
L-78563,2026-07-22 18:29:00,PKF,adwords,cpc,PKF_US_Search_Brand_2026Q2,MQL,
L-77544,2026-05-13 14:58:00,PKF,Google Ads,cpc,PKF_US_Search_Brand_2026Q2,Closed Won,5200
L-80575,2026-05-13 21:14:00,PKF,TikTok,paid_social,PKF_TikTok_Spark_2026Q2,MQL,
L-75257,2026-07-14 16:31:00,NMB,fb,paid_social,NMB_US_Meta_Prospecting_2026Q2,Lead,
L-70243,2026-05-26 21:10:00,AUR,,,,MQL,
L-73162,2026-06-17 14:25:00,PKF,paid_social,paid_social,PKF_US_Meta_Conversions,MQL,
L-82330,2026-07-23 10:49:00,PKF,google,paid_social,(not set),MQL,
L-74721,2026-05-24 15:17:00,NMB,paid_social,paid_social,NMB_US_Meta_Prospecting_2026Q2,MQL,
L-72373,2026-07-14 10:50:00,AUR,,,,Lead,
L-75159,2026-07-02 11:52:00,NMB,Facebook,paid_social,NMB_US_Meta_Prospecting_2026Q2,SQL,
L-70424,2026-06-14 17:35:00,AUR,,,,SQL,
L-72417,2026-07-25 16:56:00,AUR,,,,MQL,
L-73680,2026-07-19 13:20:00,PKF,,,,SQL,
L-75369,2026-07-23 10:52:00,NMB,Facebook,paid_social,NMB_US_Meta_Prospecting_2026Q2,Lead,
L-81058,2026-07-16 18:25:00,PKF,TikTok,paid_social,PKF_TikTok_Spark_2026Q2,MQL,
L-70972,2026-07-25 19:55:00,AUR,facebook,paid_social,AUR_US_Meta_Prospecting_2026Q2,MQL,
L-82314,2026-07-22 15:53:00,PKF,google,paid_social,(not set),MQL,
L-78942,2026-06-28 18:14:00,PKF,google,cpc,pkf|nonbrand|search|may26,MQL,
L-70549,2026-06-25 18:28:00,AUR,,,,Lead,
L-72009,2026-07-21 10:32:00,AUR,meta,paid_social,AUR_EU_Meta_Retargeting_2026Q2,Lead,
L-76293,2026-07-30 18:37:00,NMB,meta,paid_social,NMB_US_Meta_Retargeting_2026Q2,Lead,
L-77612,2026-05-20 14:42:00,PKF,google,cpc,PKF_US_Search_Brand_2026Q2,Lead,
L-79677,2026-07-13 13:04:00,NMB,google,cpc,NMB_US_Search_Brand_2026Q2,Closed Won,3600
L-78301,2026-07-03 11:16:00,PKF,adwords,cpc,PKF_US_Search_Brand_2026Q2,Lead,
L-74231,2026-06-26 20:36:00,PKF,,,,SQL,
L-73247,2026-06-23 21:22:00,PKF,paid_social,paid_social,PKF_US_Meta_Conversions,Lead,
L-70022,2026-05-03 10:23:00,AUR,,,,SQL,
L-74539,2026-05-08 18:44:00,NMB,meta,paid_social,NMB_US_Meta_Prospecting_2026Q2,Lead,
L-77358,2026-07-28 13:50:00,AUR,Google Ads,cpc,AUR_EU_Search_NonBrand_2026Q2,Lead,
L-76635,2026-06-16 19:12:00,AUR,,,,SQL,
L-81888,2026-06-13 20:32:00,NMB,google,paid_social,(not set),Lead,
L-71924,2026-07-13 21:16:00,AUR,meta,paid_social,AUR_EU_Meta_Retargeting_2026Q2,MQL,
L-70444,2026-06-17 21:40:00,AUR,meta,paid_social,AUR_US_Meta_Prospecting_2026Q2,Lead,
L-70778,2026-07-10 11:09:00,AUR,,,,Lead,
L-72864,2026-05-28 22:37:00,PKF,Facebook,paid_social,PKF_US_Meta_Conversions,SQL,
L-71251,2026-05-15 21:01:00,AUR,meta,paid_social,AUR_EU_Meta_Retargeting_2026Q2,Lead,
L-74207,2026-06-23 08:27:00,PKF,meta,paid_social,PKF_CA_Meta_Prospecting,Lead,
L-77653,2026-05-22 11:07:00,PKF,google,cpc,PKF_US_Search_Brand_2026Q2,Lead,
L-77814,2026-06-01 16:05:00,PKF,Google Ads,cpc,PKF_US_Search_Brand_2026Q2,MQL,
L-71218,2026-05-15 20:48:00,AUR,,,,Lead,
L-70792,2026-07-11 13:21:00,AUR,,,,Lead,
L-81198,2026-05-15 09:08:00,NMB,TikTok,paid_social,NMB_TikTok_Prospecting_2026Q2,MQL,
L-79711,2026-07-14 21:17:00,NMB,google,cpc,NMB_US_Search_Brand_2026Q2,Lead,
L-80173,2026-05-18 19:41:00,AUR,,,,Lead,
L-71504,2026-06-06 22:05:00,AUR,,,,Closed Won,2400
L-72495,2026-05-05 19:22:00,PKF,Facebook,paid_social,PKF_US_Meta_Conversions,MQL,
L-79465,2026-06-18 17:30:00,NMB,adwords,cpc,NMB_US_Search_Brand_2026Q2,MQL,
L-82007,2026-06-24 21:32:00,NMB,google,paid_social,(not set),Lead,
L-77633,2026-05-20 21:25:00,PKF,google,cpc,PKF_US_Search_Brand_2026Q2,MQL,
L-73043,2026-06-09 20:25:00,PKF,,,,MQL,
L-77205,2026-06-19 12:11:00,AUR,google,cpc,AUR_EU_Search_NonBrand_2026Q2,Lead,
L-79903,2026-05-20 22:48:00,NMB,google,cpc,NMB_US_PMax_2026Q2,Lead,
L-70493,2026-06-18 12:58:00,AUR,meta,paid_social,AUR_US_Meta_Prospecting_2026Q2,Lead,
L-73857,2026-07-31 19:07:00,PKF,paid_social,paid_social,PKF_US_Meta_Conversions,MQL,
L-78758,2026-05-13 18:51:00,PKF,Google Ads,cpc,pkf|nonbrand|search|may26,MQL,
L-76644,2026-06-18 20:32:00,AUR,,,,Lead,
L-77787,2026-05-29 17:52:00,PKF,google,cpc,PKF_US_Search_Brand_2026Q2,Closed Won,5200
L-78792,2026-05-21 18:22:00,PKF,adwords,cpc,pkf|nonbrand|search|may26,Lead,
L-77735,2026-05-26 10:48:00,PKF,adwords,cpc,PKF_US_Search_Brand_2026Q2,Lead,
L-74839,2026-06-06 17:31:00,NMB,meta,paid_social,NMB_US_Meta_Prospecting_2026Q2,Lead,
L-71820,2026-07-04 22:00:00,AUR,fb,paid_social,AUR_EU_Meta_Retargeting_2026Q2,Lead,
L-77624,2026-05-21 21:42:00,PKF,,,,Lead,
L-74349,2026-07-14 10:19:00,PKF,paid_social,paid_social,PKF_CA_Meta_Prospecting,Lead,
L-77996,2026-06-15 09:55:00,PKF,google,cpc,PKF_US_Search_Brand_2026Q2,Lead,
L-73989,2026-05-18 08:53:00,PKF,meta,paid_social,PKF_CA_Meta_Prospecting,Lead,
L-76381,2026-05-13 14:40:00,AUR,,,,MQL,
L-70365,2026-06-08 18:00:00,AUR,facebook,paid_social,AUR_US_Meta_Prospecting_2026Q2,Lead,
L-75132,2026-07-01 08:51:00,NMB,,,,Lead,
L-78047,2026-06-17 13:15:00,PKF,google,cpc,PKF_US_Search_Brand_2026Q2,Lead,
L-75315,2026-07-19 18:12:00,NMB,paid_social,paid_social,NMB_US_Meta_Prospecting_2026Q2,Lead,
L-72191,2026-05-23 13:57:00,AUR,,,,Lead,
L-75110,2026-07-01 12:22:00,NMB,meta,paid_social,NMB_US_Meta_Prospecting_2026Q2,Lead,
L-74025,2026-05-23 11:05:00,PKF,,,,Lead,
L-72012,2026-07-22 20:26:00,AUR,,,,Lead,
L-74418,2026-07-22 18:59:00,PKF,fb,paid_social,PKF_CA_Meta_Prospecting,Lead,
L-74719,2026-05-25 18:04:00,NMB,fb,paid_social,NMB_US_Meta_Prospecting_2026Q2,Lead,
L-72589,2026-05-10 10:19:00,PKF,paid_social,paid_social,PKF_US_Meta_Conversions,Closed Won,8800
L-79421,2026-06-13 11:50:00,NMB,google,cpc,NMB_US_Search_Brand_2026Q2,MQL,
L-73937,2026-05-14 10:52:00,PKF,fb,paid_social,PKF_CA_Meta_Prospecting,Lead,
L-71444,2026-05-31 08:37:00,AUR,meta,paid_social,AUR_EU_Meta_Retargeting_2026Q2,SQL,
L-73122,2026-06-14 14:30:00,PKF,Facebook,paid_social,PKF_US_Meta_Conversions,MQL,
L-75667,2026-05-21 17:50:00,NMB,meta,paid_social,NMB_US_Meta_Retargeting_2026Q2,Lead,
L-79233,2026-05-20 10:47:00,NMB,google,cpc,NMB_US_Search_Brand_2026Q2,Closed Won,5200
L-75112,2026-06-29 19:49:00,NMB,paid_social,paid_social,NMB_US_Meta_Prospecting_2026Q2,Lead,
L-74826,2026-06-03 09:14:00,NMB,Facebook,paid_social,NMB_US_Meta_Prospecting_2026Q2,MQL,
L-71150,2026-05-08 21:18:00,AUR,paid_social,paid_social,AUR_EU_Meta_Retargeting_2026Q2,Lead,
L-77179,2026-06-10 22:24:00,AUR,Google Ads,cpc,AUR_EU_Search_NonBrand_2026Q2,Lead,
L-75180,2026-07-08 17:47:00,NMB,,,,Lead,
L-75091,2026-06-27 17:25:00,NMB,paid_social,paid_social,NMB_US_Meta_Prospecting_2026Q2,Lead,
L-73585,2026-07-14 12:15:00,PKF,meta,paid_social,PKF_US_Meta_Conversions,Lead,
L-70122,2026-05-15 13:53:00,AUR,fb,paid_social,AUR_US_Meta_Prospecting_2026Q2,Lead,
L-81970,2026-06-21 18:09:00,NMB,google,paid_social,(not set),SQL,
L-78639,2026-07-25 18:03:00,PKF,Google Ads,cpc,PKF_US_Search_Brand_2026Q2,MQL,
L-78757,2026-05-13 14:35:00,PKF,Google Ads,cpc,pkf|nonbrand|search|may26,Lead,
L-75379,2026-07-22 08:26:00,NMB,facebook,paid_social,NMB_US_Meta_Prospecting_2026Q2,MQL,
L-70752,2026-07-09 16:51:00,AUR,,,,Lead,
L-79101,2026-05-04 20:51:00,NMB,google,cpc,NMB_US_Search_Brand_2026Q2,MQL,
L-74573,2026-05-13 17:27:00,NMB,paid_social,paid_social,NMB_US_Meta_Prospecting_2026Q2,Lead,
L-76255,2026-07-30 08:37:00,NMB,fb,paid_social,NMB_US_Meta_Retargeting_2026Q2,Lead,
L-75248,2026-07-14 16:27:00,NMB,Facebook,paid_social,NMB_US_Meta_Prospecting_2026Q2,MQL,
L-71243,2026-05-15 21:32:00,AUR,,,,MQL,
L-76534,2026-05-29 15:02:00,AUR,Google Ads,cpc,AUR_US_Search_Brand_2026Q2,Lead,
L-71643,2026-06-20 22:25:00,AUR,,,,Lead,
L-79556,2026-06-28 16:50:00,NMB,,,,SQL,
L-78337,2026-07-06 21:42:00,PKF,google,cpc,PKF_US_Search_Brand_2026Q2,MQL,
L-80846,2026-06-19 12:10:00,PKF,TikTok,paid_social,PKF_TikTok_Spark_2026Q2,Lead,
L-78500,2026-07-16 22:09:00,PKF,google,cpc,PKF_US_Search_Brand_2026Q2,Closed Won,3600
L-81012,2026-07-13 10:33:00,PKF,tiktok,paid_social,PKF_TikTok_Spark_2026Q2,MQL,
L-75260,2026-07-14 17:57:00,NMB,meta,paid_social,NMB_US_Meta_Prospecting_2026Q2,MQL,
L-73258,2026-06-24 13:00:00,PKF,facebook,paid_social,PKF_US_Meta_Conversions,MQL,
L-72655,2026-05-16 19:37:00,PKF,facebook,paid_social,PKF_US_Meta_Conversions,Lead,
L-72162,2026-05-14 20:16:00,AUR,meta,paid_social,aurelia|prospecting|meta|may26,MQL,
L-74179,2026-06-19 16:06:00,PKF,Facebook,paid_social,PKF_CA_Meta_Prospecting,Lead,
L-82353,2026-07-25 14:02:00,NMB,google,paid_social,(not set),MQL,
L-74727,2026-05-25 10:21:00,NMB,,,,Lead,
L-73117,2026-06-13 15:40:00,PKF,,,,SQL,
L-70376,2026-06-10 12:21:00,AUR,fb,paid_social,AUR_US_Meta_Prospecting_2026Q2,Lead,
L-72452,2026-05-01 22:59:00,PKF,fb,paid_social,PKF_US_Meta_Conversions,Lead,
L-72704,2026-05-19 19:18:00,PKF,,,,Lead,
L-81255,2026-06-03 18:26:00,NMB,TikTok,paid_social,NMB_TikTok_Prospecting_2026Q2,Lead,
L-72970,2026-06-03 22:18:00,PKF,facebook,paid_social,PKF_US_Meta_Conversions,Lead,
L-78598,2026-07-23 14:48:00,PKF,adwords,cpc,PKF_US_Search_Brand_2026Q2,Lead,
L-74569,2026-05-13 08:36:00,NMB,paid_social,paid_social,NMB_US_Meta_Prospecting_2026Q2,Lead,
L-76925,2026-07-22 22:08:00,AUR,google,cpc,AUR_US_Search_Brand_2026Q2,SQL,
L-72320,2026-06-30 14:13:00,AUR,,,,SQL,
L-82135,2026-07-06 23:20:00,PKF,google,paid_social,(not set),MQL,
L-78373,2026-07-08 17:50:00,PKF,google,cpc,PKF_US_Search_Brand_2026Q2,SQL,
L-76846,2026-07-11 08:32:00,AUR,,,,Lead,
L-79562,2026-06-29 11:14:00,NMB,,,,MQL,
L-81891,2026-06-14 09:10:00,AUR,google,paid_social,(not set),Lead,
L-79613,2026-07-05 21:55:00,NMB,adwords,cpc,NMB_US_Search_Brand_2026Q2,MQL,
L-80182,2026-05-20 16:27:00,AUR,TikTok,paid_social,AUR_TikTok_Prospecting_2026Q2,MQL,
L-77136,2026-05-30 14:46:00,AUR,,,,Lead,
L-76460,2026-05-21 20:40:00,AUR,Google Ads,cpc,AUR_US_Search_Brand_2026Q2,Lead,
L-74644,2026-05-17 22:08:00,NMB,meta,paid_social,NMB_US_Meta_Prospecting_2026Q2,MQL,
L-70970,2026-07-24 16:36:00,AUR,,,,MQL,
L-80459,2026-07-23 13:09:00,AUR,,,,Lead,
L-77313,2026-07-14 09:46:00,AUR,,,,MQL,
L-80120,2026-05-01 17:50:00,AUR,,,,Lead,
L-81046,2026-07-16 08:05:00,PKF,TikTok,paid_social,PKF_TikTok_Spark_2026Q2,Lead,
L-76100,2026-07-11 16:56:00,NMB,,,,Lead,
L-72341,2026-07-08 13:31:00,AUR,,,,Lead,
L-80274,2026-06-12 08:46:00,AUR,tiktok,paid_social,AUR_TikTok_Prospecting_2026Q2,Lead,
L-75933,2026-06-22 14:29:00,NMB,facebook,paid_social,NMB_US_Meta_Retargeting_2026Q2,Lead,
L-70191,2026-05-21 11:44:00,AUR,fb,paid_social,AUR_US_Meta_Prospecting_2026Q2,Lead,
L-76286,2026-07-31 17:28:00,NMB,fb,paid_social,NMB_US_Meta_Retargeting_2026Q2,MQL,
L-74889,2026-06-09 13:55:00,NMB,paid_social,paid_social,NMB_US_Meta_Prospecting_2026Q2,MQL,
L-74647,2026-05-18 10:32:00,NMB,meta,paid_social,NMB_US_Meta_Prospecting_2026Q2,Lead,
L-82408,2026-07-30 16:34:00,NMB,google,paid_social,(not set),SQL,
L-73104,2026-06-13 09:13:00,PKF,,,,Lead,
L-79602,2026-07-05 09:08:00,NMB,google,cpc,NMB_US_Search_Brand_2026Q2,SQL,
L-78195,2026-06-27 21:35:00,PKF,Google Ads,cpc,PKF_US_Search_Brand_2026Q2,Closed Won,5200
L-71736,2026-06-28 09:48:00,AUR,,,,Lead,
L-79204,2026-05-15 08:01:00,NMB,google,cpc,NMB_US_Search_Brand_2026Q2,Lead,
L-79902,2026-05-20 21:49:00,NMB,adwords,cpc,NMB_US_PMax_2026Q2,Closed Won,3600
L-73498,2026-07-07 09:19:00,PKF,,,,Lead,
L-74305,2026-07-07 17:46:00,PKF,Facebook,paid_social,PKF_CA_Meta_Prospecting,Lead,
L-71317,2026-05-20 17:30:00,AUR,Facebook,paid_social,AUR_EU_Meta_Retargeting_2026Q2,Lead,
L-70119,2026-05-16 12:43:00,AUR,,,,Lead,
L-74533,2026-05-09 22:32:00,NMB,,,,Lead,
L-72212,2026-05-28 12:27:00,AUR,paid_social,paid_social,aurelia|prospecting|meta|may26,Lead,
L-77566,2026-05-15 19:21:00,PKF,,,,Lead,
L-75930,2026-06-23 11:38:00,NMB,meta,paid_social,NMB_US_Meta_Retargeting_2026Q2,Lead,
L-77066,2026-05-17 16:30:00,AUR,,,,Lead,
L-73197,2026-06-19 17:40:00,PKF,meta,paid_social,PKF_US_Meta_Conversions,Lead,
L-79307,2026-05-30 12:41:00,NMB,Google Ads,cpc,NMB_US_Search_Brand_2026Q2,MQL,
L-74960,2026-06-15 18:10:00,NMB,Facebook,paid_social,NMB_US_Meta_Prospecting_2026Q2,Lead,
L-75950,2026-06-25 21:38:00,NMB,facebook,paid_social,NMB_US_Meta_Retargeting_2026Q2,MQL,
L-80534,2026-05-07 16:30:00,PKF,tiktok,paid_social,PKF_TikTok_Spark_2026Q2,Lead,
L-81136,2026-07-28 14:00:00,PKF,,,,SQL,
L-72995,2026-06-07 17:18:00,PKF,meta,paid_social,PKF_US_Meta_Conversions,Lead,
L-81454,2026-05-06 19:49:00,PKF,google,paid_social,(not set),SQL,
L-76010,2026-07-02 22:15:00,NMB,Facebook,paid_social,NMB_US_Meta_Retargeting_2026Q2,Lead,
L-72761,2026-05-22 19:22:00,PKF,fb,paid_social,PKF_US_Meta_Conversions,SQL,
L-78572,2026-07-23 14:05:00,PKF,google,cpc,PKF_US_Search_Brand_2026Q2,MQL,
L-72745,2026-05-20 21:56:00,PKF,fb,paid_social,PKF_US_Meta_Conversions,Lead,
L-82242,2026-07-15 17:44:00,PKF,google,paid_social,(not set),Lead,
L-78213,2026-06-29 22:04:00,PKF,Google Ads,cpc,PKF_US_Search_Brand_2026Q2,Lead,
L-70536,2026-06-23 19:59:00,AUR,fb,paid_social,AUR_US_Meta_Prospecting_2026Q2,Lead,
L-80882,2026-06-25 21:35:00,PKF,tiktok,paid_social,PKF_TikTok_Spark_2026Q2,MQL,
L-77536,2026-05-13 21:08:00,PKF,Google Ads,cpc,PKF_US_Search_Brand_2026Q2,Lead,
L-82339,2026-07-24 19:45:00,AUR,,,,MQL,
L-80938,2026-07-02 10:15:00,PKF,TikTok,paid_social,PKF_TikTok_Spark_2026Q2,Lead,
L-73885,2026-05-05 12:06:00,PKF,Facebook,paid_social,PKF_CA_Meta_Prospecting,Lead,
L-73487,2026-07-08 12:34:00,PKF,,,,Lead,
L-78009,2026-06-14 18:24:00,PKF,google,cpc,PKF_US_Search_Brand_2026Q2,Lead,
L-79644,2026-07-10 21:11:00,NMB,,,,Lead,
L-73965,2026-05-14 15:28:00,PKF,facebook,paid_social,PKF_CA_Meta_Prospecting,MQL,
L-79184,2026-05-16 20:36:00,NMB,Google Ads,cpc,NMB_US_Search_Brand_2026Q2,SQL,
L-74645,2026-05-19 17:57:00,NMB,paid_social,paid_social,NMB_US_Meta_Prospecting_2026Q2,Lead,
L-75497,2026-05-01 19:38:00,NMB,fb,paid_social,NMB_US_Meta_Retargeting_2026Q2,Lead,
L-70815,2026-07-14 12:45:00,AUR,paid_social,paid_social,AUR_US_Meta_Prospecting_2026Q2,Lead,
L-76096,2026-07-10 08:10:00,NMB,,,,Closed Won,5200
L-72333,2026-07-05 16:17:00,AUR,,,,Lead,
L-76284,2026-07-31 22:42:00,NMB,Facebook,paid_social,NMB_US_Meta_Retargeting_2026Q2,Lead,
L-78538,2026-07-20 20:54:00,PKF,google,cpc,PKF_US_Search_Brand_2026Q2,MQL,
L-80868,2026-06-24 11:08:00,PKF,TikTok,paid_social,PKF_TikTok_Spark_2026Q2,MQL,
L-77094,2026-05-22 15:52:00,AUR,google,cpc,AUR_EU_Search_NonBrand_2026Q2,MQL,
L-73273,2026-06-24 12:36:00,PKF,Facebook,paid_social,PKF_US_Meta_Conversions,Closed Won,2400
L-80409,2026-07-12 09:38:00,AUR,,,,Lead,
L-80688,2026-05-28 13:23:00,PKF,TikTok,paid_social,PKF_TikTok_Spark_2026Q2,Lead,
L-72252,2026-06-10 21:49:00,AUR,meta,paid_social,aurelia|prospecting|meta|may26,Lead,
L-74951,2026-06-15 16:23:00,NMB,meta,paid_social,NMB_US_Meta_Prospecting_2026Q2,Lead,
L-82196,2026-07-11 08:08:00,PKF,google,paid_social,(not set),SQL,
L-72899,2026-05-29 22:15:00,PKF,paid_social,paid_social,PKF_US_Meta_Conversions,MQL,
L-74362,2026-07-17 17:59:00,PKF,fb,paid_social,PKF_CA_Meta_Prospecting,Lead,
L-81257,2026-06-06 11:49:00,NMB,TikTok,paid_social,NMB_TikTok_Prospecting_2026Q2,MQL,
L-80857,2026-06-21 21:45:00,PKF,tiktok,paid_social,PKF_TikTok_Spark_2026Q2,Lead,
L-71207,2026-05-13 22:11:00,AUR,,,,MQL,
L-72882,2026-05-29 12:31:00,PKF,paid_social,paid_social,PKF_US_Meta_Conversions,Lead,
L-80516,2026-05-07 21:17:00,PKF,tiktok,paid_social,PKF_TikTok_Spark_2026Q2,MQL,
L-77075,2026-05-19 13:25:00,AUR,google,cpc,AUR_EU_Search_NonBrand_2026Q2,Lead,
L-74454,2026-07-30 16:20:00,PKF,facebook,paid_social,PKF_CA_Meta_Prospecting,Lead,
L-74373,2026-07-16 19:09:00,PKF,,,,Lead,
L-71233,2026-05-16 20:21:00,AUR,meta,paid_social,AUR_EU_Meta_Retargeting_2026Q2,Lead,
L-76433,2026-05-20 20:36:00,AUR,,,,Lead,
L-72677,2026-05-15 09:44:00,PKF,meta,paid_social,PKF_US_Meta_Conversions,Lead,
L-81056,2026-07-17 17:20:00,PKF,,,,Lead,
L-75279,2026-07-16 19:05:00,NMB,paid_social,paid_social,NMB_US_Meta_Prospecting_2026Q2,Lead,
L-72405,2026-07-22 18:42:00,AUR,facebook,paid_social,aurelia|prospecting|meta|may26,MQL,
L-81344,2026-07-16 13:22:00,NMB,TikTok,paid_social,NMB_TikTok_Prospecting_2026Q2,Lead,
L-78494,2026-07-17 19:19:00,PKF,google,cpc,PKF_US_Search_Brand_2026Q2,Lead,
L-74199,2026-06-22 20:39:00,PKF,fb,paid_social,PKF_CA_Meta_Prospecting,Lead,
L-71162,2026-05-10 14:59:00,AUR,paid_social,paid_social,AUR_EU_Meta_Retargeting_2026Q2,Lead,
L-73221,2026-06-22 21:16:00,PKF,fb,paid_social,PKF_US_Meta_Conversions,Lead,
L-77036,2026-05-10 21:17:00,AUR,adwords,cpc,AUR_EU_Search_NonBrand_2026Q2,Lead,
L-75317,2026-07-20 12:40:00,NMB,facebook,paid_social,NMB_US_Meta_Prospecting_2026Q2,SQL,
L-72084,2026-07-29 18:08:00,AUR,,,,Lead,
L-73414,2026-07-03 19:20:00,PKF,fb,paid_social,PKF_US_Meta_Conversions,Lead,
L-71412,2026-05-30 11:15:00,AUR,fb,paid_social,AUR_EU_Meta_Retargeting_2026Q2,Lead,
L-75692,2026-05-22 11:23:00,NMB,meta,paid_social,NMB_US_Meta_Retargeting_2026Q2,Closed Won,2400
L-76582,2026-06-06 15:20:00,AUR,google,cpc,AUR_US_Search_Brand_2026Q2,MQL,
L-70227,2026-05-25 13:00:00,AUR,facebook,paid_social,AUR_US_Meta_Prospecting_2026Q2,Lead,
L-80854,2026-06-19 20:00:00,PKF,TikTok,paid_social,PKF_TikTok_Spark_2026Q2,Lead,
L-77297,2026-07-11 10:57:00,AUR,,,,Lead,
L-77589,2026-05-18 10:32:00,PKF,Google Ads,cpc,PKF_US_Search_Brand_2026Q2,Lead,
L-74363,2026-07-17 22:03:00,PKF,meta,paid_social,PKF_CA_Meta_Prospecting,SQL,
L-81993,2026-06-23 10:32:00,PKF,google,paid_social,(not set),Lead,
L-79226,2026-05-22 17:50:00,NMB,adwords,cpc,NMB_US_Search_Brand_2026Q2,Closed Won,1900
L-75525,2026-05-05 21:59:00,NMB,meta,paid_social,NMB_US_Meta_Retargeting_2026Q2,Lead,
L-72838,2026-05-25 10:33:00,PKF,paid_social,paid_social,PKF_US_Meta_Conversions,Lead,
L-75789,2026-06-05 09:49:00,NMB,Facebook,paid_social,NMB_US_Meta_Retargeting_2026Q2,MQL,
L-82235,2026-07-15 20:44:00,AUR,,,,SQL,
L-77504,2026-05-12 09:13:00,PKF,google,cpc,PKF_US_Search_Brand_2026Q2,MQL,
L-76106,2026-07-12 10:22:00,NMB,paid_social,paid_social,NMB_US_Meta_Retargeting_2026Q2,Lead,
L-79245,2026-05-22 16:26:00,NMB,google,cpc,NMB_US_Search_Brand_2026Q2,MQL,
L-70466,2026-06-16 12:28:00,AUR,fb,paid_social,AUR_US_Meta_Prospecting_2026Q2,MQL,
L-70111,2026-05-14 16:08:00,AUR,,,,Lead,
L-80113,2026-07-06 12:05:00,PKF,google,cpc,PKF_US_Video_Test_C,SQL,
L-71780,2026-07-02 20:34:00,AUR,,,,Lead,
L-76537,2026-05-30 16:50:00,AUR,,,,Lead,
L-73381,2026-07-01 17:46:00,PKF,Facebook,paid_social,PKF_US_Meta_Conversions,Lead,
L-81209,2026-05-17 11:31:00,NMB,,,,Lead,
L-80217,2026-05-29 12:09:00,AUR,,,,Lead,
L-76391,2026-05-14 11:34:00,AUR,,,,Lead,
L-73525,2026-07-08 22:16:00,PKF,,,,Closed Won,5200
L-77804,2026-06-01 08:07:00,PKF,google,cpc,PKF_US_Search_Brand_2026Q2,SQL,
L-80612,2026-05-19 15:38:00,PKF,TikTok,paid_social,PKF_TikTok_Spark_2026Q2,Lead,
L-72156,2026-05-14 17:25:00,AUR,,,,MQL,
L-78387,2026-07-09 12:11:00,PKF,google,cpc,PKF_US_Search_Brand_2026Q2,Closed Won,2400
L-76042,2026-07-04 22:28:00,NMB,,,,Lead,
L-71005,2026-07-28 14:10:00,AUR,Facebook,paid_social,AUR_US_Meta_Prospecting_2026Q2,SQL,
L-74829,2026-06-05 08:48:00,NMB,paid_social,paid_social,NMB_US_Meta_Prospecting_2026Q2,Lead,
L-72790,2026-05-22 12:20:00,PKF,facebook,paid_social,PKF_US_Meta_Conversions,Lead,
L-72836,2026-05-26 20:03:00,PKF,facebook,paid_social,PKF_US_Meta_Conversions,Lead,
L-72711,2026-05-18 08:17:00,PKF,meta,paid_social,PKF_US_Meta_Conversions,Lead,
L-80564,2026-05-13 21:54:00,PKF,TikTok,paid_social,PKF_TikTok_Spark_2026Q2,Lead,
L-77931,2026-06-12 13:43:00,PKF,google,cpc,PKF_US_Search_Brand_2026Q2,MQL,
L-73141,2026-06-15 16:26:00,PKF,fb,paid_social,PKF_US_Meta_Conversions,Lead,
L-71907,2026-07-13 12:42:00,AUR,,,,MQL,
L-72876,2026-05-30 12:41:00,PKF,Facebook,paid_social,PKF_US_Meta_Conversions,Lead,
L-75271,2026-07-14 11:06:00,NMB,fb,paid_social,NMB_US_Meta_Prospecting_2026Q2,MQL,
L-81433,2026-05-04 17:41:00,NMB,google,paid_social,(not set),Lead,
L-82055,2026-06-29 12:04:00,AUR,,,,Lead,
L-79168,2026-05-13 17:06:00,NMB,google,cpc,NMB_US_Search_Brand_2026Q2,SQL,
L-74213,2026-06-23 14:57:00,PKF,fb,paid_social,PKF_CA_Meta_Prospecting,Lead,
L-77856,2026-06-05 21:43:00,PKF,adwords,cpc,PKF_US_Search_Brand_2026Q2,Lead,
L-76753,2026-06-28 15:47:00,AUR,,,,SQL,
L-71721,2026-06-26 14:09:00,AUR,,,,Lead,
L-81440,2026-05-05 09:22:00,PKF,google,paid_social,(not set),MQL,
L-81472,2026-05-08 18:33:00,PKF,,,,Lead,
L-76043,2026-07-06 15:56:00,NMB,,,,Lead,
L-71910,2026-07-12 11:02:00,AUR,fb,paid_social,AUR_EU_Meta_Retargeting_2026Q2,Lead,
L-71118,2026-05-06 13:13:00,AUR,Facebook,paid_social,AUR_EU_Meta_Retargeting_2026Q2,Lead,
L-77117,2026-05-28 19:51:00,AUR,,,,Lead,
L-82067,2026-06-30 07:50:00,PKF,google,paid_social,(not set),Lead,
L-78895,2026-06-17 12:56:00,PKF,Google Ads,cpc,pkf|nonbrand|search|may26,MQL,
L-76139,2026-07-15 14:26:00,NMB,,,,Lead,
L-75745,2026-05-29 16:56:00,NMB,meta,paid_social,NMB_US_Meta_Retargeting_2026Q2,MQL,
L-77820,2026-06-04 10:08:00,PKF,,,,Lead,
L-73332,2026-06-28 14:28:00,PKF,Facebook,paid_social,PKF_US_Meta_Conversions,MQL,
L-72587,2026-05-09 22:04:00,PKF,paid_social,paid_social,PKF_US_Meta_Conversions,Lead,
L-70010,2026-05-01 20:54:00,AUR,,,,Lead,
L-78471,2026-07-17 19:34:00,PKF,google,cpc,PKF_US_Search_Brand_2026Q2,Lead,
L-73145,2026-06-16 20:48:00,PKF,facebook,paid_social,PKF_US_Meta_Conversions,MQL,
L-79305,2026-05-30 22:41:00,NMB,google,cpc,NMB_US_Search_Brand_2026Q2,Closed Won,3600
L-81525,2026-05-13 07:50:00,PKF,google,paid_social,(not set),SQL,
L-73634,2026-07-15 16:00:00,PKF,paid_social,paid_social,PKF_US_Meta_Conversions,Lead,
L-74154,2026-06-14 08:24:00,PKF,facebook,paid_social,PKF_CA_Meta_Prospecting,Lead,
L-75751,2026-05-31 10:55:00,NMB,fb,paid_social,NMB_US_Meta_Retargeting_2026Q2,Lead,
L-72395,2026-07-19 21:49:00,AUR,fb,paid_social,aurelia|prospecting|meta|may26,Lead,
L-80827,2026-06-15 19:21:00,PKF,tiktok,paid_social,PKF_TikTok_Spark_2026Q2,Lead,
L-72632,2026-05-13 09:41:00,PKF,fb,paid_social,PKF_US_Meta_Conversions,Lead,
L-77182,2026-06-12 16:54:00,AUR,adwords,cpc,AUR_EU_Search_NonBrand_2026Q2,Lead,
L-78475,2026-07-15 08:39:00,PKF,Google Ads,cpc,PKF_US_Search_Brand_2026Q2,Closed Won,3600
L-73936,2026-05-11 22:59:00,PKF,facebook,paid_social,PKF_CA_Meta_Prospecting,SQL,
L-81481,2026-05-09 09:55:00,AUR,,,,MQL,
L-72943,2026-06-02 20:19:00,PKF,Facebook,paid_social,PKF_US_Meta_Conversions,Lead,
L-76761,2026-07-01 11:54:00,AUR,adwords,cpc,AUR_US_Search_Brand_2026Q2,Closed Won,5200
L-77018,2026-05-05 09:50:00,AUR,google,cpc,AUR_EU_Search_NonBrand_2026Q2,MQL,
L-70018,2026-05-05 13:02:00,AUR,fb,paid_social,AUR_US_Meta_Prospecting_2026Q2,Lead,
L-80012,2026-07-13 12:48:00,NMB,Google Ads,cpc,NMB_US_PMax_2026Q2,Lead,
L-81560,2026-05-15 12:41:00,NMB,google,paid_social,(not set),Lead,
L-73721,2026-07-21 14:13:00,PKF,facebook,paid_social,PKF_US_Meta_Conversions,Lead,
L-76419,2026-05-18 13:01:00,AUR,Google Ads,cpc,AUR_US_Search_Brand_2026Q2,Lead,
L-76790,2026-07-05 13:12:00,AUR,google,cpc,AUR_US_Search_Brand_2026Q2,SQL,
L-76982,2026-07-28 16:52:00,AUR,,,,MQL,
L-75929,2026-06-24 22:19:00,NMB,Facebook,paid_social,NMB_US_Meta_Retargeting_2026Q2,MQL,
L-74013,2026-05-22 08:55:00,PKF,fb,paid_social,PKF_CA_Meta_Prospecting,MQL,
L-74421,2026-07-24 15:48:00,PKF,paid_social,paid_social,PKF_CA_Meta_Prospecting,MQL,
L-75505,2026-05-02 13:41:00,NMB,meta,paid_social,NMB_US_Meta_Retargeting_2026Q2,MQL,
L-72590,2026-05-10 21:27:00,PKF,Facebook,paid_social,PKF_US_Meta_Conversions,MQL,
L-71622,2026-06-17 11:55:00,AUR,,,,MQL,
L-81776,2026-06-03 23:38:00,PKF,google,paid_social,(not set),MQL,
L-72789,2026-05-22 12:29:00,PKF,meta,paid_social,PKF_US_Meta_Conversions,Lead,
L-81212,2026-05-17 17:52:00,NMB,tiktok,paid_social,NMB_TikTok_Prospecting_2026Q2,Lead,
L-81066,2026-07-18 12:01:00,PKF,TikTok,paid_social,PKF_TikTok_Spark_2026Q2,Lead,
L-71873,2026-07-11 13:36:00,AUR,,,,MQL,
L-76966,2026-07-28 18:56:00,AUR,,,,Lead,
L-71220,2026-05-15 20:25:00,AUR,facebook,paid_social,AUR_EU_Meta_Retargeting_2026Q2,Lead,
L-71611,2026-06-14 18:42:00,AUR,,,,Lead,
L-73672,2026-07-19 20:09:00,PKF,fb,paid_social,PKF_US_Meta_Conversions,Lead,
L-80072,2026-07-30 15:29:00,NMB,,,,Lead,
L-72847,2026-05-27 13:35:00,PKF,Facebook,paid_social,PKF_US_Meta_Conversions,Lead,
L-76650,2026-06-17 20:37:00,AUR,adwords,cpc,AUR_US_Search_Brand_2026Q2,SQL,
L-79810,2026-07-27 09:23:00,NMB,,,,Lead,
L-76254,2026-07-28 12:47:00,NMB,Facebook,paid_social,NMB_US_Meta_Retargeting_2026Q2,Lead,
L-70253,2026-05-26 09:45:00,AUR,,,,Lead,
L-81660,2026-05-25 20:20:00,AUR,,,,SQL,
L-73417,2026-07-01 08:03:00,PKF,Facebook,paid_social,PKF_US_Meta_Conversions,MQL,
L-75775,2026-06-04 12:49:00,NMB,,,,Lead,
L-79671,2026-07-11 21:21:00,NMB,adwords,cpc,NMB_US_Search_Brand_2026Q2,MQL,
L-81467,2026-05-07 21:59:00,NMB,google,paid_social,(not set),MQL,
L-77879,2026-06-06 08:41:00,PKF,Google Ads,cpc,PKF_US_Search_Brand_2026Q2,Closed Won,5200
L-71817,2026-07-03 11:51:00,AUR,,,,Lead,
L-74054,2026-05-27 10:45:00,PKF,meta,paid_social,PKF_CA_Meta_Prospecting,Lead,
L-80162,2026-05-14 12:00:00,AUR,,,,Lead,
L-72765,2026-05-22 22:11:00,PKF,paid_social,paid_social,PKF_US_Meta_Conversions,Lead,
L-78973,2026-07-05 17:42:00,PKF,adwords,cpc,pkf|nonbrand|search|may26,Lead,
L-79854,2026-07-29 08:15:00,NMB,google,cpc,NMB_US_Search_Brand_2026Q2,MQL,
L-80242,2026-06-04 09:24:00,AUR,tiktok,paid_social,AUR_TikTok_Prospecting_2026Q2,MQL,
L-82223,2026-07-14 19:57:00,PKF,google,paid_social,(not set),Lead,
L-79569,2026-07-01 16:28:00,NMB,google,cpc,NMB_US_Search_Brand_2026Q2,MQL,
L-70532,2026-06-22 10:22:00,AUR,,,,Lead,
L-71478,2026-06-04 09:00:00,AUR,,,,MQL,
L-82335,2026-07-23 10:54:00,NMB,google,paid_social,(not set),Lead,
L-76476,2026-05-24 10:32:00,AUR,adwords,cpc,AUR_US_Search_Brand_2026Q2,Lead,
L-78260,2026-07-01 14:31:00,PKF,Google Ads,cpc,PKF_US_Search_Brand_2026Q2,MQL,
L-71674,2026-06-23 10:15:00,AUR,,,,Lead,
L-79230,2026-05-21 16:31:00,NMB,adwords,cpc,NMB_US_Search_Brand_2026Q2,Lead,
L-81497,2026-05-11 13:17:00,AUR,,,,Lead,
L-72339,2026-07-06 09:05:00,AUR,fb,paid_social,aurelia|prospecting|meta|may26,Lead,
L-78787,2026-05-21 18:44:00,PKF,,,,Lead,
L-72948,2026-06-04 12:25:00,PKF,Facebook,paid_social,PKF_US_Meta_Conversions,Lead,
L-78977,2026-07-06 15:05:00,PKF,google,cpc,pkf|nonbrand|search|may26,Closed Won,1900
L-76241,2026-07-27 17:59:00,NMB,fb,paid_social,NMB_US_Meta_Retargeting_2026Q2,Lead,
L-81266,2026-06-08 21:30:00,NMB,TikTok,paid_social,NMB_TikTok_Prospecting_2026Q2,Closed Won,1900
L-72968,2026-06-03 14:52:00,PKF,fb,paid_social,PKF_US_Meta_Conversions,Lead,
L-80352,2026-06-26 10:10:00,AUR,,,,Lead,
L-79769,2026-07-21 19:01:00,NMB,Google Ads,cpc,NMB_US_Search_Brand_2026Q2,Lead,
L-81873,2026-06-12 10:27:00,AUR,google,paid_social,(not set),Lead,
L-73019,2026-06-07 20:48:00,PKF,paid_social,paid_social,PKF_US_Meta_Conversions,Lead,
L-76971,2026-07-29 09:14:00,AUR,adwords,cpc,AUR_US_Search_Brand_2026Q2,Lead,
L-81722,2026-05-29 11:05:00,NMB,,,,MQL,
L-77578,2026-05-18 17:41:00,PKF,google,cpc,PKF_US_Search_Brand_2026Q2,SQL,
L-77750,2026-05-28 15:59:00,PKF,Google Ads,cpc,PKF_US_Search_Brand_2026Q2,Lead,
L-78279,2026-07-01 20:40:00,PKF,google,cpc,PKF_US_Search_Brand_2026Q2,Closed Won,3600
L-72344,2026-07-07 14:37:00,AUR,fb,paid_social,aurelia|prospecting|meta|may26,Lead,
L-72372,2026-07-12 16:08:00,AUR,paid_social,paid_social,aurelia|prospecting|meta|may26,MQL,
L-70507,2026-06-20 10:40:00,AUR,meta,paid_social,AUR_US_Meta_Prospecting_2026Q2,Lead,
L-72200,2026-05-24 22:27:00,AUR,,,,MQL,
L-73264,2026-06-22 13:47:00,PKF,meta,paid_social,PKF_US_Meta_Conversions,Lead,
L-71406,2026-05-28 12:13:00,AUR,,,,Lead,
L-77178,2026-06-10 18:02:00,AUR,Google Ads,cpc,AUR_EU_Search_NonBrand_2026Q2,Lead,
L-79339,2026-06-05 12:28:00,NMB,google,cpc,NMB_US_Search_Brand_2026Q2,Lead,
L-71370,2026-05-25 17:00:00,AUR,meta,paid_social,AUR_EU_Meta_Retargeting_2026Q2,Lead,
L-74264,2026-07-01 11:10:00,PKF,Facebook,paid_social,PKF_CA_Meta_Prospecting,Closed Won,3600
L-78584,2026-07-22 16:52:00,PKF,google,cpc,PKF_US_Search_Brand_2026Q2,Closed Won,3600
L-77629,2026-05-20 21:01:00,PKF,Google Ads,cpc,PKF_US_Search_Brand_2026Q2,SQL,
L-71503,2026-06-06 20:27:00,AUR,meta,paid_social,AUR_EU_Meta_Retargeting_2026Q2,Lead,
L-74143,2026-06-13 13:48:00,PKF,fb,paid_social,PKF_CA_Meta_Prospecting,Lead,
L-76502,2026-05-26 22:51:00,AUR,,,,SQL,
L-81143,2026-07-30 22:08:00,PKF,TikTok,paid_social,PKF_TikTok_Spark_2026Q2,Lead,
L-79120,2026-05-08 14:58:00,NMB,google,cpc,NMB_US_Search_Brand_2026Q2,MQL,
L-75481,2026-07-31 12:08:00,NMB,facebook,paid_social,NMB_US_Meta_Prospecting_2026Q2,Lead,
L-82334,2026-07-23 18:16:00,NMB,google,paid_social,(not set),SQL,
L-77912,2026-06-11 21:03:00,PKF,adwords,cpc,PKF_US_Search_Brand_2026Q2,Lead,
L-81674,2026-05-26 08:07:00,AUR,,,,Lead,
L-71719,2026-06-27 11:36:00,AUR,,,,Lead,
L-81125,2026-07-24 15:02:00,PKF,TikTok,paid_social,PKF_TikTok_Spark_2026Q2,Lead,
L-76852,2026-07-13 21:58:00,AUR,,,,SQL,
L-70572,2026-06-27 19:05:00,AUR,,,,Lead,
L-70139,2026-05-16 14:24:00,AUR,facebook,paid_social,AUR_US_Meta_Prospecting_2026Q2,MQL,
L-82244,2026-07-15 22:23:00,PKF,,,,Lead,
L-81576,2026-05-17 13:44:00,PKF,google,paid_social,(not set),Lead,
L-74102,2026-06-06 15:14:00,PKF,fb,paid_social,PKF_CA_Meta_Prospecting,Lead,
L-80365,2026-07-01 18:34:00,AUR,,,,Lead,
L-80877,2026-06-24 17:32:00,PKF,tiktok,paid_social,PKF_TikTok_Spark_2026Q2,Lead,
L-77639,2026-05-21 14:40:00,PKF,google,cpc,PKF_US_Search_Brand_2026Q2,Lead,
L-78261,2026-06-30 14:55:00,PKF,google,cpc,PKF_US_Search_Brand_2026Q2,SQL,
L-82262,2026-07-17 19:46:00,PKF,google,paid_social,(not set),MQL,
L-81079,2026-07-19 13:41:00,PKF,TikTok,paid_social,PKF_TikTok_Spark_2026Q2,Lead,
L-73916,2026-05-10 16:16:00,PKF,paid_social,paid_social,PKF_CA_Meta_Prospecting,MQL,
L-77169,2026-06-07 18:02:00,AUR,Google Ads,cpc,AUR_EU_Search_NonBrand_2026Q2,MQL,
L-78748,2026-05-09 17:11:00,PKF,Google Ads,cpc,pkf|nonbrand|search|may26,MQL,
L-75558,2026-05-09 11:31:00,NMB,paid_social,paid_social,NMB_US_Meta_Retargeting_2026Q2,Lead,
L-75994,2026-07-01 15:26:00,NMB,fb,paid_social,NMB_US_Meta_Retargeting_2026Q2,Lead,
L-76479,2026-05-25 12:44:00,AUR,,,,MQL,
L-75983,2026-06-30 20:25:00,NMB,facebook,paid_social,NMB_US_Meta_Retargeting_2026Q2,Lead,
L-74653,2026-05-18 12:59:00,NMB,Facebook,paid_social,NMB_US_Meta_Prospecting_2026Q2,MQL,
L-77454,2026-05-07 18:47:00,PKF,adwords,cpc,PKF_US_Search_Brand_2026Q2,SQL,
L-78048,2026-06-16 15:09:00,PKF,google,cpc,PKF_US_Search_Brand_2026Q2,Lead,
L-74871,2026-06-08 20:36:00,NMB,meta,paid_social,NMB_US_Meta_Prospecting_2026Q2,MQL,
L-76169,2026-07-18 19:46:00,NMB,paid_social,paid_social,NMB_US_Meta_Retargeting_2026Q2,Lead,
L-72795,2026-05-22 14:45:00,PKF,,,,Lead,
L-75295,2026-07-17 15:22:00,NMB,meta,paid_social,NMB_US_Meta_Prospecting_2026Q2,Lead,
L-71857,2026-07-07 08:21:00,AUR,,,,Lead,
L-80321,2026-06-21 10:46:00,AUR,tiktok,paid_social,AUR_TikTok_Prospecting_2026Q2,Lead,
L-81179,2026-05-04 08:45:00,NMB,TikTok,paid_social,NMB_TikTok_Prospecting_2026Q2,MQL,
L-80374,2026-07-02 10:24:00,AUR,,,,MQL,
L-71083,2026-05-03 10:45:00,AUR,,,,MQL,
L-75073,2026-06-24 10:57:00,NMB,Facebook,paid_social,NMB_US_Meta_Prospecting_2026Q2,MQL,
L-81767,2026-06-02 14:26:00,NMB,google,paid_social,(not set),SQL,
L-81824,2026-06-08 07:37:00,PKF,google,paid_social,(not set),Lead,
L-76574,2026-06-05 08:45:00,AUR,,,,Closed Won,2400
L-76869,2026-07-14 09:51:00,AUR,google,cpc,AUR_US_Search_Brand_2026Q2,MQL,
L-73062,2026-06-09 09:30:00,PKF,,,,Lead,
L-76083,2026-07-11 09:18:00,NMB,,,,SQL,
L-73710,2026-07-22 20:46:00,PKF,fb,paid_social,PKF_US_Meta_Conversions,Lead,
L-70793,2026-07-11 19:14:00,AUR,,,,Lead,
L-80273,2026-06-12 11:15:00,AUR,,,,Lead,
L-70630,2026-07-01 13:01:00,AUR,,,,Lead,
L-76079,2026-07-09 10:35:00,NMB,,,,SQL,
L-78823,2026-05-30 20:50:00,PKF,,,,Lead,
L-70834,2026-07-16 10:03:00,AUR,,,,Lead,
L-70361,2026-06-09 21:21:00,AUR,,,,MQL,
L-82160,2026-07-08 20:36:00,AUR,,,,Lead,
L-71645,2026-06-18 14:49:00,AUR,,,,MQL,
L-81316,2026-07-05 18:48:00,NMB,tiktok,paid_social,NMB_TikTok_Prospecting_2026Q2,Lead,
L-79990,2026-06-29 10:41:00,NMB,google,cpc,NMB_US_PMax_2026Q2,Lead,
L-70458,2026-06-17 09:01:00,AUR,,,,Lead,
L-77641,2026-05-20 18:13:00,PKF,adwords,cpc,PKF_US_Search_Brand_2026Q2,Lead,
L-73039,2026-06-08 08:49:00,PKF,fb,paid_social,PKF_US_Meta_Conversions,MQL,
L-80312,2026-06-20 09:11:00,AUR,,,,Lead,
L-76229,2026-07-26 19:55:00,NMB,facebook,paid_social,NMB_US_Meta_Retargeting_2026Q2,MQL,
L-75615,2026-05-15 21:01:00,NMB,fb,paid_social,NMB_US_Meta_Retargeting_2026Q2,MQL,
L-79410,2026-06-11 10:35:00,NMB,Google Ads,cpc,NMB_US_Search_Brand_2026Q2,SQL,
L-77778,2026-05-31 18:02:00,PKF,Google Ads,cpc,PKF_US_Search_Brand_2026Q2,Closed Won,8800
L-79959,2026-06-15 09:01:00,NMB,google,cpc,NMB_US_PMax_2026Q2,Lead,
L-75916,2026-06-21 20:00:00,NMB,paid_social,paid_social,NMB_US_Meta_Retargeting_2026Q2,Lead,
L-81713,2026-05-29 23:58:00,AUR,google,paid_social,(not set),Lead,
L-71886,2026-07-11 11:42:00,AUR,,,,MQL,
L-72692,2026-05-17 15:11:00,PKF,Facebook,paid_social,PKF_US_Meta_Conversions,Lead,
L-72480,2026-05-03 13:11:00,PKF,meta,paid_social,PKF_US_Meta_Conversions,Lead,
L-71659,2026-06-21 08:27:00,AUR,,,,Lead,
L-70403,2026-06-12 21:12:00,AUR,fb,paid_social,AUR_US_Meta_Prospecting_2026Q2,Lead,
L-79791,2026-07-24 19:22:00,NMB,google,cpc,NMB_US_Search_Brand_2026Q2,Closed Won,2400
L-81271,2026-06-12 19:09:00,NMB,tiktok,paid_social,NMB_TikTok_Prospecting_2026Q2,Lead,
L-72542,2026-05-07 22:57:00,PKF,fb,paid_social,PKF_US_Meta_Conversions,Lead,
L-71843,2026-07-07 14:27:00,AUR,paid_social,paid_social,AUR_EU_Meta_Retargeting_2026Q2,MQL,
L-70060,2026-05-08 15:41:00,AUR,,,,Lead,
L-74081,2026-06-03 17:41:00,PKF,meta,paid_social,PKF_CA_Meta_Prospecting,Lead,
L-82102,2026-07-03 10:13:00,PKF,google,paid_social,(not set),Lead,
L-74595,2026-05-15 08:15:00,NMB,paid_social,paid_social,NMB_US_Meta_Prospecting_2026Q2,MQL,
L-81835,2026-06-09 14:24:00,PKF,google,paid_social,(not set),SQL,
L-73846,2026-07-31 10:58:00,PKF,meta,paid_social,PKF_US_Meta_Conversions,MQL,
L-70317,2026-06-02 10:58:00,AUR,,,,Lead,
L-71440,2026-05-31 20:37:00,AUR,,,,Lead,
L-81649,2026-05-23 08:49:00,PKF,google,paid_social,(not set),MQL,
L-80630,2026-05-23 14:03:00,PKF,TikTok,paid_social,PKF_TikTok_Spark_2026Q2,Lead,
L-76185,2026-07-21 10:52:00,NMB,facebook,paid_social,NMB_US_Meta_Retargeting_2026Q2,Closed Won,1900
L-81565,2026-05-16 14:39:00,AUR,,,,Lead,
L-81862,2026-06-11 11:54:00,PKF,google,paid_social,(not set),MQL,
L-78346,2026-07-09 13:06:00,PKF,Google Ads,cpc,PKF_US_Search_Brand_2026Q2,Lead,
L-70700,2026-07-05 20:14:00,AUR,paid_social,paid_social,AUR_US_Meta_Prospecting_2026Q2,Lead,
L-73300,2026-06-24 14:27:00,PKF,paid_social,paid_social,PKF_US_Meta_Conversions,SQL,
L-74257,2026-07-02 15:19:00,PKF,,,,Lead,
L-75255,2026-07-14 10:12:00,NMB,meta,paid_social,NMB_US_Meta_Prospecting_2026Q2,MQL,
L-72805,2026-05-22 22:53:00,PKF,meta,paid_social,PKF_US_Meta_Conversions,MQL,
L-74006,2026-05-22 10:21:00,PKF,paid_social,paid_social,PKF_CA_Meta_Prospecting,Lead,
L-79807,2026-07-24 14:11:00,NMB,adwords,cpc,NMB_US_Search_Brand_2026Q2,Lead,
L-72061,2026-07-24 15:59:00,AUR,,,,Lead,
L-81386,2026-07-31 08:09:00,NMB,tiktok,paid_social,NMB_TikTok_Prospecting_2026Q2,MQL,
L-70469,2026-06-18 10:03:00,AUR,,,,Lead,
L-74847,2026-06-07 14:48:00,NMB,fb,paid_social,NMB_US_Meta_Prospecting_2026Q2,Lead,
L-74419,2026-07-24 12:29:00,PKF,meta,paid_social,PKF_CA_Meta_Prospecting,Lead,
L-74735,2026-05-27 16:42:00,NMB,paid_social,paid_social,NMB_US_Meta_Prospecting_2026Q2,MQL,
L-76638,2026-06-18 13:17:00,AUR,,,,Lead,
L-74877,2026-06-07 15:29:00,NMB,meta,paid_social,NMB_US_Meta_Prospecting_2026Q2,MQL,
L-79587,2026-07-02 09:34:00,NMB,adwords,cpc,NMB_US_Search_Brand_2026Q2,Lead,
L-76622,2026-06-13 10:42:00,AUR,google,cpc,AUR_US_Search_Brand_2026Q2,Closed Won,2400
L-73803,2026-07-29 19:52:00,PKF,meta,paid_social,PKF_US_Meta_Conversions,Lead,
L-82406,2026-07-30 10:16:00,PKF,google,paid_social,(not set),Lead,
L-81634,2026-05-22 19:35:00,AUR,,,,Lead,
L-79084,2026-05-01 15:59:00,NMB,Google Ads,cpc,NMB_US_Search_Brand_2026Q2,Lead,
L-81687,2026-05-27 08:36:00,PKF,,,,Lead,
L-80323,2026-06-22 11:27:00,AUR,TikTok,paid_social,AUR_TikTok_Prospecting_2026Q2,Lead,
L-71457,2026-06-03 12:26:00,AUR,paid_social,paid_social,AUR_EU_Meta_Retargeting_2026Q2,Lead,
L-73368,2026-06-30 11:25:00,PKF,facebook,paid_social,PKF_US_Meta_Conversions,Lead,
L-73788,2026-07-27 13:32:00,PKF,paid_social,paid_social,PKF_US_Meta_Conversions,Lead,
L-81085,2026-07-20 11:09:00,PKF,TikTok,paid_social,PKF_TikTok_Spark_2026Q2,Lead,
L-75591,2026-05-14 19:52:00,NMB,facebook,paid_social,NMB_US_Meta_Retargeting_2026Q2,Lead,
L-72622,2026-05-12 16:33:00,PKF,Facebook,paid_social,PKF_US_Meta_Conversions,MQL,
L-75011,2026-06-18 19:49:00,NMB,facebook,paid_social,NMB_US_Meta_Prospecting_2026Q2,Lead,
L-82419,2026-07-31 07:50:00,PKF,google,paid_social,(not set),MQL,
L-72834,2026-05-24 22:02:00,PKF,meta,paid_social,PKF_US_Meta_Conversions,Lead,
L-71929,2026-07-13 18:41:00,AUR,Facebook,paid_social,AUR_EU_Meta_Retargeting_2026Q2,Lead,
L-78661,2026-07-29 10:02:00,PKF,google,cpc,PKF_US_Search_Brand_2026Q2,Lead,
L-78201,2026-06-27 19:50:00,PKF,google,cpc,PKF_US_Search_Brand_2026Q2,Lead,
L-76485,2026-05-25 21:26:00,AUR,,,,Lead,
L-78255,2026-07-02 20:13:00,PKF,Google Ads,cpc,PKF_US_Search_Brand_2026Q2,SQL,
L-70823,2026-07-14 14:43:00,AUR,,,,Lead,
L-78701,2026-07-29 19:48:00,PKF,google,cpc,PKF_US_Search_Brand_2026Q2,Lead,
L-72903,2026-05-29 11:53:00,PKF,facebook,paid_social,PKF_US_Meta_Conversions,Lead,
L-70838,2026-07-15 12:13:00,AUR,,,,Lead,
L-81963,2026-06-20 20:59:00,NMB,google,paid_social,(not set),MQL,
L-78656,2026-07-27 13:10:00,PKF,google,cpc,PKF_US_Search_Brand_2026Q2,MQL,
L-74236,2026-06-28 16:27:00,PKF,facebook,paid_social,PKF_CA_Meta_Prospecting,Lead,
L-73791,2026-07-26 11:10:00,PKF,Facebook,paid_social,PKF_US_Meta_Conversions,MQL,
L-80504,2026-05-04 14:16:00,PKF,TikTok,paid_social,PKF_TikTok_Spark_2026Q2,Lead,
L-72364,2026-07-10 10:05:00,AUR,,,,MQL,
L-79983,2026-06-25 10:09:00,NMB,,,,Lead,
L-80919,2026-06-29 10:38:00,PKF,TikTok,paid_social,PKF_TikTok_Spark_2026Q2,Lead,
L-76424,2026-05-18 18:46:00,AUR,google,cpc,AUR_US_Search_Brand_2026Q2,Lead,
L-73364,2026-06-29 20:17:00,PKF,paid_social,paid_social,PKF_US_Meta_Conversions,Lead,
L-77649,2026-05-22 18:15:00,PKF,Google Ads,cpc,PKF_US_Search_Brand_2026Q2,SQL,
L-79438,2026-06-13 15:20:00,NMB,adwords,cpc,NMB_US_Search_Brand_2026Q2,SQL,
L-70437,2026-06-15 21:56:00,AUR,meta,paid_social,AUR_US_Meta_Prospecting_2026Q2,Lead,
L-79401,2026-06-09 15:58:00,NMB,google,cpc,NMB_US_Search_Brand_2026Q2,SQL,
L-72539,2026-05-06 08:58:00,PKF,paid_social,paid_social,PKF_US_Meta_Conversions,Lead,
L-77480,2026-05-10 17:20:00,PKF,adwords,cpc,PKF_US_Search_Brand_2026Q2,Closed Won,3600
L-74572,2026-05-12 19:32:00,NMB,fb,paid_social,NMB_US_Meta_Prospecting_2026Q2,Lead,
L-75794,2026-06-04 17:58:00,NMB,facebook,paid_social,NMB_US_Meta_Retargeting_2026Q2,Lead,
L-79533,2026-06-25 21:57:00,NMB,adwords,cpc,NMB_US_Search_Brand_2026Q2,SQL,
L-81791,2026-06-04 09:37:00,PKF,google,paid_social,(not set),SQL,
L-75060,2026-06-24 20:55:00,NMB,facebook,paid_social,NMB_US_Meta_Prospecting_2026Q2,Lead,
L-74588,2026-05-14 15:00:00,NMB,meta,paid_social,NMB_US_Meta_Prospecting_2026Q2,Lead,
L-80798,2026-06-12 19:03:00,PKF,TikTok,paid_social,PKF_TikTok_Spark_2026Q2,MQL,
L-72758,2026-05-22 10:38:00,PKF,facebook,paid_social,PKF_US_Meta_Conversions,MQL,
L-72506,2026-05-05 15:56:00,PKF,paid_social,paid_social,PKF_US_Meta_Conversions,SQL,
L-71339,2026-05-22 12:51:00,AUR,,,,MQL,
L-72499,2026-05-06 12:20:00,PKF,paid_social,paid_social,PKF_US_Meta_Conversions,MQL,
L-81710,2026-05-28 13:43:00,NMB,google,paid_social,(not set),Lead,
L-73407,2026-07-01 21:40:00,PKF,Facebook,paid_social,PKF_US_Meta_Conversions,MQL,
L-79443,2026-06-16 15:20:00,NMB,google,cpc,NMB_US_Search_Brand_2026Q2,Lead,
L-72335,2026-07-07 20:41:00,AUR,facebook,paid_social,aurelia|prospecting|meta|may26,Lead,
L-82047,2026-06-28 11:41:00,PKF,google,paid_social,(not set),SQL,
L-76052,2026-07-08 19:53:00,NMB,,,,Lead,
L-75019,2026-06-21 17:40:00,NMB,fb,paid_social,NMB_US_Meta_Prospecting_2026Q2,MQL,
L-76300,2026-05-01 15:03:00,AUR,google,cpc,AUR_US_Search_Brand_2026Q2,Lead,
L-76294,2026-07-31 11:06:00,NMB,facebook,paid_social,NMB_US_Meta_Retargeting_2026Q2,Lead,
L-76288,2026-07-31 14:32:00,NMB,meta,paid_social,NMB_US_Meta_Retargeting_2026Q2,Lead,
L-80577,2026-05-13 12:27:00,PKF,tiktok,paid_social,PKF_TikTok_Spark_2026Q2,Lead,
L-79366,2026-06-05 08:36:00,NMB,Google Ads,cpc,NMB_US_Search_Brand_2026Q2,Closed Won,8800
L-70830,2026-07-15 15:05:00,AUR,,,,Lead,
L-71240,2026-05-14 22:34:00,AUR,meta,paid_social,AUR_EU_Meta_Retargeting_2026Q2,Lead,
L-80300,2026-06-19 18:29:00,AUR,tiktok,paid_social,AUR_TikTok_Prospecting_2026Q2,Lead,
L-76113,2026-07-12 21:01:00,NMB,meta,paid_social,NMB_US_Meta_Retargeting_2026Q2,MQL,
L-81653,2026-05-24 21:49:00,AUR,,,,Lead,
L-74613,2026-05-16 08:34:00,NMB,Facebook,paid_social,NMB_US_Meta_Prospecting_2026Q2,Lead,
L-79760,2026-07-21 10:11:00,NMB,google,cpc,NMB_US_Search_Brand_2026Q2,Lead,
L-79474,2026-06-18 12:30:00,NMB,google,cpc,NMB_US_Search_Brand_2026Q2,MQL,
L-80107,2026-06-17 22:31:00,PKF,Google Ads,cpc,PKF_US_Video_Test_C,MQL,
L-73807,2026-07-28 19:27:00,PKF,Facebook,paid_social,PKF_US_Meta_Conversions,Lead,
L-76853,2026-07-13 10:54:00,AUR,adwords,cpc,AUR_US_Search_Brand_2026Q2,MQL,
L-79286,2026-05-26 11:38:00,NMB,google,cpc,NMB_US_Search_Brand_2026Q2,Lead,
L-80818,2026-06-13 16:14:00,PKF,tiktok,paid_social,PKF_TikTok_Spark_2026Q2,MQL,
L-76415,2026-05-15 22:15:00,AUR,,,,Lead,
L-74185,2026-06-20 22:57:00,PKF,paid_social,paid_social,PKF_CA_Meta_Prospecting,Lead,
L-73548,2026-07-09 15:50:00,PKF,,,,Lead,
L-82188,2026-07-10 20:15:00,PKF,google,paid_social,(not set),Lead,
L-77431,2026-05-05 19:59:00,PKF,,,,MQL,
L-70762,2026-07-10 11:33:00,AUR,,,,MQL,
L-77317,2026-07-16 14:03:00,AUR,google,cpc,AUR_EU_Search_NonBrand_2026Q2,MQL,
L-82030,2026-06-26 12:08:00,PKF,google,paid_social,(not set),Lead,
L-74466,2026-05-01 11:56:00,NMB,meta,paid_social,NMB_US_Meta_Prospecting_2026Q2,SQL,
L-74189,2026-06-19 20:11:00,PKF,facebook,paid_social,PKF_CA_Meta_Prospecting,MQL,
L-73764,2026-07-24 11:00:00,PKF,fb,paid_social,PKF_US_Meta_Conversions,Lead,
L-70014,2026-05-03 15:28:00,AUR,,,,MQL,
L-80060,2026-06-25 15:25:00,NMB,google,cpc,NMB_US_Video_Test_A,Lead,
L-77568,2026-05-15 09:33:00,PKF,Google Ads,cpc,PKF_US_Search_Brand_2026Q2,SQL,
L-79439,2026-06-13 08:39:00,NMB,google,cpc,NMB_US_Search_Brand_2026Q2,SQL,
L-73879,2026-05-05 18:14:00,PKF,meta,paid_social,PKF_CA_Meta_Prospecting,Lead,
L-75015,2026-06-21 10:54:00,NMB,meta,paid_social,NMB_US_Meta_Prospecting_2026Q2,Lead,
L-76179,2026-07-22 11:49:00,NMB,meta,paid_social,NMB_US_Meta_Retargeting_2026Q2,MQL,
L-79970,2026-06-21 19:40:00,NMB,google,cpc,NMB_US_PMax_2026Q2,Lead,
L-74347,2026-07-13 15:27:00,PKF,facebook,paid_social,PKF_CA_Meta_Prospecting,MQL,
L-75160,2026-07-05 16:31:00,NMB,fb,paid_social,NMB_US_Meta_Prospecting_2026Q2,Lead,
L-81460,2026-05-07 15:17:00,AUR,,,,SQL,
L-71925,2026-07-14 16:50:00,AUR,meta,paid_social,AUR_EU_Meta_Retargeting_2026Q2,Lead,
L-74867,2026-06-06 20:38:00,NMB,fb,paid_social,NMB_US_Meta_Prospecting_2026Q2,Lead,
L-73083,2026-06-11 21:00:00,PKF,facebook,paid_social,PKF_US_Meta_Conversions,Lead,
L-76382,2026-05-11 15:38:00,AUR,google,cpc,AUR_US_Search_Brand_2026Q2,Closed Won,8800
L-75611,2026-05-15 09:54:00,NMB,paid_social,paid_social,NMB_US_Meta_Retargeting_2026Q2,MQL,
L-73727,2026-07-23 19:24:00,PKF,,,,Lead,
L-75840,2026-06-11 21:57:00,NMB,paid_social,paid_social,NMB_US_Meta_Retargeting_2026Q2,MQL,
L-75270,2026-07-15 15:33:00,NMB,meta,paid_social,NMB_US_Meta_Prospecting_2026Q2,Lead,
L-70109,2026-05-13 10:48:00,AUR,,,,Lead,
L-81769,2026-06-02 16:08:00,NMB,google,paid_social,(not set),Lead,
L-81911,2026-06-16 23:29:00,AUR,,,,SQL,
L-75027,2026-06-21 14:30:00,NMB,fb,paid_social,NMB_US_Meta_Prospecting_2026Q2,Lead,
L-82291,2026-07-20 13:42:00,PKF,google,paid_social,(not set),MQL,
L-79091,2026-05-04 10:03:00,NMB,google,cpc,NMB_US_Search_Brand_2026Q2,Lead,
L-80711,2026-06-01 10:03:00,PKF,TikTok,paid_social,PKF_TikTok_Spark_2026Q2,Lead,
L-78041,2026-06-16 10:21:00,PKF,google,cpc,PKF_US_Search_Brand_2026Q2,Lead,
L-79254,2026-05-22 08:50:00,NMB,Google Ads,cpc,NMB_US_Search_Brand_2026Q2,SQL,
L-80755,2026-06-04 08:22:00,PKF,tiktok,paid_social,PKF_TikTok_Spark_2026Q2,Lead,
L-75479,2026-07-29 19:36:00,NMB,fb,paid_social,NMB_US_Meta_Prospecting_2026Q2,MQL,
L-76514,2026-05-29 22:27:00,AUR,adwords,cpc,AUR_US_Search_Brand_2026Q2,Lead,
L-81391,2026-05-01 10:41:00,PKF,google,paid_social,(not set),Lead,
L-72945,2026-06-04 12:51:00,PKF,Facebook,paid_social,PKF_US_Meta_Conversions,Lead,
L-73647,2026-07-16 14:57:00,PKF,Facebook,paid_social,PKF_US_Meta_Conversions,Lead,
L-76987,2026-07-31 16:28:00,AUR,,,,SQL,
L-74094,2026-06-03 08:14:00,PKF,,,,Closed Won,5200
L-77758,2026-05-30 08:52:00,PKF,Google Ads,cpc,PKF_US_Search_Brand_2026Q2,SQL,
L-71141,2026-05-07 20:04:00,AUR,,,,Lead,
L-74966,2026-06-16 22:54:00,NMB,paid_social,paid_social,NMB_US_Meta_Prospecting_2026Q2,MQL,
L-73661,2026-07-16 16:48:00,PKF,meta,paid_social,PKF_US_Meta_Conversions,MQL,
L-77721,2026-05-26 12:32:00,PKF,adwords,cpc,PKF_US_Search_Brand_2026Q2,Lead,
L-71833,2026-07-04 11:44:00,AUR,paid_social,paid_social,AUR_EU_Meta_Retargeting_2026Q2,SQL,
L-71657,2026-06-22 17:33:00,AUR,Facebook,paid_social,AUR_EU_Meta_Retargeting_2026Q2,Lead,
L-77801,2026-06-01 14:01:00,PKF,google,cpc,PKF_US_Search_Brand_2026Q2,SQL,
L-78386,2026-07-10 12:31:00,PKF,Google Ads,cpc,PKF_US_Search_Brand_2026Q2,MQL,
L-73014,2026-06-08 11:27:00,PKF,,,,MQL,
L-80554,2026-05-09 11:35:00,PKF,TikTok,paid_social,PKF_TikTok_Spark_2026Q2,Lead,
L-82287,2026-07-20 08:51:00,AUR,,,,Lead,
L-78693,2026-07-31 17:15:00,PKF,google,cpc,PKF_US_Search_Brand_2026Q2,Lead,
L-79341,2026-06-03 20:10:00,NMB,google,cpc,NMB_US_Search_Brand_2026Q2,Lead,
L-78689,2026-07-29 19:17:00,PKF,google,cpc,PKF_US_Search_Brand_2026Q2,Lead,
L-75249,2026-07-12 15:19:00,NMB,meta,paid_social,NMB_US_Meta_Prospecting_2026Q2,Lead,
L-73673,2026-07-19 08:27:00,PKF,Facebook,paid_social,PKF_US_Meta_Conversions,MQL,
L-75067,2026-06-25 17:33:00,NMB,Facebook,paid_social,NMB_US_Meta_Prospecting_2026Q2,Lead,
L-76261,2026-07-29 22:24:00,NMB,Facebook,paid_social,NMB_US_Meta_Retargeting_2026Q2,Lead,
L-77243,2026-06-27 11:56:00,AUR,adwords,cpc,AUR_EU_Search_NonBrand_2026Q2,MQL,
L-82190,2026-07-10 21:30:00,NMB,google,paid_social,(not set),Lead,
L-76743,2026-06-27 14:14:00,AUR,Google Ads,cpc,AUR_US_Search_Brand_2026Q2,MQL,
L-73091,2026-06-12 14:01:00,PKF,fb,paid_social,PKF_US_Meta_Conversions,Lead,
L-71125,2026-05-06 16:38:00,AUR,,,,Lead,
L-71148,2026-05-07 21:45:00,AUR,,,,MQL,
L-78616,2026-07-24 15:16:00,PKF,google,cpc,PKF_US_Search_Brand_2026Q2,Lead,
L-78532,2026-07-21 08:16:00,PKF,,,,Closed Won,8800
L-73211,2026-06-19 12:35:00,PKF,meta,paid_social,PKF_US_Meta_Conversions,Lead,
L-79766,2026-07-21 19:23:00,NMB,google,cpc,NMB_US_Search_Brand_2026Q2,MQL,
L-81877,2026-06-12 22:45:00,PKF,google,paid_social,(not set),Lead,
L-71380,2026-05-28 12:32:00,AUR,,,,SQL,
L-76408,2026-05-15 20:26:00,AUR,adwords,cpc,AUR_US_Search_Brand_2026Q2,Lead,
L-77289,2026-07-07 08:06:00,AUR,google,cpc,AUR_EU_Search_NonBrand_2026Q2,MQL,
L-81158,2026-07-31 15:27:00,PKF,TikTok,paid_social,PKF_TikTok_Spark_2026Q2,Lead,
L-76557,2026-06-04 21:58:00,AUR,google,cpc,AUR_US_Search_Brand_2026Q2,SQL,
L-78037,2026-06-18 20:55:00,PKF,google,cpc,PKF_US_Search_Brand_2026Q2,Lead,
L-73225,2026-06-20 19:03:00,PKF,facebook,paid_social,PKF_US_Meta_Conversions,Lead,
L-80005,2026-07-10 09:01:00,NMB,adwords,cpc,NMB_US_PMax_2026Q2,Lead,
L-72378,2026-07-14 14:58:00,AUR,fb,paid_social,aurelia|prospecting|meta|may26,MQL,
L-70561,2026-06-25 11:26:00,AUR,Facebook,paid_social,AUR_US_Meta_Prospecting_2026Q2,MQL,
L-76212,2026-07-23 11:46:00,NMB,fb,paid_social,NMB_US_Meta_Retargeting_2026Q2,Lead,
L-76645,2026-06-16 21:04:00,AUR,Google Ads,cpc,AUR_US_Search_Brand_2026Q2,SQL,
L-72264,2026-06-14 10:04:00,AUR,,,,Closed Won,8800
L-80148,2026-05-11 22:12:00,AUR,TikTok,paid_social,AUR_TikTok_Prospecting_2026Q2,Lead,
L-75309,2026-07-18 09:47:00,NMB,fb,paid_social,NMB_US_Meta_Prospecting_2026Q2,Closed Won,5200
L-73700,2026-07-22 19:27:00,PKF,,,,MQL,
L-78332,2026-07-08 22:50:00,PKF,Google Ads,cpc,PKF_US_Search_Brand_2026Q2,MQL,
L-78988,2026-07-10 11:06:00,PKF,Google Ads,cpc,pkf|nonbrand|search|may26,MQL,
L-77256,2026-07-02 09:57:00,AUR,,,,Lead,
L-80653,2026-05-25 12:49:00,PKF,TikTok,paid_social,PKF_TikTok_Spark_2026Q2,Lead,
L-77520,2026-05-12 20:33:00,PKF,Google Ads,cpc,PKF_US_Search_Brand_2026Q2,Lead,
L-81208,2026-05-15 22:18:00,NMB,tiktok,paid_social,NMB_TikTok_Prospecting_2026Q2,Lead,
L-79221,2026-05-19 13:52:00,NMB,Google Ads,cpc,NMB_US_Search_Brand_2026Q2,MQL,
L-82254,2026-07-16 11:59:00,NMB,google,paid_social,(not set),SQL,
L-77387,2026-05-03 20:31:00,PKF,google,cpc,PKF_US_Search_Brand_2026Q2,MQL,
L-77990,2026-06-13 22:19:00,PKF,Google Ads,cpc,PKF_US_Search_Brand_2026Q2,MQL,
L-75294,2026-07-18 13:34:00,NMB,paid_social,paid_social,NMB_US_Meta_Prospecting_2026Q2,Lead,
L-73838,2026-07-30 11:50:00,PKF,meta,paid_social,PKF_US_Meta_Conversions,MQL,
L-73164,2026-06-17 20:58:00,PKF,facebook,paid_social,PKF_US_Meta_Conversions,Lead,
L-76841,2026-07-10 19:56:00,AUR,google,cpc,AUR_US_Search_Brand_2026Q2,SQL,
L-72461,2026-05-03 11:29:00,PKF,Facebook,paid_social,PKF_US_Meta_Conversions,Lead,
L-70742,2026-07-09 11:27:00,AUR,,,,Lead,
L-81666,2026-05-25 08:44:00,PKF,google,paid_social,(not set),SQL,
L-81348,2026-07-18 18:38:00,NMB,TikTok,paid_social,NMB_TikTok_Prospecting_2026Q2,Lead,
L-70544,2026-06-23 22:27:00,AUR,meta,paid_social,AUR_US_Meta_Prospecting_2026Q2,MQL,
L-78523,2026-07-20 17:50:00,PKF,adwords,cpc,PKF_US_Search_Brand_2026Q2,SQL,
L-80729,2026-06-02 14:53:00,PKF,TikTok,paid_social,PKF_TikTok_Spark_2026Q2,MQL,
L-76234,2026-07-27 19:26:00,NMB,fb,paid_social,NMB_US_Meta_Retargeting_2026Q2,Lead,
L-77227,2026-06-24 16:12:00,AUR,google,cpc,AUR_EU_Search_NonBrand_2026Q2,SQL,
L-71846,2026-07-06 22:45:00,AUR,fb,paid_social,AUR_EU_Meta_Retargeting_2026Q2,Lead,
L-75345,2026-07-22 16:40:00,NMB,fb,paid_social,NMB_US_Meta_Prospecting_2026Q2,Lead,
L-70391,2026-06-11 14:52:00,AUR,facebook,paid_social,AUR_US_Meta_Prospecting_2026Q2,SQL,
L-77760,2026-05-30 12:45:00,PKF,,,,MQL,
L-70432,2026-06-13 17:48:00,AUR,,,,Lead,
L-81227,2026-05-22 18:21:00,NMB,tiktok,paid_social,NMB_TikTok_Prospecting_2026Q2,Lead,
L-77354,2026-07-24 18:11:00,AUR,,,,SQL,
L-81448,2026-05-06 22:49:00,AUR,google,paid_social,(not set),MQL,
L-75377,2026-07-22 12:30:00,NMB,paid_social,paid_social,NMB_US_Meta_Prospecting_2026Q2,MQL,
L-71883,2026-07-09 20:43:00,AUR,,,,Lead,
L-75231,2026-07-13 22:31:00,NMB,Facebook,paid_social,NMB_US_Meta_Prospecting_2026Q2,MQL,
L-71894,2026-07-12 14:01:00,AUR,,,,Lead,
L-72079,2026-07-28 09:42:00,AUR,fb,paid_social,AUR_EU_Meta_Retargeting_2026Q2,MQL,
L-78423,2026-07-15 20:17:00,PKF,adwords,cpc,PKF_US_Search_Brand_2026Q2,SQL,
L-73352,2026-06-28 08:44:00,PKF,meta,paid_social,PKF_US_Meta_Conversions,Lead,
L-82149,2026-07-07 11:33:00,PKF,google,paid_social,(not set),Lead,
L-80389,2026-07-09 19:25:00,AUR,TikTok,paid_social,AUR_TikTok_Prospecting_2026Q2,Lead,
L-74683,2026-05-22 13:36:00,NMB,paid_social,paid_social,NMB_US_Meta_Prospecting_2026Q2,Lead,
L-77830,2026-06-04 10:03:00,PKF,Google Ads,cpc,PKF_US_Search_Brand_2026Q2,Lead,
L-73957,2026-05-16 19:50:00,PKF,paid_social,paid_social,PKF_CA_Meta_Prospecting,Lead,
L-70794,2026-07-12 13:06:00,AUR,,,,Lead,
L-78760,2026-05-15 10:57:00,PKF,,,,SQL,
L-72785,2026-05-22 17:03:00,PKF,fb,paid_social,PKF_US_Meta_Conversions,SQL,
L-79298,2026-05-30 18:37:00,NMB,Google Ads,cpc,NMB_US_Search_Brand_2026Q2,Lead,
L-77246,2026-06-29 08:55:00,AUR,google,cpc,AUR_EU_Search_NonBrand_2026Q2,Lead,
L-74568,2026-05-11 16:38:00,NMB,facebook,paid_social,NMB_US_Meta_Prospecting_2026Q2,Lead,
L-70163,2026-05-20 13:08:00,AUR,Facebook,paid_social,AUR_US_Meta_Prospecting_2026Q2,SQL,
L-73745,2026-07-22 20:32:00,PKF,paid_social,paid_social,PKF_US_Meta_Conversions,Lead,
L-71028,2026-07-29 08:03:00,AUR,,,,MQL,
L-78711,2026-05-03 18:25:00,PKF,google,cpc,pkf|nonbrand|search|may26,Lead,
L-75671,2026-05-22 08:24:00,NMB,meta,paid_social,NMB_US_Meta_Retargeting_2026Q2,Lead,
L-75855,2026-06-13 16:36:00,NMB,paid_social,paid_social,NMB_US_Meta_Retargeting_2026Q2,Lead,
L-70590,2026-06-28 22:00:00,AUR,,,,Lead,
L-81272,2026-06-13 10:32:00,NMB,tiktok,paid_social,NMB_TikTok_Prospecting_2026Q2,Lead,
L-70497,2026-06-20 22:51:00,AUR,paid_social,paid_social,AUR_US_Meta_Prospecting_2026Q2,Lead,
L-76058,2026-07-09 16:34:00,NMB,,,,Lead,
L-82392,2026-07-29 16:50:00,PKF,google,paid_social,(not set),Lead,
L-79825,2026-07-28 18:57:00,NMB,Google Ads,cpc,NMB_US_Search_Brand_2026Q2,Lead,
L-76067,2026-07-07 16:09:00,NMB,meta,paid_social,NMB_US_Meta_Retargeting_2026Q2,Lead,
L-76503,2026-05-25 20:07:00,AUR,google,cpc,AUR_US_Search_Brand_2026Q2,SQL,
L-75381,2026-07-24 21:08:00,NMB,Facebook,paid_social,NMB_US_Meta_Prospecting_2026Q2,MQL,
L-73392,2026-07-02 15:28:00,PKF,meta,paid_social,PKF_US_Meta_Conversions,Lead,
L-70665,2026-07-03 08:13:00,AUR,Facebook,paid_social,AUR_US_Meta_Prospecting_2026Q2,Lead,
L-76309,2026-05-02 12:51:00,AUR,,,,Lead,
L-70173,2026-05-19 10:30:00,AUR,,,,Lead,
L-73918,2026-05-09 21:09:00,PKF,facebook,paid_social,PKF_CA_Meta_Prospecting,Lead,
L-79288,2026-05-27 18:50:00,NMB,Google Ads,cpc,NMB_US_Search_Brand_2026Q2,MQL,
L-77310,2026-07-14 20:15:00,AUR,,,,Lead,
L-71715,2026-06-27 11:59:00,AUR,fb,paid_social,AUR_EU_Meta_Retargeting_2026Q2,MQL,
L-78761,2026-05-14 12:19:00,PKF,adwords,cpc,pkf|nonbrand|search|may26,Lead,
L-70347,2026-06-05 08:56:00,AUR,,,,Lead,
L-79515,2026-06-24 11:37:00,NMB,google,cpc,NMB_US_Search_Brand_2026Q2,SQL,
L-80950,2026-07-02 14:50:00,PKF,tiktok,paid_social,PKF_TikTok_Spark_2026Q2,Lead,
L-77794,2026-06-01 10:12:00,PKF,google,cpc,PKF_US_Search_Brand_2026Q2,Lead,
L-78296,2026-07-05 15:04:00,PKF,adwords,cpc,PKF_US_Search_Brand_2026Q2,Lead,
L-77895,2026-06-09 14:11:00,PKF,google,cpc,PKF_US_Search_Brand_2026Q2,MQL,
L-76538,2026-05-31 12:13:00,AUR,adwords,cpc,AUR_US_Search_Brand_2026Q2,MQL,
L-80384,2026-07-06 14:21:00,AUR,TikTok,paid_social,AUR_TikTok_Prospecting_2026Q2,Lead,
L-81398,2026-05-01 15:41:00,NMB,google,paid_social,(not set),MQL,
L-71048,2026-07-31 11:46:00,AUR,,,,Lead,
L-80445,2026-07-20 15:09:00,AUR,,,,Lead,
L-73596,2026-07-13 11:39:00,PKF,Facebook,paid_social,PKF_US_Meta_Conversions,Lead,
L-80933,2026-07-01 14:01:00,PKF,TikTok,paid_social,PKF_TikTok_Spark_2026Q2,Lead,
L-73441,2026-07-04 10:28:00,PKF,,,,Lead,
L-82279,2026-07-19 23:36:00,PKF,google,paid_social,(not set),MQL,
L-71593,2026-06-15 15:23:00,AUR,,,,Lead,
L-76568,2026-06-05 15:54:00,AUR,,,,SQL,
L-79528,2026-06-27 08:41:00,NMB,Google Ads,cpc,NMB_US_Search_Brand_2026Q2,MQL,
L-75922,2026-06-22 17:02:00,NMB,facebook,paid_social,NMB_US_Meta_Retargeting_2026Q2,MQL,
L-73356,2026-06-29 16:16:00,PKF,fb,paid_social,PKF_US_Meta_Conversions,Lead,
L-73687,2026-07-19 16:57:00,PKF,Facebook,paid_social,PKF_US_Meta_Conversions,Lead,
L-74172,2026-06-19 10:48:00,PKF,Facebook,paid_social,PKF_CA_Meta_Prospecting,Lead,
L-73888,2026-05-05 09:56:00,PKF,fb,paid_social,PKF_CA_Meta_Prospecting,MQL,
L-77299,2026-07-11 20:03:00,AUR,,,,MQL,
L-79011,2026-07-16 21:53:00,PKF,adwords,cpc,pkf|nonbrand|search|may26,MQL,
L-70533,2026-06-23 17:05:00,AUR,fb,paid_social,AUR_US_Meta_Prospecting_2026Q2,Lead,
L-80610,2026-05-20 16:16:00,PKF,tiktok,paid_social,PKF_TikTok_Spark_2026Q2,SQL,
L-80431,2026-07-15 12:04:00,AUR,tiktok,paid_social,AUR_TikTok_Prospecting_2026Q2,Lead,
L-74665,2026-05-21 09:47:00,NMB,Facebook,paid_social,NMB_US_Meta_Prospecting_2026Q2,Closed Won,8800
L-75266,2026-07-14 21:57:00,NMB,paid_social,paid_social,NMB_US_Meta_Prospecting_2026Q2,Lead,
L-76614,2026-06-13 09:10:00,AUR,,,,MQL,
L-78336,2026-07-08 22:14:00,PKF,google,cpc,PKF_US_Search_Brand_2026Q2,Lead,
L-78770,2026-05-15 16:26:00,PKF,adwords,cpc,pkf|nonbrand|search|may26,MQL,
L-81793,2026-06-04 07:11:00,NMB,google,paid_social,(not set),Lead,
L-70775,2026-07-11 13:57:00,AUR,,,,MQL,
L-70518,2026-06-20 20:55:00,AUR,meta,paid_social,AUR_US_Meta_Prospecting_2026Q2,Lead,
L-76697,2026-06-23 22:20:00,AUR,google,cpc,AUR_US_Search_Brand_2026Q2,Lead,
L-78559,2026-07-22 22:04:00,PKF,,,,Lead,
L-70388,2026-06-11 14:00:00,AUR,facebook,paid_social,AUR_US_Meta_Prospecting_2026Q2,Lead,
L-74797,2026-06-02 16:13:00,NMB,,,,Lead,
L-73806,2026-07-27 21:59:00,PKF,meta,paid_social,PKF_US_Meta_Conversions,MQL,
L-70922,2026-07-22 15:03:00,AUR,facebook,paid_social,AUR_US_Meta_Prospecting_2026Q2,Lead,
L-81620,2026-05-21 23:47:00,AUR,google,paid_social,(not set),Lead,
L-70658,2026-07-01 14:57:00,AUR,,,,MQL,
L-82389,2026-07-29 11:49:00,PKF,google,paid_social,(not set),Lead,
L-79698,2026-07-14 09:59:00,NMB,google,cpc,NMB_US_Search_Brand_2026Q2,MQL,
L-80043,2026-07-29 15:13:00,NMB,,,,Lead,
L-75120,2026-06-30 13:57:00,NMB,meta,paid_social,NMB_US_Meta_Prospecting_2026Q2,Lead,
L-78831,2026-05-31 16:13:00,PKF,,,,Lead,
L-78755,2026-05-11 15:47:00,PKF,google,cpc,pkf|nonbrand|search|may26,MQL,
L-76345,2026-05-06 13:47:00,AUR,Google Ads,cpc,AUR_US_Search_Brand_2026Q2,Lead,
L-79600,2026-07-04 22:37:00,NMB,Google Ads,cpc,NMB_US_Search_Brand_2026Q2,MQL,
L-71989,2026-07-19 21:24:00,AUR,,,,MQL,
L-73394,2026-07-02 12:21:00,PKF,facebook,paid_social,PKF_US_Meta_Conversions,Lead,
L-76587,2026-06-09 19:55:00,AUR,,,,MQL,
L-82161,2026-07-08 07:56:00,AUR,google,paid_social,(not set),Lead,
L-80997,2026-07-09 10:57:00,PKF,tiktok,paid_social,PKF_TikTok_Spark_2026Q2,SQL,
L-79382,2026-06-06 12:34:00,NMB,google,cpc,NMB_US_Search_Brand_2026Q2,MQL,
L-73128,2026-06-16 12:23:00,PKF,facebook,paid_social,PKF_US_Meta_Conversions,Lead,
L-79678,2026-07-12 10:12:00,NMB,google,cpc,NMB_US_Search_Brand_2026Q2,Closed Won,1900
L-77849,2026-06-04 19:27:00,PKF,google,cpc,PKF_US_Search_Brand_2026Q2,Lead,
L-72470,2026-05-03 13:28:00,PKF,Facebook,paid_social,PKF_US_Meta_Conversions,MQL,
L-77497,2026-05-12 13:53:00,PKF,,,,Closed Won,5200
L-78665,2026-07-28 12:35:00,PKF,Google Ads,cpc,PKF_US_Search_Brand_2026Q2,Lead,
L-79850,2026-07-30 09:24:00,NMB,adwords,cpc,NMB_US_Search_Brand_2026Q2,MQL,
L-80791,2026-06-11 18:32:00,PKF,tiktok,paid_social,PKF_TikTok_Spark_2026Q2,Lead,
L-70412,2026-06-14 19:51:00,AUR,meta,paid_social,AUR_US_Meta_Prospecting_2026Q2,MQL,
L-74616,2026-05-17 15:09:00,NMB,fb,paid_social,NMB_US_Meta_Prospecting_2026Q2,MQL,
L-82181,2026-07-10 16:07:00,AUR,,,,MQL,
L-70598,2026-06-28 21:21:00,AUR,,,,Lead,
L-80829,2026-06-16 09:18:00,PKF,,,,SQL,
L-70457,2026-06-18 17:10:00,AUR,facebook,paid_social,AUR_US_Meta_Prospecting_2026Q2,Lead,
L-77005,2026-05-02 10:40:00,AUR,adwords,cpc,AUR_EU_Search_NonBrand_2026Q2,MQL,
L-78051,2026-06-17 21:02:00,PKF,adwords,cpc,PKF_US_Search_Brand_2026Q2,MQL,
L-71704,2026-06-26 08:16:00,AUR,Facebook,paid_social,AUR_EU_Meta_Retargeting_2026Q2,Lead,
L-79222,2026-05-21 10:50:00,NMB,,,,SQL,
L-71163,2026-05-10 09:45:00,AUR,,,,MQL,
L-80402,2026-07-09 13:36:00,AUR,TikTok,paid_social,AUR_TikTok_Prospecting_2026Q2,Lead,
L-72577,2026-05-09 09:09:00,PKF,meta,paid_social,PKF_US_Meta_Conversions,Lead,
L-76883,2026-07-16 12:55:00,AUR,,,,Lead,
L-74477,2026-05-03 10:35:00,NMB,facebook,paid_social,NMB_US_Meta_Prospecting_2026Q2,MQL,
L-82171,2026-07-09 16:12:00,AUR,google,paid_social,(not set),MQL,
L-76171,2026-07-19 17:04:00,NMB,fb,paid_social,NMB_US_Meta_Retargeting_2026Q2,Lead,
L-73344,2026-06-29 21:23:00,PKF,Facebook,paid_social,PKF_US_Meta_Conversions,Lead,
L-76028,2026-07-05 12:02:00,NMB,paid_social,paid_social,NMB_US_Meta_Retargeting_2026Q2,Lead,
L-74577,2026-05-13 17:11:00,NMB,fb,paid_social,NMB_US_Meta_Prospecting_2026Q2,SQL,
L-78146,2026-06-22 16:58:00,PKF,Google Ads,cpc,PKF_US_Search_Brand_2026Q2,Lead,
L-73369,2026-06-30 18:43:00,PKF,Facebook,paid_social,PKF_US_Meta_Conversions,Closed Won,3600
L-71073,2026-05-02 09:44:00,AUR,,,,Lead,
L-70968,2026-07-24 18:52:00,AUR,meta,paid_social,AUR_US_Meta_Prospecting_2026Q2,MQL,
L-80569,2026-05-12 21:53:00,PKF,tiktok,paid_social,PKF_TikTok_Spark_2026Q2,MQL,
L-75980,2026-06-28 13:14:00,NMB,paid_social,paid_social,NMB_US_Meta_Retargeting_2026Q2,Lead,
L-70509,2026-06-20 09:55:00,AUR,paid_social,paid_social,AUR_US_Meta_Prospecting_2026Q2,Lead,
L-72833,2026-05-25 21:56:00,PKF,paid_social,paid_social,PKF_US_Meta_Conversions,MQL,
L-73880,2026-05-04 09:30:00,PKF,fb,paid_social,PKF_CA_Meta_Prospecting,MQL,
L-81810,2026-06-06 20:14:00,NMB,google,paid_social,(not set),Lead,
L-73435,2026-07-03 19:43:00,PKF,meta,paid_social,PKF_US_Meta_Conversions,SQL,
L-71107,2026-05-06 11:32:00,AUR,meta,paid_social,AUR_EU_Meta_Retargeting_2026Q2,Lead,
L-74586,2026-05-14 09:23:00,NMB,fb,paid_social,NMB_US_Meta_Prospecting_2026Q2,MQL,
L-76842,2026-07-10 17:07:00,AUR,,,,Lead,
L-72609,2026-05-11 20:05:00,PKF,Facebook,paid_social,PKF_US_Meta_Conversions,MQL,
L-81104,2026-07-21 22:30:00,PKF,tiktok,paid_social,PKF_TikTok_Spark_2026Q2,Lead,
L-75448,2026-07-29 18:49:00,NMB,meta,paid_social,NMB_US_Meta_Prospecting_2026Q2,MQL,
L-80841,2026-06-19 20:32:00,PKF,TikTok,paid_social,PKF_TikTok_Spark_2026Q2,MQL,
L-81950,2026-06-19 12:20:00,PKF,google,paid_social,(not set),Lead,
L-71815,2026-07-03 15:34:00,AUR,Facebook,paid_social,AUR_EU_Meta_Retargeting_2026Q2,Lead,
L-81626,2026-05-21 13:59:00,PKF,google,paid_social,(not set),Lead,
L-70152,2026-05-18 14:21:00,AUR,,,,Lead,
L-71899,2026-07-11 10:03:00,AUR,,,,Lead,
L-72528,2026-05-06 19:32:00,PKF,paid_social,paid_social,PKF_US_Meta_Conversions,Lead,
L-80353,2026-06-28 17:30:00,AUR,,,,Lead,
L-77001,2026-07-31 18:57:00,AUR,,,,Lead,
L-81675,2026-05-26 14:40:00,PKF,google,paid_social,(not set),Lead,
L-73215,2026-06-20 16:45:00,PKF,Facebook,paid_social,PKF_US_Meta_Conversions,Lead,
L-76626,2026-06-15 18:37:00,AUR,,,,Lead,
L-73579,2026-07-12 15:52:00,PKF,facebook,paid_social,PKF_US_Meta_Conversions,Lead,
L-77939,2026-06-10 11:26:00,PKF,google,cpc,PKF_US_Search_Brand_2026Q2,Closed Won,2400
L-76509,2026-05-27 10:10:00,AUR,google,cpc,AUR_US_Search_Brand_2026Q2,Lead,
L-79932,2026-06-02 17:07:00,NMB,Google Ads,cpc,NMB_US_PMax_2026Q2,Lead,
L-81612,2026-05-20 12:00:00,PKF,google,paid_social,(not set),Lead,
L-78724,2026-05-04 16:05:00,PKF,google,cpc,pkf|nonbrand|search|may26,SQL,
L-75030,2026-06-21 21:18:00,NMB,fb,paid_social,NMB_US_Meta_Prospecting_2026Q2,Lead,
L-70786,2026-07-11 14:41:00,AUR,,,,MQL,
L-72384,2026-07-16 10:28:00,AUR,,,,Lead,
L-75682,2026-05-22 11:40:00,NMB,meta,paid_social,NMB_US_Meta_Retargeting_2026Q2,Lead,
L-79504,2026-06-22 18:43:00,NMB,adwords,cpc,NMB_US_Search_Brand_2026Q2,MQL,
L-74209,2026-06-23 18:14:00,PKF,paid_social,paid_social,PKF_CA_Meta_Prospecting,Lead,
L-70222,2026-05-24 13:16:00,AUR,facebook,paid_social,AUR_US_Meta_Prospecting_2026Q2,Lead,
L-71090,2026-05-03 08:55:00,AUR,,,,Lead,
L-71158,2026-05-08 15:47:00,AUR,facebook,paid_social,AUR_EU_Meta_Retargeting_2026Q2,Lead,
L-81678,2026-05-26 17:33:00,PKF,google,paid_social,(not set),Lead,
L-77020,2026-05-07 18:39:00,AUR,,,,Lead,
L-79946,2026-06-07 10:47:00,NMB,adwords,cpc,NMB_US_PMax_2026Q2,MQL,
L-75288,2026-07-17 10:17:00,NMB,paid_social,paid_social,NMB_US_Meta_Prospecting_2026Q2,Lead,
L-73608,2026-07-15 18:45:00,PKF,meta,paid_social,PKF_US_Meta_Conversions,MQL,
L-78883,2026-06-14 13:24:00,PKF,adwords,cpc,pkf|nonbrand|search|may26,Lead,
L-74358,2026-07-14 20:06:00,PKF,,,,MQL,
L-76735,2026-06-27 11:08:00,AUR,adwords,cpc,AUR_US_Search_Brand_2026Q2,MQL,
L-80030,2026-07-25 20:38:00,NMB,adwords,cpc,NMB_US_PMax_2026Q2,Lead,
L-73845,2026-07-30 22:47:00,PKF,meta,paid_social,PKF_US_Meta_Conversions,MQL,
L-79585,2026-07-02 14:53:00,NMB,google,cpc,NMB_US_Search_Brand_2026Q2,Lead,
L-81363,2026-07-23 22:38:00,NMB,tiktok,paid_social,NMB_TikTok_Prospecting_2026Q2,MQL,
L-76207,2026-07-22 19:28:00,NMB,paid_social,paid_social,NMB_US_Meta_Retargeting_2026Q2,Lead,
L-79012,2026-07-15 08:02:00,PKF,adwords,cpc,pkf|nonbrand|search|may26,Lead,
L-70012,2026-05-02 21:13:00,AUR,,,,Lead,
L-75075,2026-06-27 13:16:00,NMB,fb,paid_social,NMB_US_Meta_Prospecting_2026Q2,Lead,
L-78607,2026-07-26 13:50:00,PKF,google,cpc,PKF_US_Search_Brand_2026Q2,Lead,
L-75330,2026-07-21 16:14:00,NMB,fb,paid_social,NMB_US_Meta_Prospecting_2026Q2,Lead,
L-72905,2026-06-01 10:37:00,PKF,facebook,paid_social,PKF_US_Meta_Conversions,MQL,
L-75188,2026-07-08 12:14:00,NMB,,,,Lead,
L-81619,2026-05-20 07:14:00,NMB,google,paid_social,(not set),Lead,
L-70643,2026-06-30 12:01:00,AUR,Facebook,paid_social,AUR_US_Meta_Prospecting_2026Q2,MQL,
L-81742,2026-06-01 11:20:00,AUR,,,,Lead,
L-81306,2026-06-29 20:35:00,NMB,tiktok,paid_social,NMB_TikTok_Prospecting_2026Q2,Lead,
L-75224,2026-07-09 15:43:00,NMB,,,,MQL,
L-80555,2026-05-11 17:43:00,PKF,TikTok,paid_social,PKF_TikTok_Spark_2026Q2,MQL,
L-78097,2026-06-21 21:23:00,PKF,google,cpc,PKF_US_Search_Brand_2026Q2,MQL,
L-77054,2026-05-14 22:46:00,AUR,adwords,cpc,AUR_EU_Search_NonBrand_2026Q2,MQL,
L-75858,2026-06-12 13:06:00,NMB,paid_social,paid_social,NMB_US_Meta_Retargeting_2026Q2,Lead,
L-78885,2026-06-14 08:23:00,PKF,google,cpc,pkf|nonbrand|search|may26,Closed Won,1900
L-75352,2026-07-20 16:00:00,NMB,facebook,paid_social,NMB_US_Meta_Prospecting_2026Q2,MQL,
L-74178,2026-06-18 11:26:00,PKF,meta,paid_social,PKF_CA_Meta_Prospecting,Lead,
L-72653,2026-05-16 15:15:00,PKF,fb,paid_social,PKF_US_Meta_Conversions,Lead,
L-71155,2026-05-08 11:01:00,AUR,facebook,paid_social,AUR_EU_Meta_Retargeting_2026Q2,Lead,
L-74965,2026-06-15 15:24:00,NMB,,,,Lead,
L-80360,2026-06-29 21:46:00,AUR,TikTok,paid_social,AUR_TikTok_Prospecting_2026Q2,Lead,
L-77840,2026-06-04 16:14:00,PKF,google,cpc,PKF_US_Search_Brand_2026Q2,Lead,
L-75783,2026-06-05 09:03:00,NMB,fb,paid_social,NMB_US_Meta_Retargeting_2026Q2,Lead,
L-76752,2026-06-28 22:08:00,AUR,Google Ads,cpc,AUR_US_Search_Brand_2026Q2,Lead,
L-80054,2026-05-31 16:40:00,NMB,,,,SQL,
L-77377,2026-05-03 22:31:00,PKF,adwords,cpc,PKF_US_Search_Brand_2026Q2,MQL,
L-71934,2026-07-15 15:05:00,AUR,,,,Lead,
L-74606,2026-05-14 09:24:00,NMB,paid_social,paid_social,NMB_US_Meta_Prospecting_2026Q2,Lead,
L-75129,2026-07-02 22:21:00,NMB,Facebook,paid_social,NMB_US_Meta_Prospecting_2026Q2,Lead,
L-72932,2026-06-02 13:06:00,PKF,fb,paid_social,PKF_US_Meta_Conversions,Lead,
L-78555,2026-07-22 19:13:00,PKF,adwords,cpc,PKF_US_Search_Brand_2026Q2,Lead,
L-71256,2026-05-15 12:12:00,AUR,,,,Lead,
L-80023,2026-07-22 20:11:00,NMB,google,cpc,NMB_US_PMax_2026Q2,Lead,
L-74587,2026-05-14 18:36:00,NMB,,,,MQL,
L-80542,2026-05-09 10:52:00,PKF,tiktok,paid_social,PKF_TikTok_Spark_2026Q2,MQL,
L-80439,2026-07-18 20:31:00,AUR,TikTok,paid_social,AUR_TikTok_Prospecting_2026Q2,Lead,
L-73955,2026-05-14 11:37:00,PKF,facebook,paid_social,PKF_CA_Meta_Prospecting,MQL,
L-77391,2026-05-04 14:37:00,PKF,adwords,cpc,PKF_US_Search_Brand_2026Q2,MQL,
L-78678,2026-07-29 11:09:00,PKF,adwords,cpc,PKF_US_Search_Brand_2026Q2,MQL,
L-78704,2026-07-30 08:37:00,PKF,Google Ads,cpc,PKF_US_Search_Brand_2026Q2,Lead,
L-80686,2026-05-28 22:57:00,PKF,TikTok,paid_social,PKF_TikTok_Spark_2026Q2,Lead,
L-81602,2026-05-19 12:57:00,PKF,google,paid_social,(not set),Lead,
L-76521,2026-05-28 14:45:00,AUR,google,cpc,AUR_US_Search_Brand_2026Q2,Lead,
L-80450,2026-07-21 11:32:00,AUR,tiktok,paid_social,AUR_TikTok_Prospecting_2026Q2,Lead,
L-78682,2026-07-28 14:50:00,PKF,,,,Lead,
L-80765,2026-06-07 21:53:00,PKF,TikTok,paid_social,PKF_TikTok_Spark_2026Q2,MQL,
L-81028,2026-07-13 13:27:00,PKF,TikTok,paid_social,PKF_TikTok_Spark_2026Q2,Lead,
L-81322,2026-07-08 15:31:00,NMB,tiktok,paid_social,NMB_TikTok_Prospecting_2026Q2,SQL,
L-82058,2026-06-29 14:07:00,PKF,google,paid_social,(not set),SQL,
L-70515,2026-06-21 22:56:00,AUR,,,,Lead,
L-77498,2026-05-13 14:55:00,PKF,,,,Lead,
L-72804,2026-05-23 09:26:00,PKF,paid_social,paid_social,PKF_US_Meta_Conversions,Lead,
L-78256,2026-07-02 17:57:00,PKF,google,cpc,PKF_US_Search_Brand_2026Q2,Lead,
L-76046,2026-07-06 22:00:00,NMB,paid_social,paid_social,NMB_US_Meta_Retargeting_2026Q2,Lead,
L-74556,2026-05-09 10:48:00,NMB,facebook,paid_social,NMB_US_Meta_Prospecting_2026Q2,Lead,
L-80837,2026-06-17 10:48:00,PKF,,,,SQL,
L-77240,2026-06-27 11:34:00,AUR,google,cpc,AUR_EU_Search_NonBrand_2026Q2,Lead,
L-71543,2026-06-10 12:21:00,AUR,,,,Lead,
L-72924,2026-06-01 11:06:00,PKF,fb,paid_social,PKF_US_Meta_Conversions,Lead,
L-78859,2026-06-06 17:48:00,PKF,google,cpc,pkf|nonbrand|search|may26,SQL,
L-79506,2026-06-22 19:13:00,NMB,google,cpc,NMB_US_Search_Brand_2026Q2,Lead,
L-81753,2026-06-01 07:28:00,NMB,google,paid_social,(not set),MQL,
L-80855,2026-06-19 14:04:00,PKF,TikTok,paid_social,PKF_TikTok_Spark_2026Q2,MQL,
L-82004,2026-06-24 10:50:00,PKF,google,paid_social,(not set),MQL,
L-77616,2026-05-18 14:03:00,PKF,Google Ads,cpc,PKF_US_Search_Brand_2026Q2,MQL,
L-71103,2026-05-05 08:03:00,AUR,facebook,paid_social,AUR_EU_Meta_Retargeting_2026Q2,SQL,
L-81288,2026-06-23 19:23:00,NMB,TikTok,paid_social,NMB_TikTok_Prospecting_2026Q2,Lead,
L-73234,2026-06-21 11:06:00,PKF,meta,paid_social,PKF_US_Meta_Conversions,Lead,
L-72820,2026-05-24 15:13:00,PKF,fb,paid_social,PKF_US_Meta_Conversions,MQL,
L-78846,2026-06-04 10:34:00,PKF,adwords,cpc,pkf|nonbrand|search|may26,Lead,
L-80345,2026-06-25 15:29:00,AUR,,,,SQL,
L-77172,2026-06-09 19:55:00,AUR,,,,Lead,
L-70044,2026-05-06 11:42:00,AUR,paid_social,paid_social,AUR_US_Meta_Prospecting_2026Q2,Lead,
L-72629,2026-05-15 20:22:00,PKF,facebook,paid_social,PKF_US_Meta_Conversions,Lead,
L-76680,2026-06-21 17:32:00,AUR,Google Ads,cpc,AUR_US_Search_Brand_2026Q2,Lead,
L-73618,2026-07-14 22:07:00,PKF,facebook,paid_social,PKF_US_Meta_Conversions,Lead,
L-73179,2026-06-17 14:50:00,PKF,paid_social,paid_social,PKF_US_Meta_Conversions,MQL,
L-74499,2026-05-05 09:26:00,NMB,fb,paid_social,NMB_US_Meta_Prospecting_2026Q2,Lead,
L-80581,2026-05-14 12:46:00,PKF,,,,Lead,
L-81273,2026-06-15 17:23:00,NMB,tiktok,paid_social,NMB_TikTok_Prospecting_2026Q2,Lead,
L-72303,2026-06-26 16:40:00,AUR,facebook,paid_social,aurelia|prospecting|meta|may26,Lead,
L-70981,2026-07-26 12:58:00,AUR,Facebook,paid_social,AUR_US_Meta_Prospecting_2026Q2,SQL,
L-70247,2026-05-25 09:34:00,AUR,paid_social,paid_social,AUR_US_Meta_Prospecting_2026Q2,Lead,
L-81488,2026-05-09 21:11:00,NMB,google,paid_social,(not set),Closed Won,5200
L-77106,2026-05-24 21:25:00,AUR,adwords,cpc,AUR_EU_Search_NonBrand_2026Q2,MQL,
L-77847,2026-06-05 15:13:00,PKF,google,cpc,PKF_US_Search_Brand_2026Q2,MQL,
L-72050,2026-07-25 10:18:00,AUR,,,,MQL,
L-79716,2026-07-17 20:58:00,NMB,,,,MQL,
L-72288,2026-06-22 08:09:00,AUR,meta,paid_social,aurelia|prospecting|meta|may26,Lead,
L-76829,2026-07-10 17:53:00,AUR,google,cpc,AUR_US_Search_Brand_2026Q2,MQL,
L-76991,2026-07-31 14:57:00,AUR,,,,MQL,
L-78084,2026-06-19 08:58:00,PKF,adwords,cpc,PKF_US_Search_Brand_2026Q2,MQL,
L-81247,2026-06-01 08:24:00,NMB,TikTok,paid_social,NMB_TikTok_Prospecting_2026Q2,Lead,
L-81594,2026-05-18 17:33:00,NMB,google,paid_social,(not set),MQL,
L-76927,2026-07-22 13:33:00,AUR,google,cpc,AUR_US_Search_Brand_2026Q2,Closed Won,3600
L-81654,2026-05-24 10:46:00,PKF,google,paid_social,(not set),MQL,
L-71954,2026-07-17 12:14:00,AUR,fb,paid_social,AUR_EU_Meta_Retargeting_2026Q2,Closed Won,1900
L-81375,2026-07-27 22:50:00,NMB,TikTok,paid_social,NMB_TikTok_Prospecting_2026Q2,Lead,
L-80561,2026-05-11 18:57:00,PKF,tiktok,paid_social,PKF_TikTok_Spark_2026Q2,Lead,
L-71706,2026-06-25 17:05:00,AUR,,,,Lead,
L-79125,2026-05-08 19:08:00,NMB,google,cpc,NMB_US_Search_Brand_2026Q2,MQL,
L-78382,2026-07-10 10:23:00,PKF,adwords,cpc,PKF_US_Search_Brand_2026Q2,Closed Won,1900
L-73649,2026-07-15 20:13:00,PKF,fb,paid_social,PKF_US_Meta_Conversions,Lead,
L-78769,2026-05-14 14:16:00,PKF,google,cpc,pkf|nonbrand|search|may26,Lead,
L-79304,2026-05-31 19:48:00,NMB,google,cpc,NMB_US_Search_Brand_2026Q2,Lead,
L-73891,2026-05-05 16:43:00,PKF,,,,Closed Won,5200
L-81242,2026-05-26 09:57:00,NMB,TikTok,paid_social,NMB_TikTok_Prospecting_2026Q2,Lead,
L-79972,2026-06-21 16:20:00,NMB,google,cpc,NMB_US_PMax_2026Q2,Lead,
L-76084,2026-07-09 08:05:00,NMB,,,,Lead,
L-75549,2026-05-08 21:13:00,NMB,facebook,paid_social,NMB_US_Meta_Retargeting_2026Q2,Lead,
L-73668,2026-07-18 14:51:00,PKF,facebook,paid_social,PKF_US_Meta_Conversions,Lead,
L-79486,2026-06-21 21:19:00,NMB,google,cpc,NMB_US_Search_Brand_2026Q2,SQL,
L-81652,2026-05-24 14:12:00,AUR,,,,Lead,
L-70584,2026-06-25 12:29:00,AUR,paid_social,paid_social,AUR_US_Meta_Prospecting_2026Q2,Lead,
L-71360,2026-05-26 08:37:00,AUR,paid_social,paid_social,AUR_EU_Meta_Retargeting_2026Q2,MQL,
L-79113,2026-05-07 19:25:00,NMB,,,,Lead,
L-78252,2026-07-02 10:51:00,PKF,adwords,cpc,PKF_US_Search_Brand_2026Q2,MQL,
L-70048,2026-05-07 12:58:00,AUR,fb,paid_social,AUR_US_Meta_Prospecting_2026Q2,Lead,
L-73018,2026-06-06 17:57:00,PKF,paid_social,paid_social,PKF_US_Meta_Conversions,Lead,
L-79468,2026-06-18 09:54:00,NMB,adwords,cpc,NMB_US_Search_Brand_2026Q2,Lead,
L-74918,2026-06-13 15:05:00,NMB,Facebook,paid_social,NMB_US_Meta_Prospecting_2026Q2,Lead,
L-81330,2026-07-12 18:57:00,NMB,,,,MQL,
L-81432,2026-05-04 17:47:00,NMB,google,paid_social,(not set),Lead,
L-77881,2026-06-08 20:00:00,PKF,google,cpc,PKF_US_Search_Brand_2026Q2,Lead,
L-82327,2026-07-23 13:03:00,PKF,google,paid_social,(not set),SQL,
L-79464,2026-06-19 22:48:00,NMB,adwords,cpc,NMB_US_Search_Brand_2026Q2,Lead,
L-79485,2026-06-20 15:59:00,NMB,,,,Lead,
L-76365,2026-05-10 08:49:00,AUR,,,,Lead,
L-75998,2026-07-02 09:29:00,NMB,fb,paid_social,NMB_US_Meta_Retargeting_2026Q2,Closed Won,1900
L-70073,2026-05-10 09:54:00,AUR,,,,Lead,
L-70319,2026-06-04 13:16:00,AUR,facebook,paid_social,AUR_US_Meta_Prospecting_2026Q2,Lead,
L-77713,2026-05-25 15:44:00,PKF,google,cpc,PKF_US_Search_Brand_2026Q2,MQL,
L-78547,2026-07-21 19:51:00,PKF,adwords,cpc,PKF_US_Search_Brand_2026Q2,Lead,
L-74037,2026-05-23 14:14:00,PKF,facebook,paid_social,PKF_CA_Meta_Prospecting,MQL,
L-71066,2026-05-01 21:32:00,AUR,facebook,paid_social,AUR_EU_Meta_Retargeting_2026Q2,Lead,
L-70087,2026-05-11 12:11:00,AUR,,,,MQL,
L-70442,2026-06-16 13:18:00,AUR,,,,MQL,
L-70154,2026-05-20 14:59:00,AUR,,,,Lead,
L-74766,2026-05-28 22:38:00,NMB,facebook,paid_social,NMB_US_Meta_Prospecting_2026Q2,MQL,
L-81462,2026-05-07 18:27:00,AUR,,,,Lead,
L-79575,2026-07-01 22:00:00,NMB,adwords,cpc,NMB_US_Search_Brand_2026Q2,Closed Won,8800
L-75299,2026-07-17 22:00:00,NMB,Facebook,paid_social,NMB_US_Meta_Prospecting_2026Q2,Lead,
L-74874,2026-06-08 15:55:00,NMB,meta,paid_social,NMB_US_Meta_Prospecting_2026Q2,Lead,
L-78312,2026-07-05 11:24:00,PKF,adwords,cpc,PKF_US_Search_Brand_2026Q2,Closed Won,3600
L-74198,2026-06-20 13:43:00,PKF,fb,paid_social,PKF_CA_Meta_Prospecting,MQL,
L-78043,2026-06-18 17:11:00,PKF,adwords,cpc,PKF_US_Search_Brand_2026Q2,Lead,
L-80397,2026-07-10 15:58:00,AUR,,,,Lead,
L-75583,2026-05-12 09:22:00,NMB,Facebook,paid_social,NMB_US_Meta_Retargeting_2026Q2,Lead,
L-77173,2026-06-09 20:22:00,AUR,,,,Lead,
L-71474,2026-06-03 21:26:00,AUR,,,,MQL,
L-79348,2026-06-05 15:06:00,NMB,adwords,cpc,NMB_US_Search_Brand_2026Q2,Lead,
L-72778,2026-05-23 09:51:00,PKF,Facebook,paid_social,PKF_US_Meta_Conversions,MQL,
L-75798,2026-06-04 15:42:00,NMB,Facebook,paid_social,NMB_US_Meta_Retargeting_2026Q2,MQL,
L-72599,2026-05-13 21:18:00,PKF,,,,Lead,
L-76144,2026-07-17 17:52:00,NMB,fb,paid_social,NMB_US_Meta_Retargeting_2026Q2,SQL,
L-81339,2026-07-13 12:24:00,NMB,tiktok,paid_social,NMB_TikTok_Prospecting_2026Q2,Lead,
L-82322,2026-07-23 10:05:00,AUR,google,paid_social,(not set),Lead,
L-74681,2026-05-22 20:35:00,NMB,Facebook,paid_social,NMB_US_Meta_Prospecting_2026Q2,Lead,
L-80767,2026-06-08 12:22:00,PKF,tiktok,paid_social,PKF_TikTok_Spark_2026Q2,MQL,
L-77371,2026-07-29 09:53:00,AUR,,,,Lead,
L-79661,2026-07-10 16:34:00,NMB,google,cpc,NMB_US_Search_Brand_2026Q2,Lead,
L-70323,2026-06-03 22:44:00,AUR,meta,paid_social,AUR_US_Meta_Prospecting_2026Q2,Lead,
L-80578,2026-05-15 12:43:00,PKF,tiktok,paid_social,PKF_TikTok_Spark_2026Q2,Lead,
L-74434,2026-07-27 20:11:00,PKF,Facebook,paid_social,PKF_CA_Meta_Prospecting,Lead,
L-71392,2026-05-28 19:57:00,AUR,,,,Lead,
L-79730,2026-07-18 17:43:00,NMB,google,cpc,NMB_US_Search_Brand_2026Q2,Lead,
L-73173,2026-06-17 20:08:00,PKF,facebook,paid_social,PKF_US_Meta_Conversions,Lead,
L-71431,2026-05-31 18:31:00,AUR,facebook,paid_social,AUR_EU_Meta_Retargeting_2026Q2,Lead,
L-72873,2026-05-28 19:11:00,PKF,fb,paid_social,PKF_US_Meta_Conversions,Lead,
L-70649,2026-07-02 18:12:00,AUR,,,,MQL,
L-72066,2026-07-25 12:45:00,AUR,,,,Lead,
L-71588,2026-06-12 16:58:00,AUR,,,,Lead,
L-79624,2026-07-07 22:54:00,NMB,Google Ads,cpc,NMB_US_Search_Brand_2026Q2,SQL,
L-81436,2026-05-05 16:07:00,AUR,google,paid_social,(not set),Lead,
L-78659,2026-07-29 11:45:00,PKF,google,cpc,PKF_US_Search_Brand_2026Q2,Closed Won,2400
L-74337,2026-07-12 20:32:00,PKF,facebook,paid_social,PKF_CA_Meta_Prospecting,Lead,
L-77092,2026-05-23 08:29:00,AUR,,,,MQL,
L-81059,2026-07-17 13:55:00,PKF,TikTok,paid_social,PKF_TikTok_Spark_2026Q2,Lead,
L-78290,2026-07-02 11:18:00,PKF,adwords,cpc,PKF_US_Search_Brand_2026Q2,MQL,
L-78364,2026-07-10 10:57:00,PKF,adwords,cpc,PKF_US_Search_Brand_2026Q2,SQL,
L-73096,2026-06-13 08:43:00,PKF,facebook,paid_social,PKF_US_Meta_Conversions,Lead,
L-75127,2026-07-01 10:00:00,NMB,fb,paid_social,NMB_US_Meta_Prospecting_2026Q2,Lead,
L-79880,2026-05-05 15:18:00,NMB,google,cpc,NMB_US_PMax_2026Q2,MQL,
L-72398,2026-07-21 21:46:00,AUR,meta,paid_social,aurelia|prospecting|meta|may26,Lead,
L-81848,2026-06-10 15:34:00,PKF,google,paid_social,(not set),Lead,
L-73217,2026-06-21 22:04:00,PKF,facebook,paid_social,PKF_US_Meta_Conversions,Lead,
L-74265,2026-07-01 14:52:00,PKF,fb,paid_social,PKF_CA_Meta_Prospecting,Closed Won,1900
L-70912,2026-07-20 12:16:00,AUR,,,,Lead,
L-80654,2026-05-25 18:53:00,PKF,TikTok,paid_social,PKF_TikTok_Spark_2026Q2,MQL,
L-78600,2026-07-23 15:09:00,PKF,adwords,cpc,PKF_US_Search_Brand_2026Q2,SQL,
L-78309,2026-07-06 12:08:00,PKF,google,cpc,PKF_US_Search_Brand_2026Q2,Lead,
L-74547,2026-05-09 15:25:00,NMB,meta,paid_social,NMB_US_Meta_Prospecting_2026Q2,SQL,
L-72484,2026-05-05 20:36:00,PKF,fb,paid_social,PKF_US_Meta_Conversions,Lead,
L-76516,2026-05-27 09:47:00,AUR,,,,Lead,
L-70495,2026-06-20 12:51:00,AUR,Facebook,paid_social,AUR_US_Meta_Prospecting_2026Q2,MQL,
L-74390,2026-07-18 11:01:00,PKF,,,,MQL,
L-71793,2026-07-01 08:27:00,AUR,,,,MQL,
L-76397,2026-05-14 17:18:00,AUR,google,cpc,AUR_US_Search_Brand_2026Q2,MQL,
L-77411,2026-05-06 20:00:00,PKF,google,cpc,PKF_US_Search_Brand_2026Q2,MQL,
L-81115,2026-07-22 17:48:00,PKF,TikTok,paid_social,PKF_TikTok_Spark_2026Q2,Lead,
L-74702,2026-05-25 18:29:00,NMB,fb,paid_social,NMB_US_Meta_Prospecting_2026Q2,Lead,
L-78398,2026-07-11 21:09:00,PKF,google,cpc,PKF_US_Search_Brand_2026Q2,Lead,
L-79374,2026-06-06 10:19:00,NMB,Google Ads,cpc,NMB_US_Search_Brand_2026Q2,MQL,
L-79186,2026-05-14 22:47:00,NMB,adwords,cpc,NMB_US_Search_Brand_2026Q2,MQL,
L-70623,2026-06-28 20:33:00,AUR,,,,Lead,
L-75582,2026-05-13 15:12:00,NMB,fb,paid_social,NMB_US_Meta_Retargeting_2026Q2,Lead,
L-78733,2026-05-06 17:32:00,PKF,,,,Lead,
L-72367,2026-07-10 12:50:00,AUR,,,,MQL,
L-74743,2026-05-26 12:44:00,NMB,fb,paid_social,NMB_US_Meta_Prospecting_2026Q2,Lead,
L-79055,2026-07-25 15:46:00,PKF,google,cpc,pkf|nonbrand|search|may26,Closed Won,8800
L-72966,2026-06-04 08:48:00,PKF,paid_social,paid_social,PKF_US_Meta_Conversions,Lead,
L-75274,2026-07-16 17:51:00,NMB,paid_social,paid_social,NMB_US_Meta_Prospecting_2026Q2,Lead,
L-82390,2026-07-29 07:21:00,PKF,,,,Lead,
L-73939,2026-05-12 16:16:00,PKF,meta,paid_social,PKF_CA_Meta_Prospecting,MQL,
L-82257,2026-07-17 13:43:00,AUR,google,paid_social,(not set),Lead,
L-80611,2026-05-19 13:32:00,PKF,tiktok,paid_social,PKF_TikTok_Spark_2026Q2,Lead,
L-70971,2026-07-26 12:22:00,AUR,fb,paid_social,AUR_US_Meta_Prospecting_2026Q2,Lead,
L-70492,2026-06-20 21:57:00,AUR,paid_social,paid_social,AUR_US_Meta_Prospecting_2026Q2,Lead,
L-75477,2026-07-29 21:02:00,NMB,facebook,paid_social,NMB_US_Meta_Prospecting_2026Q2,Lead,
L-72776,2026-05-22 22:42:00,PKF,meta,paid_social,PKF_US_Meta_Conversions,MQL,
L-70754,2026-07-09 19:37:00,AUR,,,,Lead,
L-82142,2026-07-06 07:15:00,NMB,google,paid_social,(not set),Lead,
L-73240,2026-06-21 14:24:00,PKF,meta,paid_social,PKF_US_Meta_Conversions,SQL,
L-81609,2026-05-20 22:16:00,PKF,google,paid_social,(not set),Lead,
L-81226,2026-05-22 15:43:00,NMB,TikTok,paid_social,NMB_TikTok_Prospecting_2026Q2,Lead,
L-77940,2026-06-12 14:37:00,PKF,,,,MQL,
L-76404,2026-05-15 20:48:00,AUR,google,cpc,AUR_US_Search_Brand_2026Q2,SQL,
L-81822,2026-06-08 20:09:00,PKF,google,paid_social,(not set),Lead,
L-81548,2026-05-14 10:16:00,NMB,google,paid_social,(not set),SQL,
L-77125,2026-05-28 19:35:00,AUR,google,cpc,AUR_EU_Search_NonBrand_2026Q2,Closed Won,2400
L-70268,2026-05-27 17:38:00,AUR,paid_social,paid_social,AUR_US_Meta_Prospecting_2026Q2,MQL,
L-79864,2026-07-30 09:01:00,NMB,google,cpc,NMB_US_Search_Brand_2026Q2,Lead,
L-78307,2026-07-04 17:14:00,PKF,google,cpc,PKF_US_Search_Brand_2026Q2,SQL,
L-73629,2026-07-14 16:23:00,PKF,paid_social,paid_social,PKF_US_Meta_Conversions,Lead,
L-74222,2026-06-25 20:18:00,PKF,,,,Lead,
L-73825,2026-07-29 22:01:00,PKF,meta,paid_social,PKF_US_Meta_Conversions,Closed Won,1900
L-77965,2026-06-13 17:53:00,PKF,google,cpc,PKF_US_Search_Brand_2026Q2,Lead,
L-71547,2026-06-10 17:10:00,AUR,,,,Lead,
L-81355,2026-07-18 12:55:00,NMB,tiktok,paid_social,NMB_TikTok_Prospecting_2026Q2,Lead,
L-71466,2026-06-03 11:16:00,AUR,meta,paid_social,AUR_EU_Meta_Retargeting_2026Q2,Lead,
L-78411,2026-07-12 15:42:00,PKF,google,cpc,PKF_US_Search_Brand_2026Q2,Lead,
L-74612,2026-05-16 10:39:00,NMB,paid_social,paid_social,NMB_US_Meta_Prospecting_2026Q2,Lead,
L-72643,2026-05-15 20:19:00,PKF,paid_social,paid_social,PKF_US_Meta_Conversions,Lead,
L-75010,2026-06-20 12:33:00,NMB,facebook,paid_social,NMB_US_Meta_Prospecting_2026Q2,MQL,
L-74116,2026-06-08 20:26:00,PKF,fb,paid_social,PKF_CA_Meta_Prospecting,Lead,
L-81139,2026-07-29 17:43:00,PKF,TikTok,paid_social,PKF_TikTok_Spark_2026Q2,MQL,
L-74684,2026-05-23 08:11:00,NMB,paid_social,paid_social,NMB_US_Meta_Prospecting_2026Q2,Lead,
L-78392,2026-07-10 15:54:00,PKF,adwords,cpc,PKF_US_Search_Brand_2026Q2,Lead,
L-81492,2026-05-10 20:54:00,PKF,google,paid_social,(not set),Lead,
L-73393,2026-06-30 19:32:00,PKF,Facebook,paid_social,PKF_US_Meta_Conversions,MQL,
L-76867,2026-07-15 11:12:00,AUR,Google Ads,cpc,AUR_US_Search_Brand_2026Q2,SQL,
L-76414,2026-05-17 16:58:00,AUR,adwords,cpc,AUR_US_Search_Brand_2026Q2,MQL,
L-72228,2026-06-02 10:27:00,AUR,meta,paid_social,aurelia|prospecting|meta|may26,Lead,
L-74293,2026-07-05 21:14:00,PKF,Facebook,paid_social,PKF_CA_Meta_Prospecting,Lead,
L-75002,2026-06-19 08:04:00,NMB,fb,paid_social,NMB_US_Meta_Prospecting_2026Q2,Lead,
L-76367,2026-05-11 20:47:00,AUR,,,,Lead,
L-78178,2026-06-24 15:58:00,PKF,Google Ads,cpc,PKF_US_Search_Brand_2026Q2,Lead,
L-78203,2026-06-26 08:24:00,PKF,,,,MQL,
L-70816,2026-07-13 08:29:00,AUR,paid_social,paid_social,AUR_US_Meta_Prospecting_2026Q2,Lead,
L-82096,2026-07-02 18:38:00,PKF,,,,Lead,
L-72732,2026-05-19 17:18:00,PKF,meta,paid_social,PKF_US_Meta_Conversions,MQL,
L-78083,2026-06-19 18:31:00,PKF,adwords,cpc,PKF_US_Search_Brand_2026Q2,MQL,
L-74076,2026-06-02 09:43:00,PKF,,,,MQL,
L-76103,2026-07-10 20:56:00,NMB,,,,Lead,
L-79832,2026-07-29 08:11:00,NMB,google,cpc,NMB_US_Search_Brand_2026Q2,Lead,
L-75669,2026-05-20 22:36:00,NMB,facebook,paid_social,NMB_US_Meta_Retargeting_2026Q2,Lead,
L-79729,2026-07-17 10:38:00,NMB,adwords,cpc,NMB_US_Search_Brand_2026Q2,SQL,
L-82145,2026-07-07 07:11:00,AUR,google,paid_social,(not set),MQL,
L-73067,2026-06-11 18:24:00,PKF,meta,paid_social,PKF_US_Meta_Conversions,MQL,
L-71854,2026-07-08 09:04:00,AUR,,,,MQL,
L-80977,2026-07-07 15:32:00,PKF,tiktok,paid_social,PKF_TikTok_Spark_2026Q2,Lead,
L-76105,2026-07-13 17:51:00,NMB,Facebook,paid_social,NMB_US_Meta_Retargeting_2026Q2,Lead,
L-77964,2026-06-12 11:59:00,PKF,adwords,cpc,PKF_US_Search_Brand_2026Q2,Lead,
L-72463,2026-05-04 18:40:00,PKF,facebook,paid_social,PKF_US_Meta_Conversions,Lead,
L-80962,2026-07-06 13:05:00,PKF,TikTok,paid_social,PKF_TikTok_Spark_2026Q2,Lead,
L-80971,2026-07-06 20:58:00,PKF,tiktok,paid_social,PKF_TikTok_Spark_2026Q2,SQL,
L-77236,2026-06-25 08:54:00,AUR,adwords,cpc,AUR_EU_Search_NonBrand_2026Q2,Lead,
L-80048,2026-05-07 18:39:00,NMB,Google Ads,cpc,NMB_US_Video_Test_A,MQL,
L-77684,2026-05-23 18:03:00,PKF,google,cpc,PKF_US_Search_Brand_2026Q2,MQL,
L-72092,2026-07-30 08:03:00,AUR,fb,paid_social,AUR_EU_Meta_Retargeting_2026Q2,MQL,
L-70812,2026-07-12 21:02:00,AUR,,,,Lead,
L-78274,2026-07-03 21:19:00,PKF,Google Ads,cpc,PKF_US_Search_Brand_2026Q2,SQL,
L-74969,2026-06-17 18:11:00,NMB,paid_social,paid_social,NMB_US_Meta_Prospecting_2026Q2,MQL,
L-76487,2026-05-26 20:16:00,AUR,Google Ads,cpc,AUR_US_Search_Brand_2026Q2,SQL,
L-77360,2026-07-27 11:47:00,AUR,,,,MQL,
L-73485,2026-07-06 13:20:00,PKF,fb,paid_social,PKF_US_Meta_Conversions,Lead,
L-76205,2026-07-23 17:08:00,NMB,,,,MQL,
L-77997,2026-06-15 13:50:00,PKF,,,,Lead,
L-72163,2026-05-16 10:24:00,AUR,,,,MQL,
L-79707,2026-07-16 19:59:00,NMB,,,,SQL,
L-81280,2026-06-15 21:03:00,NMB,tiktok,paid_social,NMB_TikTok_Prospecting_2026Q2,Closed Won,2400
L-76771,2026-06-30 18:46:00,AUR,,,,Lead,
L-74468,2026-05-01 18:18:00,NMB,facebook,paid_social,NMB_US_Meta_Prospecting_2026Q2,Lead,
L-74247,2026-06-29 17:16:00,PKF,fb,paid_social,PKF_CA_Meta_Prospecting,Lead,
L-79109,2026-05-06 18:03:00,NMB,google,cpc,NMB_US_Search_Brand_2026Q2,Lead,
L-78582,2026-07-24 19:21:00,PKF,google,cpc,PKF_US_Search_Brand_2026Q2,MQL,
L-72094,2026-07-30 15:41:00,AUR,meta,paid_social,AUR_EU_Meta_Retargeting_2026Q2,MQL,
L-77623,2026-05-21 13:12:00,PKF,google,cpc,PKF_US_Search_Brand_2026Q2,Lead,
L-74389,2026-07-18 13:59:00,PKF,facebook,paid_social,PKF_CA_Meta_Prospecting,Lead,
L-79808,2026-07-25 18:26:00,NMB,google,cpc,NMB_US_Search_Brand_2026Q2,Lead,
L-70802,2026-07-12 18:48:00,AUR,,,,Lead,
L-82088,2026-07-02 09:17:00,AUR,google,paid_social,(not set),Lead,
L-72988,2026-06-06 13:20:00,PKF,paid_social,paid_social,PKF_US_Meta_Conversions,Lead,
L-79608,2026-07-05 10:51:00,NMB,,,,Lead,
L-77987,2026-06-14 12:55:00,PKF,Google Ads,cpc,PKF_US_Search_Brand_2026Q2,MQL,
L-78017,2026-06-16 13:52:00,PKF,google,cpc,PKF_US_Search_Brand_2026Q2,Lead,
L-70283,2026-05-30 12:48:00,AUR,facebook,paid_social,AUR_US_Meta_Prospecting_2026Q2,Lead,
L-80707,2026-05-31 08:47:00,PKF,tiktok,paid_social,PKF_TikTok_Spark_2026Q2,MQL,
L-72878,2026-05-30 16:26:00,PKF,facebook,paid_social,PKF_US_Meta_Conversions,MQL,
L-81431,2026-05-04 23:39:00,NMB,google,paid_social,(not set),Lead,
L-75131,2026-06-30 22:15:00,NMB,facebook,paid_social,NMB_US_Meta_Prospecting_2026Q2,Lead,
L-74522,2026-05-06 11:35:00,NMB,meta,paid_social,NMB_US_Meta_Prospecting_2026Q2,SQL,
L-75919,2026-06-22 18:23:00,NMB,,,,Closed Won,3600
L-71729,2026-06-26 13:52:00,AUR,,,,MQL,
L-77868,2026-06-07 21:56:00,PKF,Google Ads,cpc,PKF_US_Search_Brand_2026Q2,Closed Won,2400
L-82247,2026-07-15 18:45:00,NMB,google,paid_social,(not set),Lead,
L-70052,2026-05-08 12:59:00,AUR,,,,Lead,
L-81845,2026-06-10 07:24:00,AUR,google,paid_social,(not set),Lead,
L-81502,2026-05-11 13:40:00,PKF,google,paid_social,(not set),MQL,
L-74223,2026-06-25 19:06:00,PKF,fb,paid_social,PKF_CA_Meta_Prospecting,Lead,
L-70096,2026-05-13 22:28:00,AUR,meta,paid_social,AUR_US_Meta_Prospecting_2026Q2,Lead,
L-73828,2026-07-29 11:46:00,PKF,meta,paid_social,PKF_US_Meta_Conversions,Lead,
L-80320,2026-06-21 15:10:00,AUR,tiktok,paid_social,AUR_TikTok_Prospecting_2026Q2,SQL,
L-80489,2026-07-30 19:56:00,AUR,,,,SQL,
L-79181,2026-05-15 15:51:00,NMB,,,,Lead,
L-70811,2026-07-12 22:36:00,AUR,fb,paid_social,AUR_US_Meta_Prospecting_2026Q2,MQL,
L-82148,2026-07-07 20:29:00,PKF,google,paid_social,(not set),SQL,
L-77710,2026-05-26 10:10:00,PKF,,,,Lead,
L-71071,2026-05-01 11:37:00,AUR,facebook,paid_social,AUR_EU_Meta_Retargeting_2026Q2,MQL,
L-70944,2026-07-24 12:38:00,AUR,Facebook,paid_social,AUR_US_Meta_Prospecting_2026Q2,Lead,
L-79857,2026-07-30 13:26:00,NMB,adwords,cpc,NMB_US_Search_Brand_2026Q2,Lead,
L-79036,2026-07-24 21:36:00,PKF,adwords,cpc,pkf|nonbrand|search|may26,Lead,
L-78109,2026-06-20 18:21:00,PKF,google,cpc,PKF_US_Search_Brand_2026Q2,Lead,
L-76150,2026-07-17 21:05:00,NMB,paid_social,paid_social,NMB_US_Meta_Retargeting_2026Q2,MQL,
L-70559,2026-06-26 14:54:00,AUR,,,,Lead,
L-75513,2026-05-04 17:50:00,NMB,meta,paid_social,NMB_US_Meta_Retargeting_2026Q2,Lead,
L-80401,2026-07-09 19:54:00,AUR,TikTok,paid_social,AUR_TikTok_Prospecting_2026Q2,SQL,
L-78944,2026-06-29 15:05:00,PKF,,,,SQL,
L-79563,2026-06-29 16:11:00,NMB,Google Ads,cpc,NMB_US_Search_Brand_2026Q2,SQL,
L-77124,2026-05-29 09:27:00,AUR,,,,MQL,
L-71757,2026-06-30 15:42:00,AUR,meta,paid_social,AUR_EU_Meta_Retargeting_2026Q2,Lead,
L-73415,2026-07-02 19:29:00,PKF,fb,paid_social,PKF_US_Meta_Conversions,Lead,
L-74904,2026-06-10 12:54:00,NMB,Facebook,paid_social,NMB_US_Meta_Prospecting_2026Q2,Lead,
L-72571,2026-05-08 21:22:00,PKF,facebook,paid_social,PKF_US_Meta_Conversions,Lead,
L-73172,2026-06-18 16:22:00,PKF,fb,paid_social,PKF_US_Meta_Conversions,MQL,
L-70890,2026-07-17 20:38:00,AUR,fb,paid_social,AUR_US_Meta_Prospecting_2026Q2,MQL,
L-76019,2026-07-03 16:27:00,NMB,Facebook,paid_social,NMB_US_Meta_Retargeting_2026Q2,MQL,
L-77265,2026-07-01 20:09:00,AUR,Google Ads,cpc,AUR_EU_Search_NonBrand_2026Q2,Lead,
L-74443,2026-07-27 15:41:00,PKF,Facebook,paid_social,PKF_CA_Meta_Prospecting,Lead,
L-81430,2026-05-04 23:08:00,NMB,google,paid_social,(not set),SQL,
L-81898,2026-06-15 13:44:00,AUR,google,paid_social,(not set),MQL,
L-74313,2026-07-07 16:14:00,PKF,Facebook,paid_social,PKF_CA_Meta_Prospecting,Lead,
L-80430,2026-07-15 20:43:00,AUR,TikTok,paid_social,AUR_TikTok_Prospecting_2026Q2,MQL,
L-70967,2026-07-23 13:00:00,AUR,fb,paid_social,AUR_US_Meta_Prospecting_2026Q2,Lead,
L-80886,2026-06-26 21:53:00,PKF,TikTok,paid_social,PKF_TikTok_Spark_2026Q2,MQL,
L-82113,2026-07-04 21:10:00,PKF,google,paid_social,(not set),MQL,
L-73933,2026-05-12 13:06:00,PKF,Facebook,paid_social,PKF_CA_Meta_Prospecting,Lead,
L-76837,2026-07-09 08:10:00,AUR,,,,MQL,
L-82407,2026-07-30 14:07:00,NMB,google,paid_social,(not set),MQL,
L-70749,2026-07-08 21:57:00,AUR,,,,MQL,
L-71691,2026-06-22 19:38:00,AUR,,,,Closed Won,8800
L-75776,2026-06-02 21:20:00,NMB,Facebook,paid_social,NMB_US_Meta_Retargeting_2026Q2,MQL,
L-79129,2026-05-07 22:24:00,NMB,adwords,cpc,NMB_US_Search_Brand_2026Q2,MQL,
L-73912,2026-05-08 10:56:00,PKF,facebook,paid_social,PKF_CA_Meta_Prospecting,Lead,
L-74345,2026-07-14 10:04:00,PKF,facebook,paid_social,PKF_CA_Meta_Prospecting,MQL,
L-80789,2026-06-10 16:58:00,PKF,TikTok,paid_social,PKF_TikTok_Spark_2026Q2,MQL,
L-77281,2026-07-05 21:34:00,AUR,,,,Lead,
L-75318,2026-07-19 15:19:00,NMB,fb,paid_social,NMB_US_Meta_Prospecting_2026Q2,Lead,
L-73330,2026-06-26 18:25:00,PKF,fb,paid_social,PKF_US_Meta_Conversions,Lead,
L-78288,2026-07-04 22:45:00,PKF,Google Ads,cpc,PKF_US_Search_Brand_2026Q2,SQL,
L-81516,2026-05-12 19:40:00,NMB,google,paid_social,(not set),Lead,
L-71761,2026-07-01 22:34:00,AUR,,,,Lead,
L-81457,2026-05-06 20:22:00,NMB,google,paid_social,(not set),Lead,
L-74655,2026-05-18 12:50:00,NMB,,,,Lead,
L-78671,2026-07-30 17:58:00,PKF,Google Ads,cpc,PKF_US_Search_Brand_2026Q2,Lead,
L-71884,2026-07-09 20:09:00,AUR,,,,Lead,
L-73613,2026-07-15 16:10:00,PKF,meta,paid_social,PKF_US_Meta_Conversions,Lead,
L-82050,2026-06-28 17:56:00,NMB,,,,Lead,
L-75005,2026-06-18 15:18:00,NMB,fb,paid_social,NMB_US_Meta_Prospecting_2026Q2,MQL,
L-79353,2026-06-04 16:10:00,NMB,google,cpc,NMB_US_Search_Brand_2026Q2,SQL,
L-75564,2026-05-09 11:59:00,NMB,paid_social,paid_social,NMB_US_Meta_Retargeting_2026Q2,Lead,
L-80951,2026-07-02 16:55:00,PKF,tiktok,paid_social,PKF_TikTok_Spark_2026Q2,Lead,
L-79666,2026-07-12 14:57:00,NMB,Google Ads,cpc,NMB_US_Search_Brand_2026Q2,Lead,
L-77209,2026-06-20 19:06:00,AUR,Google Ads,cpc,AUR_EU_Search_NonBrand_2026Q2,MQL,
L-77258,2026-06-30 15:09:00,AUR,google,cpc,AUR_EU_Search_NonBrand_2026Q2,Lead,
L-70995,2026-07-28 14:41:00,AUR,facebook,paid_social,AUR_US_Meta_Prospecting_2026Q2,Lead,
L-79266,2026-05-25 20:46:00,NMB,adwords,cpc,NMB_US_Search_Brand_2026Q2,Lead,
L-81683,2026-05-27 13:27:00,PKF,google,paid_social,(not set),Lead,
L-73400,2026-07-02 19:06:00,PKF,Facebook,paid_social,PKF_US_Meta_Conversions,Lead,
L-76784,2026-07-02 16:12:00,AUR,,,,SQL,
L-71238,2026-05-14 11:20:00,AUR,Facebook,paid_social,AUR_EU_Meta_Retargeting_2026Q2,MQL,
L-78451,2026-07-15 12:42:00,PKF,Google Ads,cpc,PKF_US_Search_Brand_2026Q2,Lead,
L-75982,2026-06-30 10:01:00,NMB,fb,paid_social,NMB_US_Meta_Retargeting_2026Q2,Lead,
L-77156,2026-06-04 15:38:00,AUR,google,cpc,AUR_EU_Search_NonBrand_2026Q2,Lead,
L-78087,2026-06-20 17:21:00,PKF,,,,Lead,
L-75100,2026-06-27 16:41:00,NMB,facebook,paid_social,NMB_US_Meta_Prospecting_2026Q2,SQL,
L-78176,2026-06-26 17:15:00,PKF,,,,MQL,
L-70218,2026-05-24 11:00:00,AUR,meta,paid_social,AUR_US_Meta_Prospecting_2026Q2,Lead,
L-77719,2026-05-25 22:44:00,PKF,,,,Lead,
L-77672,2026-05-23 18:40:00,PKF,google,cpc,PKF_US_Search_Brand_2026Q2,SQL,
L-79025,2026-07-22 11:46:00,PKF,Google Ads,cpc,pkf|nonbrand|search|may26,Closed Won,2400
L-70933,2026-07-22 08:51:00,AUR,fb,paid_social,AUR_US_Meta_Prospecting_2026Q2,Lead,
L-81315,2026-07-06 11:44:00,NMB,tiktok,paid_social,NMB_TikTok_Prospecting_2026Q2,Lead,
L-75259,2026-07-15 15:33:00,NMB,facebook,paid_social,NMB_US_Meta_Prospecting_2026Q2,Lead,
L-79831,2026-07-28 21:25:00,NMB,google,cpc,NMB_US_Search_Brand_2026Q2,Lead,
L-79713,2026-07-15 09:46:00,NMB,,,,Lead,
L-80781,2026-06-09 22:45:00,PKF,tiktok,paid_social,PKF_TikTok_Spark_2026Q2,Lead,
L-78412,2026-07-13 21:44:00,PKF,Google Ads,cpc,PKF_US_Search_Brand_2026Q2,MQL,
L-80311,2026-06-20 22:25:00,AUR,,,,MQL,
L-81105,2026-07-21 16:44:00,PKF,TikTok,paid_social,PKF_TikTok_Spark_2026Q2,MQL,
L-80535,2026-05-08 19:27:00,PKF,tiktok,paid_social,PKF_TikTok_Spark_2026Q2,MQL,
L-72728,2026-05-19 12:43:00,PKF,paid_social,paid_social,PKF_US_Meta_Conversions,Lead,
L-78618,2026-07-26 13:09:00,PKF,adwords,cpc,PKF_US_Search_Brand_2026Q2,MQL,
L-74941,2026-06-14 10:11:00,NMB,facebook,paid_social,NMB_US_Meta_Prospecting_2026Q2,Lead,
L-78393,2026-07-12 13:55:00,PKF,Google Ads,cpc,PKF_US_Search_Brand_2026Q2,SQL,
L-81100,2026-07-21 12:15:00,PKF,TikTok,paid_social,PKF_TikTok_Spark_2026Q2,Lead,
L-78901,2026-06-18 17:32:00,PKF,Google Ads,cpc,pkf|nonbrand|search|may26,MQL,
L-70421,2026-06-14 18:49:00,AUR,fb,paid_social,AUR_US_Meta_Prospecting_2026Q2,MQL,
L-75510,2026-05-04 19:12:00,NMB,fb,paid_social,NMB_US_Meta_Retargeting_2026Q2,SQL,
L-74657,2026-05-20 17:59:00,NMB,paid_social,paid_social,NMB_US_Meta_Prospecting_2026Q2,Lead,
L-72246,2026-06-10 09:45:00,AUR,Facebook,paid_social,aurelia|prospecting|meta|may26,MQL,
L-76276,2026-07-31 16:40:00,NMB,,,,SQL,
L-80192,2026-05-21 22:05:00,AUR,TikTok,paid_social,AUR_TikTok_Prospecting_2026Q2,Lead,
L-76893,2026-07-17 13:02:00,AUR,adwords,cpc,AUR_US_Search_Brand_2026Q2,Closed Won,8800
L-73998,2026-05-20 18:40:00,PKF,paid_social,paid_social,PKF_CA_Meta_Prospecting,MQL,
L-71874,2026-07-09 20:35:00,AUR,,,,Lead,
L-73277,2026-06-23 10:00:00,PKF,facebook,paid_social,PKF_US_Meta_Conversions,Lead,
L-74021,2026-05-21 14:27:00,PKF,paid_social,paid_social,PKF_CA_Meta_Prospecting,Lead,
L-74248,2026-07-01 19:26:00,PKF,paid_social,paid_social,PKF_CA_Meta_Prospecting,MQL,
L-71524,2026-06-07 10:44:00,AUR,,,,Lead,
L-76109,2026-07-13 08:11:00,NMB,,,,Lead,
L-75640,2026-05-20 15:41:00,NMB,Facebook,paid_social,NMB_US_Meta_Retargeting_2026Q2,Lead,
L-74064,2026-05-29 13:55:00,PKF,meta,paid_social,PKF_CA_Meta_Prospecting,Lead,
L-77456,2026-05-07 14:08:00,PKF,Google Ads,cpc,PKF_US_Search_Brand_2026Q2,Lead,
L-72766,2026-05-23 10:05:00,PKF,Facebook,paid_social,PKF_US_Meta_Conversions,Lead,
L-72880,2026-05-28 22:39:00,PKF,,,,MQL,
L-77613,2026-05-19 11:01:00,PKF,adwords,cpc,PKF_US_Search_Brand_2026Q2,MQL,
L-75043,2026-06-22 20:32:00,NMB,fb,paid_social,NMB_US_Meta_Prospecting_2026Q2,SQL,
L-71195,2026-05-12 12:27:00,AUR,,,,Lead,
L-79161,2026-05-13 15:05:00,NMB,google,cpc,NMB_US_Search_Brand_2026Q2,MQL,
L-72148,2026-05-10 19:09:00,AUR,,,,MQL,
L-81164,2026-07-31 11:21:00,PKF,,,,Lead,
L-71863,2026-07-10 20:33:00,AUR,,,,MQL,
L-79124,2026-05-07 14:04:00,NMB,google,cpc,NMB_US_Search_Brand_2026Q2,Closed Won,2400
L-77572,2026-05-16 10:55:00,PKF,google,cpc,PKF_US_Search_Brand_2026Q2,Lead,
L-74978,2026-06-16 14:39:00,NMB,facebook,paid_social,NMB_US_Meta_Prospecting_2026Q2,Lead,
L-74983,2026-06-17 17:45:00,NMB,meta,paid_social,NMB_US_Meta_Prospecting_2026Q2,Lead,
L-78807,2026-05-28 17:57:00,PKF,google,cpc,pkf|nonbrand|search|may26,MQL,
L-78472,2026-07-16 20:04:00,PKF,google,cpc,PKF_US_Search_Brand_2026Q2,SQL,
L-73481,2026-07-08 21:35:00,PKF,,,,Lead,
L-75086,2026-06-27 13:02:00,NMB,meta,paid_social,NMB_US_Meta_Prospecting_2026Q2,Lead,
L-72547,2026-05-09 22:10:00,PKF,paid_social,paid_social,PKF_US_Meta_Conversions,MQL,
L-73238,2026-06-21 14:27:00,PKF,fb,paid_social,PKF_US_Meta_Conversions,Lead,
L-78529,2026-07-19 12:37:00,PKF,google,cpc,PKF_US_Search_Brand_2026Q2,Lead,
L-73193,2026-06-18 08:01:00,PKF,facebook,paid_social,PKF_US_Meta_Conversions,Lead,
L-73163,2026-06-18 12:20:00,PKF,Facebook,paid_social,PKF_US_Meta_Conversions,Lead,
L-73654,2026-07-17 21:55:00,PKF,fb,paid_social,PKF_US_Meta_Conversions,Lead,
L-78152,2026-06-24 11:35:00,PKF,google,cpc,PKF_US_Search_Brand_2026Q2,MQL,
L-72756,2026-05-20 20:19:00,PKF,fb,paid_social,PKF_US_Meta_Conversions,MQL,
L-82228,2026-07-14 20:58:00,PKF,google,paid_social,(not set),MQL,
L-74302,2026-07-08 13:08:00,PKF,,,,Lead,
L-78720,2026-05-04 08:14:00,PKF,google,cpc,pkf|nonbrand|search|may26,MQL,
L-82300,2026-07-21 11:54:00,AUR,google,paid_social,(not set),Lead,
L-78228,2026-06-30 13:26:00,PKF,google,cpc,PKF_US_Search_Brand_2026Q2,SQL,
L-75422,2026-07-27 20:41:00,NMB,,,,SQL,
L-77797,2026-05-31 22:16:00,PKF,google,cpc,PKF_US_Search_Brand_2026Q2,SQL,
L-80696,2026-05-30 12:56:00,PKF,tiktok,paid_social,PKF_TikTok_Spark_2026Q2,MQL,
L-78281,2026-07-03 09:50:00,PKF,adwords,cpc,PKF_US_Search_Brand_2026Q2,Lead,
L-75166,2026-07-04 12:59:00,NMB,Facebook,paid_social,NMB_US_Meta_Prospecting_2026Q2,MQL,
L-73403,2026-07-01 15:34:00,PKF,meta,paid_social,PKF_US_Meta_Conversions,Lead,
L-79974,2026-06-22 11:40:00,NMB,google,cpc,NMB_US_PMax_2026Q2,Lead,
L-73583,2026-07-14 09:26:00,PKF,meta,paid_social,PKF_US_Meta_Conversions,Lead,
L-75203,2026-07-09 22:16:00,NMB,,,,Lead,
L-79908,2026-05-23 12:11:00,NMB,google,cpc,NMB_US_PMax_2026Q2,Lead,
L-76319,2026-05-05 12:51:00,AUR,,,,MQL,
L-77537,2026-05-14 20:20:00,PKF,google,cpc,PKF_US_Search_Brand_2026Q2,Lead,
L-80946,2026-07-04 14:24:00,PKF,TikTok,paid_social,PKF_TikTok_Spark_2026Q2,Closed Won,8800
L-77620,2026-05-20 11:51:00,PKF,adwords,cpc,PKF_US_Search_Brand_2026Q2,Lead,
L-71208,2026-05-14 14:49:00,AUR,facebook,paid_social,AUR_EU_Meta_Retargeting_2026Q2,Lead,
L-75691,2026-05-23 14:21:00,NMB,facebook,paid_social,NMB_US_Meta_Retargeting_2026Q2,MQL,
L-78039,2026-06-17 21:47:00,PKF,adwords,cpc,PKF_US_Search_Brand_2026Q2,Lead,
L-73670,2026-07-19 12:32:00,PKF,meta,paid_social,PKF_US_Meta_Conversions,SQL,
L-80276,2026-06-10 21:00:00,AUR,tiktok,paid_social,AUR_TikTok_Prospecting_2026Q2,SQL,
L-73994,2026-05-19 08:55:00,PKF,paid_social,paid_social,PKF_CA_Meta_Prospecting,Lead,
L-73990,2026-05-17 18:03:00,PKF,paid_social,paid_social,PKF_CA_Meta_Prospecting,Lead,
L-70126,2026-05-17 13:24:00,AUR,,,,Closed Won,2400
L-78379,2026-07-10 18:41:00,PKF,google,cpc,PKF_US_Search_Brand_2026Q2,Lead,
L-80355,2026-06-29 15:16:00,AUR,TikTok,paid_social,AUR_TikTok_Prospecting_2026Q2,Lead,
L-71327,2026-05-23 19:20:00,AUR,paid_social,paid_social,AUR_EU_Meta_Retargeting_2026Q2,Lead,
L-79554,2026-06-27 17:50:00,NMB,google,cpc,NMB_US_Search_Brand_2026Q2,Lead,
L-72955,2026-06-04 18:11:00,PKF,facebook,paid_social,PKF_US_Meta_Conversions,MQL,
L-81270,2026-06-10 22:26:00,NMB,TikTok,paid_social,NMB_TikTok_Prospecting_2026Q2,Lead,
L-75476,2026-07-30 18:48:00,NMB,Facebook,paid_social,NMB_US_Meta_Prospecting_2026Q2,Lead,
L-75807,2026-06-06 09:58:00,NMB,fb,paid_social,NMB_US_Meta_Retargeting_2026Q2,Lead,
L-73471,2026-07-07 22:23:00,PKF,fb,paid_social,PKF_US_Meta_Conversions,Lead,
L-72380,2026-07-15 18:25:00,AUR,,,,SQL,
L-73795,2026-07-27 17:40:00,PKF,,,,Lead,
L-79812,2026-07-25 14:08:00,NMB,adwords,cpc,NMB_US_Search_Brand_2026Q2,Lead,
L-77033,2026-05-10 17:01:00,AUR,adwords,cpc,AUR_EU_Search_NonBrand_2026Q2,SQL,
L-72912,2026-06-01 18:30:00,PKF,paid_social,paid_social,PKF_US_Meta_Conversions,MQL,
L-76609,2026-06-10 10:05:00,AUR,Google Ads,cpc,AUR_US_Search_Brand_2026Q2,SQL,
L-81169,2026-05-01 16:47:00,NMB,,,,MQL,
L-78612,2026-07-26 21:33:00,PKF,adwords,cpc,PKF_US_Search_Brand_2026Q2,Lead,
L-71652,2026-06-21 18:52:00,AUR,,,,MQL,
L-80366,2026-07-02 14:16:00,AUR,,,,Lead,
L-76446,2026-05-21 19:47:00,AUR,Google Ads,cpc,AUR_US_Search_Brand_2026Q2,MQL,
L-74167,2026-06-16 12:39:00,PKF,fb,paid_social,PKF_CA_Meta_Prospecting,Lead,
L-78843,2026-05-31 09:30:00,PKF,Google Ads,cpc,pkf|nonbrand|search|may26,Lead,
L-78881,2026-06-13 12:29:00,PKF,adwords,cpc,pkf|nonbrand|search|may26,MQL,
L-70883,2026-07-18 19:38:00,AUR,,,,Lead,
L-73028,2026-06-08 22:01:00,PKF,paid_social,paid_social,PKF_US_Meta_Conversions,MQL,
L-79829,2026-07-27 13:47:00,NMB,adwords,cpc,NMB_US_Search_Brand_2026Q2,Lead,
L-71373,2026-05-26 15:04:00,AUR,fb,paid_social,AUR_EU_Meta_Retargeting_2026Q2,Lead,
L-76657,2026-06-17 22:20:00,AUR,Google Ads,cpc,AUR_US_Search_Brand_2026Q2,MQL,
L-70800,2026-07-11 21:44:00,AUR,,,,MQL,
L-71177,2026-05-10 08:31:00,AUR,Facebook,paid_social,AUR_EU_Meta_Retargeting_2026Q2,MQL,
L-76781,2026-07-03 15:39:00,AUR,,,,Lead,
L-76612,2026-06-13 17:24:00,AUR,,,,MQL,
L-74327,2026-07-12 20:43:00,PKF,facebook,paid_social,PKF_CA_Meta_Prospecting,Lead,
L-70395,2026-06-12 10:26:00,AUR,Facebook,paid_social,AUR_US_Meta_Prospecting_2026Q2,MQL,
L-79566,2026-07-02 14:05:00,NMB,Google Ads,cpc,NMB_US_Search_Brand_2026Q2,Lead,
L-77096,2026-05-23 12:01:00,AUR,adwords,cpc,AUR_EU_Search_NonBrand_2026Q2,Lead,
L-71935,2026-07-14 17:40:00,AUR,Facebook,paid_social,AUR_EU_Meta_Retargeting_2026Q2,MQL,
L-75711,2026-05-26 17:43:00,NMB,paid_social,paid_social,NMB_US_Meta_Retargeting_2026Q2,Lead,
L-74480,2026-05-03 19:35:00,NMB,meta,paid_social,NMB_US_Meta_Prospecting_2026Q2,Lead,
L-77352,2026-07-25 09:28:00,AUR,,,,SQL,
L-75958,2026-06-26 12:07:00,NMB,fb,paid_social,NMB_US_Meta_Retargeting_2026Q2,Lead,
L-80003,2026-07-04 09:47:00,NMB,google,cpc,NMB_US_PMax_2026Q2,Lead,
L-74688,2026-05-23 13:33:00,NMB,Facebook,paid_social,NMB_US_Meta_Prospecting_2026Q2,Lead,
L-74460,2026-07-31 11:01:00,PKF,,,,Lead,
L-77781,2026-05-30 18:19:00,PKF,Google Ads,cpc,PKF_US_Search_Brand_2026Q2,Lead,
L-75281,2026-07-15 21:38:00,NMB,,,,Lead,
L-76437,2026-05-20 17:35:00,AUR,adwords,cpc,AUR_US_Search_Brand_2026Q2,MQL,
L-75765,2026-06-03 19:39:00,NMB,fb,paid_social,NMB_US_Meta_Retargeting_2026Q2,SQL,
L-80262,2026-06-10 18:28:00,AUR,tiktok,paid_social,AUR_TikTok_Prospecting_2026Q2,Lead,
L-77475,2026-05-10 12:54:00,PKF,google,cpc,PKF_US_Search_Brand_2026Q2,Lead,
L-77828,2026-06-04 15:24:00,PKF,Google Ads,cpc,PKF_US_Search_Brand_2026Q2,SQL,
L-72657,2026-05-16 13:11:00,PKF,meta,paid_social,PKF_US_Meta_Conversions,Lead,
L-70032,2026-05-06 19:25:00,AUR,,,,Lead,
L-74149,2026-06-14 14:40:00,PKF,fb,paid_social,PKF_CA_Meta_Prospecting,MQL,
L-71879,2026-07-09 16:33:00,AUR,,,,Lead,
L-77813,2026-06-02 20:16:00,PKF,google,cpc,PKF_US_Search_Brand_2026Q2,Closed Won,8800
L-71216,2026-05-14 13:09:00,AUR,,,,MQL,
L-76257,2026-07-29 09:35:00,NMB,Facebook,paid_social,NMB_US_Meta_Retargeting_2026Q2,MQL,
L-76170,2026-07-18 18:14:00,NMB,meta,paid_social,NMB_US_Meta_Retargeting_2026Q2,Lead,
L-75942,2026-06-25 21:46:00,NMB,fb,paid_social,NMB_US_Meta_Retargeting_2026Q2,Lead,
L-79030,2026-07-20 09:30:00,PKF,google,cpc,pkf|nonbrand|search|may26,MQL,
L-81728,2026-05-30 10:11:00,PKF,google,paid_social,(not set),MQL,
L-72321,2026-07-02 10:08:00,AUR,,,,Lead,
L-81106,2026-07-21 21:35:00,PKF,tiktok,paid_social,PKF_TikTok_Spark_2026Q2,Lead,
L-76794,2026-07-03 15:21:00,AUR,,,,MQL,
L-71152,2026-05-08 08:51:00,AUR,facebook,paid_social,AUR_EU_Meta_Retargeting_2026Q2,Lead,
L-74114,2026-06-08 16:44:00,PKF,facebook,paid_social,PKF_CA_Meta_Prospecting,Lead,
L-79432,2026-06-12 10:42:00,NMB,Google Ads,cpc,NMB_US_Search_Brand_2026Q2,Lead,
L-71122,2026-05-08 09:33:00,AUR,,,,MQL,
L-72451,2026-05-03 22:54:00,PKF,fb,paid_social,PKF_US_Meta_Conversions,Lead,
L-73291,2026-06-24 10:30:00,PKF,Facebook,paid_social,PKF_US_Meta_Conversions,MQL,
L-73338,2026-06-27 21:57:00,PKF,Facebook,paid_social,PKF_US_Meta_Conversions,MQL,
L-72958,2026-06-05 12:55:00,PKF,,,,Lead,
L-74174,2026-06-19 14:03:00,PKF,facebook,paid_social,PKF_CA_Meta_Prospecting,Lead,
L-74051,2026-05-26 22:58:00,PKF,,,,Lead,
L-79322,2026-06-02 10:24:00,NMB,google,cpc,NMB_US_Search_Brand_2026Q2,MQL,
L-71930,2026-07-15 16:26:00,AUR,,,,MQL,
L-74463,2026-07-31 14:32:00,PKF,paid_social,paid_social,PKF_CA_Meta_Prospecting,MQL,
L-79268,2026-05-26 10:47:00,NMB,google,cpc,NMB_US_Search_Brand_2026Q2,Closed Won,8800
L-74669,2026-05-21 22:48:00,NMB,Facebook,paid_social,NMB_US_Meta_Prospecting_2026Q2,Lead,
L-77023,2026-05-06 20:05:00,AUR,,,,SQL,
L-79482,2026-06-21 17:33:00,NMB,google,cpc,NMB_US_Search_Brand_2026Q2,MQL,
L-76765,2026-06-29 17:08:00,AUR,adwords,cpc,AUR_US_Search_Brand_2026Q2,MQL,
L-73821,2026-07-28 18:47:00,PKF,Facebook,paid_social,PKF_US_Meta_Conversions,Lead,
L-71939,2026-07-16 17:33:00,AUR,fb,paid_social,AUR_EU_Meta_Retargeting_2026Q2,SQL,
L-75297,2026-07-16 08:03:00,NMB,,,,Lead,
L-82238,2026-07-15 19:38:00,PKF,google,paid_social,(not set),Lead,
L-72666,2026-05-14 17:31:00,PKF,paid_social,paid_social,PKF_US_Meta_Conversions,Lead,
L-73682,2026-07-18 21:04:00,PKF,fb,paid_social,PKF_US_Meta_Conversions,Lead,
L-79163,2026-05-12 22:00:00,NMB,google,cpc,NMB_US_Search_Brand_2026Q2,MQL,
L-76835,2026-07-11 21:50:00,AUR,google,cpc,AUR_US_Search_Brand_2026Q2,Lead,
L-80123,2026-05-03 15:41:00,AUR,tiktok,paid_social,AUR_TikTok_Prospecting_2026Q2,Lead,
L-80499,2026-05-01 11:17:00,PKF,tiktok,paid_social,PKF_TikTok_Spark_2026Q2,Lead,
L-82041,2026-06-27 10:50:00,PKF,google,paid_social,(not set),Lead,
L-71486,2026-06-04 22:40:00,AUR,,,,Lead,
L-78908,2026-06-18 19:11:00,PKF,google,cpc,pkf|nonbrand|search|may26,MQL,
L-74769,2026-05-30 10:09:00,NMB,paid_social,paid_social,NMB_US_Meta_Prospecting_2026Q2,Lead,
L-76949,2026-07-24 12:39:00,AUR,Google Ads,cpc,AUR_US_Search_Brand_2026Q2,SQL,
L-70366,2026-06-08 10:38:00,AUR,meta,paid_social,AUR_US_Meta_Prospecting_2026Q2,MQL,
L-79419,2026-06-12 10:46:00,NMB,Google Ads,cpc,NMB_US_Search_Brand_2026Q2,Lead,
L-71701,2026-06-26 14:04:00,AUR,Facebook,paid_social,AUR_EU_Meta_Retargeting_2026Q2,Lead,
L-75739,2026-05-29 15:15:00,NMB,paid_social,paid_social,NMB_US_Meta_Retargeting_2026Q2,Lead,
L-73459,2026-07-05 10:44:00,PKF,paid_social,paid_social,PKF_US_Meta_Conversions,MQL,
L-71764,2026-06-30 14:33:00,AUR,,,,Lead,
L-77799,2026-05-30 16:51:00,PKF,adwords,cpc,PKF_US_Search_Brand_2026Q2,Lead,
L-78969,2026-07-05 21:04:00,PKF,google,cpc,pkf|nonbrand|search|may26,MQL,
L-73993,2026-05-18 22:38:00,PKF,meta,paid_social,PKF_CA_Meta_Prospecting,Lead,
L-81133,2026-07-27 21:09:00,PKF,tiktok,paid_social,PKF_TikTok_Spark_2026Q2,Lead,
L-78662,2026-07-28 18:17:00,PKF,Google Ads,cpc,PKF_US_Search_Brand_2026Q2,Closed Won,1900
L-78985,2026-07-09 14:28:00,PKF,adwords,cpc,pkf|nonbrand|search|may26,SQL,
L-79156,2026-05-10 22:44:00,NMB,google,cpc,NMB_US_Search_Brand_2026Q2,SQL,
L-76140,2026-07-16 20:17:00,NMB,fb,paid_social,NMB_US_Meta_Retargeting_2026Q2,Lead,
L-78786,2026-05-20 09:00:00,PKF,google,cpc,pkf|nonbrand|search|may26,SQL,
L-81165,2026-07-31 15:40:00,PKF,,,,Lead,
L-74352,2026-07-16 22:27:00,PKF,meta,paid_social,PKF_CA_Meta_Prospecting,MQL,
L-78499,2026-07-16 16:20:00,PKF,Google Ads,cpc,PKF_US_Search_Brand_2026Q2,Lead,
L-75643,2026-05-20 22:30:00,NMB,meta,paid_social,NMB_US_Meta_Retargeting_2026Q2,Lead,
L-76674,2026-06-21 18:24:00,AUR,,,,Lead,
L-80967,2026-07-07 15:38:00,PKF,tiktok,paid_social,PKF_TikTok_Spark_2026Q2,Lead,
L-75490,2026-07-31 22:32:00,NMB,facebook,paid_social,NMB_US_Meta_Prospecting_2026Q2,MQL,
L-77909,2026-06-09 22:52:00,PKF,google,cpc,PKF_US_Search_Brand_2026Q2,Lead,
L-79862,2026-07-30 15:54:00,NMB,adwords,cpc,NMB_US_Search_Brand_2026Q2,Lead,
L-71289,2026-05-18 14:10:00,AUR,,,,Lead,
L-79784,2026-07-22 20:43:00,NMB,google,cpc,NMB_US_Search_Brand_2026Q2,MQL,
L-80417,2026-07-11 09:11:00,AUR,tiktok,paid_social,AUR_TikTok_Prospecting_2026Q2,Lead,
L-78833,2026-05-29 11:12:00,PKF,google,cpc,pkf|nonbrand|search|may26,MQL,
L-74031,2026-05-23 09:48:00,PKF,meta,paid_social,PKF_CA_Meta_Prospecting,SQL,
L-75361,2026-07-23 11:48:00,NMB,paid_social,paid_social,NMB_US_Meta_Prospecting_2026Q2,MQL,
L-72716,2026-05-18 09:55:00,PKF,meta,paid_social,PKF_US_Meta_Conversions,MQL,
L-75826,2026-06-10 13:46:00,NMB,Facebook,paid_social,NMB_US_Meta_Retargeting_2026Q2,Lead,
L-77500,2026-05-11 17:24:00,PKF,Google Ads,cpc,PKF_US_Search_Brand_2026Q2,SQL,
L-75103,2026-06-28 15:34:00,NMB,meta,paid_social,NMB_US_Meta_Prospecting_2026Q2,Lead,
L-73913,2026-05-09 16:19:00,PKF,facebook,paid_social,PKF_CA_Meta_Prospecting,MQL,
L-78717,2026-05-05 22:25:00,PKF,google,cpc,pkf|nonbrand|search|may26,Lead,
L-71346,2026-05-22 20:20:00,AUR,Facebook,paid_social,AUR_EU_Meta_Retargeting_2026Q2,Lead,
L-80340,2026-06-24 08:10:00,AUR,,,,Lead,
L-74789,2026-06-02 21:41:00,NMB,paid_social,paid_social,NMB_US_Meta_Prospecting_2026Q2,Lead,
L-77621,2026-05-19 12:07:00,PKF,google,cpc,PKF_US_Search_Brand_2026Q2,Lead,
L-70262,2026-05-29 16:22:00,AUR,,,,Lead,
L-70925,2026-07-21 15:13:00,AUR,,,,Lead,
L-76946,2026-07-26 11:11:00,AUR,Google Ads,cpc,AUR_US_Search_Brand_2026Q2,Lead,
L-71573,2026-06-13 10:29:00,AUR,,,,SQL,
L-71744,2026-06-28 13:51:00,AUR,fb,paid_social,AUR_EU_Meta_Retargeting_2026Q2,Lead,
L-74065,2026-05-30 14:21:00,PKF,paid_social,paid_social,PKF_CA_Meta_Prospecting,MQL,
L-75430,2026-07-28 12:11:00,NMB,paid_social,paid_social,NMB_US_Meta_Prospecting_2026Q2,Lead,
L-72003,2026-07-22 16:26:00,AUR,,,,Closed Won,8800
L-77035,2026-05-09 08:33:00,AUR,,,,SQL,
L-70895,2026-07-18 10:33:00,AUR,paid_social,paid_social,AUR_US_Meta_Prospecting_2026Q2,SQL,
L-72907,2026-05-30 19:04:00,PKF,paid_social,paid_social,PKF_US_Meta_Conversions,Lead,
L-76812,2026-07-08 08:31:00,AUR,google,cpc,AUR_US_Search_Brand_2026Q2,Lead,
L-76262,2026-07-30 19:45:00,NMB,facebook,paid_social,NMB_US_Meta_Retargeting_2026Q2,Closed Won,8800
L-77565,2026-05-16 21:28:00,PKF,google,cpc,PKF_US_Search_Brand_2026Q2,MQL,
L-72540,2026-05-08 13:35:00,PKF,,,,Lead,
L-76653,2026-06-17 15:29:00,AUR,,,,MQL,
L-72897,2026-05-30 09:29:00,PKF,facebook,paid_social,PKF_US_Meta_Conversions,Lead,
L-81095,2026-07-21 13:41:00,PKF,TikTok,paid_social,PKF_TikTok_Spark_2026Q2,MQL,
L-72705,2026-05-18 20:21:00,PKF,paid_social,paid_social,PKF_US_Meta_Conversions,MQL,
L-74060,2026-05-27 11:06:00,PKF,paid_social,paid_social,PKF_CA_Meta_Prospecting,MQL,
L-82075,2026-06-30 08:55:00,NMB,google,paid_social,(not set),MQL,
L-79968,2026-06-20 09:40:00,NMB,adwords,cpc,NMB_US_PMax_2026Q2,Closed Won,5200
L-77851,2026-06-04 21:06:00,PKF,google,cpc,PKF_US_Search_Brand_2026Q2,Lead,
L-71872,2026-07-10 16:52:00,AUR,,,,SQL,
L-81101,2026-07-23 09:39:00,PKF,,,,Lead,
L-74608,2026-05-14 14:10:00,NMB,fb,paid_social,NMB_US_Meta_Prospecting_2026Q2,Lead,
L-74673,2026-05-20 22:25:00,NMB,facebook,paid_social,NMB_US_Meta_Prospecting_2026Q2,Lead,
L-76601,2026-06-11 15:56:00,AUR,,,,Lead,
L-71502,2026-06-07 14:31:00,AUR,,,,SQL,
L-81400,2026-05-02 17:48:00,AUR,,,,Lead,
L-78349,2026-07-08 10:09:00,PKF,Google Ads,cpc,PKF_US_Search_Brand_2026Q2,MQL,
L-82418,2026-07-31 18:30:00,PKF,google,paid_social,(not set),MQL,
L-75474,2026-07-30 08:57:00,NMB,facebook,paid_social,NMB_US_Meta_Prospecting_2026Q2,MQL,
L-76149,2026-07-16 20:49:00,NMB,fb,paid_social,NMB_US_Meta_Retargeting_2026Q2,Lead,
L-71734,2026-06-29 17:39:00,AUR,meta,paid_social,AUR_EU_Meta_Retargeting_2026Q2,Lead,
L-80490,2026-07-31 21:56:00,AUR,TikTok,paid_social,AUR_TikTok_Prospecting_2026Q2,SQL,
L-72278,2026-06-19 08:03:00,AUR,meta,paid_social,aurelia|prospecting|meta|may26,Lead,
L-71277,2026-05-18 11:55:00,AUR,,,,Lead,
L-79930,2026-05-31 17:44:00,NMB,adwords,cpc,NMB_US_PMax_2026Q2,SQL,
L-77919,2026-06-09 22:23:00,PKF,google,cpc,PKF_US_Search_Brand_2026Q2,Lead,
L-79202,2026-05-15 15:48:00,NMB,Google Ads,cpc,NMB_US_Search_Brand_2026Q2,MQL,
L-79324,2026-06-03 22:08:00,NMB,google,cpc,NMB_US_Search_Brand_2026Q2,MQL,
L-80661,2026-05-26 21:08:00,PKF,TikTok,paid_social,PKF_TikTok_Spark_2026Q2,Lead,
L-81978,2026-06-22 22:39:00,PKF,google,paid_social,(not set),SQL,
L-74300,2026-07-05 15:46:00,PKF,Facebook,paid_social,PKF_CA_Meta_Prospecting,Lead,
L-70924,2026-07-20 20:07:00,AUR,meta,paid_social,AUR_US_Meta_Prospecting_2026Q2,MQL,
L-77722,2026-05-25 10:43:00,PKF,adwords,cpc,PKF_US_Search_Brand_2026Q2,Lead,
L-71092,2026-05-03 11:09:00,AUR,,,,SQL,
L-80790,2026-06-11 08:40:00,PKF,tiktok,paid_social,PKF_TikTok_Spark_2026Q2,MQL,
L-77597,2026-05-20 10:32:00,PKF,adwords,cpc,PKF_US_Search_Brand_2026Q2,Lead,
L-73954,2026-05-14 13:38:00,PKF,fb,paid_social,PKF_CA_Meta_Prospecting,MQL,
L-70123,2026-05-16 10:29:00,AUR,meta,paid_social,AUR_US_Meta_Prospecting_2026Q2,Lead,
L-74115,2026-06-09 12:14:00,PKF,meta,paid_social,PKF_CA_Meta_Prospecting,Lead,
L-81555,2026-05-15 07:31:00,PKF,google,paid_social,(not set),Lead,
L-73124,2026-06-15 10:46:00,PKF,facebook,paid_social,PKF_US_Meta_Conversions,Lead,
L-75538,2026-05-06 12:35:00,NMB,paid_social,paid_social,NMB_US_Meta_Retargeting_2026Q2,Lead,
L-72413,2026-07-26 22:03:00,AUR,meta,paid_social,aurelia|prospecting|meta|may26,MQL,
L-73714,2026-07-20 19:38:00,PKF,paid_social,paid_social,PKF_US_Meta_Conversions,Lead,
L-70051,2026-05-08 09:32:00,AUR,fb,paid_social,AUR_US_Meta_Prospecting_2026Q2,Lead,
L-71124,2026-05-08 11:44:00,AUR,,,,Lead,
L-72729,2026-05-20 18:38:00,PKF,meta,paid_social,PKF_US_Meta_Conversions,SQL,
L-78314,2026-07-05 11:14:00,PKF,,,,Lead,
L-74442,2026-07-26 10:23:00,PKF,fb,paid_social,PKF_CA_Meta_Prospecting,Lead,
L-78057,2026-06-18 19:02:00,PKF,google,cpc,PKF_US_Search_Brand_2026Q2,Lead,
L-72501,2026-05-04 16:34:00,PKF,paid_social,paid_social,PKF_US_Meta_Conversions,Lead,
L-73178,2026-06-17 22:25:00,PKF,paid_social,paid_social,PKF_US_Meta_Conversions,Lead,
L-78593,2026-07-23 16:24:00,PKF,Google Ads,cpc,PKF_US_Search_Brand_2026Q2,SQL,
L-71920,2026-07-14 08:18:00,AUR,,,,Lead,
L-71662,2026-06-22 11:35:00,AUR,,,,Lead,
L-75283,2026-07-17 11:51:00,NMB,facebook,paid_social,NMB_US_Meta_Prospecting_2026Q2,Lead,
L-82275,2026-07-18 11:02:00,NMB,google,paid_social,(not set),Lead,
L-73088,2026-06-12 11:44:00,PKF,,,,Lead,
L-78566,2026-07-23 21:31:00,PKF,adwords,cpc,PKF_US_Search_Brand_2026Q2,Lead,
L-77344,2026-07-24 14:27:00,AUR,google,cpc,AUR_EU_Search_NonBrand_2026Q2,MQL,
L-75913,2026-06-21 22:47:00,NMB,fb,paid_social,NMB_US_Meta_Retargeting_2026Q2,MQL,
L-80324,2026-06-23 17:39:00,AUR,tiktok,paid_social,AUR_TikTok_Prospecting_2026Q2,Lead,
L-79651,2026-07-10 18:19:00,NMB,google,cpc,NMB_US_Search_Brand_2026Q2,MQL,
L-75215,2026-07-10 16:05:00,NMB,,,,Lead,
L-76456,2026-05-22 19:18:00,AUR,google,cpc,AUR_US_Search_Brand_2026Q2,Lead,
L-72233,2026-06-03 20:09:00,AUR,,,,Lead,
L-75280,2026-07-17 21:52:00,NMB,paid_social,paid_social,NMB_US_Meta_Prospecting_2026Q2,Lead,
L-80254,2026-06-05 13:25:00,AUR,tiktok,paid_social,AUR_TikTok_Prospecting_2026Q2,SQL,
L-73009,2026-06-06 14:57:00,PKF,,,,MQL,
L-72000,2026-07-21 13:45:00,AUR,,,,Lead,
L-82023,2026-06-26 08:58:00,AUR,,,,MQL,
L-73361,2026-06-30 20:32:00,PKF,fb,paid_social,PKF_US_Meta_Conversions,Lead,
L-71819,2026-07-03 11:06:00,AUR,facebook,paid_social,AUR_EU_Meta_Retargeting_2026Q2,Lead,
L-70128,2026-05-16 18:47:00,AUR,facebook,paid_social,AUR_US_Meta_Prospecting_2026Q2,MQL,
L-82168,2026-07-08 13:51:00,NMB,google,paid_social,(not set),Lead,
L-71059,2026-05-01 11:25:00,AUR,Facebook,paid_social,AUR_EU_Meta_Retargeting_2026Q2,Lead,
L-81584,2026-05-18 17:41:00,AUR,google,paid_social,(not set),Lead,
L-79058,2026-07-28 18:09:00,PKF,google,cpc,pkf|nonbrand|search|may26,Lead,
L-70705,2026-07-05 11:33:00,AUR,fb,paid_social,AUR_US_Meta_Prospecting_2026Q2,Lead,
L-81154,2026-07-31 18:16:00,PKF,TikTok,paid_social,PKF_TikTok_Spark_2026Q2,SQL,
L-74800,2026-06-02 08:02:00,NMB,,,,Lead,
L-75528,2026-05-07 14:20:00,NMB,meta,paid_social,NMB_US_Meta_Retargeting_2026Q2,MQL,
L-71419,2026-05-29 10:45:00,AUR,,,,SQL,
L-72786,2026-05-21 08:46:00,PKF,facebook,paid_social,PKF_US_Meta_Conversions,Lead,
L-76459,2026-05-21 15:48:00,AUR,google,cpc,AUR_US_Search_Brand_2026Q2,SQL,
L-71423,2026-05-28 21:04:00,AUR,,,,Lead,
L-70747,2026-07-09 10:42:00,AUR,,,,Lead,
L-77831,2026-06-03 22:00:00,PKF,adwords,cpc,PKF_US_Search_Brand_2026Q2,MQL,
L-73244,2026-06-23 08:12:00,PKF,fb,paid_social,PKF_US_Meta_Conversions,Lead,
L-77593,2026-05-18 16:11:00,PKF,adwords,cpc,PKF_US_Search_Brand_2026Q2,Closed Won,5200
L-80974,2026-07-06 22:08:00,PKF,tiktok,paid_social,PKF_TikTok_Spark_2026Q2,Lead,
L-81461,2026-05-07 11:08:00,AUR,,,,Lead,
L-70286,2026-05-31 22:23:00,AUR,,,,Lead,
L-73554,2026-07-11 22:22:00,PKF,,,,Closed Won,5200
L-78645,2026-07-27 08:53:00,PKF,adwords,cpc,PKF_US_Search_Brand_2026Q2,MQL,
L-71838,2026-07-05 12:07:00,AUR,,,,MQL,
L-73827,2026-07-28 13:47:00,PKF,paid_social,paid_social,PKF_US_Meta_Conversions,Lead,
L-71849,2026-07-08 15:26:00,AUR,,,,MQL,
L-82082,2026-07-01 17:43:00,PKF,google,paid_social,(not set),Lead,
L-74536,2026-05-07 22:17:00,NMB,fb,paid_social,NMB_US_Meta_Prospecting_2026Q2,Lead,
L-79592,2026-07-02 10:57:00,NMB,google,cpc,NMB_US_Search_Brand_2026Q2,Lead,
L-82070,2026-06-30 22:20:00,PKF,google,paid_social,(not set),Lead,
L-72268,2026-06-14 17:31:00,AUR,,,,MQL,
L-76527,2026-05-30 21:30:00,AUR,,,,Lead,
L-81076,2026-07-19 16:09:00,PKF,TikTok,paid_social,PKF_TikTok_Spark_2026Q2,Lead,
L-76559,2026-06-04 21:40:00,AUR,,,,Closed Won,2400
L-82111,2026-07-04 17:20:00,AUR,,,,SQL,
L-70540,2026-06-25 16:20:00,AUR,,,,Lead,
L-78319,2026-07-06 08:22:00,PKF,google,cpc,PKF_US_Search_Brand_2026Q2,Lead,
L-71463,2026-06-01 13:23:00,AUR,,,,Lead,
L-78695,2026-07-29 19:31:00,PKF,google,cpc,PKF_US_Search_Brand_2026Q2,MQL,
L-77385,2026-05-01 13:58:00,PKF,adwords,cpc,PKF_US_Search_Brand_2026Q2,Lead,
L-75426,2026-07-27 20:40:00,NMB,Facebook,paid_social,NMB_US_Meta_Prospecting_2026Q2,Lead,
L-73650,2026-07-16 18:46:00,PKF,fb,paid_social,PKF_US_Meta_Conversions,Lead,
L-81356,2026-07-20 13:41:00,NMB,tiktok,paid_social,NMB_TikTok_Prospecting_2026Q2,MQL,
L-79427,2026-06-13 22:33:00,NMB,,,,MQL,
L-76950,2026-07-26 09:26:00,AUR,,,,SQL,
L-79809,2026-07-25 16:30:00,NMB,google,cpc,NMB_US_Search_Brand_2026Q2,Lead,
L-77073,2026-05-18 08:30:00,AUR,adwords,cpc,AUR_EU_Search_NonBrand_2026Q2,MQL,
L-72556,2026-05-08 21:06:00,PKF,Facebook,paid_social,PKF_US_Meta_Conversions,MQL,
L-78243,2026-07-01 21:51:00,PKF,adwords,cpc,PKF_US_Search_Brand_2026Q2,MQL,
L-71460,2026-06-03 19:21:00,AUR,,,,MQL,
L-81988,2026-06-23 22:09:00,AUR,google,paid_social,(not set),Lead,
L-71237,2026-05-14 16:11:00,AUR,,,,MQL,
L-70055,2026-05-08 11:56:00,AUR,,,,MQL,
L-70443,2026-06-16 21:41:00,AUR,fb,paid_social,AUR_US_Meta_Prospecting_2026Q2,Lead,
L-78022,2026-06-15 19:49:00,PKF,,,,Lead,
L-76890,2026-07-16 14:47:00,AUR,,,,MQL,
L-71040,2026-07-30 15:04:00,AUR,,,,MQL,
L-75702,2026-05-26 19:20:00,NMB,fb,paid_social,NMB_US_Meta_Retargeting_2026Q2,Lead,
L-72325,2026-07-03 12:28:00,AUR,,,,Lead,
L-82326,2026-07-23 19:32:00,PKF,google,paid_social,(not set),Lead,
L-81225,2026-05-21 13:16:00,NMB,,,,Lead,
L-73180,2026-06-17 16:14:00,PKF,paid_social,paid_social,PKF_US_Meta_Conversions,Lead,
L-81980,2026-06-22 10:35:00,PKF,google,paid_social,(not set),Lead,
L-72942,2026-06-04 21:24:00,PKF,meta,paid_social,PKF_US_Meta_Conversions,Lead,
L-73227,2026-06-21 18:02:00,PKF,facebook,paid_social,PKF_US_Meta_Conversions,Lead,
L-78621,2026-07-24 09:28:00,PKF,google,cpc,PKF_US_Search_Brand_2026Q2,MQL,
L-72904,2026-05-29 10:17:00,PKF,fb,paid_social,PKF_US_Meta_Conversions,MQL,
L-75096,2026-06-27 14:50:00,NMB,Facebook,paid_social,NMB_US_Meta_Prospecting_2026Q2,Lead,
L-70801,2026-07-13 16:26:00,AUR,meta,paid_social,AUR_US_Meta_Prospecting_2026Q2,MQL,
L-76411,2026-05-15 14:07:00,AUR,,,,Lead,
L-76292,2026-07-31 12:43:00,NMB,meta,paid_social,NMB_US_Meta_Retargeting_2026Q2,Lead,
L-74541,2026-05-10 22:09:00,NMB,meta,paid_social,NMB_US_Meta_Prospecting_2026Q2,MQL,
L-81805,2026-06-05 18:06:00,NMB,google,paid_social,(not set),MQL,
L-74811,2026-06-04 16:23:00,NMB,paid_social,paid_social,NMB_US_Meta_Prospecting_2026Q2,Lead,
L-71789,2026-07-03 08:55:00,AUR,,,,Lead,
L-79015,2026-07-17 10:49:00,PKF,google,cpc,pkf|nonbrand|search|may26,Lead,
L-82368,2026-07-27 17:11:00,PKF,google,paid_social,(not set),SQL,
L-81633,2026-05-22 15:37:00,AUR,google,paid_social,(not set),MQL,
L-70737,2026-07-08 09:26:00,AUR,,,,Lead,
L-76007,2026-07-02 08:19:00,NMB,facebook,paid_social,NMB_US_Meta_Retargeting_2026Q2,Lead,
L-75423,2026-07-26 14:47:00,NMB,fb,paid_social,NMB_US_Meta_Prospecting_2026Q2,MQL,
L-71840,2026-07-08 10:47:00,AUR,,,,Lead,
L-76108,2026-07-12 10:58:00,NMB,Facebook,paid_social,NMB_US_Meta_Retargeting_2026Q2,Lead,
L-77472,2026-05-08 19:01:00,PKF,adwords,cpc,PKF_US_Search_Brand_2026Q2,SQL,
L-76301,2026-05-03 22:52:00,AUR,google,cpc,AUR_US_Search_Brand_2026Q2,SQL,
L-79744,2026-07-19 17:14:00,NMB,google,cpc,NMB_US_Search_Brand_2026Q2,Lead,
L-81890,2026-06-14 20:59:00,AUR,,,,Lead,
L-77482,2026-05-10 14:54:00,PKF,google,cpc,PKF_US_Search_Brand_2026Q2,SQL,
L-72921,2026-06-02 20:59:00,PKF,paid_social,paid_social,PKF_US_Meta_Conversions,Lead,
L-77163,2026-06-05 09:51:00,AUR,,,,Lead,
L-77342,2026-07-22 19:35:00,AUR,,,,Lead,
L-79081,2026-07-28 17:52:00,PKF,google,cpc,PKF_US_Display_Legacy,Lead,
L-76554,2026-06-04 21:07:00,AUR,Google Ads,cpc,AUR_US_Search_Brand_2026Q2,Lead,
L-79357,2026-06-05 21:29:00,NMB,google,cpc,NMB_US_Search_Brand_2026Q2,MQL,
L-71012,2026-07-28 22:38:00,AUR,,,,Lead,
L-70607,2026-06-29 19:37:00,AUR,,,,Lead,
L-70294,2026-06-01 09:50:00,AUR,fb,paid_social,AUR_US_Meta_Prospecting_2026Q2,MQL,
L-73158,2026-06-17 22:57:00,PKF,meta,paid_social,PKF_US_Meta_Conversions,Lead,
L-82154,2026-07-07 17:28:00,PKF,google,paid_social,(not set),SQL,
L-70064,2026-05-09 14:41:00,AUR,,,,MQL,
L-77687,2026-05-24 19:54:00,PKF,Google Ads,cpc,PKF_US_Search_Brand_2026Q2,SQL,
L-80429,2026-07-15 20:49:00,AUR,tiktok,paid_social,AUR_TikTok_Prospecting_2026Q2,Lead,
L-72168,2026-05-18 22:52:00,AUR,Facebook,paid_social,aurelia|prospecting|meta|may26,MQL,
L-72944,2026-06-04 20:45:00,PKF,Facebook,paid_social,PKF_US_Meta_Conversions,MQL,
L-81077,2026-07-18 15:27:00,PKF,TikTok,paid_social,PKF_TikTok_Spark_2026Q2,MQL,
L-74976,2026-06-17 11:06:00,NMB,Facebook,paid_social,NMB_US_Meta_Prospecting_2026Q2,Lead,
L-80510,2026-05-05 19:56:00,PKF,TikTok,paid_social,PKF_TikTok_Spark_2026Q2,SQL,
L-70298,2026-05-31 21:16:00,AUR,,,,Lead,
L-73304,2026-06-25 18:22:00,PKF,paid_social,paid_social,PKF_US_Meta_Conversions,MQL,
L-77734,2026-05-27 08:04:00,PKF,,,,Closed Won,1900
L-80100,2026-05-25 21:30:00,PKF,google,cpc,PKF_US_Video_Test_C,SQL,
L-75567,2026-05-11 08:17:00,NMB,paid_social,paid_social,NMB_US_Meta_Retargeting_2026Q2,MQL,
L-80670,2026-05-26 10:17:00,PKF,tiktok,paid_social,PKF_TikTok_Spark_2026Q2,Lead,
L-80994,2026-07-08 16:41:00,PKF,tiktok,paid_social,PKF_TikTok_Spark_2026Q2,Lead,
L-81368,2026-07-22 21:06:00,NMB,tiktok,paid_social,NMB_TikTok_Prospecting_2026Q2,Lead,
L-77418,2026-05-06 22:08:00,PKF,Google Ads,cpc,PKF_US_Search_Brand_2026Q2,MQL,
L-75176,2026-07-05 14:11:00,NMB,fb,paid_social,NMB_US_Meta_Prospecting_2026Q2,Lead,
L-75969,2026-06-26 08:16:00,NMB,,,,MQL,
L-81712,2026-05-29 07:25:00,AUR,google,paid_social,(not set),Lead,
L-70107,2026-05-14 21:00:00,AUR,,,,MQL,
L-74469,2026-05-03 21:45:00,NMB,,,,MQL,
L-71292,2026-05-19 13:13:00,AUR,,,,MQL,
L-73156,2026-06-17 21:16:00,PKF,meta,paid_social,PKF_US_Meta_Conversions,Lead,
L-80840,2026-06-17 18:16:00,PKF,,,,SQL,
L-70429,2026-06-13 21:38:00,AUR,meta,paid_social,AUR_US_Meta_Prospecting_2026Q2,SQL,
L-72134,2026-05-06 20:09:00,AUR,fb,paid_social,aurelia|prospecting|meta|may26,Lead,
L-81834,2026-06-09 21:38:00,PKF,google,paid_social,(not set),MQL,
L-72573,2026-05-08 15:52:00,PKF,meta,paid_social,PKF_US_Meta_Conversions,MQL,
L-78858,2026-06-05 11:52:00,PKF,google,cpc,pkf|nonbrand|search|may26,Closed Won,2400
L-73397,2026-07-01 16:59:00,PKF,fb,paid_social,PKF_US_Meta_Conversions,SQL,
L-74110,2026-06-06 16:30:00,PKF,meta,paid_social,PKF_CA_Meta_Prospecting,Lead,
L-72120,2026-05-02 14:20:00,AUR,facebook,paid_social,aurelia|prospecting|meta|may26,Lead,
L-73021,2026-06-07 14:29:00,PKF,Facebook,paid_social,PKF_US_Meta_Conversions,MQL,
L-77646,2026-05-21 21:18:00,PKF,adwords,cpc,PKF_US_Search_Brand_2026Q2,Lead,
L-78046,2026-06-18 11:57:00,PKF,google,cpc,PKF_US_Search_Brand_2026Q2,Lead,
L-75424,2026-07-27 13:53:00,NMB,Facebook,paid_social,NMB_US_Meta_Prospecting_2026Q2,MQL,
L-73622,2026-07-15 21:31:00,PKF,facebook,paid_social,PKF_US_Meta_Conversions,Lead,
L-71353,2026-05-26 14:54:00,AUR,,,,Lead,
L-75850,2026-06-11 19:05:00,NMB,meta,paid_social,NMB_US_Meta_Retargeting_2026Q2,Lead,
L-70251,2026-05-27 12:22:00,AUR,fb,paid_social,AUR_US_Meta_Prospecting_2026Q2,Lead,
L-72307,2026-06-25 10:28:00,AUR,,,,MQL,
L-81185,2026-05-08 16:26:00,NMB,tiktok,paid_social,NMB_TikTok_Prospecting_2026Q2,SQL,
L-78999,2026-07-14 19:46:00,PKF,,,,MQL,
L-73758,2026-07-23 16:57:00,PKF,Facebook,paid_social,PKF_US_Meta_Conversions,Lead,
L-79759,2026-07-21 09:54:00,NMB,adwords,cpc,NMB_US_Search_Brand_2026Q2,Lead,
L-82167,2026-07-08 11:00:00,PKF,google,paid_social,(not set),Lead,
L-81795,2026-06-04 17:57:00,NMB,google,paid_social,(not set),Lead,
L-77185,2026-06-13 14:48:00,AUR,,,,Lead,
L-72106,2026-07-31 17:05:00,AUR,fb,paid_social,AUR_EU_Meta_Retargeting_2026Q2,Lead,
L-80701,2026-05-29 09:16:00,PKF,TikTok,paid_social,PKF_TikTok_Spark_2026Q2,Lead,
L-72218,2026-05-31 20:23:00,AUR,,,,Lead,
L-81308,2026-07-02 11:48:00,NMB,tiktok,paid_social,NMB_TikTok_Prospecting_2026Q2,Lead,
L-76049,2026-07-06 19:22:00,NMB,paid_social,paid_social,NMB_US_Meta_Retargeting_2026Q2,Lead,
L-74989,2026-06-18 17:14:00,NMB,Facebook,paid_social,NMB_US_Meta_Prospecting_2026Q2,MQL,
L-78984,2026-07-10 21:39:00,PKF,Google Ads,cpc,pkf|nonbrand|search|may26,Lead,
L-72447,2026-05-02 11:53:00,PKF,meta,paid_social,PKF_US_Meta_Conversions,Lead,
L-70917,2026-07-21 20:21:00,AUR,,,,Lead,
L-75419,2026-07-25 19:53:00,NMB,meta,paid_social,NMB_US_Meta_Prospecting_2026Q2,MQL,
L-80862,2026-06-23 17:11:00,PKF,tiktok,paid_social,PKF_TikTok_Spark_2026Q2,Closed Won,5200
L-78609,2026-07-25 14:37:00,PKF,Google Ads,cpc,PKF_US_Search_Brand_2026Q2,SQL,
L-70875,2026-07-19 13:51:00,AUR,fb,paid_social,AUR_US_Meta_Prospecting_2026Q2,Lead,
L-82043,2026-06-27 08:15:00,NMB,google,paid_social,(not set),Closed Won,1900
L-76316,2026-05-05 21:13:00,AUR,,,,Lead,
L-74416,2026-07-22 10:35:00,PKF,facebook,paid_social,PKF_CA_Meta_Prospecting,Lead,
L-79061,2026-07-27 13:33:00,PKF,google,cpc,pkf|nonbrand|search|may26,Lead,
L-70964,2026-07-23 14:35:00,AUR,,,,Lead,
L-70863,2026-07-18 11:50:00,AUR,facebook,paid_social,AUR_US_Meta_Prospecting_2026Q2,Lead,
L-81304,2026-06-27 11:35:00,NMB,TikTok,paid_social,NMB_TikTok_Prospecting_2026Q2,MQL,
L-74884,2026-06-08 08:38:00,NMB,Facebook,paid_social,NMB_US_Meta_Prospecting_2026Q2,MQL,
L-80396,2026-07-09 17:53:00,AUR,,,,Lead,
L-72078,2026-07-28 12:16:00,AUR,,,,Lead,
L-72569,2026-05-09 19:27:00,PKF,paid_social,paid_social,PKF_US_Meta_Conversions,MQL,
L-82217,2026-07-14 09:28:00,AUR,google,paid_social,(not set),Closed Won,8800
L-79923,2026-05-27 08:06:00,NMB,google,cpc,NMB_US_PMax_2026Q2,MQL,
L-82191,2026-07-10 10:09:00,NMB,google,paid_social,(not set),Lead,
L-79895,2026-05-14 17:25:00,NMB,Google Ads,cpc,NMB_US_PMax_2026Q2,Lead,
L-80000,2026-07-04 18:35:00,NMB,google,cpc,NMB_US_PMax_2026Q2,Lead,
L-79693,2026-07-14 13:11:00,NMB,google,cpc,NMB_US_Search_Brand_2026Q2,Lead,
L-80912,2026-06-29 17:13:00,PKF,tiktok,paid_social,PKF_TikTok_Spark_2026Q2,Lead,
L-79953,2026-06-11 18:58:00,NMB,google,cpc,NMB_US_PMax_2026Q2,Lead,
L-74180,2026-06-20 19:22:00,PKF,fb,paid_social,PKF_CA_Meta_Prospecting,Lead,
L-81867,2026-06-11 13:29:00,NMB,google,paid_social,(not set),Lead,
L-74921,2026-06-12 20:15:00,NMB,Facebook,paid_social,NMB_US_Meta_Prospecting_2026Q2,Lead,
L-80493,2026-05-01 15:12:00,PKF,tiktok,paid_social,PKF_TikTok_Spark_2026Q2,Lead,
L-82048,2026-06-28 17:45:00,PKF,google,paid_social,(not set),Lead,
L-81645,2026-05-23 07:59:00,PKF,google,paid_social,(not set),Lead,
L-81925,2026-06-17 09:34:00,PKF,google,paid_social,(not set),Lead,
L-79078,2026-05-10 08:22:00,PKF,google,cpc,PKF_US_Display_Legacy,SQL,
L-70360,2026-06-09 14:57:00,AUR,facebook,paid_social,AUR_US_Meta_Prospecting_2026Q2,Lead,
L-76107,2026-07-13 16:58:00,NMB,Facebook,paid_social,NMB_US_Meta_Retargeting_2026Q2,Lead,
L-72723,2026-05-18 08:31:00,PKF,paid_social,paid_social,PKF_US_Meta_Conversions,MQL,
L-70189,2026-05-23 20:23:00,AUR,,,,SQL,
L-72802,2026-05-23 19:51:00,PKF,Facebook,paid_social,PKF_US_Meta_Conversions,Lead,
L-71128,2026-05-08 21:21:00,AUR,facebook,paid_social,AUR_EU_Meta_Retargeting_2026Q2,Closed Won,2400
L-82212,2026-07-13 15:19:00,PKF,google,paid_social,(not set),Lead,
L-75047,2026-06-24 18:33:00,NMB,meta,paid_social,NMB_US_Meta_Prospecting_2026Q2,SQL,
L-81004,2026-07-10 16:41:00,PKF,tiktok,paid_social,PKF_TikTok_Spark_2026Q2,Lead,
L-76815,2026-07-07 11:07:00,AUR,,,,Lead,
L-71303,2026-05-19 19:59:00,AUR,,,,Lead,
L-82120,2026-07-05 08:50:00,AUR,google,paid_social,(not set),Lead,
L-81681,2026-05-27 23:52:00,AUR,,,,Lead,
L-79398,2026-06-09 16:56:00,NMB,google,cpc,NMB_US_Search_Brand_2026Q2,Lead,
L-78133,2026-06-22 17:37:00,PKF,google,cpc,PKF_US_Search_Brand_2026Q2,MQL,
L-80834,2026-06-17 14:34:00,PKF,TikTok,paid_social,PKF_TikTok_Spark_2026Q2,Lead,
L-79660,2026-07-09 09:00:00,NMB,google,cpc,NMB_US_Search_Brand_2026Q2,Lead,
L-76696,2026-06-23 16:51:00,AUR,adwords,cpc,AUR_US_Search_Brand_2026Q2,Lead,
L-73460,2026-07-05 20:25:00,PKF,meta,paid_social,PKF_US_Meta_Conversions,Lead,
L-76412,2026-05-16 14:35:00,AUR,google,cpc,AUR_US_Search_Brand_2026Q2,Lead,
L-77369,2026-07-29 22:47:00,AUR,google,cpc,AUR_EU_Search_NonBrand_2026Q2,MQL,
L-79904,2026-05-20 11:28:00,NMB,,,,SQL,
L-75863,2026-06-15 15:58:00,NMB,fb,paid_social,NMB_US_Meta_Retargeting_2026Q2,Lead,
L-76904,2026-07-18 09:55:00,AUR,,,,Lead,
L-76937,2026-07-24 14:15:00,AUR,google,cpc,AUR_US_Search_Brand_2026Q2,Lead,
L-76546,2026-06-03 13:59:00,AUR,google,cpc,AUR_US_Search_Brand_2026Q2,MQL,
L-81341,2026-07-15 22:53:00,NMB,tiktok,paid_social,NMB_TikTok_Prospecting_2026Q2,MQL,
L-78302,2026-07-04 18:32:00,PKF,Google Ads,cpc,PKF_US_Search_Brand_2026Q2,Lead,
L-72116,2026-07-30 15:15:00,AUR,,,,Lead,
L-72448,2026-05-02 11:03:00,PKF,paid_social,paid_social,PKF_US_Meta_Conversions,Lead,
L-76399,2026-05-15 18:44:00,AUR,google,cpc,AUR_US_Search_Brand_2026Q2,Lead,
L-78330,2026-07-08 19:46:00,PKF,,,,Lead,
L-70261,2026-05-28 09:08:00,AUR,,,,MQL,
L-75839,2026-06-09 19:55:00,NMB,fb,paid_social,NMB_US_Meta_Retargeting_2026Q2,Lead,
L-70267,2026-05-29 22:06:00,AUR,fb,paid_social,AUR_US_Meta_Prospecting_2026Q2,MQL,
L-81506,2026-05-11 17:59:00,NMB,google,paid_social,(not set),MQL,
L-79805,2026-07-24 20:01:00,NMB,google,cpc,NMB_US_Search_Brand_2026Q2,Lead,
L-78729,2026-05-07 20:27:00,PKF,Google Ads,cpc,pkf|nonbrand|search|may26,SQL,
L-71679,2026-06-23 13:10:00,AUR,Facebook,paid_social,AUR_EU_Meta_Retargeting_2026Q2,Lead,
L-70594,2026-06-27 18:38:00,AUR,,,,Lead,
L-74822,2026-06-03 11:46:00,NMB,paid_social,paid_social,NMB_US_Meta_Prospecting_2026Q2,Lead,
L-70966,2026-07-23 17:41:00,AUR,,,,Lead,
L-80078,2026-06-10 15:47:00,AUR,,,,MQL,
L-77975,2026-06-13 19:41:00,PKF,adwords,cpc,PKF_US_Search_Brand_2026Q2,Lead,
L-73923,2026-05-10 08:52:00,PKF,meta,paid_social,PKF_CA_Meta_Prospecting,Lead,
L-73712,2026-07-21 14:39:00,PKF,paid_social,paid_social,PKF_US_Meta_Conversions,MQL,
L-70343,2026-06-07 14:49:00,AUR,,,,Closed Won,5200
L-74597,2026-05-13 16:42:00,NMB,paid_social,paid_social,NMB_US_Meta_Prospecting_2026Q2,MQL,
L-75074,2026-06-25 16:21:00,NMB,fb,paid_social,NMB_US_Meta_Prospecting_2026Q2,Lead,
L-71234,2026-05-14 15:48:00,AUR,paid_social,paid_social,AUR_EU_Meta_Retargeting_2026Q2,Lead,
L-70234,2026-05-26 13:10:00,AUR,,,,Lead,
L-74003,2026-05-21 19:57:00,PKF,paid_social,paid_social,PKF_CA_Meta_Prospecting,MQL,
L-73575,2026-07-12 13:24:00,PKF,fb,paid_social,PKF_US_Meta_Conversions,Lead,
L-72166,2026-05-17 10:29:00,AUR,,,,Lead,
L-77994,2026-06-15 13:59:00,PKF,adwords,cpc,PKF_US_Search_Brand_2026Q2,SQL,
L-82015,2026-06-25 13:46:00,PKF,google,paid_social,(not set),Lead,
L-71254,2026-05-17 21:44:00,AUR,,,,Lead,
L-70961,2026-07-25 09:48:00,AUR,,,,MQL,
L-71866,2026-07-08 18:11:00,AUR,,,,Lead,
L-81747,2026-06-01 12:39:00,PKF,,,,MQL,
L-81870,2026-06-12 12:34:00,AUR,google,paid_social,(not set),MQL,
L-77328,2026-07-17 18:41:00,AUR,,,,MQL,
L-74068,2026-06-01 11:59:00,PKF,facebook,paid_social,PKF_CA_Meta_Prospecting,Lead,
L-73119,2026-06-13 18:16:00,PKF,paid_social,paid_social,PKF_US_Meta_Conversions,Lead,
L-73171,2026-06-19 20:16:00,PKF,Facebook,paid_social,PKF_US_Meta_Conversions,Lead,
L-71967,2026-07-17 15:43:00,AUR,,,,MQL,
L-79281,2026-05-26 11:59:00,NMB,Google Ads,cpc,NMB_US_Search_Brand_2026Q2,Lead,
L-73988,2026-05-19 12:09:00,PKF,fb,paid_social,PKF_CA_Meta_Prospecting,MQL,
L-79863,2026-07-30 20:01:00,NMB,,,,Lead,
L-74932,2026-06-14 20:53:00,NMB,facebook,paid_social,NMB_US_Meta_Prospecting_2026Q2,Lead,
L-75909,2026-06-22 16:09:00,NMB,paid_social,paid_social,NMB_US_Meta_Retargeting_2026Q2,Lead,
L-70757,2026-07-08 18:14:00,AUR,,,,Lead,
L-78700,2026-07-31 17:52:00,PKF,,,,Lead,
L-76664,2026-06-21 14:17:00,AUR,google,cpc,AUR_US_Search_Brand_2026Q2,MQL,
L-76628,2026-06-14 18:28:00,AUR,,,,MQL,
L-71656,2026-06-21 10:20:00,AUR,,,,Lead,
L-81962,2026-06-20 15:16:00,NMB,google,paid_social,(not set),Lead,
L-78182,2026-06-25 11:42:00,PKF,,,,MQL,
L-82303,2026-07-21 11:43:00,PKF,google,paid_social,(not set),MQL,
L-77446,2026-05-07 12:27:00,PKF,Google Ads,cpc,PKF_US_Search_Brand_2026Q2,Lead,
L-80709,2026-06-01 19:25:00,PKF,tiktok,paid_social,PKF_TikTok_Spark_2026Q2,MQL,
L-74437,2026-07-27 14:00:00,PKF,Facebook,paid_social,PKF_CA_Meta_Prospecting,Lead,
L-80647,2026-05-23 14:26:00,PKF,TikTok,paid_social,PKF_TikTok_Spark_2026Q2,Lead,
L-70639,2026-07-02 11:57:00,AUR,,,,Lead,
L-76882,2026-07-15 17:47:00,AUR,google,cpc,AUR_US_Search_Brand_2026Q2,MQL,
L-79048,2026-07-24 08:48:00,PKF,adwords,cpc,pkf|nonbrand|search|may26,SQL,
L-72792,2026-05-23 21:13:00,PKF,fb,paid_social,PKF_US_Meta_Conversions,Lead,
L-73107,2026-06-14 18:33:00,PKF,,,,Lead,
L-75764,2026-06-02 20:46:00,NMB,fb,paid_social,NMB_US_Meta_Retargeting_2026Q2,MQL,
L-80587,2026-05-16 13:16:00,PKF,tiktok,paid_social,PKF_TikTok_Spark_2026Q2,Lead,
L-79102,2026-05-06 12:25:00,NMB,adwords,cpc,NMB_US_Search_Brand_2026Q2,Lead,
L-82164,2026-07-08 20:46:00,PKF,google,paid_social,(not set),Lead,
L-77259,2026-06-30 13:46:00,AUR,,,,SQL,
L-72482,2026-05-04 14:17:00,PKF,facebook,paid_social,PKF_US_Meta_Conversions,MQL,
L-70732,2026-07-07 09:53:00,AUR,paid_social,paid_social,AUR_US_Meta_Prospecting_2026Q2,MQL,
L-74107,2026-06-06 16:46:00,PKF,facebook,paid_social,PKF_CA_Meta_Prospecting,Lead,
L-75886,2026-06-16 13:00:00,NMB,,,,MQL,
L-75908,2026-06-20 08:19:00,NMB,facebook,paid_social,NMB_US_Meta_Retargeting_2026Q2,Lead,
L-73542,2026-07-10 15:13:00,PKF,,,,Lead,
L-73421,2026-07-01 19:14:00,PKF,paid_social,paid_social,PKF_US_Meta_Conversions,MQL,
L-76528,2026-05-30 16:22:00,AUR,google,cpc,AUR_US_Search_Brand_2026Q2,Lead,
L-77402,2026-05-04 17:37:00,PKF,google,cpc,PKF_US_Search_Brand_2026Q2,Lead,
L-82104,2026-07-03 23:10:00,PKF,google,paid_social,(not set),SQL,
L-72726,2026-05-20 13:25:00,PKF,fb,paid_social,PKF_US_Meta_Conversions,MQL,
L-70193,2026-05-22 16:44:00,AUR,meta,paid_social,AUR_US_Meta_Prospecting_2026Q2,Lead,
L-77761,2026-05-29 11:27:00,PKF,Google Ads,cpc,PKF_US_Search_Brand_2026Q2,Lead,
L-75553,2026-05-07 11:38:00,NMB,Facebook,paid_social,NMB_US_Meta_Retargeting_2026Q2,Lead,
L-81916,2026-06-16 18:23:00,PKF,google,paid_social,(not set),Closed Won,5200
L-75684,2026-05-24 16:36:00,NMB,meta,paid_social,NMB_US_Meta_Retargeting_2026Q2,Lead,
L-74034,2026-05-25 13:09:00,PKF,Facebook,paid_social,PKF_CA_Meta_Prospecting,Closed Won,2400
L-81613,2026-05-20 14:13:00,PKF,google,paid_social,(not set),Closed Won,3600
L-71414,2026-05-30 13:52:00,AUR,facebook,paid_social,AUR_EU_Meta_Retargeting_2026Q2,Lead,
L-74099,2026-06-04 15:05:00,PKF,paid_social,paid_social,PKF_CA_Meta_Prospecting,Lead,
L-78534,2026-07-21 22:08:00,PKF,,,,MQL,
L-75719,2026-05-27 08:24:00,NMB,meta,paid_social,NMB_US_Meta_Retargeting_2026Q2,Lead,
L-76403,2026-05-14 11:54:00,AUR,adwords,cpc,AUR_US_Search_Brand_2026Q2,Lead,
L-78927,2026-06-24 08:48:00,PKF,google,cpc,pkf|nonbrand|search|may26,Lead,
L-76401,2026-05-14 11:57:00,AUR,Google Ads,cpc,AUR_US_Search_Brand_2026Q2,Lead,
L-77643,2026-05-22 12:55:00,PKF,,,,SQL,
L-81550,2026-05-15 23:59:00,AUR,google,paid_social,(not set),Lead,
L-71856,2026-07-07 14:28:00,AUR,,,,MQL,
L-70826,2026-07-15 09:33:00,AUR,,,,Lead,
L-73483,2026-07-06 22:04:00,PKF,meta,paid_social,PKF_US_Meta_Conversions,Lead,
L-78292,2026-07-04 09:43:00,PKF,adwords,cpc,PKF_US_Search_Brand_2026Q2,Lead,
L-81034,2026-07-15 21:47:00,PKF,tiktok,paid_social,PKF_TikTok_Spark_2026Q2,Lead,
L-75181,2026-07-07 20:23:00,NMB,paid_social,paid_social,NMB_US_Meta_Prospecting_2026Q2,MQL,
L-74040,2026-05-26 08:35:00,PKF,Facebook,paid_social,PKF_CA_Meta_Prospecting,MQL,
L-79469,2026-06-18 16:40:00,NMB,google,cpc,NMB_US_Search_Brand_2026Q2,Lead,
L-76006,2026-07-02 12:03:00,NMB,Facebook,paid_social,NMB_US_Meta_Retargeting_2026Q2,Lead,
L-78721,2026-05-05 14:32:00,PKF,Google Ads,cpc,pkf|nonbrand|search|may26,Lead,
L-75668,2026-05-21 10:23:00,NMB,Facebook,paid_social,NMB_US_Meta_Retargeting_2026Q2,Lead,
L-80257,2026-06-08 08:43:00,AUR,tiktok,paid_social,AUR_TikTok_Prospecting_2026Q2,Lead,
L-74284,2026-07-04 14:34:00,PKF,meta,paid_social,PKF_CA_Meta_Prospecting,MQL,
L-72340,2026-07-07 22:31:00,AUR,,,,Lead,
L-73697,2026-07-19 18:34:00,PKF,fb,paid_social,PKF_US_Meta_Conversions,MQL,
L-78060,2026-06-18 19:20:00,PKF,,,,Lead,
L-74942,2026-06-15 11:09:00,NMB,paid_social,paid_social,NMB_US_Meta_Prospecting_2026Q2,Lead,
L-81395,2026-05-01 08:40:00,PKF,google,paid_social,(not set),MQL,
L-75191,2026-07-08 16:11:00,NMB,,,,Lead,
L-76206,2026-07-22 21:53:00,NMB,paid_social,paid_social,NMB_US_Meta_Retargeting_2026Q2,Lead,
L-76490,2026-05-25 10:04:00,AUR,Google Ads,cpc,AUR_US_Search_Brand_2026Q2,MQL,
L-78631,2026-07-26 22:34:00,PKF,Google Ads,cpc,PKF_US_Search_Brand_2026Q2,MQL,
L-75376,2026-07-24 11:19:00,NMB,fb,paid_social,NMB_US_Meta_Prospecting_2026Q2,Lead,
L-71248,2026-05-15 12:45:00,AUR,meta,paid_social,AUR_EU_Meta_Retargeting_2026Q2,Lead,
L-79700,2026-07-14 11:38:00,NMB,Google Ads,cpc,NMB_US_Search_Brand_2026Q2,SQL,
L-72733,2026-05-19 20:59:00,PKF,paid_social,paid_social,PKF_US_Meta_Conversions,MQL,
L-73877,2026-05-06 10:20:00,PKF,meta,paid_social,PKF_CA_Meta_Prospecting,MQL,
L-79788,2026-07-23 15:52:00,NMB,Google Ads,cpc,NMB_US_Search_Brand_2026Q2,SQL,
L-75557,2026-05-08 12:37:00,NMB,facebook,paid_social,NMB_US_Meta_Retargeting_2026Q2,Lead,
L-79110,2026-05-05 10:00:00,NMB,Google Ads,cpc,NMB_US_Search_Brand_2026Q2,Lead,
L-73582,2026-07-13 12:26:00,PKF,,,,Lead,
L-75118,2026-06-30 10:11:00,NMB,paid_social,paid_social,NMB_US_Meta_Prospecting_2026Q2,MQL,
L-72213,2026-05-28 14:15:00,AUR,,,,MQL,
L-71493,2026-06-04 19:26:00,AUR,facebook,paid_social,AUR_EU_Meta_Retargeting_2026Q2,Lead,
L-79612,2026-07-06 19:07:00,NMB,google,cpc,NMB_US_Search_Brand_2026Q2,Closed Won,2400
L-73206,2026-06-20 16:50:00,PKF,fb,paid_social,PKF_US_Meta_Conversions,Lead,
L-74269,2026-07-02 20:31:00,PKF,facebook,paid_social,PKF_CA_Meta_Prospecting,Lead,
L-81761,2026-06-02 16:36:00,PKF,google,paid_social,(not set),SQL,
L-81806,2026-06-06 19:26:00,AUR,,,,MQL,
L-79189,2026-05-16 09:45:00,NMB,google,cpc,NMB_US_Search_Brand_2026Q2,Lead,
L-70159,2026-05-19 11:41:00,AUR,Facebook,paid_social,AUR_US_Meta_Prospecting_2026Q2,Lead,
L-78562,2026-07-21 17:40:00,PKF,Google Ads,cpc,PKF_US_Search_Brand_2026Q2,MQL,
L-81926,2026-06-17 10:29:00,PKF,google,paid_social,(not set),MQL,
L-72334,2026-07-07 20:54:00,AUR,,,,MQL,
L-77406,2026-05-03 22:02:00,PKF,Google Ads,cpc,PKF_US_Search_Brand_2026Q2,MQL,
L-81942,2026-06-18 17:14:00,PKF,,,,SQL,
L-77973,2026-06-14 22:16:00,PKF,google,cpc,PKF_US_Search_Brand_2026Q2,MQL,
L-80129,2026-05-05 08:56:00,AUR,,,,Lead,
L-75731,2026-05-28 09:52:00,NMB,,,,Lead,
L-82341,2026-07-24 21:26:00,PKF,,,,Lead,
L-72679,2026-05-17 22:44:00,PKF,Facebook,paid_social,PKF_US_Meta_Conversions,Lead,
L-75842,2026-06-12 09:20:00,NMB,paid_social,paid_social,NMB_US_Meta_Retargeting_2026Q2,SQL,
L-70874,2026-07-18 17:46:00,AUR,facebook,paid_social,AUR_US_Meta_Prospecting_2026Q2,Lead,
L-78479,2026-07-16 08:22:00,PKF,google,cpc,PKF_US_Search_Brand_2026Q2,Lead,
L-80520,2026-05-07 09:15:00,PKF,TikTok,paid_social,PKF_TikTok_Spark_2026Q2,MQL,
L-71080,2026-05-02 11:21:00,AUR,facebook,paid_social,AUR_EU_Meta_Retargeting_2026Q2,Lead,
L-74188,2026-06-20 17:45:00,PKF,facebook,paid_social,PKF_CA_Meta_Prospecting,MQL,
L-70278,2026-05-31 11:59:00,AUR,,,,MQL,
L-70612,2026-06-29 17:15:00,AUR,meta,paid_social,AUR_US_Meta_Prospecting_2026Q2,Lead,
L-75229,2026-07-12 18:33:00,NMB,,,,MQL,
L-77399,2026-05-05 20:47:00,PKF,Google Ads,cpc,PKF_US_Search_Brand_2026Q2,SQL,
L-72586,2026-05-10 10:53:00,PKF,paid_social,paid_social,PKF_US_Meta_Conversions,Lead,
L-77467,2026-05-07 15:07:00,PKF,google,cpc,PKF_US_Search_Brand_2026Q2,Lead,
L-76543,2026-06-03 16:26:00,AUR,,,,MQL,
L-76806,2026-07-05 15:29:00,AUR,google,cpc,AUR_US_Search_Brand_2026Q2,SQL,
L-74756,2026-05-28 14:40:00,NMB,facebook,paid_social,NMB_US_Meta_Prospecting_2026Q2,SQL,
L-73797,2026-07-29 13:14:00,PKF,fb,paid_social,PKF_US_Meta_Conversions,Lead,
L-79422,2026-06-12 10:52:00,NMB,google,cpc,NMB_US_Search_Brand_2026Q2,MQL,
L-77180,2026-06-12 17:31:00,AUR,,,,MQL,
L-70606,2026-06-27 17:15:00,AUR,Facebook,paid_social,AUR_US_Meta_Prospecting_2026Q2,Closed Won,5200
L-81359,2026-07-21 22:51:00,NMB,,,,Closed Won,2400
L-81269,2026-06-10 20:44:00,NMB,TikTok,paid_social,NMB_TikTok_Prospecting_2026Q2,Closed Won,2400
L-78718,2026-05-03 09:09:00,PKF,google,cpc,pkf|nonbrand|search|may26,Lead,
L-72866,2026-05-28 20:48:00,PKF,meta,paid_social,PKF_US_Meta_Conversions,Lead,
L-77557,2026-05-16 13:56:00,PKF,google,cpc,PKF_US_Search_Brand_2026Q2,SQL,
L-74672,2026-05-22 22:52:00,NMB,fb,paid_social,NMB_US_Meta_Prospecting_2026Q2,Lead,
L-81500,2026-05-11 09:06:00,AUR,,,,MQL,
L-77962,2026-06-11 21:49:00,PKF,google,cpc,PKF_US_Search_Brand_2026Q2,Lead,
L-70969,2026-07-26 22:17:00,AUR,,,,Lead,
L-72091,2026-07-29 09:15:00,AUR,paid_social,paid_social,AUR_EU_Meta_Retargeting_2026Q2,MQL,
L-80235,2026-06-03 21:48:00,AUR,tiktok,paid_social,AUR_TikTok_Prospecting_2026Q2,MQL,
L-81665,2026-05-25 07:14:00,PKF,google,paid_social,(not set),Lead,
L-72513,2026-05-05 21:09:00,PKF,facebook,paid_social,PKF_US_Meta_Conversions,Lead,
L-80090,2026-07-28 10:31:00,AUR,,,,MQL,
L-80692,2026-05-31 15:44:00,PKF,TikTok,paid_social,PKF_TikTok_Spark_2026Q2,Lead,
L-71553,2026-06-11 11:01:00,AUR,,,,Lead,
L-71325,2026-05-22 11:08:00,AUR,,,,MQL,
L-74376,2026-07-17 22:16:00,PKF,,,,Lead,
L-80583,2026-05-16 10:03:00,PKF,tiktok,paid_social,PKF_TikTok_Spark_2026Q2,Lead,
L-75385,2026-07-24 22:24:00,NMB,facebook,paid_social,NMB_US_Meta_Prospecting_2026Q2,Lead,
L-71612,2026-06-15 11:03:00,AUR,,,,Lead,
L-80659,2026-05-25 08:10:00,PKF,TikTok,paid_social,PKF_TikTok_Spark_2026Q2,SQL,
L-73463,2026-07-07 18:58:00,PKF,paid_social,paid_social,PKF_US_Meta_Conversions,Lead,
L-81153,2026-07-30 22:21:00,PKF,,,,Lead,
L-80247,2026-06-04 15:08:00,AUR,,,,Lead,
L-72231,2026-06-02 15:50:00,AUR,Facebook,paid_social,aurelia|prospecting|meta|may26,Lead,
L-78519,2026-07-20 15:01:00,PKF,google,cpc,PKF_US_Search_Brand_2026Q2,Closed Won,3600
L-78795,2026-05-23 14:47:00,PKF,adwords,cpc,pkf|nonbrand|search|may26,Lead,
L-74340,2026-07-15 20:53:00,PKF,Facebook,paid_social,PKF_CA_Meta_Prospecting,Lead,
L-75162,2026-07-03 19:49:00,NMB,fb,paid_social,NMB_US_Meta_Prospecting_2026Q2,Lead,
L-72811,2026-05-24 18:00:00,PKF,facebook,paid_social,PKF_US_Meta_Conversions,Lead,
L-80779,2026-06-09 10:34:00,PKF,,,,MQL,
L-71727,2026-06-26 10:42:00,AUR,meta,paid_social,AUR_EU_Meta_Retargeting_2026Q2,Lead,
L-80479,2026-07-29 14:23:00,AUR,,,,Lead,
L-81142,2026-07-27 13:53:00,PKF,TikTok,paid_social,PKF_TikTok_Spark_2026Q2,MQL,
L-71415,2026-05-28 08:08:00,AUR,,,,Lead,
L-78655,2026-07-29 19:09:00,PKF,google,cpc,PKF_US_Search_Brand_2026Q2,Lead,
L-81390,2026-05-01 15:08:00,AUR,,,,Lead,
L-73033,2026-06-10 09:28:00,PKF,facebook,paid_social,PKF_US_Meta_Conversions,MQL,
L-80473,2026-07-28 20:13:00,AUR,,,,Lead,
L-75728,2026-05-28 11:33:00,NMB,fb,paid_social,NMB_US_Meta_Retargeting_2026Q2,Lead,
L-79190,2026-05-15 22:07:00,NMB,Google Ads,cpc,NMB_US_Search_Brand_2026Q2,MQL,
L-78916,2026-06-23 16:18:00,PKF,adwords,cpc,pkf|nonbrand|search|may26,Closed Won,3600
L-76325,2026-05-04 08:40:00,AUR,,,,MQL,
L-78928,2026-06-25 10:22:00,PKF,google,cpc,pkf|nonbrand|search|may26,MQL,
L-76195,2026-07-22 11:34:00,NMB,Facebook,paid_social,NMB_US_Meta_Retargeting_2026Q2,MQL,
L-77517,2026-05-13 15:47:00,PKF,google,cpc,PKF_US_Search_Brand_2026Q2,Lead,
L-74225,2026-06-26 08:34:00,PKF,fb,paid_social,PKF_CA_Meta_Prospecting,Lead,
L-71784,2026-07-02 12:19:00,AUR,meta,paid_social,AUR_EU_Meta_Retargeting_2026Q2,Lead,
L-75133,2026-07-02 12:10:00,NMB,meta,paid_social,NMB_US_Meta_Prospecting_2026Q2,Lead,
L-77927,2026-06-10 21:53:00,PKF,google,cpc,PKF_US_Search_Brand_2026Q2,MQL,
L-80545,2026-05-08 21:57:00,PKF,TikTok,paid_social,PKF_TikTok_Spark_2026Q2,Lead,
L-72635,2026-05-14 12:33:00,PKF,meta,paid_social,PKF_US_Meta_Conversions,Lead,
L-79879,2026-05-05 21:09:00,NMB,google,cpc,NMB_US_PMax_2026Q2,Lead,
L-73859,2026-07-31 15:26:00,PKF,Facebook,paid_social,PKF_US_Meta_Conversions,MQL,
L-80094,2026-05-08 22:16:00,PKF,google,cpc,PKF_US_Video_Test_C,MQL,
L-77548,2026-05-15 17:26:00,PKF,Google Ads,cpc,PKF_US_Search_Brand_2026Q2,SQL,
L-75337,2026-07-21 10:26:00,NMB,Facebook,paid_social,NMB_US_Meta_Prospecting_2026Q2,MQL,
L-82259,2026-07-17 12:05:00,PKF,google,paid_social,(not set),Closed Won,1900
L-75105,2026-06-30 20:33:00,NMB,Facebook,paid_social,NMB_US_Meta_Prospecting_2026Q2,Lead,
L-76447,2026-05-21 13:19:00,AUR,,,,Lead,
L-76851,2026-07-10 18:11:00,AUR,,,,Closed Won,3600
L-77271,2026-07-03 11:54:00,AUR,,,,Closed Won,3600
L-70353,2026-06-05 16:51:00,AUR,facebook,paid_social,AUR_US_Meta_Prospecting_2026Q2,Lead,
L-80021,2026-07-20 11:00:00,NMB,Google Ads,cpc,NMB_US_PMax_2026Q2,Lead,
L-79350,2026-06-04 10:28:00,NMB,google,cpc,NMB_US_Search_Brand_2026Q2,Closed Won,5200
L-71816,2026-07-05 21:56:00,AUR,paid_social,paid_social,AUR_EU_Meta_Retargeting_2026Q2,Lead,
L-74262,2026-07-01 18:28:00,PKF,paid_social,paid_social,PKF_CA_Meta_Prospecting,Lead,
L-81724,2026-05-30 07:03:00,AUR,,,,Lead,
L-75507,2026-05-04 09:21:00,NMB,meta,paid_social,NMB_US_Meta_Retargeting_2026Q2,MQL,
L-73327,2026-06-27 12:54:00,PKF,Facebook,paid_social,PKF_US_Meta_Conversions,Lead,
L-75556,2026-05-08 15:53:00,NMB,fb,paid_social,NMB_US_Meta_Retargeting_2026Q2,MQL,
L-73077,2026-06-10 13:37:00,PKF,meta,paid_social,PKF_US_Meta_Conversions,Lead,
L-72553,2026-05-07 09:38:00,PKF,fb,paid_social,PKF_US_Meta_Conversions,Closed Won,1900
L-81018,2026-07-14 20:38:00,PKF,tiktok,paid_social,PKF_TikTok_Spark_2026Q2,MQL,
L-80903,2026-06-27 21:07:00,PKF,,,,SQL,
L-75485,2026-07-30 20:32:00,NMB,meta,paid_social,NMB_US_Meta_Prospecting_2026Q2,Lead,
L-82264,2026-07-17 22:12:00,PKF,google,paid_social,(not set),Lead,
L-76575,2026-06-05 20:14:00,AUR,,,,MQL,
L-81237,2026-05-26 19:14:00,NMB,tiktok,paid_social,NMB_TikTok_Prospecting_2026Q2,Lead,
L-81788,2026-06-04 18:07:00,AUR,,,,MQL,
L-80057,2026-06-17 10:00:00,NMB,google,cpc,NMB_US_Video_Test_A,Closed Won,3600
L-74012,2026-05-21 08:34:00,PKF,meta,paid_social,PKF_CA_Meta_Prospecting,MQL,
L-70449,2026-06-16 11:19:00,AUR,meta,paid_social,AUR_US_Meta_Prospecting_2026Q2,Lead,
L-80018,2026-07-18 08:27:00,NMB,Google Ads,cpc,NMB_US_PMax_2026Q2,Lead,
L-78489,2026-07-16 17:12:00,PKF,google,cpc,PKF_US_Search_Brand_2026Q2,Lead,
L-70399,2026-06-12 11:38:00,AUR,,,,Lead,
L-80618,2026-05-19 08:32:00,PKF,TikTok,paid_social,PKF_TikTok_Spark_2026Q2,Lead,
L-70422,2026-06-14 21:19:00,AUR,,,,Lead,
L-75083,2026-06-27 20:05:00,NMB,meta,paid_social,NMB_US_Meta_Prospecting_2026Q2,Lead,
L-82022,2026-06-25 23:49:00,NMB,google,paid_social,(not set),Lead,
L-82201,2026-07-12 13:36:00,AUR,,,,Lead,
L-74312,2026-07-07 09:50:00,PKF,,,,Closed Won,2400
L-79095,2026-05-04 09:09:00,NMB,google,cpc,NMB_US_Search_Brand_2026Q2,Closed Won,5200
L-77338,2026-07-22 08:10:00,AUR,,,,Lead,
L-82284,2026-07-19 12:51:00,NMB,,,,Lead,
L-78947,2026-07-01 22:45:00,PKF,Google Ads,cpc,pkf|nonbrand|search|may26,Lead,
L-74109,2026-06-08 22:11:00,PKF,fb,paid_social,PKF_CA_Meta_Prospecting,Lead,
L-80776,2026-06-08 13:03:00,PKF,tiktok,paid_social,PKF_TikTok_Spark_2026Q2,Lead,
L-78814,2026-05-28 15:38:00,PKF,,,,MQL,
L-79652,2026-07-08 19:05:00,NMB,adwords,cpc,NMB_US_Search_Brand_2026Q2,MQL,
L-80601,2026-05-18 08:51:00,PKF,tiktok,paid_social,PKF_TikTok_Spark_2026Q2,Lead,
L-78206,2026-06-27 22:16:00,PKF,Google Ads,cpc,PKF_US_Search_Brand_2026Q2,Lead,
L-82121,2026-07-05 12:08:00,PKF,google,paid_social,(not set),MQL,
L-77887,2026-06-08 08:57:00,PKF,Google Ads,cpc,PKF_US_Search_Brand_2026Q2,Lead,
L-77841,2026-06-05 12:18:00,PKF,Google Ads,cpc,PKF_US_Search_Brand_2026Q2,Lead,
L-76422,2026-05-18 13:34:00,AUR,,,,Lead,
L-79308,2026-05-31 22:07:00,NMB,Google Ads,cpc,NMB_US_Search_Brand_2026Q2,MQL,
L-80931,2026-07-01 08:40:00,PKF,tiktok,paid_social,PKF_TikTok_Spark_2026Q2,Lead,
L-78001,2026-06-14 09:55:00,PKF,google,cpc,PKF_US_Search_Brand_2026Q2,Closed Won,5200
L-74474,2026-05-04 13:00:00,NMB,fb,paid_social,NMB_US_Meta_Prospecting_2026Q2,Lead,
L-80849,2026-06-19 22:57:00,PKF,tiktok,paid_social,PKF_TikTok_Spark_2026Q2,Lead,
L-78938,2026-06-26 19:44:00,PKF,,,,Lead,
L-73228,2026-06-23 19:15:00,PKF,paid_social,paid_social,PKF_US_Meta_Conversions,MQL,
L-78731,2026-05-08 11:37:00,PKF,google,cpc,pkf|nonbrand|search|may26,Lead,
L-77027,2026-05-08 20:36:00,AUR,,,,SQL,
L-77009,2026-05-02 21:11:00,AUR,,,,Lead,
L-81213,2026-05-16 22:22:00,NMB,tiktok,paid_social,NMB_TikTok_Prospecting_2026Q2,MQL,
L-70673,2026-07-02 18:46:00,AUR,fb,paid_social,AUR_US_Meta_Prospecting_2026Q2,MQL,
L-78157,2026-06-24 13:53:00,PKF,Google Ads,cpc,PKF_US_Search_Brand_2026Q2,SQL,
L-71323,2026-05-22 20:51:00,AUR,,,,Lead,
L-70079,2026-05-10 11:54:00,AUR,,,,MQL,
L-75200,2026-07-08 10:33:00,NMB,,,,Lead,
L-77673,2026-05-23 18:44:00,PKF,google,cpc,PKF_US_Search_Brand_2026Q2,Lead,
L-80684,2026-05-29 09:37:00,PKF,tiktok,paid_social,PKF_TikTok_Spark_2026Q2,Lead,
L-71737,2026-06-28 09:59:00,AUR,fb,paid_social,AUR_EU_Meta_Retargeting_2026Q2,Lead,
L-82218,2026-07-14 17:18:00,AUR,google,paid_social,(not set),Lead,
L-73508,2026-07-07 12:44:00,PKF,Facebook,paid_social,PKF_US_Meta_Conversions,Lead,
L-77383,2026-05-03 15:04:00,PKF,google,cpc,PKF_US_Search_Brand_2026Q2,Lead,
L-78498,2026-07-16 09:19:00,PKF,google,cpc,PKF_US_Search_Brand_2026Q2,Lead,
L-71876,2026-07-09 17:10:00,AUR,,,,MQL,
L-76805,2026-07-05 19:36:00,AUR,,,,MQL,
L-82374,2026-07-27 20:51:00,NMB,google,paid_social,(not set),Lead,
L-76843,2026-07-11 22:18:00,AUR,google,cpc,AUR_US_Search_Brand_2026Q2,Closed Won,1900
L-75642,2026-05-20 19:21:00,NMB,meta,paid_social,NMB_US_Meta_Retargeting_2026Q2,Lead,
L-72800,2026-05-24 20:04:00,PKF,facebook,paid_social,PKF_US_Meta_Conversions,MQL,
L-73808,2026-07-28 14:11:00,PKF,Facebook,paid_social,PKF_US_Meta_Conversions,SQL,
L-76648,2026-06-17 22:54:00,AUR,google,cpc,AUR_US_Search_Brand_2026Q2,Lead,
L-81217,2026-05-19 22:30:00,NMB,TikTok,paid_social,NMB_TikTok_Prospecting_2026Q2,Lead,
L-74282,2026-07-04 17:55:00,PKF,Facebook,paid_social,PKF_CA_Meta_Prospecting,Lead,
L-80810,2026-06-14 10:03:00,PKF,tiktok,paid_social,PKF_TikTok_Spark_2026Q2,SQL,
L-72791,2026-05-21 16:59:00,PKF,paid_social,paid_social,PKF_US_Meta_Conversions,MQL,
L-74848,2026-06-07 14:21:00,NMB,meta,paid_social,NMB_US_Meta_Prospecting_2026Q2,Lead,
L-76954,2026-07-25 19:46:00,AUR,Google Ads,cpc,AUR_US_Search_Brand_2026Q2,Lead,
L-79289,2026-05-28 14:54:00,NMB,adwords,cpc,NMB_US_Search_Brand_2026Q2,Lead,
L-70346,2026-06-06 12:41:00,AUR,,,,Lead,
L-76265,2026-07-28 22:50:00,NMB,fb,paid_social,NMB_US_Meta_Retargeting_2026Q2,Lead,
L-82414,2026-07-31 18:18:00,PKF,google,paid_social,(not set),SQL,
L-80478,2026-07-28 15:01:00,AUR,,,,Lead,
L-70383,2026-06-10 21:26:00,AUR,meta,paid_social,AUR_US_Meta_Prospecting_2026Q2,Closed Won,2400
L-70339,2026-06-07 13:17:00,AUR,Facebook,paid_social,AUR_US_Meta_Prospecting_2026Q2,SQL,
L-77733,2026-05-26 13:16:00,PKF,adwords,cpc,PKF_US_Search_Brand_2026Q2,Lead,
L-73812,2026-07-30 09:23:00,PKF,fb,paid_social,PKF_US_Meta_Conversions,MQL,
L-71812,2026-07-02 08:52:00,AUR,paid_social,paid_social,AUR_EU_Meta_Retargeting_2026Q2,Lead,
L-71559,2026-06-10 09:07:00,AUR,,,,MQL,
L-72175,2026-05-18 14:00:00,AUR,Facebook,paid_social,aurelia|prospecting|meta|may26,Lead,
L-70481,2026-06-18 18:08:00,AUR,paid_social,paid_social,AUR_US_Meta_Prospecting_2026Q2,Lead,
L-77631,2026-05-22 19:55:00,PKF,Google Ads,cpc,PKF_US_Search_Brand_2026Q2,MQL,
L-75421,2026-07-26 11:35:00,NMB,Facebook,paid_social,NMB_US_Meta_Prospecting_2026Q2,MQL,
L-74061,2026-05-27 15:42:00,PKF,paid_social,paid_social,PKF_CA_Meta_Prospecting,SQL,
L-72533,2026-05-08 08:42:00,PKF,Facebook,paid_social,PKF_US_Meta_Conversions,Lead,
L-79409,2026-06-09 10:09:00,NMB,adwords,cpc,NMB_US_Search_Brand_2026Q2,MQL,
L-71710,2026-06-25 13:58:00,AUR,,,,Lead,
L-78983,2026-07-08 18:14:00,PKF,google,cpc,pkf|nonbrand|search|may26,Lead,
L-79737,2026-07-18 16:57:00,NMB,adwords,cpc,NMB_US_Search_Brand_2026Q2,Lead,
L-78728,2026-05-05 09:57:00,PKF,google,cpc,pkf|nonbrand|search|may26,Lead,
L-77948,2026-06-12 15:40:00,PKF,,,,Lead,
L-72064,2026-07-26 15:32:00,AUR,Facebook,paid_social,AUR_EU_Meta_Retargeting_2026Q2,MQL,
L-75758,2026-06-01 22:12:00,NMB,Facebook,paid_social,NMB_US_Meta_Retargeting_2026Q2,Lead,
L-80275,2026-06-11 19:15:00,AUR,,,,Lead,
L-79939,2026-06-04 14:35:00,NMB,adwords,cpc,NMB_US_PMax_2026Q2,Lead,
L-71374,2026-05-28 18:07:00,AUR,,,,Lead,
L-82172,2026-07-09 20:12:00,AUR,,,,MQL,
L-74888,2026-06-10 09:21:00,NMB,fb,paid_social,NMB_US_Meta_Prospecting_2026Q2,Lead,
L-74935,2026-06-14 11:10:00,NMB,,,,MQL,
L-73451,2026-07-03 08:52:00,PKF,facebook,paid_social,PKF_US_Meta_Conversions,Lead,
L-79874,2026-05-05 20:11:00,NMB,,,,SQL,
L-78426,2026-07-15 11:10:00,PKF,google,cpc,PKF_US_Search_Brand_2026Q2,Lead,
L-72850,2026-05-28 20:25:00,PKF,meta,paid_social,PKF_US_Meta_Conversions,Lead,
L-72651,2026-05-15 16:16:00,PKF,fb,paid_social,PKF_US_Meta_Conversions,Lead,
L-70431,2026-06-15 19:17:00,AUR,,,,Lead,
L-73500,2026-07-08 19:54:00,PKF,,,,Lead,
L-72261,2026-06-14 18:11:00,AUR,,,,Lead,
L-76337,2026-05-05 10:56:00,AUR,,,,MQL,
L-76141,2026-07-16 08:17:00,NMB,,,,MQL,
L-78287,2026-07-03 21:51:00,PKF,,,,Lead,
L-73245,2026-06-24 17:04:00,PKF,fb,paid_social,PKF_US_Meta_Conversions,Lead,
L-72681,2026-05-15 17:40:00,PKF,facebook,paid_social,PKF_US_Meta_Conversions,Lead,
L-79731,2026-07-17 11:41:00,NMB,Google Ads,cpc,NMB_US_Search_Brand_2026Q2,Lead,
L-77410,2026-05-03 16:05:00,PKF,adwords,cpc,PKF_US_Search_Brand_2026Q2,Lead,
L-71561,2026-06-12 16:06:00,AUR,,,,Lead,
L-73818,2026-07-28 22:40:00,PKF,meta,paid_social,PKF_US_Meta_Conversions,Lead,
L-81768,2026-06-02 08:37:00,NMB,google,paid_social,(not set),Lead,
L-79250,2026-05-23 18:56:00,NMB,google,cpc,NMB_US_Search_Brand_2026Q2,Lead,
L-80563,2026-05-11 22:35:00,PKF,,,,SQL,
L-74240,2026-06-29 12:37:00,PKF,paid_social,paid_social,PKF_CA_Meta_Prospecting,Lead,
L-80248,2026-06-05 11:43:00,AUR,,,,Lead,
L-74906,2026-06-12 20:05:00,NMB,meta,paid_social,NMB_US_Meta_Prospecting_2026Q2,Lead,
L-78197,2026-06-26 13:21:00,PKF,google,cpc,PKF_US_Search_Brand_2026Q2,Lead,
L-80639,2026-05-22 08:09:00,PKF,TikTok,paid_social,PKF_TikTok_Spark_2026Q2,Lead,
L-75535,2026-05-08 22:40:00,NMB,,,,Lead,
L-82301,2026-07-21 13:49:00,PKF,google,paid_social,(not set),Lead,
L-81571,2026-05-16 16:28:00,NMB,,,,Closed Won,5200
L-81976,2026-06-22 12:22:00,AUR,google,paid_social,(not set),Lead,
L-80794,2026-06-11 18:43:00,PKF,TikTok,paid_social,PKF_TikTok_Spark_2026Q2,Lead,
L-78020,2026-06-17 22:42:00,PKF,google,cpc,PKF_US_Search_Brand_2026Q2,Lead,
L-79798,2026-07-25 15:44:00,NMB,google,cpc,NMB_US_Search_Brand_2026Q2,MQL,
L-82307,2026-07-21 17:57:00,NMB,google,paid_social,(not set),Lead,
L-73809,2026-07-28 08:10:00,PKF,paid_social,paid_social,PKF_US_Meta_Conversions,Closed Won,8800
L-81794,2026-06-04 11:43:00,NMB,google,paid_social,(not set),Lead,
L-72464,2026-05-03 14:40:00,PKF,facebook,paid_social,PKF_US_Meta_Conversions,Lead,
L-74052,2026-05-27 15:13:00,PKF,paid_social,paid_social,PKF_CA_Meta_Prospecting,Lead,
L-81833,2026-06-09 20:48:00,AUR,,,,MQL,
L-79094,2026-05-05 13:29:00,NMB,google,cpc,NMB_US_Search_Brand_2026Q2,SQL,
L-81975,2026-06-22 10:52:00,AUR,google,paid_social,(not set),SQL,
L-71944,2026-07-16 16:01:00,AUR,,,,Lead,
L-77744,2026-05-27 19:18:00,PKF,,,,Lead,
L-75626,2026-05-15 22:57:00,NMB,Facebook,paid_social,NMB_US_Meta_Retargeting_2026Q2,Lead,
L-81854,2026-06-10 18:46:00,NMB,google,paid_social,(not set),Lead,
L-81903,2026-06-15 18:56:00,PKF,,,,Lead,
L-74370,2026-07-17 10:33:00,PKF,fb,paid_social,PKF_CA_Meta_Prospecting,Lead,
L-71333,2026-05-22 21:39:00,AUR,paid_social,paid_social,AUR_EU_Meta_Retargeting_2026Q2,Lead,
L-72474,2026-05-04 09:49:00,PKF,Facebook,paid_social,PKF_US_Meta_Conversions,Lead,
L-74007,2026-05-22 11:32:00,PKF,,,,Lead,
L-81937,2026-06-18 18:22:00,PKF,google,paid_social,(not set),Lead,
L-72046,2026-07-23 18:56:00,AUR,,,,Lead,
L-81603,2026-05-19 17:48:00,NMB,google,paid_social,(not set),MQL,
L-74229,2026-06-25 16:53:00,PKF,Facebook,paid_social,PKF_CA_Meta_Prospecting,Lead,
L-75392,2026-07-23 14:59:00,NMB,facebook,paid_social,NMB_US_Meta_Prospecting_2026Q2,MQL,
L-71417,2026-05-28 09:10:00,AUR,paid_social,paid_social,AUR_EU_Meta_Retargeting_2026Q2,MQL,
L-77195,2026-06-14 08:54:00,AUR,,,,SQL,
L-71859,2026-07-08 14:27:00,AUR,,,,Lead,
L-78244,2026-06-30 18:56:00,PKF,google,cpc,PKF_US_Search_Brand_2026Q2,Lead,
L-71470,2026-06-02 09:51:00,AUR,,,,Lead,
L-75648,2026-05-19 14:09:00,NMB,meta,paid_social,NMB_US_Meta_Retargeting_2026Q2,Lead,
L-81281,2026-06-17 10:21:00,NMB,tiktok,paid_social,NMB_TikTok_Prospecting_2026Q2,SQL,
L-71110,2026-05-05 14:34:00,AUR,,,,Closed Won,3600
L-77805,2026-06-02 19:49:00,PKF,google,cpc,PKF_US_Search_Brand_2026Q2,SQL,
L-75769,2026-06-04 11:19:00,NMB,meta,paid_social,NMB_US_Meta_Retargeting_2026Q2,Lead,
L-71768,2026-06-30 22:45:00,AUR,,,,Lead,
L-75116,2026-06-29 11:24:00,NMB,Facebook,paid_social,NMB_US_Meta_Prospecting_2026Q2,Lead,
L-70486,2026-06-19 17:01:00,AUR,facebook,paid_social,AUR_US_Meta_Prospecting_2026Q2,Lead,
L-71658,2026-06-21 19:46:00,AUR,meta,paid_social,AUR_EU_Meta_Retargeting_2026Q2,Lead,
L-72292,2026-06-23 08:40:00,AUR,,,,Lead,
L-76455,2026-05-21 13:08:00,AUR,google,cpc,AUR_US_Search_Brand_2026Q2,MQL,
L-73999,2026-05-20 08:21:00,PKF,Facebook,paid_social,PKF_CA_Meta_Prospecting,Lead,
L-70761,2026-07-10 22:44:00,AUR,,,,Lead,
L-78954,2026-07-03 22:49:00,PKF,,,,Lead,
L-74324,2026-07-09 17:07:00,PKF,,,,Lead,
L-73518,2026-07-10 15:36:00,PKF,,,,Lead,
L-75688,2026-05-24 19:30:00,NMB,Facebook,paid_social,NMB_US_Meta_Retargeting_2026Q2,Lead,
L-79323,2026-06-03 16:49:00,NMB,google,cpc,NMB_US_Search_Brand_2026Q2,MQL,
L-81340,2026-07-14 16:49:00,NMB,TikTok,paid_social,NMB_TikTok_Prospecting_2026Q2,Lead,
L-73926,2026-05-09 16:16:00,PKF,meta,paid_social,PKF_CA_Meta_Prospecting,SQL,
L-79811,2026-07-27 17:37:00,NMB,adwords,cpc,NMB_US_Search_Brand_2026Q2,MQL,
L-81718,2026-05-29 13:17:00,PKF,google,paid_social,(not set),Closed Won,5200
L-70560,2026-06-26 22:42:00,AUR,paid_social,paid_social,AUR_US_Meta_Prospecting_2026Q2,Lead,
L-72433,2026-07-31 09:06:00,AUR,,,,Closed Won,8800
L-77540,2026-05-14 10:32:00,PKF,google,cpc,PKF_US_Search_Brand_2026Q2,Lead,
L-79139,2026-05-09 21:36:00,NMB,adwords,cpc,NMB_US_Search_Brand_2026Q2,Lead,
L-72018,2026-07-21 17:44:00,AUR,,,,MQL,
L-78173,2026-06-26 18:18:00,PKF,google,cpc,PKF_US_Search_Brand_2026Q2,MQL,
L-75517,2026-05-04 17:32:00,NMB,Facebook,paid_social,NMB_US_Meta_Retargeting_2026Q2,Lead,
L-70709,2026-07-07 15:58:00,AUR,,,,MQL,
L-76906,2026-07-17 08:22:00,AUR,Google Ads,cpc,AUR_US_Search_Brand_2026Q2,MQL,
L-77077,2026-05-21 08:22:00,AUR,,,,MQL,
L-72322,2026-07-02 14:30:00,AUR,,,,Lead,
L-76583,2026-06-06 18:07:00,AUR,,,,Lead,
L-73268,2026-06-24 10:52:00,PKF,,,,Lead,
L-78144,2026-06-22 10:26:00,PKF,adwords,cpc,PKF_US_Search_Brand_2026Q2,Lead,
L-73260,2026-06-22 15:49:00,PKF,paid_social,paid_social,PKF_US_Meta_Conversions,MQL,
L-79642,2026-07-08 14:28:00,NMB,Google Ads,cpc,NMB_US_Search_Brand_2026Q2,Lead,
L-71215,2026-05-13 08:01:00,AUR,,,,MQL,
L-70467,2026-06-18 19:33:00,AUR,,,,MQL,
L-81648,2026-05-23 18:30:00,PKF,google,paid_social,(not set),SQL,
L-70798,2026-07-12 18:08:00,AUR,,,,Lead,
L-79610,2026-07-05 13:30:00,NMB,google,cpc,NMB_US_Search_Brand_2026Q2,Closed Won,1900
L-75343,2026-07-22 15:13:00,NMB,,,,Lead,
L-81959,2026-06-20 18:21:00,PKF,,,,MQL,
L-79414,2026-06-11 21:10:00,NMB,Google Ads,cpc,NMB_US_Search_Brand_2026Q2,Lead,
L-79500,2026-06-23 08:39:00,NMB,Google Ads,cpc,NMB_US_Search_Brand_2026Q2,MQL,
L-80042,2026-07-29 12:36:00,NMB,adwords,cpc,NMB_US_PMax_2026Q2,Lead,
L-77732,2026-05-27 16:44:00,PKF,google,cpc,PKF_US_Search_Brand_2026Q2,Lead,
L-74023,2026-05-22 16:57:00,PKF,meta,paid_social,PKF_CA_Meta_Prospecting,MQL,
L-72488,2026-05-03 12:18:00,PKF,Facebook,paid_social,PKF_US_Meta_Conversions,MQL,
L-71539,2026-06-09 22:37:00,AUR,paid_social,paid_social,AUR_EU_Meta_Retargeting_2026Q2,MQL,
L-71247,2026-05-16 09:53:00,AUR,paid_social,paid_social,AUR_EU_Meta_Retargeting_2026Q2,Lead,
L-81290,2026-06-23 20:27:00,NMB,tiktok,paid_social,NMB_TikTok_Prospecting_2026Q2,Lead,
L-80357,2026-06-30 15:59:00,AUR,TikTok,paid_social,AUR_TikTok_Prospecting_2026Q2,Lead,
L-72008,2026-07-22 20:33:00,AUR,facebook,paid_social,AUR_EU_Meta_Retargeting_2026Q2,Lead,
L-81188,2026-05-09 16:39:00,NMB,TikTok,paid_social,NMB_TikTok_Prospecting_2026Q2,SQL,
L-79574,2026-07-02 17:27:00,NMB,adwords,cpc,NMB_US_Search_Brand_2026Q2,Lead,
L-81166,2026-07-31 08:47:00,PKF,TikTok,paid_social,PKF_TikTok_Spark_2026Q2,MQL,
L-78597,2026-07-23 15:51:00,PKF,adwords,cpc,PKF_US_Search_Brand_2026Q2,Lead,
L-80726,2026-06-03 20:39:00,PKF,TikTok,paid_social,PKF_TikTok_Spark_2026Q2,MQL,
L-73829,2026-07-31 19:31:00,PKF,fb,paid_social,PKF_US_Meta_Conversions,SQL,
L-73111,2026-06-13 15:56:00,PKF,Facebook,paid_social,PKF_US_Meta_Conversions,MQL,
L-74141,2026-06-14 22:46:00,PKF,Facebook,paid_social,PKF_CA_Meta_Prospecting,Lead,
L-74039,2026-05-24 08:35:00,PKF,facebook,paid_social,PKF_CA_Meta_Prospecting,MQL,
L-73098,2026-06-13 21:35:00,PKF,Facebook,paid_social,PKF_US_Meta_Conversions,Lead,
L-73496,2026-07-09 08:48:00,PKF,,,,Lead,
L-76081,2026-07-10 10:57:00,NMB,,,,Lead,
L-71664,2026-06-21 09:23:00,AUR,Facebook,paid_social,AUR_EU_Meta_Retargeting_2026Q2,Lead,
L-70713,2026-07-07 20:01:00,AUR,,,,Lead,
L-72496,2026-05-05 08:02:00,PKF,meta,paid_social,PKF_US_Meta_Conversions,Lead,
L-73895,2026-05-06 09:15:00,PKF,meta,paid_social,PKF_CA_Meta_Prospecting,Lead,
L-70861,2026-07-18 09:21:00,AUR,,,,MQL,
L-81865,2026-06-11 16:53:00,NMB,google,paid_social,(not set),MQL,
L-77000,2026-07-31 22:18:00,AUR,,,,Closed Won,3600
L-77607,2026-05-19 16:29:00,PKF,google,cpc,PKF_US_Search_Brand_2026Q2,Lead,
L-77311,2026-07-14 10:41:00,AUR,,,,Lead,
L-80842,2026-06-17 20:44:00,PKF,,,,Lead,
L-77319,2026-07-15 11:46:00,AUR,google,cpc,AUR_EU_Search_NonBrand_2026Q2,Closed Won,1900
L-78776,2026-05-18 22:15:00,PKF,Google Ads,cpc,pkf|nonbrand|search|may26,SQL,
L-78768,2026-05-15 12:44:00,PKF,adwords,cpc,pkf|nonbrand|search|may26,SQL,
L-80713,2026-05-31 16:16:00,PKF,TikTok,paid_social,PKF_TikTok_Spark_2026Q2,Lead,
L-80660,2026-05-26 15:44:00,PKF,tiktok,paid_social,PKF_TikTok_Spark_2026Q2,MQL,
L-73155,2026-06-17 20:43:00,PKF,facebook,paid_social,PKF_US_Meta_Conversions,Lead,
L-80222,2026-05-28 14:44:00,AUR,TikTok,paid_social,AUR_TikTok_Prospecting_2026Q2,Lead,
L-78592,2026-07-23 13:52:00,PKF,google,cpc,PKF_US_Search_Brand_2026Q2,SQL,
L-76576,2026-06-05 14:46:00,AUR,,,,Lead,
L-70660,2026-07-03 21:54:00,AUR,,,,MQL,
L-80925,2026-06-30 18:49:00,PKF,TikTok,paid_social,PKF_TikTok_Spark_2026Q2,Lead,
L-77691,2026-05-25 09:37:00,PKF,google,cpc,PKF_US_Search_Brand_2026Q2,Lead,
L-76840,2026-07-11 18:08:00,AUR,google,cpc,AUR_US_Search_Brand_2026Q2,SQL,
L-73567,2026-07-11 14:05:00,PKF,,,,MQL,
L-80193,2026-05-20 13:39:00,AUR,TikTok,paid_social,AUR_TikTok_Prospecting_2026Q2,MQL,
L-71774,2026-06-30 17:49:00,AUR,paid_social,paid_social,AUR_EU_Meta_Retargeting_2026Q2,Lead,
L-78549,2026-07-23 15:30:00,PKF,Google Ads,cpc,PKF_US_Search_Brand_2026Q2,Lead,
L-78664,2026-07-27 11:40:00,PKF,adwords,cpc,PKF_US_Search_Brand_2026Q2,SQL,
L-71453,2026-05-31 12:25:00,AUR,Facebook,paid_social,AUR_EU_Meta_Retargeting_2026Q2,Lead,
L-77181,2026-06-11 21:58:00,AUR,,,,Lead,
L-81921,2026-06-17 17:55:00,AUR,google,paid_social,(not set),MQL,
L-81187,2026-05-09 17:45:00,NMB,TikTok,paid_social,NMB_TikTok_Prospecting_2026Q2,Lead,
L-76448,2026-05-20 21:43:00,AUR,google,cpc,AUR_US_Search_Brand_2026Q2,Lead,
L-81701,2026-05-28 21:14:00,PKF,google,paid_social,(not set),Lead,
L-75945,2026-06-24 19:56:00,NMB,paid_social,paid_social,NMB_US_Meta_Retargeting_2026Q2,MQL,
L-78537,2026-07-21 22:44:00,PKF,adwords,cpc,PKF_US_Search_Brand_2026Q2,MQL,
L-76723,2026-06-27 11:04:00,AUR,,,,Lead,
L-79275,2026-05-26 12:15:00,NMB,,,,SQL,
L-79008,2026-07-14 21:26:00,PKF,google,cpc,pkf|nonbrand|search|may26,Lead,
L-72114,2026-07-31 08:39:00,AUR,,,,Lead,
L-81945,2026-06-18 23:37:00,NMB,google,paid_social,(not set),SQL,
L-78922,2026-06-24 17:38:00,PKF,Google Ads,cpc,pkf|nonbrand|search|may26,SQL,
L-76472,2026-05-22 14:51:00,AUR,google,cpc,AUR_US_Search_Brand_2026Q2,MQL,
L-72650,2026-05-16 16:52:00,PKF,meta,paid_social,PKF_US_Meta_Conversions,MQL,
L-77823,2026-06-04 15:39:00,PKF,Google Ads,cpc,PKF_US_Search_Brand_2026Q2,Lead,
L-76008,2026-07-02 09:05:00,NMB,fb,paid_social,NMB_US_Meta_Retargeting_2026Q2,MQL,
L-74043,2026-05-26 17:24:00,PKF,fb,paid_social,PKF_CA_Meta_Prospecting,Closed Won,3600
L-75375,2026-07-24 14:37:00,NMB,Facebook,paid_social,NMB_US_Meta_Prospecting_2026Q2,MQL,
L-72614,2026-05-12 16:53:00,PKF,paid_social,paid_social,PKF_US_Meta_Conversions,Lead,
L-75341,2026-07-20 16:15:00,NMB,,,,Lead,
L-74261,2026-07-01 19:53:00,PKF,facebook,paid_social,PKF_CA_Meta_Prospecting,MQL,
L-81750,2026-06-01 15:37:00,PKF,google,paid_social,(not set),MQL,
L-71112,2026-05-07 10:39:00,AUR,Facebook,paid_social,AUR_EU_Meta_Retargeting_2026Q2,Lead,
L-72814,2026-05-25 13:04:00,PKF,meta,paid_social,PKF_US_Meta_Conversions,Lead,
L-79931,2026-06-02 08:36:00,NMB,Google Ads,cpc,NMB_US_PMax_2026Q2,Lead,
L-81989,2026-06-23 21:19:00,AUR,google,paid_social,(not set),Lead,
L-75433,2026-07-28 22:53:00,NMB,Facebook,paid_social,NMB_US_Meta_Prospecting_2026Q2,Lead,
L-72984,2026-06-06 12:50:00,PKF,paid_social,paid_social,PKF_US_Meta_Conversions,Lead,
L-70990,2026-07-26 15:01:00,AUR,,,,Lead,
L-70225,2026-05-23 18:26:00,AUR,facebook,paid_social,AUR_US_Meta_Prospecting_2026Q2,Lead,
L-75113,2026-07-01 20:46:00,NMB,paid_social,paid_social,NMB_US_Meta_Prospecting_2026Q2,Lead,
L-74866,2026-06-07 12:29:00,NMB,paid_social,paid_social,NMB_US_Meta_Prospecting_2026Q2,Lead,
L-75048,2026-06-23 20:34:00,NMB,,,,MQL,
L-70436,2026-06-16 19:06:00,AUR,meta,paid_social,AUR_US_Meta_Prospecting_2026Q2,SQL,
L-75464,2026-07-30 09:19:00,NMB,facebook,paid_social,NMB_US_Meta_Prospecting_2026Q2,MQL,
L-72929,2026-06-02 16:37:00,PKF,fb,paid_social,PKF_US_Meta_Conversions,MQL,
L-80860,2026-06-22 22:34:00,PKF,tiktok,paid_social,PKF_TikTok_Spark_2026Q2,Lead,
L-78686,2026-07-28 22:43:00,PKF,google,cpc,PKF_US_Search_Brand_2026Q2,MQL,
L-74381,2026-07-17 10:47:00,PKF,paid_social,paid_social,PKF_CA_Meta_Prospecting,Closed Won,2400
L-82187,2026-07-10 13:02:00,PKF,google,paid_social,(not set),Lead,
L-81987,2026-06-22 07:16:00,NMB,google,paid_social,(not set),MQL,
L-81078,2026-07-19 10:20:00,PKF,tiktok,paid_social,PKF_TikTok_Spark_2026Q2,MQL,
L-70398,2026-06-10 22:10:00,AUR,,,,Lead,
L-73363,2026-06-29 15:41:00,PKF,Facebook,paid_social,PKF_US_Meta_Conversions,MQL,
L-73786,2026-07-27 15:30:00,PKF,,,,MQL,
L-73086,2026-06-12 17:37:00,PKF,Facebook,paid_social,PKF_US_Meta_Conversions,Lead,
L-76465,2026-05-21 18:21:00,AUR,,,,SQL,
L-78177,2026-06-26 13:04:00,PKF,google,cpc,PKF_US_Search_Brand_2026Q2,Lead,
L-80703,2026-05-30 14:14:00,PKF,tiktok,paid_social,PKF_TikTok_Spark_2026Q2,MQL,
L-77564,2026-05-17 12:15:00,PKF,google,cpc,PKF_US_Search_Brand_2026Q2,Lead,
L-80927,2026-07-02 18:51:00,PKF,tiktok,paid_social,PKF_TikTok_Spark_2026Q2,Lead,
L-72098,2026-07-29 14:24:00,AUR,meta,paid_social,AUR_EU_Meta_Retargeting_2026Q2,Lead,
L-73328,2026-06-27 17:58:00,PKF,paid_social,paid_social,PKF_US_Meta_Conversions,Lead,
L-79838,2026-07-28 15:37:00,NMB,google,cpc,NMB_US_Search_Brand_2026Q2,Lead,
L-73095,2026-06-12 08:32:00,PKF,meta,paid_social,PKF_US_Meta_Conversions,MQL,
L-71583,2026-06-13 14:00:00,AUR,meta,paid_social,AUR_EU_Meta_Retargeting_2026Q2,Lead,
L-72525,2026-05-05 16:06:00,PKF,fb,paid_social,PKF_US_Meta_Conversions,MQL,
L-72917,2026-06-01 20:33:00,PKF,fb,paid_social,PKF_US_Meta_Conversions,MQL,
L-73515,2026-07-08 22:28:00,PKF,,,,Lead,
L-75665,2026-05-20 19:26:00,NMB,Facebook,paid_social,NMB_US_Meta_Retargeting_2026Q2,Lead,
L-82377,2026-07-28 18:37:00,AUR,google,paid_social,(not set),Lead,
L-79356,2026-06-04 14:21:00,NMB,Google Ads,cpc,NMB_US_Search_Brand_2026Q2,Lead,
L-73132,2026-06-15 14:29:00,PKF,meta,paid_social,PKF_US_Meta_Conversions,MQL,
L-70835,2026-07-14 08:38:00,AUR,,,,MQL,
L-70337,2026-06-06 14:52:00,AUR,fb,paid_social,AUR_US_Meta_Prospecting_2026Q2,Lead,
L-72289,2026-06-21 10:37:00,AUR,,,,SQL,
L-79706,2026-07-15 18:28:00,NMB,adwords,cpc,NMB_US_Search_Brand_2026Q2,Lead,
L-70161,2026-05-18 17:54:00,AUR,Facebook,paid_social,AUR_US_Meta_Prospecting_2026Q2,Lead,
L-80901,2026-06-28 22:02:00,PKF,,,,MQL,
L-76661,2026-06-20 11:49:00,AUR,adwords,cpc,AUR_US_Search_Brand_2026Q2,MQL,
L-80267,2026-06-10 13:51:00,AUR,,,,Lead,
L-79741,2026-07-17 18:32:00,NMB,google,cpc,NMB_US_Search_Brand_2026Q2,Lead,
L-79365,2026-06-04 16:02:00,NMB,Google Ads,cpc,NMB_US_Search_Brand_2026Q2,MQL,
L-73574,2026-07-11 22:43:00,PKF,,,,Lead,
L-75797,2026-06-05 17:08:00,NMB,facebook,paid_social,NMB_US_Meta_Retargeting_2026Q2,Lead,
L-81948,2026-06-19 22:10:00,AUR,google,paid_social,(not set),MQL,
L-80690,2026-05-29 12:07:00,PKF,tiktok,paid_social,PKF_TikTok_Spark_2026Q2,SQL,
L-79618,2026-07-05 20:47:00,NMB,google,cpc,NMB_US_Search_Brand_2026Q2,Lead,
L-79881,2026-05-06 19:31:00,NMB,,,,Lead,
L-75450,2026-07-29 09:40:00,NMB,meta,paid_social,NMB_US_Meta_Prospecting_2026Q2,Lead,
L-70427,2026-06-14 09:08:00,AUR,,,,Lead,
L-75167,2026-07-05 11:42:00,NMB,paid_social,paid_social,NMB_US_Meta_Prospecting_2026Q2,Lead,
L-74999,2026-06-18 18:19:00,NMB,facebook,paid_social,NMB_US_Meta_Prospecting_2026Q2,SQL,
L-81910,2026-06-16 23:57:00,AUR,google,paid_social,(not set),Lead,
L-70498,2026-06-20 15:40:00,AUR,,,,Lead,
L-81031,2026-07-14 22:27:00,PKF,TikTok,paid_social,PKF_TikTok_Spark_2026Q2,Lead,
L-78484,2026-07-18 10:40:00,PKF,adwords,cpc,PKF_US_Search_Brand_2026Q2,SQL,
L-73184,2026-06-19 15:32:00,PKF,Facebook,paid_social,PKF_US_Meta_Conversions,MQL,
L-81110,2026-07-22 08:27:00,PKF,tiktok,paid_social,PKF_TikTok_Spark_2026Q2,Lead,
L-78716,2026-05-04 13:26:00,PKF,google,cpc,pkf|nonbrand|search|may26,Lead,
L-74799,2026-06-01 14:15:00,NMB,,,,MQL,
L-71915,2026-07-14 13:54:00,AUR,,,,SQL,
L-80808,2026-06-13 22:14:00,PKF,TikTok,paid_social,PKF_TikTok_Spark_2026Q2,Lead,
L-74901,2026-06-09 17:25:00,NMB,,,,Closed Won,1900
L-78893,2026-06-15 16:18:00,PKF,adwords,cpc,pkf|nonbrand|search|may26,SQL,
L-74506,2026-05-05 17:16:00,NMB,facebook,paid_social,NMB_US_Meta_Prospecting_2026Q2,MQL,
L-72885,2026-05-29 19:17:00,PKF,fb,paid_social,PKF_US_Meta_Conversions,Lead,
L-71436,2026-05-31 22:47:00,AUR,,,,MQL,
L-74462,2026-07-31 09:23:00,PKF,paid_social,paid_social,PKF_CA_Meta_Prospecting,Lead,
L-82387,2026-07-29 09:06:00,AUR,google,paid_social,(not set),MQL,
L-78511,2026-07-19 10:32:00,PKF,Google Ads,cpc,PKF_US_Search_Brand_2026Q2,Lead,
L-81611,2026-05-20 18:46:00,PKF,google,paid_social,(not set),Lead,
L-70898,2026-07-18 09:44:00,AUR,fb,paid_social,AUR_US_Meta_Prospecting_2026Q2,Lead,
L-81182,2026-05-05 22:53:00,NMB,tiktok,paid_social,NMB_TikTok_Prospecting_2026Q2,SQL,
L-78899,2026-06-16 12:23:00,PKF,adwords,cpc,pkf|nonbrand|search|may26,Closed Won,3600
L-73408,2026-07-02 14:32:00,PKF,fb,paid_social,PKF_US_Meta_Conversions,Lead,
L-77093,2026-05-23 12:00:00,AUR,,,,Lead,
L-80327,2026-06-22 20:04:00,AUR,,,,MQL,
L-73016,2026-06-08 21:32:00,PKF,paid_social,paid_social,PKF_US_Meta_Conversions,Lead,
L-75697,2026-05-25 12:17:00,NMB,Facebook,paid_social,NMB_US_Meta_Retargeting_2026Q2,Lead,
L-80332,2026-06-22 10:29:00,AUR,,,,Lead,
L-78254,2026-07-02 21:07:00,PKF,adwords,cpc,PKF_US_Search_Brand_2026Q2,SQL,
L-70369,2026-06-10 16:38:00,AUR,meta,paid_social,AUR_US_Meta_Prospecting_2026Q2,SQL,
L-73581,2026-07-14 16:54:00,PKF,fb,paid_social,PKF_US_Meta_Conversions,SQL,
L-81464,2026-05-07 14:56:00,PKF,google,paid_social,(not set),Lead,
L-75595,2026-05-15 18:03:00,NMB,meta,paid_social,NMB_US_Meta_Retargeting_2026Q2,SQL,
L-76491,2026-05-26 16:51:00,AUR,,,,Lead,
L-75661,2026-05-22 09:12:00,NMB,meta,paid_social,NMB_US_Meta_Retargeting_2026Q2,MQL,
L-77936,2026-06-12 15:09:00,PKF,google,cpc,PKF_US_Search_Brand_2026Q2,MQL,
L-71724,2026-06-27 09:53:00,AUR,,,,SQL,
L-81909,2026-06-16 20:18:00,AUR,,,,Closed Won,3600
L-71295,2026-05-20 20:04:00,AUR,,,,Lead,
L-72830,2026-05-24 13:53:00,PKF,paid_social,paid_social,PKF_US_Meta_Conversions,Lead,
L-73964,2026-05-15 15:52:00,PKF,meta,paid_social,PKF_CA_Meta_Prospecting,SQL,
L-74243,2026-06-30 16:18:00,PKF,facebook,paid_social,PKF_CA_Meta_Prospecting,Lead,
L-80527,2026-05-07 22:03:00,PKF,TikTok,paid_social,PKF_TikTok_Spark_2026Q2,MQL,
L-72011,2026-07-21 09:34:00,AUR,fb,paid_social,AUR_EU_Meta_Retargeting_2026Q2,Lead,
L-80231,2026-05-31 19:57:00,AUR,TikTok,paid_social,AUR_TikTok_Prospecting_2026Q2,Lead,
L-80519,2026-05-07 20:41:00,PKF,tiktok,paid_social,PKF_TikTok_Spark_2026Q2,Lead,
L-79865,2026-07-30 13:02:00,NMB,,,,SQL,
L-79776,2026-07-21 18:27:00,NMB,google,cpc,NMB_US_Search_Brand_2026Q2,MQL,
L-77493,2026-05-11 15:39:00,PKF,google,cpc,PKF_US_Search_Brand_2026Q2,MQL,
L-82077,2026-07-01 19:37:00,AUR,,,,MQL,
L-80836,2026-06-17 08:00:00,PKF,tiktok,paid_social,PKF_TikTok_Spark_2026Q2,Lead,
L-79261,2026-05-25 19:35:00,NMB,Google Ads,cpc,NMB_US_Search_Brand_2026Q2,SQL,
L-73165,2026-06-19 15:29:00,PKF,Facebook,paid_social,PKF_US_Meta_Conversions,Lead,
L-79411,2026-06-12 13:27:00,NMB,Google Ads,cpc,NMB_US_Search_Brand_2026Q2,Lead,
L-81524,2026-05-13 16:08:00,PKF,google,paid_social,(not set),Lead,
L-73259,2026-06-24 21:30:00,PKF,meta,paid_social,PKF_US_Meta_Conversions,MQL,
L-78779,2026-05-20 17:49:00,PKF,adwords,cpc,pkf|nonbrand|search|may26,Lead,
L-77668,2026-05-24 14:13:00,PKF,google,cpc,PKF_US_Search_Brand_2026Q2,MQL,
L-80180,2026-05-20 18:31:00,AUR,,,,Lead,
L-80622,2026-05-22 12:40:00,PKF,tiktok,paid_social,PKF_TikTok_Spark_2026Q2,Lead,
L-78432,2026-07-15 17:37:00,PKF,google,cpc,PKF_US_Search_Brand_2026Q2,Lead,
L-78092,2026-06-21 08:43:00,PKF,google,cpc,PKF_US_Search_Brand_2026Q2,Closed Won,3600
L-73410,2026-07-01 08:14:00,PKF,Facebook,paid_social,PKF_US_Meta_Conversions,Lead,
L-76020,2026-07-05 09:02:00,NMB,,,,Lead,
L-82106,2026-07-03 10:54:00,NMB,google,paid_social,(not set),MQL,
L-78506,2026-07-19 15:38:00,PKF,google,cpc,PKF_US_Search_Brand_2026Q2,SQL,
L-73516,2026-07-10 20:14:00,PKF,,,,MQL,
L-70879,2026-07-18 19:27:00,AUR,,,,Lead,
L-70081,2026-05-12 12:46:00,AUR,,,,Lead,
L-71060,2026-05-03 14:09:00,AUR,fb,paid_social,AUR_EU_Meta_Retargeting_2026Q2,MQL,
L-81558,2026-05-15 20:22:00,PKF,google,paid_social,(not set),Lead,
L-76682,2026-06-22 18:04:00,AUR,,,,SQL,
L-73541,2026-07-09 08:19:00,PKF,,,,Lead,
L-71804,2026-07-02 12:50:00,AUR,,,,MQL,
L-75438,2026-07-29 08:41:00,NMB,meta,paid_social,NMB_US_Meta_Prospecting_2026Q2,Lead,
L-77263,2026-07-03 16:39:00,AUR,adwords,cpc,AUR_EU_Search_NonBrand_2026Q2,Closed Won,1900
L-73947,2026-05-13 16:04:00,PKF,Facebook,paid_social,PKF_CA_Meta_Prospecting,MQL,
L-76003,2026-07-01 20:05:00,NMB,meta,paid_social,NMB_US_Meta_Retargeting_2026Q2,Lead,
L-71160,2026-05-09 16:49:00,AUR,,,,Lead,
L-82332,2026-07-23 08:41:00,NMB,google,paid_social,(not set),SQL,
L-75356,2026-07-21 14:34:00,NMB,fb,paid_social,NMB_US_Meta_Prospecting_2026Q2,MQL,
L-79316,2026-05-31 09:06:00,NMB,,,,MQL,
L-71224,2026-05-14 20:37:00,AUR,paid_social,paid_social,AUR_EU_Meta_Retargeting_2026Q2,Lead,
L-76522,2026-05-30 22:37:00,AUR,Google Ads,cpc,AUR_US_Search_Brand_2026Q2,Lead,
L-79695,2026-07-15 12:42:00,NMB,google,cpc,NMB_US_Search_Brand_2026Q2,Lead,
L-71809,2026-07-02 10:22:00,AUR,fb,paid_social,AUR_EU_Meta_Retargeting_2026Q2,MQL,
L-74836,2026-06-05 09:00:00,NMB,Facebook,paid_social,NMB_US_Meta_Prospecting_2026Q2,MQL,
L-81551,2026-05-15 10:21:00,AUR,,,,Lead,
L-70104,2026-05-13 10:50:00,AUR,Facebook,paid_social,AUR_US_Meta_Prospecting_2026Q2,MQL,
L-70960,2026-07-25 19:03:00,AUR,meta,paid_social,AUR_US_Meta_Prospecting_2026Q2,Lead,
L-71363,2026-05-27 19:29:00,AUR,,,,MQL,
L-71430,2026-05-29 20:34:00,AUR,,,,Lead,
L-80464,2026-07-25 12:32:00,AUR,TikTok,paid_social,AUR_TikTok_Prospecting_2026Q2,MQL,
L-71918,2026-07-14 21:46:00,AUR,,,,Lead,
L-80212,2026-05-26 22:41:00,AUR,TikTok,paid_social,AUR_TikTok_Prospecting_2026Q2,Lead,
L-77752,2026-05-28 09:35:00,PKF,google,cpc,PKF_US_Search_Brand_2026Q2,Lead,
L-72237,2026-06-06 13:42:00,AUR,fb,paid_social,aurelia|prospecting|meta|may26,Lead,
L-73455,2026-07-04 09:40:00,PKF,facebook,paid_social,PKF_US_Meta_Conversions,MQL,
L-78074,2026-06-18 13:41:00,PKF,google,cpc,PKF_US_Search_Brand_2026Q2,MQL,
L-71056,2026-05-02 14:14:00,AUR,,,,Lead,
L-73329,2026-06-27 20:35:00,PKF,,,,Lead,
L-77953,2026-06-13 11:51:00,PKF,adwords,cpc,PKF_US_Search_Brand_2026Q2,Lead,
L-77279,2026-07-04 08:44:00,AUR,adwords,cpc,AUR_EU_Search_NonBrand_2026Q2,SQL,
L-70776,2026-07-10 14:16:00,AUR,,,,Lead,
L-75614,2026-05-14 15:17:00,NMB,Facebook,paid_social,NMB_US_Meta_Retargeting_2026Q2,SQL,
L-71316,2026-05-21 11:04:00,AUR,fb,paid_social,AUR_EU_Meta_Retargeting_2026Q2,MQL,
L-75537,2026-05-08 12:59:00,NMB,paid_social,paid_social,NMB_US_Meta_Retargeting_2026Q2,Lead,
L-73030,2026-06-09 19:00:00,PKF,Facebook,paid_social,PKF_US_Meta_Conversions,Lead,
L-70039,2026-05-05 20:15:00,AUR,,,,MQL,
L-70094,2026-05-13 21:29:00,AUR,meta,paid_social,AUR_US_Meta_Prospecting_2026Q2,Lead,
L-75957,2026-06-26 21:02:00,NMB,paid_social,paid_social,NMB_US_Meta_Retargeting_2026Q2,Lead,
L-70556,2026-06-24 22:48:00,AUR,,,,Lead,
L-75247,2026-07-12 20:58:00,NMB,facebook,paid_social,NMB_US_Meta_Prospecting_2026Q2,Lead,
L-71298,2026-05-20 10:54:00,AUR,fb,paid_social,AUR_EU_Meta_Retargeting_2026Q2,Lead,
L-73973,2026-05-17 18:05:00,PKF,meta,paid_social,PKF_CA_Meta_Prospecting,MQL,
L-73050,2026-06-09 09:27:00,PKF,fb,paid_social,PKF_US_Meta_Conversions,Lead,
L-80421,2026-07-12 16:55:00,AUR,,,,Lead,
L-74546,2026-05-09 13:46:00,NMB,paid_social,paid_social,NMB_US_Meta_Prospecting_2026Q2,Lead,
L-74617,2026-05-16 20:18:00,NMB,paid_social,paid_social,NMB_US_Meta_Prospecting_2026Q2,Lead,
L-70174,2026-05-20 21:37:00,AUR,facebook,paid_social,AUR_US_Meta_Prospecting_2026Q2,Lead,
L-77914,2026-06-09 22:48:00,PKF,adwords,cpc,PKF_US_Search_Brand_2026Q2,SQL,
L-70077,2026-05-09 14:32:00,AUR,,,,MQL,
L-80714,2026-06-01 16:52:00,PKF,tiktok,paid_social,PKF_TikTok_Spark_2026Q2,Lead,
L-70423,2026-06-12 08:54:00,AUR,,,,MQL,
L-80370,2026-07-02 18:53:00,AUR,,,,Lead,
L-80050,2026-05-17 16:29:00,NMB,google,cpc,NMB_US_Video_Test_A,Lead,
L-70787,2026-07-11 09:03:00,AUR,,,,Lead,
L-74886,2026-06-10 22:57:00,NMB,paid_social,paid_social,NMB_US_Meta_Prospecting_2026Q2,Lead,
L-81091,2026-07-21 08:23:00,PKF,tiktok,paid_social,PKF_TikTok_Spark_2026Q2,MQL,
L-77866,2026-06-06 18:38:00,PKF,adwords,cpc,PKF_US_Search_Brand_2026Q2,SQL,
L-80875,2026-06-23 22:09:00,PKF,tiktok,paid_social,PKF_TikTok_Spark_2026Q2,Lead,
L-73199,2026-06-21 19:20:00,PKF,Facebook,paid_social,PKF_US_Meta_Conversions,Lead,
L-75056,2026-06-23 21:54:00,NMB,facebook,paid_social,NMB_US_Meta_Prospecting_2026Q2,SQL,
L-79712,2026-07-16 21:23:00,NMB,adwords,cpc,NMB_US_Search_Brand_2026Q2,Lead,
L-74078,2026-06-03 17:09:00,PKF,fb,paid_social,PKF_CA_Meta_Prospecting,MQL,
L-78627,2026-07-24 15:29:00,PKF,Google Ads,cpc,PKF_US_Search_Brand_2026Q2,MQL,
L-74603,2026-05-14 15:05:00,NMB,facebook,paid_social,NMB_US_Meta_Prospecting_2026Q2,Lead,
L-70730,2026-07-06 09:51:00,AUR,facebook,paid_social,AUR_US_Meta_Prospecting_2026Q2,Lead,
L-74342,2026-07-15 11:43:00,PKF,facebook,paid_social,PKF_CA_Meta_Prospecting,Lead,
L-72266,2026-06-13 14:03:00,AUR,,,,Lead,
L-81941,2026-06-18 19:19:00,PKF,google,paid_social,(not set),MQL,
L-75658,2026-05-20 22:38:00,NMB,meta,paid_social,NMB_US_Meta_Retargeting_2026Q2,Lead,
L-75937,2026-06-24 14:17:00,NMB,Facebook,paid_social,NMB_US_Meta_Retargeting_2026Q2,Lead,
L-75420,2026-07-25 09:44:00,NMB,facebook,paid_social,NMB_US_Meta_Prospecting_2026Q2,SQL,
L-74310,2026-07-08 08:04:00,PKF,,,,Lead,
L-70935,2026-07-23 21:25:00,AUR,,,,SQL,
L-73137,2026-06-16 13:42:00,PKF,Facebook,paid_social,PKF_US_Meta_Conversions,MQL,
L-78620,2026-07-26 17:41:00,PKF,google,cpc,PKF_US_Search_Brand_2026Q2,Closed Won,2400
L-77292,2026-07-07 09:51:00,AUR,google,cpc,AUR_EU_Search_NonBrand_2026Q2,SQL,
L-70479,2026-06-18 13:23:00,AUR,,,,MQL,
L-71075,2026-05-03 09:29:00,AUR,,,,Lead,
L-74091,2026-06-02 08:14:00,PKF,Facebook,paid_social,PKF_CA_Meta_Prospecting,Lead,
L-70662,2026-07-02 22:17:00,AUR,,,,SQL,
L-80206,2026-05-25 12:51:00,AUR,tiktok,paid_social,AUR_TikTok_Prospecting_2026Q2,Lead,
L-81175,2026-05-05 21:30:00,NMB,tiktok,paid_social,NMB_TikTok_Prospecting_2026Q2,MQL,
L-73873,2026-05-02 10:08:00,PKF,Facebook,paid_social,PKF_CA_Meta_Prospecting,MQL,
L-70854,2026-07-17 11:18:00,AUR,,,,SQL,
L-71959,2026-07-15 17:17:00,AUR,Facebook,paid_social,AUR_EU_Meta_Retargeting_2026Q2,Lead,
L-71985,2026-07-20 17:41:00,AUR,fb,paid_social,AUR_EU_Meta_Retargeting_2026Q2,Lead,
L-77248,2026-06-29 20:46:00,AUR,,,,Lead,
L-78323,2026-07-06 10:05:00,PKF,adwords,cpc,PKF_US_Search_Brand_2026Q2,SQL,
L-79100,2026-05-05 14:42:00,NMB,adwords,cpc,NMB_US_Search_Brand_2026Q2,MQL,
L-75305,2026-07-18 10:32:00,NMB,facebook,paid_social,NMB_US_Meta_Prospecting_2026Q2,Lead,
L-79531,2026-06-25 13:51:00,NMB,adwords,cpc,NMB_US_Search_Brand_2026Q2,MQL,
L-72960,2026-06-03 18:53:00,PKF,fb,paid_social,PKF_US_Meta_Conversions,Lead,
L-77070,2026-05-17 21:53:00,AUR,Google Ads,cpc,AUR_EU_Search_NonBrand_2026Q2,MQL,
L-78666,2026-07-27 08:58:00,PKF,google,cpc,PKF_US_Search_Brand_2026Q2,MQL,
L-80981,2026-07-08 21:39:00,PKF,TikTok,paid_social,PKF_TikTok_Spark_2026Q2,Closed Won,3600
L-81573,2026-05-16 16:33:00,NMB,google,paid_social,(not set),Lead,
L-80743,2026-06-05 13:59:00,PKF,tiktok,paid_social,PKF_TikTok_Spark_2026Q2,Lead,
L-71552,2026-06-10 14:51:00,AUR,,,,SQL,
L-72517,2026-05-07 17:47:00,PKF,facebook,paid_social,PKF_US_Meta_Conversions,Lead,
L-73473,2026-07-07 13:28:00,PKF,Facebook,paid_social,PKF_US_Meta_Conversions,Lead,
L-81086,2026-07-20 21:21:00,PKF,tiktok,paid_social,PKF_TikTok_Spark_2026Q2,MQL,
L-74195,2026-06-19 15:50:00,PKF,facebook,paid_social,PKF_CA_Meta_Prospecting,Lead,
L-71176,2026-05-09 20:07:00,AUR,,,,Lead,
L-75406,2026-07-26 11:14:00,NMB,fb,paid_social,NMB_US_Meta_Prospecting_2026Q2,Lead,
L-79249,2026-05-23 17:14:00,NMB,,,,Lead,
L-81331,2026-07-11 16:10:00,NMB,TikTok,paid_social,NMB_TikTok_Prospecting_2026Q2,SQL,
L-73992,2026-05-19 16:03:00,PKF,meta,paid_social,PKF_CA_Meta_Prospecting,SQL,
L-73447,2026-07-04 17:00:00,PKF,fb,paid_social,PKF_US_Meta_Conversions,MQL,
L-70552,2026-06-24 12:43:00,AUR,meta,paid_social,AUR_US_Meta_Prospecting_2026Q2,MQL,
L-75143,2026-07-02 13:11:00,NMB,facebook,paid_social,NMB_US_Meta_Prospecting_2026Q2,Lead,
L-72209,2026-05-27 10:35:00,AUR,meta,paid_social,aurelia|prospecting|meta|may26,MQL,
L-74274,2026-07-04 16:34:00,PKF,,,,Lead,
L-77632,2026-05-20 17:35:00,PKF,adwords,cpc,PKF_US_Search_Brand_2026Q2,Lead,
L-78306,2026-07-03 20:18:00,PKF,google,cpc,PKF_US_Search_Brand_2026Q2,Lead,
L-80196,2026-05-22 09:15:00,AUR,tiktok,paid_social,AUR_TikTok_Prospecting_2026Q2,Lead,
L-82227,2026-07-14 11:54:00,PKF,google,paid_social,(not set),Lead,
L-72532,2026-05-07 15:38:00,PKF,meta,paid_social,PKF_US_Meta_Conversions,Lead,
L-76095,2026-07-10 22:06:00,NMB,,,,Lead,
L-76959,2026-07-26 08:13:00,AUR,adwords,cpc,AUR_US_Search_Brand_2026Q2,SQL,
L-76788,2026-07-02 13:45:00,AUR,,,,Lead,
L-75787,2026-06-04 11:50:00,NMB,facebook,paid_social,NMB_US_Meta_Retargeting_2026Q2,Lead,
L-71347,2026-05-22 12:14:00,AUR,,,,Lead,
L-72700,2026-05-18 14:09:00,PKF,facebook,paid_social,PKF_US_Meta_Conversions,Lead,
L-70155,2026-05-18 14:57:00,AUR,,,,Lead,
L-74417,2026-07-22 18:18:00,PKF,Facebook,paid_social,PKF_CA_Meta_Prospecting,Lead,
L-82166,2026-07-08 14:43:00,PKF,google,paid_social,(not set),Lead,
L-77826,2026-06-03 17:32:00,PKF,adwords,cpc,PKF_US_Search_Brand_2026Q2,Lead,
L-77162,2026-06-06 17:40:00,AUR,google,cpc,AUR_EU_Search_NonBrand_2026Q2,SQL,
L-79498,2026-06-21 08:31:00,NMB,adwords,cpc,NMB_US_Search_Brand_2026Q2,Lead,
L-74277,2026-07-02 15:09:00,PKF,fb,paid_social,PKF_CA_Meta_Prospecting,Lead,
L-70273,2026-05-30 14:21:00,AUR,,,,Lead,
L-80970,2026-07-06 20:21:00,PKF,tiktok,paid_social,PKF_TikTok_Spark_2026Q2,Lead,
L-70473,2026-06-19 17:51:00,AUR,,,,Lead,
L-76245,2026-07-29 12:11:00,NMB,fb,paid_social,NMB_US_Meta_Retargeting_2026Q2,Lead,
L-71700,2026-06-25 21:01:00,AUR,Facebook,paid_social,AUR_EU_Meta_Retargeting_2026Q2,Lead,
L-81276,2026-06-14 17:09:00,NMB,,,,MQL,
L-72273,2026-06-18 14:59:00,AUR,Facebook,paid_social,aurelia|prospecting|meta|may26,MQL,
L-81511,2026-05-12 19:33:00,AUR,google,paid_social,(not set),MQL,
L-78487,2026-07-16 12:04:00,PKF,adwords,cpc,PKF_US_Search_Brand_2026Q2,Lead,
L-78738,2026-05-07 11:36:00,PKF,Google Ads,cpc,pkf|nonbrand|search|may26,SQL,
L-71842,2026-07-08 15:55:00,AUR,,,,Lead,
L-76214,2026-07-24 20:23:00,NMB,facebook,paid_social,NMB_US_Meta_Retargeting_2026Q2,Lead,
L-77588,2026-05-19 14:42:00,PKF,Google Ads,cpc,PKF_US_Search_Brand_2026Q2,Lead,
L-80722,2026-06-03 17:38:00,PKF,,,,Lead,
L-80492,2026-07-31 10:21:00,AUR,,,,Lead,
L-75469,2026-07-29 09:12:00,NMB,,,,Lead,
L-76993,2026-07-30 22:52:00,AUR,Google Ads,cpc,AUR_US_Search_Brand_2026Q2,Lead,
L-81221,2026-05-18 19:45:00,NMB,TikTok,paid_social,NMB_TikTok_Prospecting_2026Q2,MQL,
L-76580,2026-06-06 10:52:00,AUR,Google Ads,cpc,AUR_US_Search_Brand_2026Q2,Lead,
L-81523,2026-05-13 22:07:00,PKF,,,,MQL,
L-82213,2026-07-13 12:17:00,PKF,google,paid_social,(not set),Closed Won,2400
L-72047,2026-07-23 20:50:00,AUR,fb,paid_social,AUR_EU_Meta_Retargeting_2026Q2,Lead,
L-78453,2026-07-16 22:35:00,PKF,google,cpc,PKF_US_Search_Brand_2026Q2,Lead,
L-74504,2026-05-06 13:00:00,NMB,fb,paid_social,NMB_US_Meta_Prospecting_2026Q2,Lead,
L-80538,2026-05-09 15:11:00,PKF,TikTok,paid_social,PKF_TikTok_Spark_2026Q2,Lead,
L-79042,2026-07-23 12:17:00,PKF,google,cpc,pkf|nonbrand|search|may26,MQL,
L-79841,2026-07-29 08:15:00,NMB,google,cpc,NMB_US_Search_Brand_2026Q2,Lead,
L-78965,2026-07-05 15:22:00,PKF,Google Ads,cpc,pkf|nonbrand|search|may26,Closed Won,5200
L-76722,2026-06-26 10:38:00,AUR,,,,SQL,
L-77378,2026-05-02 17:53:00,PKF,Google Ads,cpc,PKF_US_Search_Brand_2026Q2,Lead,
L-72028,2026-07-22 17:26:00,AUR,paid_social,paid_social,AUR_EU_Meta_Retargeting_2026Q2,Lead,
L-74266,2026-07-03 14:31:00,PKF,fb,paid_social,PKF_CA_Meta_Prospecting,Lead,
L-73752,2026-07-23 12:41:00,PKF,,,,Lead,
L-73188,2026-06-19 22:33:00,PKF,paid_social,paid_social,PKF_US_Meta_Conversions,Lead,
L-79599,2026-07-04 16:49:00,NMB,Google Ads,cpc,NMB_US_Search_Brand_2026Q2,Lead,
L-70822,2026-07-14 16:36:00,AUR,,,,MQL,
L-78081,2026-06-18 19:04:00,PKF,Google Ads,cpc,PKF_US_Search_Brand_2026Q2,Lead,
L-82221,2026-07-14 10:14:00,AUR,,,,Lead,
L-71481,2026-06-05 19:23:00,AUR,,,,MQL,
L-78025,2026-06-16 10:49:00,PKF,google,cpc,PKF_US_Search_Brand_2026Q2,Lead,
L-75368,2026-07-22 10:31:00,NMB,fb,paid_social,NMB_US_Meta_Prospecting_2026Q2,Lead,
L-76128,2026-07-15 15:14:00,NMB,paid_social,paid_social,NMB_US_Meta_Retargeting_2026Q2,Lead,
L-77457,2026-05-08 22:36:00,PKF,google,cpc,PKF_US_Search_Brand_2026Q2,MQL,
L-77109,2026-05-25 22:26:00,AUR,,,,Lead,
L-70299,2026-05-31 09:31:00,AUR,meta,paid_social,AUR_US_Meta_Prospecting_2026Q2,Lead,
L-81389,2026-05-01 18:31:00,AUR,,,,Lead,
L-78818,2026-05-28 09:15:00,PKF,google,cpc,pkf|nonbrand|search|may26,Lead,
L-75578,2026-05-11 21:24:00,NMB,paid_social,paid_social,NMB_US_Meta_Retargeting_2026Q2,Lead,
L-79154,2026-05-10 10:31:00,NMB,,,,SQL,
L-81412,2026-05-03 12:01:00,PKF,google,paid_social,(not set),Closed Won,3600
L-74870,2026-06-08 16:27:00,NMB,meta,paid_social,NMB_US_Meta_Prospecting_2026Q2,SQL,
L-75714,2026-05-26 22:38:00,NMB,Facebook,paid_social,NMB_US_Meta_Retargeting_2026Q2,Lead,
L-71179,2026-05-10 13:16:00,AUR,,,,MQL,
L-80197,2026-05-22 21:37:00,AUR,tiktok,paid_social,AUR_TikTok_Prospecting_2026Q2,MQL,
L-79631,2026-07-07 12:50:00,NMB,adwords,cpc,NMB_US_Search_Brand_2026Q2,SQL,
L-77461,2026-05-06 19:09:00,PKF,google,cpc,PKF_US_Search_Brand_2026Q2,SQL,
L-77779,2026-05-31 14:03:00,PKF,google,cpc,PKF_US_Search_Brand_2026Q2,Lead,
L-77839,2026-06-04 09:17:00,PKF,Google Ads,cpc,PKF_US_Search_Brand_2026Q2,SQL,
L-72554,2026-05-09 11:39:00,PKF,meta,paid_social,PKF_US_Meta_Conversions,Lead,
L-70645,2026-07-02 14:12:00,AUR,paid_social,paid_social,AUR_US_Meta_Prospecting_2026Q2,Lead,
L-82399,2026-07-30 22:15:00,PKF,google,paid_social,(not set),Closed Won,3600
L-74943,2026-06-13 19:29:00,NMB,paid_social,paid_social,NMB_US_Meta_Prospecting_2026Q2,Lead,
L-80010,2026-07-15 11:10:00,NMB,google,cpc,NMB_US_PMax_2026Q2,Lead,
L-74090,2026-06-03 12:54:00,PKF,facebook,paid_social,PKF_CA_Meta_Prospecting,Lead,
L-80460,2026-07-23 18:16:00,AUR,,,,Lead,
L-70200,2026-05-23 18:50:00,AUR,paid_social,paid_social,AUR_US_Meta_Prospecting_2026Q2,MQL,
L-76468,2026-05-23 18:41:00,AUR,,,,MQL,
L-79178,2026-05-13 17:13:00,NMB,google,cpc,NMB_US_Search_Brand_2026Q2,Lead,
L-80465,2026-07-23 14:28:00,AUR,tiktok,paid_social,AUR_TikTok_Prospecting_2026Q2,Lead,
L-76329,2026-05-07 10:37:00,AUR,google,cpc,AUR_US_Search_Brand_2026Q2,Lead,
L-73949,2026-05-14 08:08:00,PKF,,,,Lead,
L-79725,2026-07-16 17:19:00,NMB,,,,MQL,
L-81547,2026-05-14 18:48:00,NMB,,,,MQL,
L-79195,2026-05-15 12:16:00,NMB,Google Ads,cpc,NMB_US_Search_Brand_2026Q2,Lead,
L-74294,2026-07-05 22:02:00,PKF,Facebook,paid_social,PKF_CA_Meta_Prospecting,SQL,
L-77384,2026-05-01 12:19:00,PKF,google,cpc,PKF_US_Search_Brand_2026Q2,Lead,
L-73161,2026-06-17 13:04:00,PKF,facebook,paid_social,PKF_US_Meta_Conversions,MQL,
L-70359,2026-06-09 16:37:00,AUR,,,,SQL,
L-72698,2026-05-17 19:47:00,PKF,meta,paid_social,PKF_US_Meta_Conversions,Lead,
L-81837,2026-06-09 18:27:00,PKF,google,paid_social,(not set),MQL,
L-75034,2026-06-23 09:25:00,NMB,facebook,paid_social,NMB_US_Meta_Prospecting_2026Q2,MQL,
L-76014,2026-07-04 09:08:00,NMB,,,,Lead,
L-73160,2026-06-17 11:56:00,PKF,facebook,paid_social,PKF_US_Meta_Conversions,MQL,
L-79492,2026-06-22 21:47:00,NMB,google,cpc,NMB_US_Search_Brand_2026Q2,Lead,
L-72572,2026-05-10 20:25:00,PKF,,,,Lead,
L-78220,2026-06-29 10:48:00,PKF,google,cpc,PKF_US_Search_Brand_2026Q2,MQL,
L-75225,2026-07-11 11:39:00,NMB,,,,Lead,
L-77051,2026-05-15 20:24:00,AUR,,,,Lead,
L-73294,2026-06-25 14:16:00,PKF,fb,paid_social,PKF_US_Meta_Conversions,Lead,
L-76923,2026-07-21 10:37:00,AUR,,,,Lead,
L-75592,2026-05-13 18:08:00,NMB,Facebook,paid_social,NMB_US_Meta_Retargeting_2026Q2,Lead,
L-77298,2026-07-12 21:45:00,AUR,google,cpc,AUR_EU_Search_NonBrand_2026Q2,MQL,
L-75620,2026-05-15 22:05:00,NMB,facebook,paid_social,NMB_US_Meta_Retargeting_2026Q2,Lead,
L-71572,2026-06-13 19:22:00,AUR,fb,paid_social,AUR_EU_Meta_Retargeting_2026Q2,Lead,
L-79218,2026-05-19 21:33:00,NMB,google,cpc,NMB_US_Search_Brand_2026Q2,Closed Won,5200
L-73938,2026-05-12 11:08:00,PKF,fb,paid_social,PKF_CA_Meta_Prospecting,MQL,
L-81040,2026-07-15 15:10:00,PKF,TikTok,paid_social,PKF_TikTok_Spark_2026Q2,MQL,
L-70416,2026-06-13 10:59:00,AUR,Facebook,paid_social,AUR_US_Meta_Prospecting_2026Q2,Lead,
L-81719,2026-05-29 15:12:00,NMB,google,paid_social,(not set),Lead,
L-80008,2026-07-12 22:30:00,NMB,,,,MQL,
L-71642,2026-06-18 13:32:00,AUR,fb,paid_social,AUR_EU_Meta_Retargeting_2026Q2,Closed Won,8800
L-76266,2026-07-28 14:05:00,NMB,meta,paid_social,NMB_US_Meta_Retargeting_2026Q2,Closed Won,8800
L-80621,2026-05-21 08:24:00,PKF,TikTok,paid_social,PKF_TikTok_Spark_2026Q2,Closed Won,2400
L-71596,2026-06-15 13:58:00,AUR,paid_social,paid_social,AUR_EU_Meta_Retargeting_2026Q2,Closed Won,2400
L-73401,2026-07-01 14:39:00,PKF,fb,paid_social,PKF_US_Meta_Conversions,Lead,
L-79921,2026-05-29 09:34:00,NMB,,,,Lead,
L-72570,2026-05-10 08:27:00,PKF,paid_social,paid_social,PKF_US_Meta_Conversions,MQL,
L-82319,2026-07-22 18:16:00,NMB,,,,MQL,
L-79628,2026-07-07 11:59:00,NMB,google,cpc,NMB_US_Search_Brand_2026Q2,Lead,
L-72976,2026-06-06 15:08:00,PKF,Facebook,paid_social,PKF_US_Meta_Conversions,Lead,
L-74772,2026-05-29 19:32:00,NMB,,,,Lead,
L-73665,2026-07-16 15:55:00,PKF,Facebook,paid_social,PKF_US_Meta_Conversions,Lead,
L-75335,2026-07-19 13:30:00,NMB,meta,paid_social,NMB_US_Meta_Prospecting_2026Q2,Lead,
L-80084,2026-07-03 19:38:00,AUR,adwords,cpc,AUR_US_Video_Test_B,MQL,
L-80682,2026-05-27 08:27:00,PKF,tiktok,paid_social,PKF_TikTok_Spark_2026Q2,Lead,
L-73385,2026-07-02 17:25:00,PKF,fb,paid_social,PKF_US_Meta_Conversions,Lead,
L-81828,2026-06-08 19:08:00,NMB,google,paid_social,(not set),MQL,
L-75164,2026-07-05 13:04:00,NMB,fb,paid_social,NMB_US_Meta_Prospecting_2026Q2,Lead,
L-71211,2026-05-15 12:06:00,AUR,,,,SQL,
L-70093,2026-05-12 08:32:00,AUR,Facebook,paid_social,AUR_US_Meta_Prospecting_2026Q2,Lead,
L-79342,2026-06-04 08:10:00,NMB,google,cpc,NMB_US_Search_Brand_2026Q2,Lead,
L-75679,2026-05-21 10:52:00,NMB,fb,paid_social,NMB_US_Meta_Retargeting_2026Q2,Lead,
L-75900,2026-06-18 17:27:00,NMB,paid_social,paid_social,NMB_US_Meta_Retargeting_2026Q2,SQL,
L-76118,2026-07-13 10:56:00,NMB,paid_social,paid_social,NMB_US_Meta_Retargeting_2026Q2,SQL,
L-70500,2026-06-21 22:01:00,AUR,meta,paid_social,AUR_US_Meta_Prospecting_2026Q2,MQL,
L-75570,2026-05-10 12:46:00,NMB,fb,paid_social,NMB_US_Meta_Retargeting_2026Q2,MQL,
L-72926,2026-06-02 20:22:00,PKF,facebook,paid_social,PKF_US_Meta_Conversions,Lead,
L-79793,2026-07-25 21:05:00,NMB,google,cpc,NMB_US_Search_Brand_2026Q2,MQL,
L-70744,2026-07-10 17:03:00,AUR,,,,MQL,
L-73315,2026-06-25 08:53:00,PKF,,,,MQL,
L-74562,2026-05-09 22:52:00,NMB,fb,paid_social,NMB_US_Meta_Prospecting_2026Q2,Lead,
L-71070,2026-05-02 19:01:00,AUR,facebook,paid_social,AUR_EU_Meta_Retargeting_2026Q2,Lead,
L-70950,2026-07-24 18:11:00,AUR,fb,paid_social,AUR_US_Meta_Prospecting_2026Q2,MQL,
L-70668,2026-07-01 18:47:00,AUR,facebook,paid_social,AUR_US_Meta_Prospecting_2026Q2,Lead,
L-81799,2026-06-05 20:03:00,AUR,google,paid_social,(not set),MQL,
L-71375,2026-05-27 19:35:00,AUR,facebook,paid_social,AUR_EU_Meta_Retargeting_2026Q2,Lead,
L-73931,2026-05-12 19:04:00,PKF,meta,paid_social,PKF_CA_Meta_Prospecting,Lead,
L-70106,2026-05-14 17:49:00,AUR,Facebook,paid_social,AUR_US_Meta_Prospecting_2026Q2,SQL,
L-71497,2026-06-05 10:26:00,AUR,,,,Lead,
L-81572,2026-05-16 07:19:00,NMB,google,paid_social,(not set),Lead,
L-80803,2026-06-12 08:20:00,PKF,tiktok,paid_social,PKF_TikTok_Spark_2026Q2,SQL,
L-70965,2026-07-25 20:05:00,AUR,paid_social,paid_social,AUR_US_Meta_Prospecting_2026Q2,SQL,
L-80865,2026-06-24 20:56:00,PKF,TikTok,paid_social,PKF_TikTok_Spark_2026Q2,Lead,
L-76619,2026-06-11 20:56:00,AUR,,,,Lead,
L-77815,2026-06-01 16:08:00,PKF,Google Ads,cpc,PKF_US_Search_Brand_2026Q2,MQL,
L-80386,2026-07-08 15:19:00,AUR,tiktok,paid_social,AUR_TikTok_Prospecting_2026Q2,Lead,
L-73239,2026-06-23 10:59:00,PKF,meta,paid_social,PKF_US_Meta_Conversions,Lead,
L-78059,2026-06-18 15:11:00,PKF,google,cpc,PKF_US_Search_Brand_2026Q2,Lead,
L-80801,2026-06-11 19:26:00,PKF,tiktok,paid_social,PKF_TikTok_Spark_2026Q2,Lead,
L-74549,2026-05-08 10:08:00,NMB,facebook,paid_social,NMB_US_Meta_Prospecting_2026Q2,Lead,
L-71311,2026-05-20 22:35:00,AUR,facebook,paid_social,AUR_EU_Meta_Retargeting_2026Q2,Lead,
L-72652,2026-05-14 15:44:00,PKF,Facebook,paid_social,PKF_US_Meta_Conversions,Lead,
L-78003,2026-06-15 15:46:00,PKF,Google Ads,cpc,PKF_US_Search_Brand_2026Q2,MQL,
L-72780,2026-05-21 20:22:00,PKF,fb,paid_social,PKF_US_Meta_Conversions,MQL,
L-72095,2026-07-28 08:31:00,AUR,,,,SQL,
L-76769,2026-07-02 22:24:00,AUR,adwords,cpc,AUR_US_Search_Brand_2026Q2,Lead,
L-71634,2026-06-18 15:14:00,AUR,,,,MQL,
L-74272,2026-07-04 22:15:00,PKF,facebook,paid_social,PKF_CA_Meta_Prospecting,Lead,
L-71054,2026-05-02 15:44:00,AUR,facebook,paid_social,AUR_EU_Meta_Retargeting_2026Q2,Lead,
L-73318,2026-06-26 19:17:00,PKF,facebook,paid_social,PKF_US_Meta_Conversions,Lead,
L-77244,2026-06-27 14:58:00,AUR,,,,Closed Won,1900
L-75799,2026-06-05 09:37:00,NMB,,,,Lead,
L-70571,2026-06-26 10:00:00,AUR,,,,Lead,
L-76616,2026-06-11 15:09:00,AUR,,,,Lead,
L-71168,2026-05-08 09:01:00,AUR,meta,paid_social,AUR_EU_Meta_Retargeting_2026Q2,Lead,
L-81929,2026-06-17 23:15:00,PKF,google,paid_social,(not set),Lead,
L-74301,2026-07-08 10:18:00,PKF,,,,SQL,
L-75800,2026-06-05 19:06:00,NMB,,,,MQL,
L-80184,2026-05-19 14:40:00,AUR,TikTok,paid_social,AUR_TikTok_Prospecting_2026Q2,Lead,
L-74157,2026-06-14 21:19:00,PKF,facebook,paid_social,PKF_CA_Meta_Prospecting,Lead,
L-70393,2026-06-11 13:50:00,AUR,paid_social,paid_social,AUR_US_Meta_Prospecting_2026Q2,Lead,
L-70440,2026-06-16 22:43:00,AUR,,,,Lead,
L-78509,2026-07-19 17:11:00,PKF,google,cpc,PKF_US_Search_Brand_2026Q2,Lead,
L-80628,2026-05-22 09:38:00,PKF,TikTok,paid_social,PKF_TikTok_Spark_2026Q2,Lead,
L-80987,2026-07-08 18:21:00,PKF,tiktok,paid_social,PKF_TikTok_Spark_2026Q2,SQL,
L-81244,2026-05-31 17:42:00,NMB,TikTok,paid_social,NMB_TikTok_Prospecting_2026Q2,Lead,
L-78167,2026-06-25 12:39:00,PKF,,,,Lead,
L-76865,2026-07-13 21:37:00,AUR,google,cpc,AUR_US_Search_Brand_2026Q2,Lead,
L-70593,2026-06-28 10:23:00,AUR,fb,paid_social,AUR_US_Meta_Prospecting_2026Q2,Lead,
L-79603,2026-07-03 19:49:00,NMB,Google Ads,cpc,NMB_US_Search_Brand_2026Q2,SQL,
L-78131,2026-06-24 18:55:00,PKF,,,,MQL,
L-75071,2026-06-25 16:32:00,NMB,paid_social,paid_social,NMB_US_Meta_Prospecting_2026Q2,Lead,
L-78377,2026-07-11 18:20:00,PKF,Google Ads,cpc,PKF_US_Search_Brand_2026Q2,Closed Won,5200
L-78907,2026-06-18 12:54:00,PKF,Google Ads,cpc,pkf|nonbrand|search|may26,Lead,
L-70511,2026-06-21 08:36:00,AUR,facebook,paid_social,AUR_US_Meta_Prospecting_2026Q2,MQL,
L-82417,2026-07-31 10:11:00,PKF,google,paid_social,(not set),MQL,
L-80500,2026-05-03 15:13:00,PKF,tiktok,paid_social,PKF_TikTok_Spark_2026Q2,Lead,
L-78272,2026-07-02 19:28:00,PKF,google,cpc,PKF_US_Search_Brand_2026Q2,SQL,
L-82002,2026-06-24 11:49:00,AUR,,,,Lead,
L-79942,2026-06-04 14:44:00,NMB,Google Ads,cpc,NMB_US_PMax_2026Q2,Closed Won,1900
L-71494,2026-06-06 11:52:00,AUR,,,,MQL,
L-72725,2026-05-20 11:54:00,PKF,paid_social,paid_social,PKF_US_Meta_Conversions,Lead,
L-78460,2026-07-15 21:20:00,PKF,Google Ads,cpc,PKF_US_Search_Brand_2026Q2,SQL,
L-75542,2026-05-06 14:21:00,NMB,paid_social,paid_social,NMB_US_Meta_Retargeting_2026Q2,MQL,
L-72794,2026-05-23 18:40:00,PKF,Facebook,paid_social,PKF_US_Meta_Conversions,Lead,
L-81552,2026-05-15 07:55:00,AUR,google,paid_social,(not set),Lead,
L-74206,2026-06-24 09:53:00,PKF,facebook,paid_social,PKF_CA_Meta_Prospecting,Lead,
L-73606,2026-07-14 10:38:00,PKF,paid_social,paid_social,PKF_US_Meta_Conversions,SQL,
L-78730,2026-05-06 21:21:00,PKF,google,cpc,pkf|nonbrand|search|may26,Lead,
L-72670,2026-05-14 11:47:00,PKF,paid_social,paid_social,PKF_US_Meta_Conversions,Lead,
L-76570,2026-06-06 14:48:00,AUR,,,,Lead,
L-72469,2026-05-05 22:51:00,PKF,,,,MQL,
L-73996,2026-05-20 15:04:00,PKF,fb,paid_social,PKF_CA_Meta_Prospecting,Lead,
L-75772,2026-06-03 16:06:00,NMB,Facebook,paid_social,NMB_US_Meta_Retargeting_2026Q2,Lead,
L-78190,2026-06-28 14:27:00,PKF,Google Ads,cpc,PKF_US_Search_Brand_2026Q2,Lead,
L-79180,2026-05-15 16:05:00,NMB,google,cpc,NMB_US_Search_Brand_2026Q2,MQL,
L-76719,2026-06-25 14:29:00,AUR,google,cpc,AUR_US_Search_Brand_2026Q2,Lead,
L-71505,2026-06-07 11:49:00,AUR,fb,paid_social,AUR_EU_Meta_Retargeting_2026Q2,Lead,
L-72859,2026-05-27 12:47:00,PKF,Facebook,paid_social,PKF_US_Meta_Conversions,Lead,
L-70622,2026-06-30 19:59:00,AUR,,,,Lead,
L-78179,2026-06-27 09:36:00,PKF,Google Ads,cpc,PKF_US_Search_Brand_2026Q2,Lead,
L-76683,2026-06-21 10:59:00,AUR,,,,MQL,
L-79758,2026-07-21 13:10:00,NMB,adwords,cpc,NMB_US_Search_Brand_2026Q2,Lead,
L-72849,2026-05-27 22:35:00,PKF,Facebook,paid_social,PKF_US_Meta_Conversions,Lead,
L-80055,2026-06-01 19:30:00,NMB,google,cpc,NMB_US_Video_Test_A,Closed Won,5200
L-72154,2026-05-12 22:08:00,AUR,facebook,paid_social,aurelia|prospecting|meta|may26,Lead,
L-82286,2026-07-20 13:58:00,AUR,google,paid_social,(not set),Lead,
L-80571,2026-05-12 10:14:00,PKF,TikTok,paid_social,PKF_TikTok_Spark_2026Q2,Lead,
L-71570,2026-06-12 13:08:00,AUR,fb,paid_social,AUR_EU_Meta_Retargeting_2026Q2,Closed Won,8800
L-80775,2026-06-08 21:18:00,PKF,tiktok,paid_social,PKF_TikTok_Spark_2026Q2,MQL,
L-78838,2026-05-30 19:15:00,PKF,google,cpc,pkf|nonbrand|search|may26,Lead,
L-81991,2026-06-23 20:00:00,AUR,google,paid_social,(not set),Lead,
L-70088,2026-05-11 08:05:00,AUR,fb,paid_social,AUR_US_Meta_Prospecting_2026Q2,Lead,
L-71135,2026-05-07 14:36:00,AUR,facebook,paid_social,AUR_EU_Meta_Retargeting_2026Q2,Lead,
L-81309,2026-07-01 17:24:00,NMB,tiktok,paid_social,NMB_TikTok_Prospecting_2026Q2,MQL,
L-79373,2026-06-07 17:15:00,NMB,google,cpc,NMB_US_Search_Brand_2026Q2,Lead,
L-80020,2026-07-20 22:55:00,NMB,google,cpc,NMB_US_PMax_2026Q2,MQL,
L-77754,2026-05-28 13:22:00,PKF,google,cpc,PKF_US_Search_Brand_2026Q2,SQL,
L-74464,2026-07-31 16:55:00,PKF,paid_social,paid_social,PKF_CA_Meta_Prospecting,Lead,
L-79786,2026-07-23 13:08:00,NMB,adwords,cpc,NMB_US_Search_Brand_2026Q2,Lead,
L-73204,2026-06-20 15:42:00,PKF,,,,Lead,
L-75940,2026-06-24 14:03:00,NMB,paid_social,paid_social,NMB_US_Meta_Retargeting_2026Q2,MQL,
L-72961,2026-06-03 12:36:00,PKF,facebook,paid_social,PKF_US_Meta_Conversions,Lead,
L-79669,2026-07-12 20:28:00,NMB,,,,Lead,
L-73789,2026-07-28 09:50:00,PKF,paid_social,paid_social,PKF_US_Meta_Conversions,Lead,
L-77329,2026-07-16 21:05:00,AUR,adwords,cpc,AUR_EU_Search_NonBrand_2026Q2,Closed Won,1900
L-79072,2026-07-30 11:28:00,PKF,google,cpc,pkf|nonbrand|search|may26,Lead,
L-80086,2026-07-08 14:25:00,AUR,,,,Lead,
L-74624,2026-05-15 17:13:00,NMB,meta,paid_social,NMB_US_Meta_Prospecting_2026Q2,Lead,
L-78141,2026-06-24 14:58:00,PKF,google,cpc,PKF_US_Search_Brand_2026Q2,MQL,
L-81311,2026-07-02 08:58:00,NMB,tiktok,paid_social,NMB_TikTok_Prospecting_2026Q2,Lead,
L-78101,2026-06-20 08:10:00,PKF,google,cpc,PKF_US_Search_Brand_2026Q2,Lead,
L-73962,2026-05-15 19:17:00,PKF,meta,paid_social,PKF_CA_Meta_Prospecting,Lead,
L-75571,2026-05-10 16:39:00,NMB,fb,paid_social,NMB_US_Meta_Retargeting_2026Q2,Lead,
L-71367,2026-05-25 14:46:00,AUR,,,,SQL,
L-70477,2026-06-19 09:09:00,AUR,Facebook,paid_social,AUR_US_Meta_Prospecting_2026Q2,Lead,
L-76577,2026-06-06 09:06:00,AUR,adwords,cpc,AUR_US_Search_Brand_2026Q2,Closed Won,5200
L-77403,2026-05-05 22:58:00,PKF,google,cpc,PKF_US_Search_Brand_2026Q2,MQL,
L-70020,2026-05-04 16:57:00,AUR,,,,Lead,
L-75573,2026-05-11 08:52:00,NMB,paid_social,paid_social,NMB_US_Meta_Retargeting_2026Q2,Lead,
L-74990,2026-06-18 16:35:00,NMB,fb,paid_social,NMB_US_Meta_Prospecting_2026Q2,Lead,
L-81882,2026-06-13 21:59:00,PKF,google,paid_social,(not set),Lead,
L-80290,2026-06-15 10:33:00,AUR,tiktok,paid_social,AUR_TikTok_Prospecting_2026Q2,Lead,
L-80453,2026-07-22 11:17:00,AUR,tiktok,paid_social,AUR_TikTok_Prospecting_2026Q2,Lead,
L-74780,2026-06-01 17:28:00,NMB,fb,paid_social,NMB_US_Meta_Prospecting_2026Q2,MQL,
L-72462,2026-05-02 18:44:00,PKF,paid_social,paid_social,PKF_US_Meta_Conversions,MQL,
L-71868,2026-07-10 16:38:00,AUR,,,,MQL,
L-76016,2026-07-03 13:44:00,NMB,meta,paid_social,NMB_US_Meta_Retargeting_2026Q2,Lead,
L-80864,2026-06-21 16:35:00,PKF,TikTok,paid_social,PKF_TikTok_Spark_2026Q2,Closed Won,3600
L-70523,2026-06-23 16:05:00,AUR,,,,Lead,
L-75820,2026-06-08 10:28:00,NMB,Facebook,paid_social,NMB_US_Meta_Retargeting_2026Q2,MQL,
L-80631,2026-05-23 10:38:00,PKF,TikTok,paid_social,PKF_TikTok_Spark_2026Q2,Lead,
L-70314,2026-06-02 08:16:00,AUR,fb,paid_social,AUR_US_Meta_Prospecting_2026Q2,MQL,
L-79629,2026-07-07 22:46:00,NMB,google,cpc,NMB_US_Search_Brand_2026Q2,MQL,
L-80873,2026-06-23 13:33:00,PKF,TikTok,paid_social,PKF_TikTok_Spark_2026Q2,Lead,
L-71717,2026-06-26 08:22:00,AUR,,,,Lead,
L-75726,2026-05-29 13:21:00,NMB,facebook,paid_social,NMB_US_Meta_Retargeting_2026Q2,Lead,
L-81194,2026-05-12 22:48:00,NMB,TikTok,paid_social,NMB_TikTok_Prospecting_2026Q2,MQL,
L-81851,2026-06-10 12:23:00,PKF,google,paid_social,(not set),Lead,
L-71855,2026-07-08 13:54:00,AUR,,,,MQL,
L-76560,2026-06-05 16:30:00,AUR,google,cpc,AUR_US_Search_Brand_2026Q2,MQL,
L-82052,2026-06-29 11:30:00,AUR,google,paid_social,(not set),Lead,
L-75174,2026-07-05 13:04:00,NMB,meta,paid_social,NMB_US_Meta_Prospecting_2026Q2,Lead,
L-80117,2026-07-23 11:26:00,PKF,google,cpc,PKF_US_Video_Test_C,MQL,
L-73639,2026-07-16 12:04:00,PKF,Facebook,paid_social,PKF_US_Meta_Conversions,Lead,
L-80807,2026-06-13 08:05:00,PKF,TikTok,paid_social,PKF_TikTok_Spark_2026Q2,Lead,
L-71301,2026-05-20 16:35:00,AUR,,,,SQL,
L-78108,2026-06-21 16:58:00,PKF,google,cpc,PKF_US_Search_Brand_2026Q2,MQL,
L-73252,2026-06-24 21:52:00,PKF,meta,paid_social,PKF_US_Meta_Conversions,Lead,
L-78331,2026-07-06 12:31:00,PKF,google,cpc,PKF_US_Search_Brand_2026Q2,Lead,
L-82057,2026-06-29 15:23:00,PKF,google,paid_social,(not set),MQL,
L-76481,2026-05-25 10:04:00,AUR,,,,Lead,
L-75147,2026-07-02 22:03:00,NMB,fb,paid_social,NMB_US_Meta_Prospecting_2026Q2,Lead,
L-70715,2026-07-07 12:25:00,AUR,,,,Lead,
L-81641,2026-05-22 19:25:00,NMB,,,,MQL,
L-75206,2026-07-08 12:15:00,NMB,,,,SQL,
L-74609,2026-05-14 21:49:00,NMB,paid_social,paid_social,NMB_US_Meta_Prospecting_2026Q2,MQL,
L-81193,2026-05-11 11:29:00,NMB,tiktok,paid_social,NMB_TikTok_Prospecting_2026Q2,Lead,
L-77515,2026-05-13 10:35:00,PKF,google,cpc,PKF_US_Search_Brand_2026Q2,Closed Won,2400
L-72813,2026-05-25 12:00:00,PKF,paid_social,paid_social,PKF_US_Meta_Conversions,Lead,
L-75588,2026-05-14 09:12:00,NMB,Facebook,paid_social,NMB_US_Meta_Retargeting_2026Q2,SQL,
L-74927,2026-06-11 19:54:00,NMB,facebook,paid_social,NMB_US_Meta_Prospecting_2026Q2,Lead,
L-74760,2026-05-29 11:04:00,NMB,,,,MQL,
L-70958,2026-07-25 15:07:00,AUR,Facebook,paid_social,AUR_US_Meta_Prospecting_2026Q2,Lead,
L-79185,2026-05-16 22:03:00,NMB,google,cpc,NMB_US_Search_Brand_2026Q2,MQL,
L-75876,2026-06-15 14:29:00,NMB,facebook,paid_social,NMB_US_Meta_Retargeting_2026Q2,Lead,
L-82252,2026-07-16 18:19:00,PKF,google,paid_social,(not set),Closed Won,1900
L-79330,2026-06-02 13:25:00,NMB,google,cpc,NMB_US_Search_Brand_2026Q2,SQL,
L-73254,2026-06-23 19:30:00,PKF,Facebook,paid_social,PKF_US_Meta_Conversions,Lead,
L-77928,2026-06-12 17:17:00,PKF,adwords,cpc,PKF_US_Search_Brand_2026Q2,SQL,
L-73730,2026-07-23 11:03:00,PKF,facebook,paid_social,PKF_US_Meta_Conversions,Lead,
L-79077,2026-07-31 14:20:00,PKF,google,cpc,pkf|nonbrand|search|may26,SQL,
L-76902,2026-07-17 14:26:00,AUR,,,,Lead,
L-75035,2026-06-23 12:45:00,NMB,meta,paid_social,NMB_US_Meta_Prospecting_2026Q2,MQL,
L-77253,2026-06-30 12:08:00,AUR,,,,SQL,
L-72660,2026-05-16 11:23:00,PKF,Facebook,paid_social,PKF_US_Meta_Conversions,Lead,
L-81415,2026-05-03 15:21:00,NMB,google,paid_social,(not set),Lead,
L-79534,2026-06-27 20:52:00,NMB,Google Ads,cpc,NMB_US_Search_Brand_2026Q2,MQL,
L-74070,2026-05-30 15:29:00,PKF,facebook,paid_social,PKF_CA_Meta_Prospecting,Lead,
L-81637,2026-05-22 14:29:00,PKF,google,paid_social,(not set),Lead,
L-70068,2026-05-10 08:25:00,AUR,meta,paid_social,AUR_US_Meta_Prospecting_2026Q2,SQL,
L-78817,2026-05-29 13:27:00,PKF,google,cpc,pkf|nonbrand|search|may26,MQL,
L-76223,2026-07-23 20:59:00,NMB,paid_social,paid_social,NMB_US_Meta_Retargeting_2026Q2,Lead,
L-74545,2026-05-08 13:21:00,NMB,facebook,paid_social,NMB_US_Meta_Prospecting_2026Q2,SQL,
L-80305,2026-06-19 17:38:00,AUR,,,,Lead,
L-78002,2026-06-16 09:47:00,PKF,,,,MQL,
L-75568,2026-05-11 10:47:00,NMB,facebook,paid_social,NMB_US_Meta_Retargeting_2026Q2,Lead,
L-79909,2026-05-25 08:49:00,NMB,google,cpc,NMB_US_PMax_2026Q2,Lead,
L-76427,2026-05-17 15:34:00,AUR,adwords,cpc,AUR_US_Search_Brand_2026Q2,Lead,
L-70676,2026-07-02 18:06:00,AUR,,,,Lead,
L-76915,2026-07-21 20:52:00,AUR,google,cpc,AUR_US_Search_Brand_2026Q2,Lead,
L-70187,2026-05-22 18:08:00,AUR,paid_social,paid_social,AUR_US_Meta_Prospecting_2026Q2,Lead,
L-75241,2026-07-14 17:59:00,NMB,,,,Closed Won,1900
L-72787,2026-05-22 11:54:00,PKF,meta,paid_social,PKF_US_Meta_Conversions,Lead,
L-81301,2026-06-27 11:03:00,NMB,tiktok,paid_social,NMB_TikTok_Prospecting_2026Q2,Lead,
L-73072,2026-06-11 08:04:00,PKF,fb,paid_social,PKF_US_Meta_Conversions,MQL,
L-79343,2026-06-05 08:19:00,NMB,google,cpc,NMB_US_Search_Brand_2026Q2,MQL,
L-80817,2026-06-14 15:26:00,PKF,TikTok,paid_social,PKF_TikTok_Spark_2026Q2,Lead,
L-70718,2026-07-06 14:13:00,AUR,fb,paid_social,AUR_US_Meta_Prospecting_2026Q2,MQL,
L-82099,2026-07-02 08:39:00,NMB,google,paid_social,(not set),Lead,
L-81638,2026-05-22 14:40:00,PKF,google,paid_social,(not set),Lead,
L-75604,2026-05-13 11:36:00,NMB,fb,paid_social,NMB_US_Meta_Retargeting_2026Q2,Lead,
L-80209,2026-05-26 22:56:00,AUR,,,,Lead,
L-70031,2026-05-05 17:50:00,AUR,,,,Closed Won,5200
L-78492,2026-07-17 18:51:00,PKF,google,cpc,PKF_US_Search_Brand_2026Q2,MQL,
L-79135,2026-05-08 22:16:00,NMB,google,cpc,NMB_US_Search_Brand_2026Q2,Lead,
L-79199,2026-05-17 12:10:00,NMB,Google Ads,cpc,NMB_US_Search_Brand_2026Q2,Lead,
L-73335,2026-06-27 11:09:00,PKF,Facebook,paid_social,PKF_US_Meta_Conversions,Lead,
L-78964,2026-07-05 13:46:00,PKF,google,cpc,pkf|nonbrand|search|may26,MQL,
L-71307,2026-05-20 15:19:00,AUR,,,,Lead,
L-76941,2026-07-23 19:34:00,AUR,Google Ads,cpc,AUR_US_Search_Brand_2026Q2,Lead,
L-81024,2026-07-14 14:06:00,PKF,TikTok,paid_social,PKF_TikTok_Spark_2026Q2,Closed Won,8800
L-75520,2026-05-06 18:52:00,NMB,paid_social,paid_social,NMB_US_Meta_Retargeting_2026Q2,Lead,
L-70892,2026-07-20 12:01:00,AUR,,,,Lead,
L-76878,2026-07-17 09:40:00,AUR,,,,MQL,
L-80830,2026-06-15 18:43:00,PKF,tiktok,paid_social,PKF_TikTok_Spark_2026Q2,Lead,
L-74752,2026-05-27 09:05:00,NMB,paid_social,paid_social,NMB_US_Meta_Prospecting_2026Q2,SQL,
L-77845,2026-06-04 20:46:00,PKF,google,cpc,PKF_US_Search_Brand_2026Q2,Closed Won,2400
L-75686,2026-05-23 12:27:00,NMB,fb,paid_social,NMB_US_Meta_Retargeting_2026Q2,MQL,
L-72762,2026-05-20 12:10:00,PKF,meta,paid_social,PKF_US_Meta_Conversions,MQL,
L-76779,2026-07-02 08:35:00,AUR,google,cpc,AUR_US_Search_Brand_2026Q2,MQL,
L-82203,2026-07-12 13:55:00,PKF,google,paid_social,(not set),MQL,
L-74190,2026-06-19 18:06:00,PKF,Facebook,paid_social,PKF_CA_Meta_Prospecting,Closed Won,3600
L-76578,2026-06-05 20:09:00,AUR,,,,SQL,
L-75586,2026-05-13 09:30:00,NMB,facebook,paid_social,NMB_US_Meta_Retargeting_2026Q2,SQL,
L-80546,2026-05-09 20:53:00,PKF,TikTok,paid_social,PKF_TikTok_Spark_2026Q2,Lead,
L-81640,2026-05-22 09:14:00,NMB,google,paid_social,(not set),Lead,
L-70034,2026-05-07 11:42:00,AUR,,,,Lead,
L-80859,2026-06-22 19:05:00,PKF,TikTok,paid_social,PKF_TikTok_Spark_2026Q2,Closed Won,1900
L-80897,2026-06-27 08:39:00,PKF,TikTok,paid_social,PKF_TikTok_Spark_2026Q2,Closed Won,5200
L-71101,2026-05-06 20:08:00,AUR,,,,Lead,
L-81725,2026-05-30 18:24:00,AUR,,,,MQL,
L-79499,2026-06-22 15:03:00,NMB,google,cpc,NMB_US_Search_Brand_2026Q2,MQL,
L-81842,2026-06-09 22:56:00,NMB,google,paid_social,(not set),Lead,
L-71979,2026-07-17 16:41:00,AUR,paid_social,paid_social,AUR_EU_Meta_Retargeting_2026Q2,Lead,
L-76398,2026-05-14 14:35:00,AUR,,,,Lead,
L-78361,2026-07-09 10:31:00,PKF,Google Ads,cpc,PKF_US_Search_Brand_2026Q2,SQL,
L-70519,2026-06-20 13:35:00,AUR,paid_social,paid_social,AUR_US_Meta_Prospecting_2026Q2,Lead,
L-80626,2026-05-20 20:42:00,PKF,TikTok,paid_social,PKF_TikTok_Spark_2026Q2,Lead,
L-70265,2026-05-29 08:57:00,AUR,,,,MQL,
L-73630,2026-07-16 15:47:00,PKF,fb,paid_social,PKF_US_Meta_Conversions,Lead,
L-72187,2026-05-22 17:12:00,AUR,,,,Lead,
L-81451,2026-05-06 14:17:00,PKF,google,paid_social,(not set),Lead,
L-76973,2026-07-28 22:25:00,AUR,,,,Lead,
L-80035,2026-07-26 19:27:00,NMB,google,cpc,NMB_US_PMax_2026Q2,Lead,
L-70219,2026-05-22 20:39:00,AUR,,,,Lead,
L-73390,2026-07-02 15:34:00,PKF,Facebook,paid_social,PKF_US_Meta_Conversions,SQL,
L-74211,2026-06-24 12:19:00,PKF,facebook,paid_social,PKF_CA_Meta_Prospecting,Lead,
L-73793,2026-07-27 20:01:00,PKF,paid_social,paid_social,PKF_US_Meta_Conversions,SQL,
L-82158,2026-07-07 15:29:00,NMB,,,,SQL,
L-77044,2026-05-13 13:31:00,AUR,,,,MQL,
L-75704,2026-05-24 22:09:00,NMB,Facebook,paid_social,NMB_US_Meta_Retargeting_2026Q2,MQL,
L-71111,2026-05-04 15:23:00,AUR,,,,Lead,
L-72036,2026-07-23 14:10:00,AUR,Facebook,paid_social,AUR_EU_Meta_Retargeting_2026Q2,Lead,
L-79349,2026-06-05 15:04:00,NMB,Google Ads,cpc,NMB_US_Search_Brand_2026Q2,SQL,
L-70716,2026-07-08 16:58:00,AUR,,,,Lead,
L-74643,2026-05-18 08:12:00,NMB,paid_social,paid_social,NMB_US_Meta_Prospecting_2026Q2,Lead,
L-72843,2026-05-26 17:52:00,PKF,fb,paid_social,PKF_US_Meta_Conversions,Lead,
L-78340,2026-07-08 15:29:00,PKF,Google Ads,cpc,PKF_US_Search_Brand_2026Q2,MQL,
L-77533,2026-05-14 15:16:00,PKF,google,cpc,PKF_US_Search_Brand_2026Q2,MQL,
L-71416,2026-05-29 22:04:00,AUR,,,,Lead,
L-79757,2026-07-20 18:09:00,NMB,Google Ads,cpc,NMB_US_Search_Brand_2026Q2,Closed Won,2400
L-79626,2026-07-06 21:13:00,NMB,,,,SQL,
L-72239,2026-06-04 15:13:00,AUR,,,,Lead,
L-73875,2026-05-04 22:14:00,PKF,fb,paid_social,PKF_CA_Meta_Prospecting,Lead,
L-80952,2026-07-03 09:26:00,PKF,tiktok,paid_social,PKF_TikTok_Spark_2026Q2,MQL,
L-75199,2026-07-08 10:09:00,NMB,,,,Lead,
L-72356,2026-07-07 15:55:00,AUR,,,,MQL,
L-80234,2026-06-03 22:46:00,AUR,tiktok,paid_social,AUR_TikTok_Prospecting_2026Q2,Lead,
L-76595,2026-06-08 12:32:00,AUR,,,,MQL,
L-79315,2026-05-31 12:47:00,NMB,adwords,cpc,NMB_US_Search_Brand_2026Q2,SQL,
L-78771,2026-05-16 09:05:00,PKF,,,,SQL,
L-74483,2026-05-03 14:02:00,NMB,facebook,paid_social,NMB_US_Meta_Prospecting_2026Q2,MQL,
L-74113,2026-06-08 19:18:00,PKF,,,,Closed Won,2400
L-76359,2026-05-09 09:49:00,AUR,google,cpc,AUR_US_Search_Brand_2026Q2,Closed Won,8800
L-74740,2026-05-26 08:00:00,NMB,facebook,paid_social,NMB_US_Meta_Prospecting_2026Q2,Lead,
L-71424,2026-05-30 19:34:00,AUR,,,,SQL,
L-80313,2026-06-19 22:43:00,AUR,,,,SQL,
L-70411,2026-06-12 20:05:00,AUR,,,,Lead,
L-72280,2026-06-18 21:26:00,AUR,,,,MQL,
L-80737,2026-06-05 19:25:00,PKF,TikTok,paid_social,PKF_TikTok_Spark_2026Q2,Lead,
L-77025,2026-05-07 18:47:00,AUR,adwords,cpc,AUR_EU_Search_NonBrand_2026Q2,Closed Won,1900
L-74842,2026-06-06 10:02:00,NMB,meta,paid_social,NMB_US_Meta_Prospecting_2026Q2,Lead,
L-74473,2026-05-04 12:04:00,NMB,paid_social,paid_social,NMB_US_Meta_Prospecting_2026Q2,Lead,
L-74492,2026-05-03 17:12:00,NMB,fb,paid_social,NMB_US_Meta_Prospecting_2026Q2,MQL,
L-80004,2026-07-05 19:29:00,NMB,google,cpc,NMB_US_PMax_2026Q2,SQL,
L-75579,2026-05-12 17:48:00,NMB,Facebook,paid_social,NMB_US_Meta_Retargeting_2026Q2,Lead,
L-70263,2026-05-27 12:01:00,AUR,fb,paid_social,AUR_US_Meta_Prospecting_2026Q2,MQL,
L-74436,2026-07-25 12:00:00,PKF,,,,Lead,
L-75641,2026-05-20 16:51:00,NMB,paid_social,paid_social,NMB_US_Meta_Retargeting_2026Q2,Lead,
L-74379,2026-07-16 16:11:00,PKF,paid_social,paid_social,PKF_CA_Meta_Prospecting,Lead,
L-70539,2026-06-25 15:25:00,AUR,,,,Lead,
L-75608,2026-05-16 15:22:00,NMB,paid_social,paid_social,NMB_US_Meta_Retargeting_2026Q2,Lead,
L-74343,2026-07-15 21:05:00,PKF,,,,MQL,
L-71696,2026-06-24 15:38:00,AUR,,,,Lead,
L-79936,2026-06-02 12:58:00,NMB,google,cpc,NMB_US_PMax_2026Q2,SQL,
L-79363,2026-06-06 16:21:00,NMB,google,cpc,NMB_US_Search_Brand_2026Q2,Lead,
L-73402,2026-07-03 22:51:00,PKF,Facebook,paid_social,PKF_US_Meta_Conversions,Lead,
L-76436,2026-05-19 08:24:00,AUR,,,,MQL,
L-78603,2026-07-25 18:48:00,PKF,google,cpc,PKF_US_Search_Brand_2026Q2,Lead,
L-70116,2026-05-14 14:48:00,AUR,fb,paid_social,AUR_US_Meta_Prospecting_2026Q2,Lead,
L-72319,2026-06-30 22:58:00,AUR,,,,Lead,
L-77720,2026-05-27 22:00:00,PKF,,,,SQL,
L-78719,2026-05-04 16:16:00,PKF,adwords,cpc,pkf|nonbrand|search|may26,MQL,
L-79488,2026-06-21 18:31:00,NMB,Google Ads,cpc,NMB_US_Search_Brand_2026Q2,Lead,
L-73044,2026-06-10 13:53:00,PKF,facebook,paid_social,PKF_US_Meta_Conversions,Lead,
L-75462,2026-07-31 19:04:00,NMB,meta,paid_social,NMB_US_Meta_Prospecting_2026Q2,Lead,
L-72081,2026-07-27 13:35:00,AUR,fb,paid_social,AUR_EU_Meta_Retargeting_2026Q2,MQL,
L-76303,2026-05-03 21:38:00,AUR,,,,SQL,
L-74661,2026-05-19 17:33:00,NMB,Facebook,paid_social,NMB_US_Meta_Prospecting_2026Q2,MQL,
L-75780,2026-06-04 20:56:00,NMB,facebook,paid_social,NMB_US_Meta_Retargeting_2026Q2,Lead,
L-78980,2026-07-09 12:27:00,PKF,google,cpc,pkf|nonbrand|search|may26,Lead,
L-80319,2026-06-21 13:02:00,AUR,,,,Lead,
L-76362,2026-05-11 14:12:00,AUR,,,,Lead,
L-70280,2026-05-30 18:38:00,AUR,Facebook,paid_social,AUR_US_Meta_Prospecting_2026Q2,Lead,
L-81759,2026-06-02 09:32:00,AUR,,,,Lead,
L-74952,2026-06-14 19:07:00,NMB,Facebook,paid_social,NMB_US_Meta_Prospecting_2026Q2,MQL,
L-78106,2026-06-22 13:42:00,PKF,Google Ads,cpc,PKF_US_Search_Brand_2026Q2,Closed Won,8800
L-82337,2026-07-24 16:07:00,AUR,google,paid_social,(not set),SQL,
L-76356,2026-05-09 16:10:00,AUR,,,,Lead,
L-73735,2026-07-24 09:27:00,PKF,fb,paid_social,PKF_US_Meta_Conversions,Lead,
L-77290,2026-07-09 10:38:00,AUR,,,,Lead,
L-73034,2026-06-08 08:05:00,PKF,facebook,paid_social,PKF_US_Meta_Conversions,Lead,
L-78204,2026-06-27 14:18:00,PKF,google,cpc,PKF_US_Search_Brand_2026Q2,MQL,
L-70271,2026-05-29 19:04:00,AUR,,,,MQL,
L-71946,2026-07-16 11:14:00,AUR,,,,Lead,
L-74120,2026-06-09 20:47:00,PKF,Facebook,paid_social,PKF_CA_Meta_Prospecting,SQL,
L-81587,2026-05-18 08:01:00,PKF,,,,Lead,
L-81692,2026-05-27 14:24:00,NMB,google,paid_social,(not set),SQL,
L-70375,2026-06-10 16:58:00,AUR,,,,Lead,
L-74317,2026-07-08 20:55:00,PKF,,,,Lead,
L-70618,2026-06-30 20:51:00,AUR,Facebook,paid_social,AUR_US_Meta_Prospecting_2026Q2,MQL,
L-79407,2026-06-10 22:34:00,NMB,adwords,cpc,NMB_US_Search_Brand_2026Q2,Lead,
L-81831,2026-06-09 15:03:00,AUR,,,,Lead,
L-71449,2026-06-01 18:38:00,AUR,,,,Closed Won,5200
L-71321,2026-05-21 08:17:00,AUR,meta,paid_social,AUR_EU_Meta_Retargeting_2026Q2,Lead,
L-74022,2026-05-21 13:17:00,PKF,Facebook,paid_social,PKF_CA_Meta_Prospecting,Lead,
L-74945,2026-06-14 22:10:00,NMB,Facebook,paid_social,NMB_US_Meta_Prospecting_2026Q2,MQL,
L-73642,2026-07-16 11:00:00,PKF,meta,paid_social,PKF_US_Meta_Conversions,Lead,
L-70129,2026-05-15 21:04:00,AUR,Facebook,paid_social,AUR_US_Meta_Prospecting_2026Q2,MQL,
L-81509,2026-05-12 23:27:00,AUR,google,paid_social,(not set),Closed Won,1900
L-78941,2026-06-27 09:48:00,PKF,google,cpc,pkf|nonbrand|search|may26,Lead,
L-71582,2026-06-12 19:20:00,AUR,paid_social,paid_social,AUR_EU_Meta_Retargeting_2026Q2,Lead,
L-71891,2026-07-10 20:43:00,AUR,,,,Lead,
L-80541,2026-05-09 12:52:00,PKF,TikTok,paid_social,PKF_TikTok_Spark_2026Q2,Lead,
L-70946,2026-07-22 21:22:00,AUR,,,,Lead,
L-77853,2026-06-06 12:32:00,PKF,google,cpc,PKF_US_Search_Brand_2026Q2,MQL,
L-73243,2026-06-23 08:51:00,PKF,facebook,paid_social,PKF_US_Meta_Conversions,Lead,
L-74378,2026-07-16 15:19:00,PKF,meta,paid_social,PKF_CA_Meta_Prospecting,Lead,
L-76390,2026-05-14 16:00:00,AUR,,,,Closed Won,1900
L-78435,2026-07-14 15:41:00,PKF,google,cpc,PKF_US_Search_Brand_2026Q2,MQL,
L-80098,2026-05-25 18:28:00,PKF,adwords,cpc,PKF_US_Video_Test_C,SQL,
L-75761,2026-05-31 10:36:00,NMB,fb,paid_social,NMB_US_Meta_Retargeting_2026Q2,Lead,
L-72505,2026-05-06 13:17:00,PKF,facebook,paid_social,PKF_US_Meta_Conversions,Lead,
L-73946,2026-05-12 21:26:00,PKF,,,,Lead,
L-75978,2026-06-29 22:31:00,NMB,paid_social,paid_social,NMB_US_Meta_Retargeting_2026Q2,MQL,
L-74008,2026-05-20 09:02:00,PKF,Facebook,paid_social,PKF_CA_Meta_Prospecting,Lead,
L-72516,2026-05-07 09:42:00,PKF,Facebook,paid_social,PKF_US_Meta_Conversions,Lead,
L-73336,2026-06-26 14:39:00,PKF,facebook,paid_social,PKF_US_Meta_Conversions,Lead,
L-78166,2026-06-26 12:37:00,PKF,google,cpc,PKF_US_Search_Brand_2026Q2,Closed Won,3600
L-70381,2026-06-10 08:06:00,AUR,paid_social,paid_social,AUR_US_Meta_Prospecting_2026Q2,MQL,
L-71395,2026-05-27 16:03:00,AUR,facebook,paid_social,AUR_EU_Meta_Retargeting_2026Q2,Lead,
L-81038,2026-07-16 12:50:00,PKF,TikTok,paid_social,PKF_TikTok_Spark_2026Q2,Lead,
L-81216,2026-05-18 08:07:00,NMB,tiktok,paid_social,NMB_TikTok_Prospecting_2026Q2,Lead,
L-75440,2026-07-29 21:23:00,NMB,fb,paid_social,NMB_US_Meta_Prospecting_2026Q2,MQL,
L-81756,2026-06-02 10:35:00,AUR,google,paid_social,(not set),MQL,
L-74953,2026-06-15 14:12:00,NMB,Facebook,paid_social,NMB_US_Meta_Prospecting_2026Q2,Lead,
L-73706,2026-07-21 19:26:00,PKF,,,,Lead,
L-77107,2026-05-26 16:43:00,AUR,adwords,cpc,AUR_EU_Search_NonBrand_2026Q2,MQL,
L-72164,2026-05-16 09:43:00,AUR,,,,Lead,
L-72710,2026-05-17 11:17:00,PKF,,,,MQL,
L-78437,2026-07-15 12:10:00,PKF,google,cpc,PKF_US_Search_Brand_2026Q2,SQL,
L-76330,2026-05-05 10:47:00,AUR,Google Ads,cpc,AUR_US_Search_Brand_2026Q2,Lead,
L-73388,2026-06-30 15:14:00,PKF,paid_social,paid_social,PKF_US_Meta_Conversions,Lead,
L-70867,2026-07-16 08:01:00,AUR,,,,Lead,
L-77301,2026-07-13 16:14:00,AUR,,,,Lead,
L-82169,2026-07-08 08:38:00,NMB,google,paid_social,(not set),MQL,
L-72919,2026-06-02 15:59:00,PKF,meta,paid_social,PKF_US_Meta_Conversions,Lead,
L-71011,2026-07-28 18:51:00,AUR,,,,Lead,
L-71345,2026-05-24 22:43:00,AUR,Facebook,paid_social,AUR_EU_Meta_Retargeting_2026Q2,MQL,
L-77977,2026-06-14 17:06:00,PKF,adwords,cpc,PKF_US_Search_Brand_2026Q2,Lead,
L-72224,2026-06-01 19:17:00,AUR,,,,Lead,
L-76951,2026-07-24 15:09:00,AUR,google,cpc,AUR_US_Search_Brand_2026Q2,Lead,
L-80422,2026-07-14 21:01:00,AUR,tiktok,paid_social,AUR_TikTok_Prospecting_2026Q2,Lead,
L-75624,2026-05-17 13:17:00,NMB,meta,paid_social,NMB_US_Meta_Retargeting_2026Q2,Lead,
L-77570,2026-05-15 22:45:00,PKF,google,cpc,PKF_US_Search_Brand_2026Q2,Lead,
L-80056,2026-06-04 16:02:00,NMB,,,,Lead,
L-82127,2026-07-05 09:27:00,NMB,google,paid_social,(not set),MQL,
L-81783,2026-06-03 12:10:00,NMB,google,paid_social,(not set),Lead,
L-79689,2026-07-12 09:36:00,NMB,adwords,cpc,NMB_US_Search_Brand_2026Q2,MQL,
L-73084,2026-06-12 22:55:00,PKF,fb,paid_social,PKF_US_Meta_Conversions,Lead,
L-77594,2026-05-19 17:20:00,PKF,google,cpc,PKF_US_Search_Brand_2026Q2,Lead,
L-77381,2026-05-01 11:38:00,PKF,,,,Lead,
L-73076,2026-06-10 18:14:00,PKF,meta,paid_social,PKF_US_Meta_Conversions,MQL,
L-80240,2026-06-03 13:57:00,AUR,,,,Lead,
L-74803,2026-06-03 17:24:00,NMB,facebook,paid_social,NMB_US_Meta_Prospecting_2026Q2,MQL,
L-76565,2026-06-06 15:48:00,AUR,google,cpc,AUR_US_Search_Brand_2026Q2,MQL,
L-77655,2026-05-22 12:03:00,PKF,adwords,cpc,PKF_US_Search_Brand_2026Q2,Lead,
L-70438,2026-06-14 17:49:00,AUR,facebook,paid_social,AUR_US_Meta_Prospecting_2026Q2,Lead,
L-70095,2026-05-11 15:39:00,AUR,,,,Lead,
L-70681,2026-07-03 17:07:00,AUR,meta,paid_social,AUR_US_Meta_Prospecting_2026Q2,Closed Won,2400
L-72886,2026-05-30 16:03:00,PKF,facebook,paid_social,PKF_US_Meta_Conversions,MQL,
L-71621,2026-06-15 22:02:00,AUR,facebook,paid_social,AUR_EU_Meta_Retargeting_2026Q2,Lead,
L-75495,2026-05-03 18:13:00,NMB,paid_social,paid_social,NMB_US_Meta_Retargeting_2026Q2,Lead,
L-80940,2026-07-03 22:04:00,PKF,TikTok,paid_social,PKF_TikTok_Spark_2026Q2,MQL,
L-80052,2026-05-26 12:37:00,NMB,,,,MQL,
L-71651,2026-06-20 21:41:00,AUR,Facebook,paid_social,AUR_EU_Meta_Retargeting_2026Q2,Lead,
L-77204,2026-06-17 18:12:00,AUR,,,,Lead,
L-77890,2026-06-07 08:42:00,PKF,Google Ads,cpc,PKF_US_Search_Brand_2026Q2,Lead,
L-78345,2026-07-06 08:02:00,PKF,google,cpc,PKF_US_Search_Brand_2026Q2,Lead,
L-74015,2026-05-21 20:29:00,PKF,paid_social,paid_social,PKF_CA_Meta_Prospecting,Lead,
L-81983,2026-06-22 12:00:00,PKF,google,paid_social,(not set),Lead,
L-77898,2026-06-08 09:17:00,PKF,google,cpc,PKF_US_Search_Brand_2026Q2,Lead,
L-79694,2026-07-14 16:04:00,NMB,adwords,cpc,NMB_US_Search_Brand_2026Q2,MQL,
L-78448,2026-07-15 18:11:00,PKF,,,,SQL,
L-77404,2026-05-05 13:38:00,PKF,Google Ads,cpc,PKF_US_Search_Brand_2026Q2,MQL,
L-75598,2026-05-13 15:36:00,NMB,facebook,paid_social,NMB_US_Meta_Retargeting_2026Q2,MQL,
L-79926,2026-05-27 15:56:00,NMB,Google Ads,cpc,NMB_US_PMax_2026Q2,Lead,
L-70350,2026-06-06 21:20:00,AUR,Facebook,paid_social,AUR_US_Meta_Prospecting_2026Q2,SQL,
L-71337,2026-05-22 10:31:00,AUR,,,,Lead,
L-73092,2026-06-13 10:16:00,PKF,Facebook,paid_social,PKF_US_Meta_Conversions,Lead,
L-75136,2026-06-30 16:48:00,NMB,meta,paid_social,NMB_US_Meta_Prospecting_2026Q2,Lead,
L-78791,2026-05-20 15:40:00,PKF,adwords,cpc,pkf|nonbrand|search|may26,Lead,
L-72279,2026-06-17 20:48:00,AUR,facebook,paid_social,aurelia|prospecting|meta|may26,MQL,
L-82063,2026-06-29 15:20:00,NMB,google,paid_social,(not set),Lead,
L-71427,2026-05-31 08:18:00,AUR,,,,Lead,
L-73320,2026-06-26 08:13:00,PKF,,,,Lead,
L-79573,2026-06-30 10:18:00,NMB,google,cpc,NMB_US_Search_Brand_2026Q2,Lead,
L-82266,2026-07-17 07:33:00,NMB,google,paid_social,(not set),Lead,
L-77642,2026-05-21 17:01:00,PKF,Google Ads,cpc,PKF_US_Search_Brand_2026Q2,MQL,
L-70704,2026-07-06 10:53:00,AUR,paid_social,paid_social,AUR_US_Meta_Prospecting_2026Q2,Lead,
L-72021,2026-07-21 21:21:00,AUR,facebook,paid_social,AUR_EU_Meta_Retargeting_2026Q2,Closed Won,2400
L-73209,2026-06-20 15:37:00,PKF,paid_social,paid_social,PKF_US_Meta_Conversions,Lead,
L-75336,2026-07-21 16:10:00,NMB,,,,Lead,
L-81731,2026-05-30 10:13:00,NMB,google,paid_social,(not set),Lead,
L-75551,2026-05-08 20:12:00,NMB,facebook,paid_social,NMB_US_Meta_Retargeting_2026Q2,SQL,
L-73834,2026-07-30 13:34:00,PKF,meta,paid_social,PKF_US_Meta_Conversions,MQL,
L-72751,2026-05-19 21:29:00,PKF,facebook,paid_social,PKF_US_Meta_Conversions,Lead,
L-76822,2026-07-08 15:29:00,AUR,Google Ads,cpc,AUR_US_Search_Brand_2026Q2,SQL,
L-78444,2026-07-13 11:49:00,PKF,google,cpc,PKF_US_Search_Brand_2026Q2,Lead,
L-74773,2026-05-30 17:34:00,NMB,meta,paid_social,NMB_US_Meta_Prospecting_2026Q2,Lead,
L-72846,2026-05-26 13:09:00,PKF,paid_social,paid_social,PKF_US_Meta_Conversions,Lead,
L-78454,2026-07-16 08:00:00,PKF,,,,Lead,
L-81984,2026-06-22 12:01:00,NMB,google,paid_social,(not set),SQL,
L-79801,2026-07-24 22:30:00,NMB,adwords,cpc,NMB_US_Search_Brand_2026Q2,Lead,
L-72121,2026-05-02 18:28:00,AUR,Facebook,paid_social,aurelia|prospecting|meta|may26,Lead,
L-82032,2026-06-26 07:47:00,PKF,google,paid_social,(not set),Lead,
L-81406,2026-05-02 15:49:00,PKF,google,paid_social,(not set),MQL,
L-72491,2026-05-04 13:32:00,PKF,Facebook,paid_social,PKF_US_Meta_Conversions,Lead,
L-81522,2026-05-13 18:16:00,AUR,google,paid_social,(not set),Lead,
L-80787,2026-06-11 19:53:00,PKF,tiktok,paid_social,PKF_TikTok_Spark_2026Q2,Lead,
L-77950,2026-06-12 20:46:00,PKF,adwords,cpc,PKF_US_Search_Brand_2026Q2,Lead,
L-79950,2026-06-09 13:04:00,NMB,Google Ads,cpc,NMB_US_PMax_2026Q2,Lead,
L-74767,2026-05-31 15:40:00,NMB,Facebook,paid_social,NMB_US_Meta_Prospecting_2026Q2,Lead,
L-75278,2026-07-16 10:02:00,NMB,Facebook,paid_social,NMB_US_Meta_Prospecting_2026Q2,MQL,
L-77345,2026-07-22 11:44:00,AUR,google,cpc,AUR_EU_Search_NonBrand_2026Q2,MQL,
L-75482,2026-07-30 19:13:00,NMB,paid_social,paid_social,NMB_US_Meta_Prospecting_2026Q2,Lead,
L-74322,2026-07-08 16:56:00,PKF,,,,Lead,
L-74897,2026-06-10 15:57:00,NMB,meta,paid_social,NMB_US_Meta_Prospecting_2026Q2,Lead,
L-81763,2026-06-02 17:20:00,PKF,google,paid_social,(not set),Lead,
L-77203,2026-06-18 15:01:00,AUR,,,,Lead,
L-74565,2026-05-10 13:51:00,NMB,,,,Lead,
L-71496,2026-06-05 14:33:00,AUR,,,,Lead,
L-78058,2026-06-19 16:31:00,PKF,google,cpc,PKF_US_Search_Brand_2026Q2,Lead,
L-70819,2026-07-15 19:12:00,AUR,facebook,paid_social,AUR_US_Meta_Prospecting_2026Q2,Lead,
L-74748,2026-05-27 18:26:00,NMB,facebook,paid_social,NMB_US_Meta_Prospecting_2026Q2,MQL,
L-79839,2026-07-30 12:47:00,NMB,google,cpc,NMB_US_Search_Brand_2026Q2,Lead,
L-76525,2026-05-28 22:55:00,AUR,,,,MQL,
L-79882,2026-05-09 18:01:00,NMB,Google Ads,cpc,NMB_US_PMax_2026Q2,MQL,
L-77785,2026-05-30 19:58:00,PKF,adwords,cpc,PKF_US_Search_Brand_2026Q2,MQL,
L-72602,2026-05-12 11:27:00,PKF,Facebook,paid_social,PKF_US_Meta_Conversions,Lead,
L-79450,2026-06-15 18:08:00,NMB,,,,SQL,
L-82056,2026-06-29 07:58:00,PKF,google,paid_social,(not set),SQL,
L-81853,2026-06-10 21:49:00,NMB,google,paid_social,(not set),Lead,
L-73480,2026-07-07 12:37:00,PKF,facebook,paid_social,PKF_US_Meta_Conversions,MQL,
L-79463,2026-06-19 09:04:00,NMB,google,cpc,NMB_US_Search_Brand_2026Q2,Lead,
L-78066,2026-06-17 17:27:00,PKF,adwords,cpc,PKF_US_Search_Brand_2026Q2,MQL,
L-75539,2026-05-07 18:31:00,NMB,meta,paid_social,NMB_US_Meta_Retargeting_2026Q2,Lead,
L-72971,2026-06-04 12:50:00,PKF,,,,Lead,
L-71834,2026-07-05 16:40:00,AUR,meta,paid_social,AUR_EU_Meta_Retargeting_2026Q2,Closed Won,2400
L-74011,2026-05-22 12:13:00,PKF,,,,MQL,
L-72107,2026-07-31 15:36:00,AUR,,,,MQL,
L-70869,2026-07-17 11:38:00,AUR,fb,paid_social,AUR_US_Meta_Prospecting_2026Q2,Lead,
L-73967,2026-05-14 15:11:00,PKF,facebook,paid_social,PKF_CA_Meta_Prospecting,Lead,
L-76036,2026-07-05 17:23:00,NMB,paid_social,paid_social,NMB_US_Meta_Retargeting_2026Q2,MQL,
L-70860,2026-07-18 12:24:00,AUR,Facebook,paid_social,AUR_US_Meta_Prospecting_2026Q2,Lead,
L-82157,2026-07-07 12:37:00,NMB,google,paid_social,(not set),SQL,
L-73782,2026-07-27 22:50:00,PKF,facebook,paid_social,PKF_US_Meta_Conversions,MQL,
L-72856,2026-05-27 15:42:00,PKF,fb,paid_social,PKF_US_Meta_Conversions,Closed Won,8800
L-80472,2026-07-27 14:38:00,AUR,TikTok,paid_social,AUR_TikTok_Prospecting_2026Q2,MQL,
L-70896,2026-07-18 13:20:00,AUR,,,,Lead,
L-78804,2026-05-26 09:20:00,PKF,Google Ads,cpc,pkf|nonbrand|search|may26,Lead,
L-74744,2026-05-27 11:29:00,NMB,paid_social,paid_social,NMB_US_Meta_Prospecting_2026Q2,Lead,
L-80848,2026-06-19 21:09:00,PKF,tiktok,paid_social,PKF_TikTok_Spark_2026Q2,Lead,
L-75621,2026-05-15 10:22:00,NMB,Facebook,paid_social,NMB_US_Meta_Retargeting_2026Q2,Lead,
L-71914,2026-07-12 09:04:00,AUR,,,,Lead,
L-71429,2026-05-30 17:42:00,AUR,fb,paid_social,AUR_EU_Meta_Retargeting_2026Q2,Closed Won,2400
L-80966,2026-07-04 20:05:00,PKF,TikTok,paid_social,PKF_TikTok_Spark_2026Q2,Lead,
L-74841,2026-06-04 14:00:00,NMB,,,,Lead,
L-76377,2026-05-12 12:15:00,AUR,google,cpc,AUR_US_Search_Brand_2026Q2,Closed Won,8800
L-75730,2026-05-29 08:26:00,NMB,meta,paid_social,NMB_US_Meta_Retargeting_2026Q2,MQL,
L-71130,2026-05-06 13:57:00,AUR,fb,paid_social,AUR_EU_Meta_Retargeting_2026Q2,Lead,
L-73736,2026-07-23 08:24:00,PKF,fb,paid_social,PKF_US_Meta_Conversions,Lead,
L-70929,2026-07-22 10:25:00,AUR,,,,MQL,
L-72750,2026-05-20 22:09:00,PKF,paid_social,paid_social,PKF_US_Meta_Conversions,Lead,
L-79733,2026-07-19 14:29:00,NMB,,,,Lead,
L-75298,2026-07-16 08:04:00,NMB,fb,paid_social,NMB_US_Meta_Prospecting_2026Q2,Lead,
L-81574,2026-05-17 20:58:00,AUR,google,paid_social,(not set),MQL,
L-79750,2026-07-20 17:31:00,NMB,Google Ads,cpc,NMB_US_Search_Brand_2026Q2,SQL,
L-70627,2026-07-01 17:00:00,AUR,,,,Lead,
L-82344,2026-07-24 10:54:00,PKF,google,paid_social,(not set),Lead,
L-78577,2026-07-24 09:33:00,PKF,adwords,cpc,PKF_US_Search_Brand_2026Q2,Lead,
L-73115,2026-06-13 19:42:00,PKF,meta,paid_social,PKF_US_Meta_Conversions,MQL,
L-71644,2026-06-18 09:26:00,AUR,fb,paid_social,AUR_EU_Meta_Retargeting_2026Q2,Lead,
L-80073,2026-05-08 14:35:00,AUR,Google Ads,cpc,AUR_US_Video_Test_B,Closed Won,3600
L-77959,2026-06-12 19:06:00,PKF,adwords,cpc,PKF_US_Search_Brand_2026Q2,Lead,
L-82220,2026-07-14 16:07:00,AUR,google,paid_social,(not set),MQL,
L-77103,2026-05-24 16:42:00,AUR,Google Ads,cpc,AUR_EU_Search_NonBrand_2026Q2,Lead,
L-82285,2026-07-20 23:12:00,AUR,google,paid_social,(not set),MQL,
L-78697,2026-07-31 16:12:00,PKF,adwords,cpc,PKF_US_Search_Brand_2026Q2,MQL,
L-79673,2026-07-13 12:16:00,NMB,google,cpc,NMB_US_Search_Brand_2026Q2,MQL,
L-74950,2026-06-15 21:00:00,NMB,Facebook,paid_social,NMB_US_Meta_Prospecting_2026Q2,Lead,
L-70576,2026-06-26 21:24:00,AUR,,,,Lead,
L-77273,2026-07-04 22:31:00,AUR,,,,Lead,
L-75097,2026-06-28 15:02:00,NMB,Facebook,paid_social,NMB_US_Meta_Prospecting_2026Q2,SQL,
L-77577,2026-05-18 09:42:00,PKF,adwords,cpc,PKF_US_Search_Brand_2026Q2,Closed Won,3600
L-79859,2026-07-29 21:37:00,NMB,google,cpc,NMB_US_Search_Brand_2026Q2,Lead,
L-76816,2026-07-06 21:17:00,AUR,adwords,cpc,AUR_US_Search_Brand_2026Q2,Lead,
L-74830,2026-06-05 08:49:00,NMB,meta,paid_social,NMB_US_Meta_Prospecting_2026Q2,Lead,
L-81300,2026-06-27 12:35:00,NMB,tiktok,paid_social,NMB_TikTok_Prospecting_2026Q2,Lead,
L-72854,2026-05-27 17:35:00,PKF,facebook,paid_social,PKF_US_Meta_Conversions,Lead,
L-81529,2026-05-13 16:09:00,PKF,google,paid_social,(not set),Lead,
L-78835,2026-05-31 14:55:00,PKF,google,cpc,pkf|nonbrand|search|may26,Lead,
L-79384,2026-06-06 16:34:00,NMB,google,cpc,NMB_US_Search_Brand_2026Q2,Lead,
L-81623,2026-05-21 10:39:00,PKF,google,paid_social,(not set),Lead,
L-81152,2026-07-31 20:53:00,PKF,tiktok,paid_social,PKF_TikTok_Spark_2026Q2,MQL,
L-82076,2026-06-30 11:52:00,NMB,google,paid_social,(not set),Lead,
L-75613,2026-05-16 22:04:00,NMB,facebook,paid_social,NMB_US_Meta_Retargeting_2026Q2,Lead,
L-75639,2026-05-20 14:47:00,NMB,Facebook,paid_social,NMB_US_Meta_Retargeting_2026Q2,Lead,
L-70474,2026-06-19 12:07:00,AUR,,,,Lead,
L-77637,2026-05-22 21:15:00,PKF,Google Ads,cpc,PKF_US_Search_Brand_2026Q2,MQL,
L-73444,2026-07-05 11:03:00,PKF,meta,paid_social,PKF_US_Meta_Conversions,MQL,
L-79802,2026-07-24 08:19:00,NMB,Google Ads,cpc,NMB_US_Search_Brand_2026Q2,Lead,
L-72145,2026-05-11 18:51:00,AUR,,,,MQL,
L-73842,2026-07-29 21:49:00,PKF,meta,paid_social,PKF_US_Meta_Conversions,Lead,
L-72453,2026-05-02 10:53:00,PKF,meta,paid_social,PKF_US_Meta_Conversions,Closed Won,1900
L-72419,2026-07-28 21:43:00,AUR,,,,Lead,
L-76965,2026-07-26 11:44:00,AUR,,,,Lead,
L-73902,2026-05-08 17:36:00,PKF,meta,paid_social,PKF_CA_Meta_Prospecting,Lead,
L-74634,2026-05-18 12:49:00,NMB,facebook,paid_social,NMB_US_Meta_Prospecting_2026Q2,MQL,
L-77857,2026-06-05 22:37:00,PKF,google,cpc,PKF_US_Search_Brand_2026Q2,Lead,
L-77433,2026-05-07 09:25:00,PKF,Google Ads,cpc,PKF_US_Search_Brand_2026Q2,SQL,
L-80678,2026-05-27 20:33:00,PKF,TikTok,paid_social,PKF_TikTok_Spark_2026Q2,Lead,
L-71501,2026-06-06 09:09:00,AUR,meta,paid_social,AUR_EU_Meta_Retargeting_2026Q2,MQL,
L-70616,2026-06-30 14:09:00,AUR,fb,paid_social,AUR_US_Meta_Prospecting_2026Q2,Lead,
L-71365,2026-05-25 12:17:00,AUR,facebook,paid_social,AUR_EU_Meta_Retargeting_2026Q2,MQL,
L-74982,2026-06-16 14:05:00,NMB,,,,Lead,
L-73651,2026-07-16 14:31:00,PKF,fb,paid_social,PKF_US_Meta_Conversions,Lead,
L-74582,2026-05-12 12:09:00,NMB,meta,paid_social,NMB_US_Meta_Prospecting_2026Q2,Lead,
L-79792,2026-07-23 18:20:00,NMB,adwords,cpc,NMB_US_Search_Brand_2026Q2,Lead,
L-78067,2026-06-17 12:34:00,PKF,google,cpc,PKF_US_Search_Brand_2026Q2,Lead,
L-71108,2026-05-05 09:19:00,AUR,facebook,paid_social,AUR_EU_Meta_Retargeting_2026Q2,Lead,
L-72149,2026-05-12 14:43:00,AUR,facebook,paid_social,aurelia|prospecting|meta|may26,MQL,
L-73398,2026-07-02 10:22:00,PKF,Facebook,paid_social,PKF_US_Meta_Conversions,MQL,
L-79368,2026-06-06 14:50:00,NMB,Google Ads,cpc,NMB_US_Search_Brand_2026Q2,Lead,
L-76093,2026-07-11 08:18:00,NMB,,,,Lead,
L-80972,2026-07-07 20:19:00,PKF,tiktok,paid_social,PKF_TikTok_Spark_2026Q2,Lead,
L-79567,2026-07-02 17:51:00,NMB,Google Ads,cpc,NMB_US_Search_Brand_2026Q2,SQL,
L-70655,2026-07-03 09:58:00,AUR,Facebook,paid_social,AUR_US_Meta_Prospecting_2026Q2,Lead,
L-70632,2026-06-29 13:41:00,AUR,,,,Lead,
L-70524,2026-06-22 17:13:00,AUR,meta,paid_social,AUR_US_Meta_Prospecting_2026Q2,Lead,
L-75533,2026-05-06 12:12:00,NMB,paid_social,paid_social,NMB_US_Meta_Retargeting_2026Q2,MQL,
L-77506,2026-05-11 13:23:00,PKF,google,cpc,PKF_US_Search_Brand_2026Q2,Lead,
L-71673,2026-06-21 10:39:00,AUR,,,,MQL,
L-76449,2026-05-20 11:19:00,AUR,,,,Lead,
L-79622,2026-07-05 18:28:00,NMB,Google Ads,cpc,NMB_US_Search_Brand_2026Q2,Lead,
L-73113,2026-06-12 09:22:00,PKF,fb,paid_social,PKF_US_Meta_Conversions,Lead,
L-71995,2026-07-19 17:26:00,AUR,,,,MQL,
L-74318,2026-07-09 20:56:00,PKF,,,,Lead,
L-81051,2026-07-17 12:04:00,PKF,tiktok,paid_social,PKF_TikTok_Spark_2026Q2,Lead,
L-78103,2026-06-21 09:02:00,PKF,Google Ads,cpc,PKF_US_Search_Brand_2026Q2,Lead,
L-70300,2026-06-03 15:35:00,AUR,paid_social,paid_social,AUR_US_Meta_Prospecting_2026Q2,Lead,
L-80844,2026-06-19 10:59:00,PKF,TikTok,paid_social,PKF_TikTok_Spark_2026Q2,Lead,
L-82347,2026-07-24 07:58:00,NMB,google,paid_social,(not set),Lead,
L-81419,2026-05-04 07:51:00,AUR,google,paid_social,(not set),SQL,
L-75130,2026-07-01 21:23:00,NMB,facebook,paid_social,NMB_US_Meta_Prospecting_2026Q2,Lead,
L-75992,2026-06-29 13:33:00,NMB,paid_social,paid_social,NMB_US_Meta_Retargeting_2026Q2,Lead,
L-76060,2026-07-09 16:17:00,NMB,,,,MQL,
L-76347,2026-05-08 21:35:00,AUR,,,,MQL,
L-77582,2026-05-16 17:27:00,PKF,Google Ads,cpc,PKF_US_Search_Brand_2026Q2,SQL,
L-70249,2026-05-26 17:40:00,AUR,Facebook,paid_social,AUR_US_Meta_Prospecting_2026Q2,Lead,
L-74128,2026-06-10 21:42:00,PKF,meta,paid_social,PKF_CA_Meta_Prospecting,Closed Won,3600
L-82163,2026-07-08 23:39:00,PKF,google,paid_social,(not set),Lead,
L-73547,2026-07-10 17:30:00,PKF,,,,Lead,
L-72203,2026-05-26 19:26:00,AUR,,,,Lead,
L-75541,2026-05-08 21:07:00,NMB,meta,paid_social,NMB_US_Meta_Retargeting_2026Q2,Closed Won,1900
L-73573,2026-07-12 19:50:00,PKF,facebook,paid_social,PKF_US_Meta_Conversions,Lead,
L-81656,2026-05-24 19:02:00,PKF,google,paid_social,(not set),SQL,
L-81636,2026-05-22 23:17:00,PKF,,,,Lead,
L-77756,2026-05-28 17:50:00,PKF,adwords,cpc,PKF_US_Search_Brand_2026Q2,MQL,
L-77255,2026-06-30 09:55:00,AUR,,,,SQL,
L-73978,2026-05-16 20:42:00,PKF,paid_social,paid_social,PKF_CA_Meta_Prospecting,Lead,
L-71489,2026-06-04 17:54:00,AUR,paid_social,paid_social,AUR_EU_Meta_Retargeting_2026Q2,Lead,
L-74747,2026-05-27 20:50:00,NMB,Facebook,paid_social,NMB_US_Meta_Prospecting_2026Q2,Lead,
L-80399,2026-07-09 17:45:00,AUR,,,,Lead,
L-76270,2026-07-30 14:46:00,NMB,facebook,paid_social,NMB_US_Meta_Retargeting_2026Q2,MQL,
L-76474,2026-05-22 15:35:00,AUR,,,,SQL,
L-75716,2026-05-27 22:17:00,NMB,fb,paid_social,NMB_US_Meta_Retargeting_2026Q2,Lead,
L-81098,2026-07-22 16:45:00,PKF,TikTok,paid_social,PKF_TikTok_Spark_2026Q2,MQL,
L-71046,2026-07-31 08:43:00,AUR,paid_social,paid_social,AUR_US_Meta_Prospecting_2026Q2,MQL,
L-74524,2026-05-06 19:20:00,NMB,fb,paid_social,NMB_US_Meta_Prospecting_2026Q2,MQL,
L-81239,2026-05-25 16:06:00,NMB,tiktok,paid_social,NMB_TikTok_Prospecting_2026Q2,Lead,
L-80481,2026-07-30 19:49:00,AUR,,,,Lead,
L-74014,2026-05-22 22:27:00,PKF,meta,paid_social,PKF_CA_Meta_Prospecting,MQL,
L-82185,2026-07-10 14:58:00,PKF,google,paid_social,(not set),SQL,
L-79224,2026-05-20 22:25:00,NMB,google,cpc,NMB_US_Search_Brand_2026Q2,MQL,
L-73615,2026-07-16 10:02:00,PKF,paid_social,paid_social,PKF_US_Meta_Conversions,Lead,
L-71252,2026-05-15 22:14:00,AUR,meta,paid_social,AUR_EU_Meta_Retargeting_2026Q2,Lead,
L-75895,2026-06-19 14:41:00,NMB,facebook,paid_social,NMB_US_Meta_Retargeting_2026Q2,MQL,
L-71968,2026-07-17 15:33:00,AUR,,,,Lead,
L-71688,2026-06-23 10:06:00,AUR,Facebook,paid_social,AUR_EU_Meta_Retargeting_2026Q2,Lead,
L-78766,2026-05-15 17:00:00,PKF,google,cpc,pkf|nonbrand|search|may26,Lead,
L-72541,2026-05-07 20:03:00,PKF,facebook,paid_social,PKF_US_Meta_Conversions,SQL,
L-79239,2026-05-21 13:47:00,NMB,google,cpc,NMB_US_Search_Brand_2026Q2,Closed Won,3600
L-75323,2026-07-20 09:01:00,NMB,paid_social,paid_social,NMB_US_Meta_Prospecting_2026Q2,Closed Won,2400
L-77952,2026-06-12 10:34:00,PKF,google,cpc,PKF_US_Search_Brand_2026Q2,Lead,
L-75371,2026-07-21 19:27:00,NMB,facebook,paid_social,NMB_US_Meta_Prospecting_2026Q2,Lead,
L-80246,2026-06-03 14:23:00,AUR,TikTok,paid_social,AUR_TikTok_Prospecting_2026Q2,Lead,
L-81113,2026-07-22 10:19:00,PKF,,,,Lead,
L-70602,2026-06-29 21:22:00,AUR,paid_social,paid_social,AUR_US_Meta_Prospecting_2026Q2,Lead,
L-76283,2026-07-31 10:34:00,NMB,facebook,paid_social,NMB_US_Meta_Retargeting_2026Q2,Lead,
L-75882,2026-06-15 13:06:00,NMB,Facebook,paid_social,NMB_US_Meta_Retargeting_2026Q2,Lead,
L-72743,2026-05-20 21:06:00,PKF,fb,paid_social,PKF_US_Meta_Conversions,MQL,
L-78674,2026-07-30 11:21:00,PKF,,,,SQL,
L-70468,2026-06-18 16:41:00,AUR,,,,Lead,
L-81971,2026-06-21 10:50:00,NMB,google,paid_social,(not set),MQL,
L-77904,2026-06-08 12:32:00,PKF,adwords,cpc,PKF_US_Search_Brand_2026Q2,MQL,
L-78000,2026-06-16 13:33:00,PKF,google,cpc,PKF_US_Search_Brand_2026Q2,Lead,
L-81639,2026-05-22 22:34:00,PKF,google,paid_social,(not set),MQL,
L-77080,2026-05-21 11:04:00,AUR,google,cpc,AUR_EU_Search_NonBrand_2026Q2,Closed Won,5200
L-71745,2026-06-29 17:52:00,AUR,,,,MQL,
L-78427,2026-07-13 21:53:00,PKF,google,cpc,PKF_US_Search_Brand_2026Q2,Closed Won,5200
L-76040,2026-07-06 11:45:00,NMB,fb,paid_social,NMB_US_Meta_Retargeting_2026Q2,Lead,
L-72523,2026-05-07 10:04:00,PKF,,,,Lead,
L-75195,2026-07-07 20:37:00,NMB,fb,paid_social,NMB_US_Meta_Prospecting_2026Q2,Lead,
L-72220,2026-06-01 19:33:00,AUR,meta,paid_social,aurelia|prospecting|meta|may26,Lead,
L-75171,2026-07-06 13:31:00,NMB,paid_social,paid_social,NMB_US_Meta_Prospecting_2026Q2,MQL,
L-79876,2026-05-05 14:23:00,NMB,google,cpc,NMB_US_PMax_2026Q2,Lead,
L-79907,2026-05-21 17:22:00,NMB,,,,Lead,
L-73882,2026-05-04 08:09:00,PKF,Facebook,paid_social,PKF_CA_Meta_Prospecting,Lead,
L-81249,2026-06-05 17:25:00,NMB,TikTok,paid_social,NMB_TikTok_Prospecting_2026Q2,Lead,
L-76924,2026-07-21 09:17:00,AUR,google,cpc,AUR_US_Search_Brand_2026Q2,Lead,
L-72247,2026-06-09 09:41:00,AUR,facebook,paid_social,aurelia|prospecting|meta|may26,Lead,
L-70330,2026-06-03 08:05:00,AUR,,,,MQL,
L-80629,2026-05-21 08:55:00,PKF,tiktok,paid_social,PKF_TikTok_Spark_2026Q2,Closed Won,3600
L-73288,2026-06-26 11:36:00,PKF,,,,MQL,
L-76963,2026-07-27 13:31:00,AUR,google,cpc,AUR_US_Search_Brand_2026Q2,MQL,
L-78127,2026-06-21 15:45:00,PKF,google,cpc,PKF_US_Search_Brand_2026Q2,Lead,
L-76586,2026-06-07 14:43:00,AUR,,,,MQL,
L-80965,2026-07-06 08:37:00,PKF,TikTok,paid_social,PKF_TikTok_Spark_2026Q2,Lead,
L-75560,2026-05-09 12:30:00,NMB,fb,paid_social,NMB_US_Meta_Retargeting_2026Q2,MQL,
L-78564,2026-07-22 16:54:00,PKF,google,cpc,PKF_US_Search_Brand_2026Q2,SQL,
L-75932,2026-06-24 22:27:00,NMB,meta,paid_social,NMB_US_Meta_Retargeting_2026Q2,Lead,
L-82293,2026-07-20 08:55:00,PKF,google,paid_social,(not set),Lead,
L-79294,2026-05-27 16:30:00,NMB,,,,Lead,
L-77945,2026-06-13 14:59:00,PKF,,,,MQL,
L-72687,2026-05-17 20:54:00,PKF,paid_social,paid_social,PKF_US_Meta_Conversions,Lead,
L-73353,2026-06-30 12:51:00,PKF,Facebook,paid_social,PKF_US_Meta_Conversions,MQL,
L-72353,2026-07-08 11:28:00,AUR,,,,MQL,
L-71183,2026-05-11 18:19:00,AUR,fb,paid_social,AUR_EU_Meta_Retargeting_2026Q2,Lead,
L-77492,2026-05-12 11:59:00,PKF,google,cpc,PKF_US_Search_Brand_2026Q2,Lead,
L-80356,2026-06-30 11:41:00,AUR,,,,MQL,
L-81369,2026-07-25 14:11:00,NMB,TikTok,paid_social,NMB_TikTok_Prospecting_2026Q2,Lead,
L-70517,2026-06-20 13:34:00,AUR,,,,Lead,
L-81088,2026-07-20 12:25:00,PKF,TikTok,paid_social,PKF_TikTok_Spark_2026Q2,MQL,
L-76153,2026-07-18 18:52:00,NMB,meta,paid_social,NMB_US_Meta_Retargeting_2026Q2,MQL,
L-73488,2026-07-07 13:10:00,PKF,Facebook,paid_social,PKF_US_Meta_Conversions,MQL,
L-79213,2026-05-17 22:12:00,NMB,google,cpc,NMB_US_Search_Brand_2026Q2,Lead,
L-73196,2026-06-20 14:29:00,PKF,paid_social,paid_social,PKF_US_Meta_Conversions,MQL,
L-81650,2026-05-23 07:56:00,NMB,google,paid_social,(not set),MQL,
L-72535,2026-05-06 15:27:00,PKF,Facebook,paid_social,PKF_US_Meta_Conversions,Lead,
L-80839,2026-06-18 21:07:00,PKF,tiktok,paid_social,PKF_TikTok_Spark_2026Q2,Lead,
L-80936,2026-07-02 13:29:00,PKF,TikTok,paid_social,PKF_TikTok_Spark_2026Q2,Lead,
L-75059,2026-06-22 12:17:00,NMB,Facebook,paid_social,NMB_US_Meta_Prospecting_2026Q2,MQL,
L-74490,2026-05-03 21:17:00,NMB,paid_social,paid_social,NMB_US_Meta_Prospecting_2026Q2,MQL,
L-72177,2026-05-20 16:51:00,AUR,,,,Closed Won,1900
L-75744,2026-05-30 12:16:00,NMB,paid_social,paid_social,NMB_US_Meta_Retargeting_2026Q2,MQL,
L-75095,2026-06-28 21:57:00,NMB,meta,paid_social,NMB_US_Meta_Prospecting_2026Q2,Lead,
L-79639,2026-07-07 10:43:00,NMB,adwords,cpc,NMB_US_Search_Brand_2026Q2,Lead,
L-79779,2026-07-23 19:07:00,NMB,google,cpc,NMB_US_Search_Brand_2026Q2,MQL,
L-77749,2026-05-28 15:42:00,PKF,google,cpc,PKF_US_Search_Brand_2026Q2,MQL,
L-78175,2026-06-26 22:57:00,PKF,Google Ads,cpc,PKF_US_Search_Brand_2026Q2,Closed Won,3600
L-72262,2026-06-12 10:51:00,AUR,,,,MQL,
L-70534,2026-06-23 11:17:00,AUR,facebook,paid_social,AUR_US_Meta_Prospecting_2026Q2,SQL,
L-72914,2026-06-01 22:30:00,PKF,meta,paid_social,PKF_US_Meta_Conversions,Lead,
L-78991,2026-07-12 12:35:00,PKF,google,cpc,pkf|nonbrand|search|may26,Lead,
L-79591,2026-07-03 08:45:00,NMB,adwords,cpc,NMB_US_Search_Brand_2026Q2,Closed Won,8800
L-70542,2026-06-25 17:28:00,AUR,Facebook,paid_social,AUR_US_Meta_Prospecting_2026Q2,Lead,
L-70647,2026-06-30 13:44:00,AUR,meta,paid_social,AUR_US_Meta_Prospecting_2026Q2,MQL,
L-73121,2026-06-15 15:20:00,PKF,meta,paid_social,PKF_US_Meta_Conversions,Lead,
L-70923,2026-07-21 15:08:00,AUR,facebook,paid_social,AUR_US_Meta_Prospecting_2026Q2,MQL,
L-72730,2026-05-19 09:17:00,PKF,facebook,paid_social,PKF_US_Meta_Conversions,Lead,
L-79158,2026-05-11 19:58:00,NMB,google,cpc,NMB_US_Search_Brand_2026Q2,Lead,
L-72740,2026-05-19 21:22:00,PKF,meta,paid_social,PKF_US_Meta_Conversions,Lead,
L-78635,2026-07-27 09:19:00,PKF,Google Ads,cpc,PKF_US_Search_Brand_2026Q2,MQL,
L-81204,2026-05-14 13:45:00,NMB,tiktok,paid_social,NMB_TikTok_Prospecting_2026Q2,Lead,
L-72179,2026-05-19 17:59:00,AUR,,,,MQL,
L-80373,2026-07-02 08:36:00,AUR,,,,MQL,
L-80350,2026-06-27 15:34:00,AUR,,,,Lead,
L-76070,2026-07-08 12:20:00,NMB,,,,Lead,
L-81915,2026-06-16 16:35:00,PKF,google,paid_social,(not set),MQL,
L-71123,2026-05-07 15:06:00,AUR,,,,Lead,
L-70629,2026-06-29 19:27:00,AUR,,,,Lead,
L-72111,2026-07-29 15:44:00,AUR,Facebook,paid_social,AUR_EU_Meta_Retargeting_2026Q2,Lead,
L-70006,2026-05-01 14:29:00,AUR,paid_social,paid_social,AUR_US_Meta_Prospecting_2026Q2,SQL,
L-70287,2026-05-30 09:41:00,AUR,,,,Lead,
L-80811,2026-06-12 09:08:00,PKF,TikTok,paid_social,PKF_TikTok_Spark_2026Q2,MQL,
L-71796,2026-07-03 10:39:00,AUR,,,,MQL,
L-77008,2026-05-03 18:19:00,AUR,,,,Closed Won,1900
L-82413,2026-07-31 13:15:00,AUR,google,paid_social,(not set),Closed Won,5200
L-76733,2026-06-27 21:41:00,AUR,,,,MQL,
L-73593,2026-07-14 15:01:00,PKF,,,,Lead,
L-80237,2026-06-03 12:21:00,AUR,,,,Lead,
L-74117,2026-06-10 12:25:00,PKF,paid_social,paid_social,PKF_CA_Meta_Prospecting,Lead,
L-74467,2026-05-03 10:10:00,NMB,Facebook,paid_social,NMB_US_Meta_Prospecting_2026Q2,Lead,
L-78866,2026-06-06 15:57:00,PKF,Google Ads,cpc,pkf|nonbrand|search|may26,MQL,
L-79314,2026-06-01 20:11:00,NMB,google,cpc,NMB_US_Search_Brand_2026Q2,MQL,
L-75348,2026-07-20 09:07:00,NMB,meta,paid_social,NMB_US_Meta_Prospecting_2026Q2,Lead,
L-77362,2026-07-28 11:42:00,AUR,,,,Lead,
L-76573,2026-06-07 12:48:00,AUR,,,,Lead,
L-81596,2026-05-19 12:05:00,AUR,google,paid_social,(not set),Lead,
L-81885,2026-06-13 09:38:00,PKF,google,paid_social,(not set),Lead,
L-78128,2026-06-22 14:21:00,PKF,google,cpc,PKF_US_Search_Brand_2026Q2,Lead,
L-81123,2026-07-24 20:09:00,PKF,tiktok,paid_social,PKF_TikTok_Spark_2026Q2,MQL,
L-81567,2026-05-16 09:28:00,PKF,google,paid_social,(not set),SQL,
L-78611,2026-07-26 10:07:00,PKF,adwords,cpc,PKF_US_Search_Brand_2026Q2,SQL,
L-72494,2026-05-05 09:07:00,PKF,paid_social,paid_social,PKF_US_Meta_Conversions,Closed Won,8800
L-81442,2026-05-05 17:45:00,PKF,google,paid_social,(not set),Lead,
L-77164,2026-06-04 14:45:00,AUR,google,cpc,AUR_EU_Search_NonBrand_2026Q2,Lead,
L-77210,2026-06-18 16:45:00,AUR,Google Ads,cpc,AUR_EU_Search_NonBrand_2026Q2,Lead,
L-79982,2026-06-25 14:40:00,NMB,adwords,cpc,NMB_US_PMax_2026Q2,Lead,
L-70246,2026-05-25 11:24:00,AUR,meta,paid_social,AUR_US_Meta_Prospecting_2026Q2,Lead,
L-81307,2026-07-02 12:53:00,NMB,TikTok,paid_social,NMB_TikTok_Prospecting_2026Q2,Lead,
L-74283,2026-07-04 14:41:00,PKF,,,,Lead,
L-70377,2026-06-11 14:49:00,AUR,,,,SQL,
L-74535,2026-05-09 12:32:00,NMB,meta,paid_social,NMB_US_Meta_Prospecting_2026Q2,MQL,
L-76678,2026-06-22 13:59:00,AUR,google,cpc,AUR_US_Search_Brand_2026Q2,Lead,
L-80924,2026-06-30 21:53:00,PKF,tiktok,paid_social,PKF_TikTok_Spark_2026Q2,MQL,
L-72894,2026-05-30 21:57:00,PKF,,,,Lead,
L-70305,2026-06-03 20:16:00,AUR,Facebook,paid_social,AUR_US_Meta_Prospecting_2026Q2,MQL,
L-72420,2026-07-27 16:05:00,AUR,,,,Lead,
L-80302,2026-06-19 18:23:00,AUR,,,,MQL,
L-78100,2026-06-20 17:35:00,PKF,google,cpc,PKF_US_Search_Brand_2026Q2,Lead,
L-78917,2026-06-23 21:36:00,PKF,google,cpc,pkf|nonbrand|search|may26,MQL,
L-81240,2026-05-28 10:05:00,NMB,tiktok,paid_social,NMB_TikTok_Prospecting_2026Q2,Closed Won,3600
L-75912,2026-06-20 21:05:00,NMB,fb,paid_social,NMB_US_Meta_Retargeting_2026Q2,MQL,
L-78050,2026-06-18 21:20:00,PKF,adwords,cpc,PKF_US_Search_Brand_2026Q2,Lead,
L-79031,2026-07-21 22:33:00,PKF,google,cpc,pkf|nonbrand|search|may26,Lead,
L-77346,2026-07-23 08:19:00,AUR,,,,MQL,
L-77753,2026-05-30 22:27:00,PKF,google,cpc,PKF_US_Search_Brand_2026Q2,Lead,
L-70562,2026-06-26 21:56:00,AUR,Facebook,paid_social,AUR_US_Meta_Prospecting_2026Q2,MQL,
L-72375,2026-07-15 15:22:00,AUR,,,,Lead,
L-79555,2026-06-28 08:17:00,NMB,google,cpc,NMB_US_Search_Brand_2026Q2,Lead,
L-70733,2026-07-07 12:48:00,AUR,,,,Lead,
L-81357,2026-07-21 09:40:00,NMB,tiktok,paid_social,NMB_TikTok_Prospecting_2026Q2,Lead,
L-71763,2026-06-29 18:10:00,AUR,facebook,paid_social,AUR_EU_Meta_Retargeting_2026Q2,Lead,
L-74697,2026-05-22 15:34:00,NMB,paid_social,paid_social,NMB_US_Meta_Prospecting_2026Q2,Lead,
L-78351,2026-07-09 10:59:00,PKF,Google Ads,cpc,PKF_US_Search_Brand_2026Q2,MQL,
L-82066,2026-06-30 12:49:00,AUR,,,,Lead,
L-81044,2026-07-16 09:56:00,PKF,tiktok,paid_social,PKF_TikTok_Spark_2026Q2,SQL,
L-77490,2026-05-11 16:52:00,PKF,google,cpc,PKF_US_Search_Brand_2026Q2,Lead,
L-73497,2026-07-09 19:39:00,PKF,,,,Lead,
L-75234,2026-07-12 10:27:00,NMB,Facebook,paid_social,NMB_US_Meta_Prospecting_2026Q2,Lead,
L-77274,2026-07-04 22:28:00,AUR,Google Ads,cpc,AUR_EU_Search_NonBrand_2026Q2,Closed Won,8800
L-78033,2026-06-17 10:21:00,PKF,google,cpc,PKF_US_Search_Brand_2026Q2,Lead,
L-81019,2026-07-14 08:43:00,PKF,TikTok,paid_social,PKF_TikTok_Spark_2026Q2,SQL,
L-70180,2026-05-21 15:27:00,AUR,,,,Lead,
L-72274,2026-06-17 08:36:00,AUR,fb,paid_social,aurelia|prospecting|meta|may26,Closed Won,5200
L-76496,2026-05-25 22:32:00,AUR,google,cpc,AUR_US_Search_Brand_2026Q2,MQL,
L-73192,2026-06-19 10:25:00,PKF,,,,Lead,
L-75053,2026-06-22 17:31:00,NMB,,,,Lead,
L-79568,2026-06-30 20:00:00,NMB,Google Ads,cpc,NMB_US_Search_Brand_2026Q2,MQL,
L-74692,2026-05-23 14:41:00,NMB,,,,Lead,
L-82224,2026-07-14 17:59:00,PKF,google,paid_social,(not set),Lead,
L-70452,2026-06-15 11:48:00,AUR,facebook,paid_social,AUR_US_Meta_Prospecting_2026Q2,Lead,
L-75527,2026-05-05 15:31:00,NMB,facebook,paid_social,NMB_US_Meta_Retargeting_2026Q2,MQL,
L-79319,2026-05-31 13:58:00,NMB,google,cpc,NMB_US_Search_Brand_2026Q2,MQL,
L-79933,2026-06-02 18:59:00,NMB,adwords,cpc,NMB_US_PMax_2026Q2,Lead,
L-72345,2026-07-07 19:30:00,AUR,,,,Lead,
L-78679,2026-07-29 14:18:00,PKF,adwords,cpc,PKF_US_Search_Brand_2026Q2,Lead,
L-81155,2026-07-29 09:55:00,PKF,,,,Lead,
L-75625,2026-05-15 19:49:00,NMB,fb,paid_social,NMB_US_Meta_Retargeting_2026Q2,Lead,
L-78501,2026-07-17 13:53:00,PKF,,,,MQL,
L-76932,2026-07-21 22:29:00,AUR,adwords,cpc,AUR_US_Search_Brand_2026Q2,MQL,
L-75967,2026-06-25 12:26:00,NMB,,,,Closed Won,8800
L-72641,2026-05-15 22:05:00,PKF,meta,paid_social,PKF_US_Meta_Conversions,Lead,
L-72920,2026-05-31 22:53:00,PKF,fb,paid_social,PKF_US_Meta_Conversions,Lead,
L-80759,2026-06-06 17:02:00,PKF,TikTok,paid_social,PKF_TikTok_Spark_2026Q2,Lead,
L-77026,2026-05-07 12:33:00,AUR,google,cpc,AUR_EU_Search_NonBrand_2026Q2,Closed Won,1900
L-78623,2026-07-24 11:59:00,PKF,adwords,cpc,PKF_US_Search_Brand_2026Q2,MQL,
L-70373,2026-06-11 09:19:00,AUR,,,,Lead,
L-73334,2026-06-28 08:36:00,PKF,paid_social,paid_social,PKF_US_Meta_Conversions,Closed Won,1900
L-82128,2026-07-05 14:55:00,NMB,google,paid_social,(not set),SQL,
L-76934,2026-07-23 09:29:00,AUR,google,cpc,AUR_US_Search_Brand_2026Q2,Closed Won,8800
L-73837,2026-07-29 09:44:00,PKF,meta,paid_social,PKF_US_Meta_Conversions,Lead,
L-82260,2026-07-17 18:08:00,PKF,google,paid_social,(not set),Lead,
L-75554,2026-05-08 10:56:00,NMB,meta,paid_social,NMB_US_Meta_Retargeting_2026Q2,Lead,
L-75784,2026-06-05 20:41:00,NMB,meta,paid_social,NMB_US_Meta_Retargeting_2026Q2,MQL,
L-70056,2026-05-07 18:25:00,AUR,meta,paid_social,AUR_US_Meta_Prospecting_2026Q2,Lead,
L-75689,2026-05-23 22:55:00,NMB,meta,paid_social,NMB_US_Meta_Retargeting_2026Q2,MQL,
L-75184,2026-07-06 19:23:00,NMB,fb,paid_social,NMB_US_Meta_Prospecting_2026Q2,MQL,
L-73952,2026-05-13 09:53:00,PKF,fb,paid_social,PKF_CA_Meta_Prospecting,MQL,
L-75864,2026-06-13 17:26:00,NMB,paid_social,paid_social,NMB_US_Meta_Retargeting_2026Q2,Lead,
L-79886,2026-05-09 18:28:00,NMB,google,cpc,NMB_US_PMax_2026Q2,MQL,
L-77874,2026-06-06 14:53:00,PKF,google,cpc,PKF_US_Search_Brand_2026Q2,Lead,
L-79391,2026-06-08 15:00:00,NMB,google,cpc,NMB_US_Search_Brand_2026Q2,Lead,
L-77484,2026-05-11 21:09:00,PKF,google,cpc,PKF_US_Search_Brand_2026Q2,Closed Won,2400
L-73342,2026-06-29 22:12:00,PKF,Facebook,paid_social,PKF_US_Meta_Conversions,Lead,
L-79726,2026-07-18 11:13:00,NMB,Google Ads,cpc,NMB_US_Search_Brand_2026Q2,Lead,
L-71545,2026-06-09 15:32:00,AUR,,,,Lead,
L-78164,2026-06-24 11:11:00,PKF,google,cpc,PKF_US_Search_Brand_2026Q2,SQL,
L-72717,2026-05-18 12:06:00,PKF,paid_social,paid_social,PKF_US_Meta_Conversions,MQL,
L-78350,2026-07-09 19:33:00,PKF,google,cpc,PKF_US_Search_Brand_2026Q2,Lead,
L-74142,2026-06-12 14:39:00,PKF,paid_social,paid_social,PKF_CA_Meta_Prospecting,Lead,
L-80809,2026-06-12 20:35:00,PKF,,,,Lead,
L-79491,2026-06-21 19:03:00,NMB,adwords,cpc,NMB_US_Search_Brand_2026Q2,MQL,
L-74775,2026-05-31 16:58:00,NMB,meta,paid_social,NMB_US_Meta_Prospecting_2026Q2,Lead,
L-73980,2026-05-15 13:19:00,PKF,,,,Lead,
L-71098,2026-05-05 15:37:00,AUR,meta,paid_social,AUR_EU_Meta_Retargeting_2026Q2,Lead,
L-81102,2026-07-22 10:59:00,PKF,TikTok,paid_social,PKF_TikTok_Spark_2026Q2,Lead,
L-81289,2026-06-23 12:46:00,NMB,TikTok,paid_social,NMB_TikTok_Prospecting_2026Q2,MQL,
L-79153,2026-05-12 21:20:00,NMB,,,,Lead,
L-78125,2026-06-22 17:51:00,PKF,adwords,cpc,PKF_US_Search_Brand_2026Q2,Lead,
L-79852,2026-07-31 19:45:00,NMB,Google Ads,cpc,NMB_US_Search_Brand_2026Q2,Lead,
L-71905,2026-07-12 09:40:00,AUR,,,,Lead,
L-74196,2026-06-21 19:16:00,PKF,Facebook,paid_social,PKF_CA_Meta_Prospecting,MQL,
L-79271,2026-05-27 21:33:00,NMB,google,cpc,NMB_US_Search_Brand_2026Q2,SQL,
L-81932,2026-06-17 16:55:00,NMB,google,paid_social,(not set),SQL,
L-72037,2026-07-24 09:43:00,AUR,meta,paid_social,AUR_EU_Meta_Retargeting_2026Q2,Lead,
L-81313,2026-07-04 14:22:00,NMB,tiktok,paid_social,NMB_TikTok_Prospecting_2026Q2,Lead,
L-78680,2026-07-28 17:49:00,PKF,Google Ads,cpc,PKF_US_Search_Brand_2026Q2,Lead,
L-78958,2026-07-02 22:44:00,PKF,Google Ads,cpc,pkf|nonbrand|search|may26,Lead,
L-75491,2026-07-30 20:14:00,NMB,,,,Lead,
L-73785,2026-07-27 22:32:00,PKF,,,,Lead,
L-79394,2026-06-08 13:54:00,NMB,google,cpc,NMB_US_Search_Brand_2026Q2,Lead,
L-82296,2026-07-21 21:59:00,AUR,,,,Lead,
L-76911,2026-07-20 19:33:00,AUR,,,,Closed Won,1900
L-74639,2026-05-17 10:20:00,NMB,meta,paid_social,NMB_US_Meta_Prospecting_2026Q2,Lead,
L-73852,2026-07-31 19:15:00,PKF,fb,paid_social,PKF_US_Meta_Conversions,MQL,
L-76116,2026-07-12 19:29:00,NMB,fb,paid_social,NMB_US_Meta_Retargeting_2026Q2,MQL,
L-70675,2026-07-03 12:08:00,AUR,paid_social,paid_social,AUR_US_Meta_Prospecting_2026Q2,MQL,
L-81413,2026-05-03 08:21:00,PKF,google,paid_social,(not set),MQL,
L-72096,2026-07-29 19:47:00,AUR,facebook,paid_social,AUR_EU_Meta_Retargeting_2026Q2,Lead,
L-71562,2026-06-11 20:26:00,AUR,facebook,paid_social,AUR_EU_Meta_Retargeting_2026Q2,Lead,
L-71813,2026-07-03 12:34:00,AUR,,,,Lead,
L-81250,2026-06-05 19:17:00,NMB,tiktok,paid_social,NMB_TikTok_Prospecting_2026Q2,MQL,
L-81262,2026-06-08 14:03:00,NMB,tiktok,paid_social,NMB_TikTok_Prospecting_2026Q2,Closed Won,5200
L-81715,2026-05-29 12:34:00,PKF,google,paid_social,(not set),Lead,
L-77926,2026-06-10 10:50:00,PKF,google,cpc,PKF_US_Search_Brand_2026Q2,Closed Won,3600
L-77654,2026-05-23 22:15:00,PKF,google,cpc,PKF_US_Search_Brand_2026Q2,MQL,
L-72124,2026-05-01 09:16:00,AUR,paid_social,paid_social,aurelia|prospecting|meta|may26,Lead,
L-74224,2026-06-25 22:56:00,PKF,paid_social,paid_social,PKF_CA_Meta_Prospecting,Lead,
L-72336,2026-07-06 10:01:00,AUR,,,,Closed Won,2400
L-72349,2026-07-08 15:53:00,AUR,,,,Lead,
L-71676,2026-06-21 11:31:00,AUR,,,,Lead,
L-71196,2026-05-12 10:34:00,AUR,,,,Lead,
L-71394,2026-05-28 08:03:00,AUR,,,,Lead,
L-80195,2026-05-23 15:20:00,AUR,TikTok,paid_social,AUR_TikTok_Prospecting_2026Q2,Lead,
L-72103,2026-07-31 19:41:00,AUR,,,,MQL,
L-71381,2026-05-27 19:13:00,AUR,,,,Lead,
L-70577,2026-06-27 15:57:00,AUR,,,,Lead,
L-78095,2026-06-19 22:43:00,PKF,adwords,cpc,PKF_US_Search_Brand_2026Q2,Lead,
L-79747,2026-07-18 19:57:00,NMB,google,cpc,NMB_US_Search_Brand_2026Q2,Lead,
L-71975,2026-07-17 10:03:00,AUR,paid_social,paid_social,AUR_EU_Meta_Retargeting_2026Q2,Lead,
L-79727,2026-07-18 20:36:00,NMB,adwords,cpc,NMB_US_Search_Brand_2026Q2,SQL,
L-73796,2026-07-26 16:58:00,PKF,Facebook,paid_social,PKF_US_Meta_Conversions,Lead,
L-74276,2026-07-04 14:16:00,PKF,facebook,paid_social,PKF_CA_Meta_Prospecting,Lead,
L-73489,2026-07-06 10:06:00,PKF,meta,paid_social,PKF_US_Meta_Conversions,SQL,
L-76597,2026-06-11 19:56:00,AUR,Google Ads,cpc,AUR_US_Search_Brand_2026Q2,MQL,
L-70354,2026-06-07 13:41:00,AUR,,,,Lead,
L-71263,2026-05-17 16:31:00,AUR,,,,Lead,
L-70717,2026-07-07 22:50:00,AUR,Facebook,paid_social,AUR_US_Meta_Prospecting_2026Q2,Lead,
L-77562,2026-05-16 14:53:00,PKF,google,cpc,PKF_US_Search_Brand_2026Q2,MQL,
L-82420,2026-07-31 16:08:00,NMB,google,paid_social,(not set),MQL,
L-77829,2026-06-04 20:42:00,PKF,google,cpc,PKF_US_Search_Brand_2026Q2,Lead,
L-70112,2026-05-14 10:15:00,AUR,,,,Lead,
L-76080,2026-07-09 17:35:00,NMB,,,,Lead,
L-79688,2026-07-12 22:22:00,NMB,adwords,cpc,NMB_US_Search_Brand_2026Q2,Closed Won,3600
L-78596,2026-07-24 12:34:00,PKF,google,cpc,PKF_US_Search_Brand_2026Q2,Lead,
L-75805,2026-06-07 13:39:00,NMB,Facebook,paid_social,NMB_US_Meta_Retargeting_2026Q2,Lead,
L-71425,2026-05-30 21:00:00,AUR,facebook,paid_social,AUR_EU_Meta_Retargeting_2026Q2,Lead,
L-74934,2026-06-12 20:38:00,NMB,paid_social,paid_social,NMB_US_Meta_Prospecting_2026Q2,Lead,
L-72646,2026-05-15 08:16:00,PKF,meta,paid_social,PKF_US_Meta_Conversions,Lead,
L-77699,2026-05-26 11:19:00,PKF,adwords,cpc,PKF_US_Search_Brand_2026Q2,Lead,
L-73624,2026-07-15 11:24:00,PKF,Facebook,paid_social,PKF_US_Meta_Conversions,Lead,
L-74079,2026-06-02 20:44:00,PKF,meta,paid_social,PKF_CA_Meta_Prospecting,Lead,
L-76272,2026-07-29 18:42:00,NMB,paid_social,paid_social,NMB_US_Meta_Retargeting_2026Q2,MQL,
L-78239,2026-06-29 17:48:00,PKF,google,cpc,PKF_US_Search_Brand_2026Q2,Closed Won,3600
L-75175,2026-07-07 10:05:00,NMB,meta,paid_social,NMB_US_Meta_Prospecting_2026Q2,Lead,
L-75404,2026-07-24 16:53:00,NMB,fb,paid_social,NMB_US_Meta_Prospecting_2026Q2,Lead,
L-70318,2026-06-03 10:46:00,AUR,,,,MQL,
L-71794,2026-07-01 17:31:00,AUR,Facebook,paid_social,AUR_EU_Meta_Retargeting_2026Q2,Lead,
L-75189,2026-07-07 20:26:00,NMB,facebook,paid_social,NMB_US_Meta_Prospecting_2026Q2,Lead,
L-74485,2026-05-04 14:31:00,NMB,facebook,paid_social,NMB_US_Meta_Prospecting_2026Q2,Lead,
L-78327,2026-07-06 17:15:00,PKF,google,cpc,PKF_US_Search_Brand_2026Q2,SQL,
L-72180,2026-05-20 16:54:00,AUR,meta,paid_social,aurelia|prospecting|meta|may26,Lead,
L-80820,2026-06-14 17:40:00,PKF,tiktok,paid_social,PKF_TikTok_Spark_2026Q2,MQL,
L-78230,2026-06-28 11:36:00,PKF,Google Ads,cpc,PKF_US_Search_Brand_2026Q2,MQL,
L-82173,2026-07-09 21:22:00,AUR,google,paid_social,(not set),MQL,
L-70695,2026-07-03 11:03:00,AUR,,,,Lead,
L-76092,2026-07-09 16:38:00,NMB,,,,Lead,
L-80796,2026-06-13 09:15:00,PKF,TikTok,paid_social,PKF_TikTok_Spark_2026Q2,MQL,
L-81682,2026-05-27 19:43:00,AUR,,,,Lead,
L-78215,2026-06-28 15:04:00,PKF,adwords,cpc,PKF_US_Search_Brand_2026Q2,Lead,
L-70242,2026-05-25 22:41:00,AUR,paid_social,paid_social,AUR_US_Meta_Prospecting_2026Q2,MQL,
L-74956,2026-06-15 16:26:00,NMB,fb,paid_social,NMB_US_Meta_Prospecting_2026Q2,Lead,
L-72922,2026-05-31 12:18:00,PKF,fb,paid_social,PKF_US_Meta_Conversions,MQL,
L-75238,2026-07-11 18:11:00,NMB,,,,MQL,
L-79927,2026-05-30 17:10:00,NMB,Google Ads,cpc,NMB_US_PMax_2026Q2,SQL,
L-82143,2026-07-06 22:30:00,NMB,google,paid_social,(not set),Lead,
L-80605,2026-05-18 20:30:00,PKF,tiktok,paid_social,PKF_TikTok_Spark_2026Q2,Lead,
L-73157,2026-06-16 16:18:00,PKF,fb,paid_social,PKF_US_Meta_Conversions,MQL,
L-74857,2026-06-07 10:30:00,NMB,meta,paid_social,NMB_US_Meta_Prospecting_2026Q2,Lead,
L-70934,2026-07-23 20:26:00,AUR,paid_social,paid_social,AUR_US_Meta_Prospecting_2026Q2,MQL,
L-81977,2026-06-22 20:07:00,PKF,google,paid_social,(not set),SQL,
L-81385,2026-07-29 17:37:00,NMB,TikTok,paid_social,NMB_TikTok_Prospecting_2026Q2,Lead,
L-81534,2026-05-13 12:12:00,NMB,google,paid_social,(not set),MQL,
L-75187,2026-07-06 10:42:00,NMB,paid_social,paid_social,NMB_US_Meta_Prospecting_2026Q2,Lead,
L-70336,2026-06-05 19:20:00,AUR,facebook,paid_social,AUR_US_Meta_Prospecting_2026Q2,MQL,
L-72456,2026-05-02 20:25:00,PKF,,,,Lead,
L-70401,2026-06-12 21:22:00,AUR,,,,Lead,
L-81781,2026-06-03 21:54:00,PKF,google,paid_social,(not set),MQL,
L-78997,2026-07-13 22:10:00,PKF,google,cpc,pkf|nonbrand|search|may26,Lead,
L-76686,2026-06-23 14:10:00,AUR,,,,Lead,
L-77314,2026-07-15 11:31:00,AUR,Google Ads,cpc,AUR_EU_Search_NonBrand_2026Q2,SQL,
L-74658,2026-05-21 16:36:00,NMB,fb,paid_social,NMB_US_Meta_Prospecting_2026Q2,Lead,
L-74176,2026-06-20 15:28:00,PKF,,,,MQL,
L-71261,2026-05-17 12:19:00,AUR,facebook,paid_social,AUR_EU_Meta_Retargeting_2026Q2,Lead,
L-72987,2026-06-06 19:36:00,PKF,Facebook,paid_social,PKF_US_Meta_Conversions,Lead,
L-77139,2026-06-02 15:15:00,AUR,,,,Lead,
L-82084,2026-07-01 21:40:00,PKF,google,paid_social,(not set),Closed Won,2400
L-76506,2026-05-28 12:05:00,AUR,,,,Lead,
L-75995,2026-07-02 09:55:00,NMB,fb,paid_social,NMB_US_Meta_Retargeting_2026Q2,Lead,
L-77803,2026-05-30 14:09:00,PKF,google,cpc,PKF_US_Search_Brand_2026Q2,Closed Won,5200
L-82061,2026-06-29 08:01:00,NMB,google,paid_social,(not set),Lead,
L-75946,2026-06-24 21:36:00,NMB,facebook,paid_social,NMB_US_Meta_Retargeting_2026Q2,MQL,
L-78739,2026-05-10 14:20:00,PKF,Google Ads,cpc,pkf|nonbrand|search|may26,Lead,
L-74776,2026-05-30 12:21:00,NMB,fb,paid_social,NMB_US_Meta_Prospecting_2026Q2,Lead,
L-78099,2026-06-19 22:12:00,PKF,adwords,cpc,PKF_US_Search_Brand_2026Q2,Lead,
L-70520,2026-06-21 12:58:00,AUR,,,,Lead,
L-74267,2026-07-03 21:17:00,PKF,paid_social,paid_social,PKF_CA_Meta_Prospecting,MQL,
L-75209,2026-07-10 13:21:00,NMB,,,,Lead,
L-78527,2026-07-20 09:34:00,PKF,adwords,cpc,PKF_US_Search_Brand_2026Q2,Lead,
L-80099,2026-05-27 15:27:00,PKF,Google Ads,cpc,PKF_US_Video_Test_C,Lead,
L-79537,2026-06-27 20:19:00,NMB,google,cpc,NMB_US_Search_Brand_2026Q2,Lead,
L-80001,2026-07-04 10:54:00,NMB,google,cpc,NMB_US_PMax_2026Q2,SQL,
L-79336,2026-06-04 12:52:00,NMB,Google Ads,cpc,NMB_US_Search_Brand_2026Q2,MQL,
L-80641,2026-05-24 17:28:00,PKF,tiktok,paid_social,PKF_TikTok_Spark_2026Q2,Lead,
L-71836,2026-07-05 12:45:00,AUR,,,,Lead,
L-79704,2026-07-16 21:43:00,NMB,adwords,cpc,NMB_US_Search_Brand_2026Q2,Lead,
L-75962,2026-06-25 08:05:00,NMB,facebook,paid_social,NMB_US_Meta_Retargeting_2026Q2,Lead,
L-79157,2026-05-13 09:16:00,NMB,Google Ads,cpc,NMB_US_Search_Brand_2026Q2,Lead,
L-81401,2026-05-02 23:38:00,AUR,google,paid_social,(not set),Lead,
L-75584,2026-05-12 21:51:00,NMB,meta,paid_social,NMB_US_Meta_Retargeting_2026Q2,MQL,
L-71371,2026-05-25 18:23:00,AUR,,,,Lead,
L-82039,2026-06-27 08:29:00,PKF,google,paid_social,(not set),Lead,
L-75108,2026-06-29 18:32:00,NMB,meta,paid_social,NMB_US_Meta_Prospecting_2026Q2,SQL,
L-76372,2026-05-13 17:45:00,AUR,,,,Closed Won,1900
L-80135,2026-05-05 09:12:00,AUR,TikTok,paid_social,AUR_TikTok_Prospecting_2026Q2,Lead,
L-72475,2026-05-04 08:40:00,PKF,fb,paid_social,PKF_US_Meta_Conversions,Lead,
L-77889,2026-06-08 17:14:00,PKF,google,cpc,PKF_US_Search_Brand_2026Q2,Lead,
L-71062,2026-05-01 11:44:00,AUR,meta,paid_social,AUR_EU_Meta_Retargeting_2026Q2,Lead,
L-71795,2026-07-01 18:25:00,AUR,,,,MQL,
L-81536,2026-05-14 20:35:00,AUR,,,,Lead,
L-78049,2026-06-17 13:48:00,PKF,google,cpc,PKF_US_Search_Brand_2026Q2,MQL,
L-80282,2026-06-13 22:28:00,AUR,TikTok,paid_social,AUR_TikTok_Prospecting_2026Q2,SQL,
L-79429,2026-06-12 16:56:00,NMB,adwords,cpc,NMB_US_Search_Brand_2026Q2,Lead,
L-71088,2026-05-05 09:05:00,AUR,paid_social,paid_social,AUR_EU_Meta_Retargeting_2026Q2,MQL,
L-79820,2026-07-29 09:22:00,NMB,google,cpc,NMB_US_Search_Brand_2026Q2,MQL,
L-72444,2026-05-02 17:46:00,PKF,fb,paid_social,PKF_US_Meta_Conversions,Closed Won,2400
L-77658,2026-05-23 11:35:00,PKF,google,cpc,PKF_US_Search_Brand_2026Q2,MQL,
L-71271,2026-05-17 11:55:00,AUR,Facebook,paid_social,AUR_EU_Meta_Retargeting_2026Q2,SQL,
L-79771,2026-07-21 14:54:00,NMB,Google Ads,cpc,NMB_US_Search_Brand_2026Q2,SQL,
L-73678,2026-07-18 08:20:00,PKF,paid_social,paid_social,PKF_US_Meta_Conversions,Lead,
L-80850,2026-06-21 12:19:00,PKF,TikTok,paid_social,PKF_TikTok_Spark_2026Q2,Closed Won,1900
L-74135,2026-06-11 09:51:00,PKF,fb,paid_social,PKF_CA_Meta_Prospecting,MQL,
L-80637,2026-05-22 21:25:00,PKF,,,,MQL,
L-73887,2026-05-07 22:22:00,PKF,meta,paid_social,PKF_CA_Meta_Prospecting,MQL,
L-80019,2026-07-20 17:37:00,NMB,Google Ads,cpc,NMB_US_PMax_2026Q2,Lead,
L-81936,2026-06-18 20:09:00,PKF,google,paid_social,(not set),Lead,
L-74622,2026-05-17 17:29:00,NMB,facebook,paid_social,NMB_US_Meta_Prospecting_2026Q2,Lead,
L-78238,2026-07-01 16:47:00,PKF,google,cpc,PKF_US_Search_Brand_2026Q2,Lead,
L-77601,2026-05-19 21:30:00,PKF,google,cpc,PKF_US_Search_Brand_2026Q2,MQL,
L-82265,2026-07-17 19:02:00,NMB,google,paid_social,(not set),Lead,
L-76783,2026-07-02 18:17:00,AUR,adwords,cpc,AUR_US_Search_Brand_2026Q2,SQL,
L-74667,2026-05-21 09:00:00,NMB,,,,Lead,
L-79412,2026-06-11 15:08:00,NMB,google,cpc,NMB_US_Search_Brand_2026Q2,Lead,
L-71610,2026-06-15 22:43:00,AUR,,,,Lead,
L-76533,2026-05-30 18:32:00,AUR,google,cpc,AUR_US_Search_Brand_2026Q2,Lead,
L-79433,2026-06-13 08:25:00,NMB,adwords,cpc,NMB_US_Search_Brand_2026Q2,Lead,
L-76125,2026-07-14 15:45:00,NMB,paid_social,paid_social,NMB_US_Meta_Retargeting_2026Q2,Lead,
L-82110,2026-07-04 23:53:00,AUR,google,paid_social,(not set),Lead,
L-81252,2026-06-05 15:36:00,NMB,tiktok,paid_social,NMB_TikTok_Prospecting_2026Q2,Lead,
L-76908,2026-07-20 12:59:00,AUR,Google Ads,cpc,AUR_US_Search_Brand_2026Q2,Lead,
L-79597,2026-07-03 12:06:00,NMB,adwords,cpc,NMB_US_Search_Brand_2026Q2,SQL,
L-78016,2026-06-17 22:06:00,PKF,Google Ads,cpc,PKF_US_Search_Brand_2026Q2,Lead,
L-76168,2026-07-19 19:06:00,NMB,meta,paid_social,NMB_US_Meta_Retargeting_2026Q2,MQL,
L-72801,2026-05-22 21:39:00,PKF,paid_social,paid_social,PKF_US_Meta_Conversions,MQL,
L-76992,2026-07-31 21:34:00,AUR,adwords,cpc,AUR_US_Search_Brand_2026Q2,MQL,
L-71844,2026-07-06 12:43:00,AUR,facebook,paid_social,AUR_EU_Meta_Retargeting_2026Q2,SQL,
L-72619,2026-05-12 22:17:00,PKF,fb,paid_social,PKF_US_Meta_Conversions,Lead,
L-72326,2026-07-03 14:53:00,AUR,,,,Lead,
L-79467,2026-06-19 22:16:00,NMB,Google Ads,cpc,NMB_US_Search_Brand_2026Q2,SQL,
L-73093,2026-06-11 21:04:00,PKF,,,,Lead,
L-75767,2026-06-01 10:36:00,NMB,Facebook,paid_social,NMB_US_Meta_Retargeting_2026Q2,Lead,
L-82193,2026-07-10 18:43:00,NMB,google,paid_social,(not set),SQL,
L-76216,2026-07-24 08:04:00,NMB,fb,paid_social,NMB_US_Meta_Retargeting_2026Q2,Lead,
L-76024,2026-07-03 22:16:00,NMB,meta,paid_social,NMB_US_Meta_Retargeting_2026Q2,Lead,
L-81861,2026-06-11 11:05:00,PKF,google,paid_social,(not set),Lead,
L-74104,2026-06-07 10:55:00,PKF,meta,paid_social,PKF_CA_Meta_Prospecting,Lead,
L-70766,2026-07-09 20:23:00,AUR,,,,Lead,
L-77316,2026-07-16 15:55:00,AUR,,,,Lead,
L-73073,2026-06-12 17:18:00,PKF,fb,paid_social,PKF_US_Meta_Conversions,Lead,
L-72518,2026-05-05 11:59:00,PKF,,,,SQL,
L-72877,2026-05-29 09:32:00,PKF,,,,Lead,
L-72852,2026-05-26 16:24:00,PKF,Facebook,paid_social,PKF_US_Meta_Conversions,MQL,
L-72663,2026-05-14 21:10:00,PKF,meta,paid_social,PKF_US_Meta_Conversions,Lead,
L-71097,2026-05-04 20:30:00,AUR,,,,Lead,
L-70459,2026-06-18 09:43:00,AUR,meta,paid_social,AUR_US_Meta_Prospecting_2026Q2,SQL,
L-78650,2026-07-26 08:09:00,PKF,Google Ads,cpc,PKF_US_Search_Brand_2026Q2,Lead,
L-74910,2026-06-10 16:35:00,NMB,meta,paid_social,NMB_US_Meta_Prospecting_2026Q2,MQL,
L-77712,2026-05-27 16:51:00,PKF,adwords,cpc,PKF_US_Search_Brand_2026Q2,MQL,
L-74656,2026-05-18 19:16:00,NMB,Facebook,paid_social,NMB_US_Meta_Prospecting_2026Q2,Lead,
L-76435,2026-05-20 13:07:00,AUR,Google Ads,cpc,AUR_US_Search_Brand_2026Q2,Closed Won,1900
L-81050,2026-07-16 12:21:00,PKF,TikTok,paid_social,PKF_TikTok_Spark_2026Q2,Lead,
L-82229,2026-07-14 10:15:00,PKF,google,paid_social,(not set),Lead,
L-72207,2026-05-27 10:39:00,AUR,meta,paid_social,aurelia|prospecting|meta|may26,Lead,
L-79523,2026-06-25 19:26:00,NMB,Google Ads,cpc,NMB_US_Search_Brand_2026Q2,SQL,
L-79781,2026-07-22 12:18:00,NMB,google,cpc,NMB_US_Search_Brand_2026Q2,Lead,
L-76431,2026-05-18 12:22:00,AUR,,,,MQL,
L-76980,2026-07-28 18:57:00,AUR,adwords,cpc,AUR_US_Search_Brand_2026Q2,Lead,
L-72526,2026-05-05 18:45:00,PKF,paid_social,paid_social,PKF_US_Meta_Conversions,MQL,
L-79548,2026-06-29 22:23:00,NMB,google,cpc,NMB_US_Search_Brand_2026Q2,Lead,
L-75488,2026-07-31 15:26:00,NMB,fb,paid_social,NMB_US_Meta_Prospecting_2026Q2,Lead,
L-81338,2026-07-15 15:58:00,NMB,TikTok,paid_social,NMB_TikTok_Prospecting_2026Q2,Lead,
L-78267,2026-06-30 09:34:00,PKF,adwords,cpc,PKF_US_Search_Brand_2026Q2,Closed Won,1900
L-77600,2026-05-18 14:29:00,PKF,google,cpc,PKF_US_Search_Brand_2026Q2,SQL,
L-78280,2026-07-03 15:11:00,PKF,adwords,cpc,PKF_US_Search_Brand_2026Q2,MQL,
L-82333,2026-07-23 16:32:00,NMB,google,paid_social,(not set),Lead,
L-79160,2026-05-11 19:59:00,NMB,adwords,cpc,NMB_US_Search_Brand_2026Q2,Closed Won,8800
L-70475,2026-06-18 10:59:00,AUR,,,,SQL,
L-74659,2026-05-19 12:54:00,NMB,Facebook,paid_social,NMB_US_Meta_Prospecting_2026Q2,Lead,
L-76983,2026-07-29 19:20:00,AUR,,,,SQL,
L-74637,2026-05-19 15:46:00,NMB,paid_social,paid_social,NMB_US_Meta_Prospecting_2026Q2,Lead,
L-76531,2026-05-29 08:13:00,AUR,,,,SQL,
L-75353,2026-07-22 09:15:00,NMB,paid_social,paid_social,NMB_US_Meta_Prospecting_2026Q2,MQL,
L-70285,2026-05-31 12:08:00,AUR,facebook,paid_social,AUR_US_Meta_Prospecting_2026Q2,Lead,
L-77659,2026-05-23 17:08:00,PKF,google,cpc,PKF_US_Search_Brand_2026Q2,Lead,
L-74451,2026-07-31 12:29:00,PKF,meta,paid_social,PKF_CA_Meta_Prospecting,SQL,
L-74895,2026-06-09 08:22:00,NMB,meta,paid_social,NMB_US_Meta_Prospecting_2026Q2,Lead,
L-78012,2026-06-17 10:32:00,PKF,Google Ads,cpc,PKF_US_Search_Brand_2026Q2,Lead,
L-75923,2026-06-22 16:43:00,NMB,meta,paid_social,NMB_US_Meta_Retargeting_2026Q2,Lead,
L-78912,2026-06-21 14:28:00,PKF,Google Ads,cpc,pkf|nonbrand|search|may26,Closed Won,1900
L-73326,2026-06-28 16:54:00,PKF,paid_social,paid_social,PKF_US_Meta_Conversions,MQL,
L-79969,2026-06-23 15:15:00,NMB,,,,SQL,
L-79806,2026-07-24 20:26:00,NMB,google,cpc,NMB_US_Search_Brand_2026Q2,Lead,
L-74746,2026-05-29 20:51:00,NMB,paid_social,paid_social,NMB_US_Meta_Prospecting_2026Q2,Lead,
L-79658,2026-07-10 12:33:00,NMB,adwords,cpc,NMB_US_Search_Brand_2026Q2,Lead,
L-72531,2026-05-08 20:32:00,PKF,facebook,paid_social,PKF_US_Meta_Conversions,Lead,
L-74018,2026-05-23 16:54:00,PKF,,,,MQL,
L-71019,2026-07-29 15:22:00,AUR,,,,Lead,
L-75221,2026-07-09 14:40:00,NMB,,,,MQL,
L-79005,2026-07-16 13:45:00,PKF,google,cpc,pkf|nonbrand|search|may26,MQL,
L-82108,2026-07-03 09:47:00,NMB,google,paid_social,(not set),MQL,
L-74626,2026-05-16 22:25:00,NMB,paid_social,paid_social,NMB_US_Meta_Prospecting_2026Q2,Lead,
L-76240,2026-07-29 21:56:00,NMB,Facebook,paid_social,NMB_US_Meta_Retargeting_2026Q2,MQL,
L-71797,2026-07-01 08:13:00,AUR,,,,Lead,
L-72449,2026-05-01 10:41:00,PKF,meta,paid_social,PKF_US_Meta_Conversions,Lead,
L-79044,2026-07-25 13:48:00,PKF,adwords,cpc,pkf|nonbrand|search|may26,Lead,
L-77542,2026-05-14 17:34:00,PKF,,,,MQL,
L-70482,2026-06-18 10:54:00,AUR,paid_social,paid_social,AUR_US_Meta_Prospecting_2026Q2,MQL,
L-77583,2026-05-17 21:45:00,PKF,google,cpc,PKF_US_Search_Brand_2026Q2,MQL,
L-72072,2026-07-26 10:01:00,AUR,,,,Lead,
L-76756,2026-06-29 11:27:00,AUR,,,,Lead,
L-71499,2026-06-06 17:12:00,AUR,,,,Lead,
L-81969,2026-06-21 10:26:00,PKF,google,paid_social,(not set),MQL,
L-79264,2026-05-24 22:05:00,NMB,google,cpc,NMB_US_Search_Brand_2026Q2,Lead,
L-78483,2026-07-18 20:58:00,PKF,google,cpc,PKF_US_Search_Brand_2026Q2,Lead,
L-74326,2026-07-11 10:25:00,PKF,,,,Lead,
L-77700,2026-05-25 16:02:00,PKF,adwords,cpc,PKF_US_Search_Brand_2026Q2,SQL,
L-70092,2026-05-13 20:12:00,AUR,,,,Lead,
L-79354,2026-06-04 08:50:00,NMB,adwords,cpc,NMB_US_Search_Brand_2026Q2,Lead,
L-78111,2026-06-20 17:33:00,PKF,google,cpc,PKF_US_Search_Brand_2026Q2,SQL,
L-70797,2026-07-11 14:37:00,AUR,,,,Lead,
L-73003,2026-06-07 15:42:00,PKF,fb,paid_social,PKF_US_Meta_Conversions,Lead,
L-79128,2026-05-09 14:35:00,NMB,google,cpc,NMB_US_Search_Brand_2026Q2,Closed Won,8800
L-72426,2026-07-30 20:26:00,AUR,paid_social,paid_social,aurelia|prospecting|meta|may26,Lead,
L-76072,2026-07-08 10:48:00,NMB,,,,MQL,
L-73191,2026-06-20 16:46:00,PKF,fb,paid_social,PKF_US_Meta_Conversions,MQL,
L-79606,2026-07-06 09:12:00,NMB,google,cpc,NMB_US_Search_Brand_2026Q2,Lead,
L-77435,2026-05-05 11:54:00,PKF,adwords,cpc,PKF_US_Search_Brand_2026Q2,Lead,
L-72377,2026-07-15 14:39:00,AUR,Facebook,paid_social,aurelia|prospecting|meta|may26,SQL,
L-77039,2026-05-12 15:23:00,AUR,adwords,cpc,AUR_EU_Search_NonBrand_2026Q2,Closed Won,5200
L-76488,2026-05-26 16:08:00,AUR,google,cpc,AUR_US_Search_Brand_2026Q2,Closed Won,3600
L-74716,2026-05-24 12:39:00,NMB,Facebook,paid_social,NMB_US_Meta_Prospecting_2026Q2,Lead,
L-73331,2026-06-27 22:07:00,PKF,facebook,paid_social,PKF_US_Meta_Conversions,MQL,
L-73358,2026-06-30 16:19:00,PKF,meta,paid_social,PKF_US_Meta_Conversions,Lead,
L-74191,2026-06-20 08:27:00,PKF,facebook,paid_social,PKF_CA_Meta_Prospecting,MQL,
L-73448,2026-07-05 19:30:00,PKF,fb,paid_social,PKF_US_Meta_Conversions,MQL,
L-71522,2026-06-09 10:01:00,AUR,,,,MQL,
L-71747,2026-06-28 17:02:00,AUR,,,,Lead,
L-79752,2026-07-19 10:54:00,NMB,adwords,cpc,NMB_US_Search_Brand_2026Q2,Closed Won,1900
L-75521,2026-05-05 17:33:00,NMB,meta,paid_social,NMB_US_Meta_Retargeting_2026Q2,Lead,
L-77869,2026-06-07 12:10:00,PKF,,,,Lead,
L-71014,2026-07-27 20:00:00,AUR,,,,Lead,
L-72683,2026-05-17 18:00:00,PKF,Facebook,paid_social,PKF_US_Meta_Conversions,MQL,
L-70136,2026-05-17 19:07:00,AUR,,,,MQL,
L-81162,2026-07-31 13:27:00,PKF,tiktok,paid_social,PKF_TikTok_Spark_2026Q2,SQL,
L-80266,2026-06-11 19:54:00,AUR,tiktok,paid_social,AUR_TikTok_Prospecting_2026Q2,Lead,
L-81940,2026-06-18 19:41:00,PKF,google,paid_social,(not set),Lead,
L-76219,2026-07-23 08:58:00,NMB,fb,paid_social,NMB_US_Meta_Retargeting_2026Q2,Lead,
L-73048,2026-06-08 12:07:00,PKF,fb,paid_social,PKF_US_Meta_Conversions,Lead,
L-80336,2026-06-23 10:20:00,AUR,,,,Lead,
L-75721,2026-05-28 20:53:00,NMB,facebook,paid_social,NMB_US_Meta_Retargeting_2026Q2,Lead,
L-81380,2026-07-28 10:38:00,NMB,TikTok,paid_social,NMB_TikTok_Prospecting_2026Q2,Lead,
L-75659,2026-05-21 09:06:00,NMB,meta,paid_social,NMB_US_Meta_Retargeting_2026Q2,Lead,
L-73059,2026-06-11 16:33:00,PKF,fb,paid_social,PKF_US_Meta_Conversions,Lead,
L-78219,2026-06-27 20:06:00,PKF,google,cpc,PKF_US_Search_Brand_2026Q2,Lead,
L-72722,2026-05-18 18:28:00,PKF,fb,paid_social,PKF_US_Meta_Conversions,Lead,
L-76054,2026-07-08 12:29:00,NMB,,,,Lead,
L-82097,2026-07-02 23:49:00,PKF,,,,Lead,
L-81323,2026-07-09 13:48:00,NMB,TikTok,paid_social,NMB_TikTok_Prospecting_2026Q2,Lead,
L-71115,2026-05-05 15:01:00,AUR,fb,paid_social,AUR_EU_Meta_Retargeting_2026Q2,Lead,
L-74601,2026-05-14 14:23:00,NMB,facebook,paid_social,NMB_US_Meta_Prospecting_2026Q2,MQL,
L-82017,2026-06-25 13:43:00,PKF,google,paid_social,(not set),MQL,
L-76981,2026-07-28 08:08:00,AUR,Google Ads,cpc,AUR_US_Search_Brand_2026Q2,Lead,
L-76387,2026-05-14 11:18:00,AUR,,,,Lead,
L-70478,2026-06-19 13:09:00,AUR,,,,MQL,
L-74182,2026-06-19 13:29:00,PKF,paid_social,paid_social,PKF_CA_Meta_Prospecting,Lead,
L-81990,2026-06-23 17:59:00,AUR,,,,SQL,
L-79321,2026-06-03 22:40:00,NMB,,,,Lead,
L-74030,2026-05-22 11:35:00,PKF,facebook,paid_social,PKF_CA_Meta_Prospecting,Lead,
L-73948,2026-05-14 12:21:00,PKF,paid_social,paid_social,PKF_CA_Meta_Prospecting,MQL,
L-71305,2026-05-21 09:26:00,AUR,,,,Lead,
L-82328,2026-07-23 12:53:00,PKF,google,paid_social,(not set),Lead,
L-74627,2026-05-17 13:43:00,NMB,paid_social,paid_social,NMB_US_Meta_Prospecting_2026Q2,Lead,
L-71574,2026-06-11 14:01:00,AUR,,,,Lead,
L-73935,2026-05-13 18:45:00,PKF,meta,paid_social,PKF_CA_Meta_Prospecting,Lead,
L-73509,2026-07-09 13:26:00,PKF,,,,Lead,
L-76069,2026-07-07 22:04:00,NMB,,,,Lead,
L-80522,2026-05-07 09:36:00,PKF,tiktok,paid_social,PKF_TikTok_Spark_2026Q2,MQL,
L-80081,2026-06-25 13:46:00,AUR,,,,SQL,
L-76905,2026-07-17 20:21:00,AUR,google,cpc,AUR_US_Search_Brand_2026Q2,Lead,
L-80226,2026-05-29 20:48:00,AUR,tiktok,paid_social,AUR_TikTok_Prospecting_2026Q2,Lead,
L-71609,2026-06-14 10:34:00,AUR,,,,Lead,
L-74863,2026-06-06 14:25:00,NMB,fb,paid_social,NMB_US_Meta_Prospecting_2026Q2,MQL,
L-74707,2026-05-24 10:59:00,NMB,,,,Lead,
L-79638,2026-07-07 09:55:00,NMB,google,cpc,NMB_US_Search_Brand_2026Q2,SQL,
L-80870,2026-06-24 12:58:00,PKF,TikTok,paid_social,PKF_TikTok_Spark_2026Q2,MQL,
L-77427,2026-05-07 10:07:00,PKF,adwords,cpc,PKF_US_Search_Brand_2026Q2,SQL,
L-70313,2026-06-04 17:31:00,AUR,facebook,paid_social,AUR_US_Meta_Prospecting_2026Q2,MQL,
L-79963,2026-06-16 14:44:00,NMB,google,cpc,NMB_US_PMax_2026Q2,MQL,
L-80097,2026-05-17 21:35:00,PKF,adwords,cpc,PKF_US_Video_Test_C,Lead,
L-78959,2026-07-02 22:30:00,PKF,google,cpc,pkf|nonbrand|search|may26,MQL,
L-74530,2026-05-08 08:17:00,NMB,Facebook,paid_social,NMB_US_Meta_Prospecting_2026Q2,MQL,
L-76624,2026-06-14 13:55:00,AUR,adwords,cpc,AUR_US_Search_Brand_2026Q2,SQL,
L-80734,2026-06-03 10:39:00,PKF,TikTok,paid_social,PKF_TikTok_Spark_2026Q2,Lead,
L-75788,2026-06-05 15:21:00,NMB,Facebook,paid_social,NMB_US_Meta_Retargeting_2026Q2,Lead,
L-74925,2026-06-11 10:29:00,NMB,facebook,paid_social,NMB_US_Meta_Prospecting_2026Q2,Lead,
L-76750,2026-06-28 08:30:00,AUR,google,cpc,AUR_US_Search_Brand_2026Q2,Lead,
L-72185,2026-05-21 14:39:00,AUR,Facebook,paid_social,aurelia|prospecting|meta|may26,MQL,
L-78617,2026-07-26 09:18:00,PKF,Google Ads,cpc,PKF_US_Search_Brand_2026Q2,SQL,
L-72672,2026-05-14 08:55:00,PKF,meta,paid_social,PKF_US_Meta_Conversions,Lead,
L-76975,2026-07-28 12:35:00,AUR,Google Ads,cpc,AUR_US_Search_Brand_2026Q2,Lead,
L-81716,2026-05-29 15:29:00,PKF,google,paid_social,(not set),Lead,
L-77651,2026-05-22 10:19:00,PKF,adwords,cpc,PKF_US_Search_Brand_2026Q2,Lead,
L-78420,2026-07-13 22:31:00,PKF,Google Ads,cpc,PKF_US_Search_Brand_2026Q2,MQL,
L-70281,2026-05-30 20:55:00,AUR,paid_social,paid_social,AUR_US_Meta_Prospecting_2026Q2,Lead,
L-80518,2026-05-06 20:53:00,PKF,TikTok,paid_social,PKF_TikTok_Spark_2026Q2,Lead,
L-72954,2026-06-04 19:51:00,PKF,fb,paid_social,PKF_US_Meta_Conversions,Lead,
L-75150,2026-07-04 11:44:00,NMB,,,,Lead,
L-75890,2026-06-19 21:02:00,NMB,Facebook,paid_social,NMB_US_Meta_Retargeting_2026Q2,Lead,
L-71239,2026-05-15 21:42:00,AUR,,,,Lead,
L-71199,2026-05-13 14:51:00,AUR,,,,Closed Won,2400
L-78013,2026-06-17 18:27:00,PKF,adwords,cpc,PKF_US_Search_Brand_2026Q2,SQL,
L-76302,2026-05-01 18:40:00,AUR,google,cpc,AUR_US_Search_Brand_2026Q2,Lead,
L-73153,2026-06-18 15:22:00,PKF,facebook,paid_social,PKF_US_Meta_Conversions,Lead,
L-72118,2026-07-31 08:28:00,AUR,paid_social,paid_social,AUR_EU_Meta_Retargeting_2026Q2,SQL,
L-77966,2026-06-14 19:45:00,PKF,google,cpc,PKF_US_Search_Brand_2026Q2,Lead,
L-76996,2026-07-30 09:25:00,AUR,google,cpc,AUR_US_Search_Brand_2026Q2,Lead,
L-81556,2026-05-15 09:53:00,PKF,google,paid_social,(not set),Closed Won,5200
L-72848,2026-05-28 22:48:00,PKF,facebook,paid_social,PKF_US_Meta_Conversions,Lead,
L-76903,2026-07-17 18:11:00,AUR,,,,Closed Won,2400
L-72249,2026-06-11 13:26:00,AUR,facebook,paid_social,aurelia|prospecting|meta|may26,SQL,
L-80301,2026-06-17 20:25:00,AUR,tiktok,paid_social,AUR_TikTok_Prospecting_2026Q2,SQL,
L-70611,2026-06-27 16:53:00,AUR,fb,paid_social,AUR_US_Meta_Prospecting_2026Q2,Lead,
L-75718,2026-05-28 17:59:00,NMB,paid_social,paid_social,NMB_US_Meta_Retargeting_2026Q2,Lead,
L-76289,2026-07-30 11:09:00,NMB,Facebook,paid_social,NMB_US_Meta_Retargeting_2026Q2,MQL,
L-70699,2026-07-05 21:45:00,AUR,,,,MQL,
L-79517,2026-06-26 08:15:00,NMB,,,,Lead,
L-73349,2026-06-27 21:05:00,PKF,paid_social,paid_social,PKF_US_Meta_Conversions,Lead,
L-75856,2026-06-14 09:42:00,NMB,,,,MQL,
L-76264,2026-07-29 14:35:00,NMB,,,,Lead,
L-79441,2026-06-15 08:02:00,NMB,adwords,cpc,NMB_US_Search_Brand_2026Q2,Lead,
L-72173,2026-05-17 08:47:00,AUR,Facebook,paid_social,aurelia|prospecting|meta|may26,Lead,
L-79853,2026-07-31 21:44:00,NMB,google,cpc,NMB_US_Search_Brand_2026Q2,Lead,
L-72133,2026-05-07 16:01:00,AUR,,,,MQL,
L-76677,2026-06-21 21:37:00,AUR,,,,Lead,
L-72097,2026-07-29 10:25:00,AUR,Facebook,paid_social,AUR_EU_Meta_Retargeting_2026Q2,MQL,
L-71551,2026-06-10 12:04:00,AUR,,,,SQL,
L-74948,2026-06-14 09:49:00,NMB,paid_social,paid_social,NMB_US_Meta_Prospecting_2026Q2,Lead,
L-75284,2026-07-17 08:17:00,NMB,fb,paid_social,NMB_US_Meta_Prospecting_2026Q2,Lead,
L-70190,2026-05-22 21:46:00,AUR,,,,Lead,
L-75308,2026-07-17 19:34:00,NMB,fb,paid_social,NMB_US_Meta_Prospecting_2026Q2,Lead,
L-80033,2026-07-25 13:19:00,NMB,,,,Closed Won,2400
L-79392,2026-06-08 16:13:00,NMB,Google Ads,cpc,NMB_US_Search_Brand_2026Q2,Lead,
L-73533,2026-07-09 21:10:00,PKF,,,,MQL,
L-77930,2026-06-12 15:53:00,PKF,google,cpc,PKF_US_Search_Brand_2026Q2,MQL,
L-77421,2026-05-06 10:43:00,PKF,google,cpc,PKF_US_Search_Brand_2026Q2,MQL,
L-76420,2026-05-17 20:45:00,AUR,Google Ads,cpc,AUR_US_Search_Brand_2026Q2,Lead,
L-82034,2026-06-26 22:30:00,NMB,google,paid_social,(not set),Lead,
L-74230,2026-06-27 20:21:00,PKF,fb,paid_social,PKF_CA_Meta_Prospecting,MQL,
L-76728,2026-06-26 08:22:00,AUR,,,,Lead,
L-70049,2026-05-07 20:15:00,AUR,paid_social,paid_social,AUR_US_Meta_Prospecting_2026Q2,Lead,
L-81582,2026-05-17 08:08:00,NMB,,,,Lead,
L-72260,2026-06-11 17:15:00,AUR,,,,MQL,
L-81486,2026-05-09 17:15:00,PKF,google,paid_social,(not set),Lead,
L-81764,2026-06-02 08:35:00,PKF,google,paid_social,(not set),Lead,
L-76159,2026-07-19 17:46:00,NMB,meta,paid_social,NMB_US_Meta_Retargeting_2026Q2,Lead,
L-74699,2026-05-22 14:00:00,NMB,paid_social,paid_social,NMB_US_Meta_Prospecting_2026Q2,Lead,
L-81721,2026-05-29 22:23:00,NMB,google,paid_social,(not set),MQL,
L-71875,2026-07-09 15:27:00,AUR,,,,Lead,
L-73504,2026-07-08 13:17:00,PKF,,,,Lead,
L-78449,2026-07-16 14:14:00,PKF,google,cpc,PKF_US_Search_Brand_2026Q2,SQL,
L-70141,2026-05-17 20:49:00,AUR,meta,paid_social,AUR_US_Meta_Prospecting_2026Q2,Lead,
L-71595,2026-06-14 20:33:00,AUR,paid_social,paid_social,AUR_EU_Meta_Retargeting_2026Q2,Lead,
L-81148,2026-07-30 09:21:00,PKF,tiktok,paid_social,PKF_TikTok_Spark_2026Q2,SQL,
L-80297,2026-06-18 14:04:00,AUR,TikTok,paid_social,AUR_TikTok_Prospecting_2026Q2,MQL,
L-77340,2026-07-20 09:18:00,AUR,,,,Lead,
L-72058,2026-07-24 11:46:00,AUR,meta,paid_social,AUR_EU_Meta_Retargeting_2026Q2,Closed Won,1900
L-79471,2026-06-19 14:49:00,NMB,Google Ads,cpc,NMB_US_Search_Brand_2026Q2,Lead,
L-81700,2026-05-28 21:33:00,PKF,google,paid_social,(not set),MQL,
L-75843,2026-06-12 18:31:00,NMB,Facebook,paid_social,NMB_US_Meta_Retargeting_2026Q2,MQL,
L-75414,2026-07-26 18:46:00,NMB,Facebook,paid_social,NMB_US_Meta_Prospecting_2026Q2,Lead,
L-81119,2026-07-23 13:31:00,PKF,TikTok,paid_social,PKF_TikTok_Spark_2026Q2,Lead,
L-76938,2026-07-25 13:11:00,AUR,,,,MQL,
L-70678,2026-07-03 16:16:00,AUR,fb,paid_social,AUR_US_Meta_Prospecting_2026Q2,Lead,
L-74315,2026-07-09 08:33:00,PKF,,,,Lead,
L-75144,2026-07-01 17:05:00,NMB,fb,paid_social,NMB_US_Meta_Prospecting_2026Q2,Lead,
L-70004,2026-05-03 18:20:00,AUR,Facebook,paid_social,AUR_US_Meta_Prospecting_2026Q2,Lead,
L-75911,2026-06-22 17:39:00,NMB,,,,Lead,
L-71064,2026-05-02 20:12:00,AUR,,,,Lead,
L-75589,2026-05-14 16:23:00,NMB,Facebook,paid_social,NMB_US_Meta_Retargeting_2026Q2,Lead,
L-77288,2026-07-08 15:27:00,AUR,,,,Closed Won,2400
L-70734,2026-07-09 15:49:00,AUR,,,,Lead,
L-72720,2026-05-19 19:52:00,PKF,meta,paid_social,PKF_US_Meta_Conversions,MQL,
L-75663,2026-05-20 17:06:00,NMB,facebook,paid_social,NMB_US_Meta_Retargeting_2026Q2,SQL,
L-79570,2026-06-30 08:30:00,NMB,google,cpc,NMB_US_Search_Brand_2026Q2,Lead,
L-81733,2026-05-30 16:31:00,NMB,google,paid_social,(not set),Lead,
L-81860,2026-06-11 20:54:00,PKF,,,,Lead,
L-80922,2026-06-30 21:43:00,PKF,TikTok,paid_social,PKF_TikTok_Spark_2026Q2,Lead,
L-71121,2026-05-06 12:52:00,AUR,Facebook,paid_social,AUR_EU_Meta_Retargeting_2026Q2,MQL,
L-79780,2026-07-21 19:05:00,NMB,google,cpc,NMB_US_Search_Brand_2026Q2,Lead,
L-75008,2026-06-18 13:45:00,NMB,facebook,paid_social,NMB_US_Meta_Prospecting_2026Q2,Lead,
L-79535,2026-06-26 20:06:00,NMB,adwords,cpc,NMB_US_Search_Brand_2026Q2,Lead,
L-77516,2026-05-12 10:25:00,PKF,google,cpc,PKF_US_Search_Brand_2026Q2,Lead,
L-73853,2026-07-30 09:15:00,PKF,facebook,paid_social,PKF_US_Meta_Conversions,MQL,
L-73302,2026-06-25 21:16:00,PKF,Facebook,paid_social,PKF_US_Meta_Conversions,SQL,
L-73116,2026-06-13 22:18:00,PKF,meta,paid_social,PKF_US_Meta_Conversions,Lead,
L-71870,2026-07-09 08:03:00,AUR,,,,Lead,
L-70215,2026-05-23 10:50:00,AUR,,,,Lead,
L-80133,2026-05-06 14:24:00,AUR,tiktok,paid_social,AUR_TikTok_Prospecting_2026Q2,Lead,
L-77337,2026-07-22 17:40:00,AUR,,,,Lead,
L-79553,2026-06-27 10:32:00,NMB,Google Ads,cpc,NMB_US_Search_Brand_2026Q2,Lead,
L-81447,2026-05-06 08:24:00,AUR,,,,Closed Won,8800
L-80330,2026-06-24 14:14:00,AUR,,,,Lead,
L-78677,2026-07-29 10:32:00,PKF,google,cpc,PKF_US_Search_Brand_2026Q2,SQL,
L-77523,2026-05-14 09:58:00,PKF,adwords,cpc,PKF_US_Search_Brand_2026Q2,MQL,
L-80455,2026-07-23 18:13:00,AUR,,,,Lead,
L-82384,2026-07-28 21:57:00,NMB,google,paid_social,(not set),Lead,
L-78638,2026-07-27 19:58:00,PKF,google,cpc,PKF_US_Search_Brand_2026Q2,Lead,
L-75757,2026-06-01 20:40:00,NMB,Facebook,paid_social,NMB_US_Meta_Retargeting_2026Q2,Lead,
L-79653,2026-07-09 19:25:00,NMB,,,,Lead,
L-75121,2026-07-01 10:36:00,NMB,paid_social,paid_social,NMB_US_Meta_Prospecting_2026Q2,Lead,
L-74032,2026-05-24 09:05:00,PKF,fb,paid_social,PKF_CA_Meta_Prospecting,Lead,
L-77880,2026-06-06 08:26:00,PKF,google,cpc,PKF_US_Search_Brand_2026Q2,Closed Won,2400
L-82137,2026-07-06 07:20:00,PKF,google,paid_social,(not set),Lead,
L-70696,2026-07-04 08:30:00,AUR,,,,Lead,
L-75907,2026-06-19 15:21:00,NMB,meta,paid_social,NMB_US_Meta_Retargeting_2026Q2,Closed Won,8800
L-79367,2026-06-05 11:17:00,NMB,google,cpc,NMB_US_Search_Brand_2026Q2,MQL,
L-78189,2026-06-26 19:31:00,PKF,google,cpc,PKF_US_Search_Brand_2026Q2,Lead,
L-72694,2026-05-17 14:11:00,PKF,paid_social,paid_social,PKF_US_Meta_Conversions,Lead,
L-78683,2026-07-30 10:15:00,PKF,adwords,cpc,PKF_US_Search_Brand_2026Q2,SQL,
L-78884,2026-06-13 12:21:00,PKF,google,cpc,pkf|nonbrand|search|may26,Lead,
L-73959,2026-05-15 10:56:00,PKF,Facebook,paid_social,PKF_CA_Meta_Prospecting,Lead,
L-76204,2026-07-24 22:12:00,NMB,fb,paid_social,NMB_US_Meta_Retargeting_2026Q2,MQL,
L-74909,2026-06-12 19:22:00,NMB,facebook,paid_social,NMB_US_Meta_Prospecting_2026Q2,MQL,
L-82320,2026-07-23 18:40:00,AUR,,,,MQL,
L-76734,2026-06-28 12:47:00,AUR,google,cpc,AUR_US_Search_Brand_2026Q2,MQL,
L-73125,2026-06-15 12:54:00,PKF,,,,Lead,
L-73925,2026-05-09 22:14:00,PKF,,,,Lead,
L-75773,2026-06-03 11:56:00,NMB,paid_social,paid_social,NMB_US_Meta_Retargeting_2026Q2,Lead,
L-73881,2026-05-05 21:35:00,PKF,facebook,paid_social,PKF_CA_Meta_Prospecting,Lead,
L-80494,2026-05-03 20:52:00,PKF,TikTok,paid_social,PKF_TikTok_Spark_2026Q2,SQL,
L-71800,2026-07-02 16:09:00,AUR,,,,Lead,
L-76388,2026-05-14 10:10:00,AUR,,,,Closed Won,1900
L-71913,2026-07-11 20:28:00,AUR,,,,Lead,
L-80799,2026-06-13 14:38:00,PKF,,,,Lead,
L-71903,2026-07-12 08:49:00,AUR,meta,paid_social,AUR_EU_Meta_Retargeting_2026Q2,Lead,
L-74010,2026-05-20 20:06:00,PKF,paid_social,paid_social,PKF_CA_Meta_Prospecting,Lead,
L-72330,2026-07-03 22:41:00,AUR,,,,MQL,
L-77821,2026-06-02 09:32:00,PKF,google,cpc,PKF_US_Search_Brand_2026Q2,SQL,
L-72715,2026-05-20 08:07:00,PKF,meta,paid_social,PKF_US_Meta_Conversions,Lead,
L-71604,2026-06-14 12:05:00,AUR,fb,paid_social,AUR_EU_Meta_Retargeting_2026Q2,SQL,
L-80982,2026-07-08 13:35:00,PKF,tiktok,paid_social,PKF_TikTok_Spark_2026Q2,MQL,
L-71742,2026-06-29 16:12:00,AUR,Facebook,paid_social,AUR_EU_Meta_Retargeting_2026Q2,Lead,
L-76426,2026-05-18 08:12:00,AUR,,,,Lead,
L-78428,2026-07-14 21:02:00,PKF,Google Ads,cpc,PKF_US_Search_Brand_2026Q2,Lead,
L-77683,2026-05-23 22:44:00,PKF,google,cpc,PKF_US_Search_Brand_2026Q2,Lead,
L-76066,2026-07-07 19:05:00,NMB,,,,Lead,
L-74730,2026-05-27 20:23:00,NMB,Facebook,paid_social,NMB_US_Meta_Prospecting_2026Q2,SQL,
L-71131,2026-05-06 15:19:00,AUR,,,,Lead,
L-76768,2026-06-30 12:55:00,AUR,google,cpc,AUR_US_Search_Brand_2026Q2,MQL,
L-80190,2026-05-22 17:22:00,AUR,tiktok,paid_social,AUR_TikTok_Prospecting_2026Q2,MQL,
L-79447,2026-06-16 13:29:00,NMB,adwords,cpc,NMB_US_Search_Brand_2026Q2,Closed Won,2400
L-70202,2026-05-23 09:49:00,AUR,facebook,paid_social,AUR_US_Meta_Prospecting_2026Q2,Closed Won,3600
L-70328,2026-06-04 19:55:00,AUR,Facebook,paid_social,AUR_US_Meta_Prospecting_2026Q2,Lead,
L-75230,2026-07-11 18:20:00,NMB,,,,MQL,
L-75502,2026-05-03 22:12:00,NMB,facebook,paid_social,NMB_US_Meta_Retargeting_2026Q2,Lead,
L-75314,2026-07-19 19:58:00,NMB,Facebook,paid_social,NMB_US_Meta_Prospecting_2026Q2,MQL,
L-81826,2026-06-08 14:45:00,NMB,google,paid_social,(not set),Lead,
L-71082,2026-05-04 21:43:00,AUR,fb,paid_social,AUR_EU_Meta_Retargeting_2026Q2,Lead,
L-78461,2026-07-16 14:58:00,PKF,Google Ads,cpc,PKF_US_Search_Brand_2026Q2,Lead,
L-71892,2026-07-11 15:30:00,AUR,,,,Closed Won,8800
L-78956,2026-07-01 22:19:00,PKF,google,cpc,pkf|nonbrand|search|may26,Lead,
L-81878,2026-06-12 13:32:00,NMB,google,paid_social,(not set),Lead,
L-76986,2026-07-31 19:46:00,AUR,google,cpc,AUR_US_Search_Brand_2026Q2,Lead,
L-75275,2026-07-14 20:44:00,NMB,,,,Lead,
L-71580,2026-06-13 20:11:00,AUR,,,,Lead,
L-70827,2026-07-14 21:58:00,AUR,facebook,paid_social,AUR_US_Meta_Prospecting_2026Q2,Lead,
L-70736,2026-07-07 15:29:00,AUR,,,,MQL,
L-78551,2026-07-23 17:08:00,PKF,adwords,cpc,PKF_US_Search_Brand_2026Q2,MQL,
L-71667,2026-06-20 18:56:00,AUR,,,,Lead,
L-82116,2026-07-04 14:16:00,NMB,google,paid_social,(not set),Lead,
L-76701,2026-06-23 11:20:00,AUR,adwords,cpc,AUR_US_Search_Brand_2026Q2,Lead,
L-77064,2026-05-16 19:16:00,AUR,,,,Lead,
L-71885,2026-07-11 18:22:00,AUR,,,,Lead,
L-76857,2026-07-12 09:22:00,AUR,google,cpc,AUR_US_Search_Brand_2026Q2,Lead,
L-77535,2026-05-15 11:16:00,PKF,adwords,cpc,PKF_US_Search_Brand_2026Q2,Lead,
L-76445,2026-05-21 19:55:00,AUR,google,cpc,AUR_US_Search_Brand_2026Q2,SQL,
L-78245,2026-06-29 11:26:00,PKF,google,cpc,PKF_US_Search_Brand_2026Q2,Lead,
L-81261,2026-06-07 17:25:00,NMB,tiktok,paid_social,NMB_TikTok_Prospecting_2026Q2,Lead,
L-78578,2026-07-22 12:53:00,PKF,google,cpc,PKF_US_Search_Brand_2026Q2,Closed Won,2400
L-73804,2026-07-29 17:30:00,PKF,facebook,paid_social,PKF_US_Meta_Conversions,MQL,
L-80778,2026-06-09 17:38:00,PKF,,,,Lead,
L-71917,2026-07-13 13:01:00,AUR,,,,MQL,
L-76348,2026-05-09 16:44:00,AUR,,,,Lead,
L-70558,2026-06-24 11:52:00,AUR,facebook,paid_social,AUR_US_Meta_Prospecting_2026Q2,Lead,
L-79753,2026-07-19 12:50:00,NMB,adwords,cpc,NMB_US_Search_Brand_2026Q2,MQL,
L-78594,2026-07-24 20:33:00,PKF,google,cpc,PKF_US_Search_Brand_2026Q2,Lead,
L-70270,2026-05-28 19:18:00,AUR,Facebook,paid_social,AUR_US_Meta_Prospecting_2026Q2,MQL,
L-73626,2026-07-15 09:39:00,PKF,meta,paid_social,PKF_US_Meta_Conversions,Lead,
L-81498,2026-05-11 18:31:00,AUR,,,,MQL,
L-70156,2026-05-18 08:39:00,AUR,meta,paid_social,AUR_US_Meta_Prospecting_2026Q2,MQL,
L-79586,2026-07-01 15:10:00,NMB,google,cpc,NMB_US_Search_Brand_2026Q2,Lead,
L-71822,2026-07-04 08:42:00,AUR,Facebook,paid_social,AUR_EU_Meta_Retargeting_2026Q2,Lead,
L-72379,2026-07-16 14:09:00,AUR,,,,Lead,
L-76018,2026-07-04 16:14:00,NMB,Facebook,paid_social,NMB_US_Meta_Retargeting_2026Q2,MQL,
L-80609,2026-05-20 16:33:00,PKF,TikTok,paid_social,PKF_TikTok_Spark_2026Q2,Lead,
L-79452,2026-06-17 13:15:00,NMB,,,,Lead,
L-72178,2026-05-21 11:03:00,AUR,,,,Lead,
L-76122,2026-07-13 16:19:00,NMB,facebook,paid_social,NMB_US_Meta_Retargeting_2026Q2,Lead,
L-77053,2026-05-13 14:51:00,AUR,,,,Lead,
L-81258,2026-06-04 22:49:00,NMB,TikTok,paid_social,NMB_TikTok_Prospecting_2026Q2,Lead,
L-79247,2026-05-22 15:48:00,NMB,google,cpc,NMB_US_Search_Brand_2026Q2,Lead,
L-72753,2026-05-21 08:00:00,PKF,paid_social,paid_social,PKF_US_Meta_Conversions,Lead,
L-70864,2026-07-16 13:28:00,AUR,,,,Lead,
L-73411,2026-07-02 11:50:00,PKF,fb,paid_social,PKF_US_Meta_Conversions,MQL,
L-75304,2026-07-18 13:10:00,NMB,facebook,paid_social,NMB_US_Meta_Prospecting_2026Q2,Lead,
L-75428,2026-07-26 16:26:00,NMB,Facebook,paid_social,NMB_US_Meta_Prospecting_2026Q2,Lead,
L-72738,2026-05-21 17:47:00,PKF,fb,paid_social,PKF_US_Meta_Conversions,Lead,
L-75018,2026-06-20 08:48:00,NMB,fb,paid_social,NMB_US_Meta_Prospecting_2026Q2,Lead,
L-78554,2026-07-21 09:08:00,PKF,google,cpc,PKF_US_Search_Brand_2026Q2,SQL,
L-70849,2026-07-17 15:01:00,AUR,,,,Lead,
L-79595,2026-07-04 14:20:00,NMB,google,cpc,NMB_US_Search_Brand_2026Q2,Lead,
L-76498,2026-05-27 21:45:00,AUR,adwords,cpc,AUR_US_Search_Brand_2026Q2,SQL,
L-75049,2026-06-24 16:44:00,NMB,paid_social,paid_social,NMB_US_Meta_Prospecting_2026Q2,MQL,
L-77262,2026-07-03 15:35:00,AUR,,,,Lead,
L-77114,2026-05-26 08:10:00,AUR,,,,MQL,
L-74130,2026-06-12 10:51:00,PKF,fb,paid_social,PKF_CA_Meta_Prospecting,Lead,
L-71779,2026-06-30 12:09:00,AUR,Facebook,paid_social,AUR_EU_Meta_Retargeting_2026Q2,MQL,
L-70973,2026-07-26 09:23:00,AUR,,,,Lead,
L-71623,2026-06-16 15:46:00,AUR,,,,Lead,
L-79200,2026-05-17 20:45:00,NMB,Google Ads,cpc,NMB_US_Search_Brand_2026Q2,Lead,
L-77877,2026-06-08 17:21:00,PKF,adwords,cpc,PKF_US_Search_Brand_2026Q2,Lead,
L-81775,2026-06-03 14:19:00,PKF,google,paid_social,(not set),Closed Won,1900
L-81829,2026-06-08 19:35:00,NMB,google,paid_social,(not set),Lead,
L-82085,2026-07-01 11:57:00,PKF,google,paid_social,(not set),Lead,
L-82033,2026-06-26 16:09:00,PKF,google,paid_social,(not set),MQL,
L-72127,2026-05-04 20:23:00,AUR,,,,Closed Won,5200
L-73367,2026-06-30 13:41:00,PKF,meta,paid_social,PKF_US_Meta_Conversions,MQL,
L-75715,2026-05-26 21:18:00,NMB,Facebook,paid_social,NMB_US_Meta_Retargeting_2026Q2,Lead,
L-80549,2026-05-09 09:44:00,PKF,tiktok,paid_social,PKF_TikTok_Spark_2026Q2,Lead,
L-82308,2026-07-21 12:50:00,NMB,google,paid_social,(not set),Lead,
L-71228,2026-05-13 15:35:00,AUR,,,,Lead,
L-73285,2026-06-26 08:30:00,PKF,Facebook,paid_social,PKF_US_Meta_Conversions,MQL,
L-71805,2026-07-04 08:51:00,AUR,facebook,paid_social,AUR_EU_Meta_Retargeting_2026Q2,SQL,
L-79782,2026-07-22 16:58:00,NMB,google,cpc,NMB_US_Search_Brand_2026Q2,Lead,
L-76634,2026-06-16 22:18:00,AUR,google,cpc,AUR_US_Search_Brand_2026Q2,Lead,
L-74531,2026-05-06 16:35:00,NMB,Facebook,paid_social,NMB_US_Meta_Prospecting_2026Q2,MQL,
L-77017,2026-05-04 21:53:00,AUR,google,cpc,AUR_EU_Search_NonBrand_2026Q2,MQL,
L-73590,2026-07-12 15:55:00,PKF,paid_social,paid_social,PKF_US_Meta_Conversions,Lead,
L-81372,2026-07-26 10:47:00,NMB,tiktok,paid_social,NMB_TikTok_Prospecting_2026Q2,Closed Won,5200
L-77662,2026-05-22 09:22:00,PKF,Google Ads,cpc,PKF_US_Search_Brand_2026Q2,Lead,
L-78468,2026-07-15 22:30:00,PKF,,,,Lead,
L-81178,2026-05-05 22:30:00,NMB,TikTok,paid_social,NMB_TikTok_Prospecting_2026Q2,MQL,
L-70038,2026-05-07 22:21:00,AUR,paid_social,paid_social,AUR_US_Meta_Prospecting_2026Q2,Lead,
L-75632,2026-05-17 08:08:00,NMB,Facebook,paid_social,NMB_US_Meta_Retargeting_2026Q2,Lead,
L-73386,2026-06-30 12:53:00,PKF,meta,paid_social,PKF_US_Meta_Conversions,Lead,
L-74691,2026-05-22 21:46:00,NMB,meta,paid_social,NMB_US_Meta_Prospecting_2026Q2,Lead,
L-81466,2026-05-07 17:50:00,NMB,google,paid_social,(not set),Lead,
L-78898,2026-06-16 11:35:00,PKF,google,cpc,pkf|nonbrand|search|may26,MQL,
L-74403,2026-07-22 13:31:00,PKF,meta,paid_social,PKF_CA_Meta_Prospecting,Lead,
L-80785,2026-06-10 12:04:00,PKF,,,,Lead,
L-81893,2026-06-14 19:41:00,PKF,google,paid_social,(not set),Lead,
L-79033,2026-07-22 12:45:00,PKF,Google Ads,cpc,pkf|nonbrand|search|may26,SQL,
L-73058,2026-06-10 22:44:00,PKF,Facebook,paid_social,PKF_US_Meta_Conversions,Lead,
L-72862,2026-05-28 10:37:00,PKF,fb,paid_social,PKF_US_Meta_Conversions,Lead,
L-73142,2026-06-15 11:14:00,PKF,Facebook,paid_social,PKF_US_Meta_Conversions,Lead,
L-74967,2026-06-16 09:09:00,NMB,facebook,paid_social,NMB_US_Meta_Prospecting_2026Q2,Lead,
L-81144,2026-07-29 13:10:00,PKF,TikTok,paid_social,PKF_TikTok_Spark_2026Q2,Lead,
L-77698,2026-05-26 22:11:00,PKF,adwords,cpc,PKF_US_Search_Brand_2026Q2,Lead,
L-71055,2026-05-01 08:58:00,AUR,fb,paid_social,AUR_EU_Meta_Retargeting_2026Q2,MQL,
L-72647,2026-05-15 08:37:00,PKF,facebook,paid_social,PKF_US_Meta_Conversions,Lead,
L-81887,2026-06-13 13:51:00,NMB,google,paid_social,(not set),Lead,
L-71540,2026-06-08 19:48:00,AUR,,,,Lead,
L-71982,2026-07-18 22:26:00,AUR,,,,Lead,
L-76605,2026-06-11 20:44:00,AUR,adwords,cpc,AUR_US_Search_Brand_2026Q2,Lead,
L-79457,2026-06-17 17:50:00,NMB,,,,SQL,
L-70640,2026-06-30 09:55:00,AUR,,,,SQL,
L-78840,2026-06-01 18:30:00,PKF,Google Ads,cpc,pkf|nonbrand|search|may26,Lead,
L-79173,2026-05-13 22:26:00,NMB,Google Ads,cpc,NMB_US_Search_Brand_2026Q2,Lead,
L-71792,2026-07-01 17:18:00,AUR,,,,Lead,
L-74354,2026-07-14 11:43:00,PKF,facebook,paid_social,PKF_CA_Meta_Prospecting,MQL,
L-71828,2026-07-06 19:56:00,AUR,paid_social,paid_social,AUR_EU_Meta_Retargeting_2026Q2,MQL,
L-81264,2026-06-07 14:09:00,NMB,TikTok,paid_social,NMB_TikTok_Prospecting_2026Q2,Lead,
L-82241,2026-07-15 22:03:00,PKF,google,paid_social,(not set),Lead,
L-70367,2026-06-09 17:38:00,AUR,,,,Lead,
L-75237,2026-07-13 08:49:00,NMB,meta,paid_social,NMB_US_Meta_Prospecting_2026Q2,SQL,
L-77216,2026-06-21 09:13:00,AUR,,,,SQL,
L-80676,2026-05-28 22:55:00,PKF,TikTok,paid_social,PKF_TikTok_Spark_2026Q2,SQL,
L-74221,2026-06-24 08:25:00,PKF,facebook,paid_social,PKF_CA_Meta_Prospecting,Lead,
L-80160,2026-05-12 08:33:00,AUR,tiktok,paid_social,AUR_TikTok_Prospecting_2026Q2,MQL,
L-72574,2026-05-08 14:13:00,PKF,paid_social,paid_social,PKF_US_Meta_Conversions,MQL,
L-70293,2026-05-31 12:20:00,AUR,Facebook,paid_social,AUR_US_Meta_Prospecting_2026Q2,Lead,
L-73565,2026-07-12 19:36:00,PKF,facebook,paid_social,PKF_US_Meta_Conversions,SQL,
L-71310,2026-05-22 15:06:00,AUR,,,,MQL,
L-72029,2026-07-23 13:13:00,AUR,facebook,paid_social,AUR_EU_Meta_Retargeting_2026Q2,Lead,
L-77822,2026-06-04 13:03:00,PKF,google,cpc,PKF_US_Search_Brand_2026Q2,MQL,
L-70035,2026-05-06 08:44:00,AUR,,,,SQL,
L-80706,2026-05-29 15:50:00,PKF,tiktok,paid_social,PKF_TikTok_Spark_2026Q2,Lead,
L-77663,2026-05-22 13:01:00,PKF,google,cpc,PKF_US_Search_Brand_2026Q2,Lead,
L-81382,2026-07-28 16:01:00,NMB,tiktok,paid_social,NMB_TikTok_Prospecting_2026Q2,Lead,
L-78264,2026-06-30 14:18:00,PKF,google,cpc,PKF_US_Search_Brand_2026Q2,MQL,
L-72194,2026-05-23 09:48:00,AUR,paid_social,paid_social,aurelia|prospecting|meta|may26,Lead,
L-79093,2026-05-03 20:36:00,NMB,Google Ads,cpc,NMB_US_Search_Brand_2026Q2,MQL,
L-79413,2026-06-10 17:22:00,NMB,google,cpc,NMB_US_Search_Brand_2026Q2,Lead,
L-71564,2026-06-10 08:05:00,AUR,,,,Lead,
L-75454,2026-07-30 15:03:00,NMB,fb,paid_social,NMB_US_Meta_Prospecting_2026Q2,Lead,
L-74286,2026-07-03 15:16:00,PKF,fb,paid_social,PKF_CA_Meta_Prospecting,Lead,
L-70453,2026-06-15 11:59:00,AUR,Facebook,paid_social,AUR_US_Meta_Prospecting_2026Q2,Lead,
L-81180,2026-05-03 20:22:00,NMB,tiktok,paid_social,NMB_TikTok_Prospecting_2026Q2,MQL,
L-80244,2026-06-04 16:58:00,AUR,tiktok,paid_social,AUR_TikTok_Prospecting_2026Q2,MQL,
L-75382,2026-07-23 10:39:00,NMB,paid_social,paid_social,NMB_US_Meta_Prospecting_2026Q2,Lead,
L-80434,2026-07-18 11:14:00,AUR,TikTok,paid_social,AUR_TikTok_Prospecting_2026Q2,Lead,
L-70175,2026-05-21 13:21:00,AUR,paid_social,paid_social,AUR_US_Meta_Prospecting_2026Q2,Lead,
L-71919,2026-07-12 09:51:00,AUR,,,,MQL,
L-78970,2026-07-07 18:38:00,PKF,Google Ads,cpc,pkf|nonbrand|search|may26,Lead,
L-71483,2026-06-05 12:38:00,AUR,,,,Lead,
L-76952,2026-07-25 08:59:00,AUR,google,cpc,AUR_US_Search_Brand_2026Q2,Lead,
L-81621,2026-05-21 10:38:00,AUR,,,,SQL,
L-75484,2026-07-30 17:16:00,NMB,meta,paid_social,NMB_US_Meta_Prospecting_2026Q2,Lead,
L-79313,2026-05-31 11:17:00,NMB,google,cpc,NMB_US_Search_Brand_2026Q2,Closed Won,3600
L-82119,2026-07-05 17:31:00,AUR,,,,MQL,
L-78986,2026-07-08 14:09:00,PKF,google,cpc,pkf|nonbrand|search|may26,Lead,
L-79799,2026-07-24 11:35:00,NMB,,,,MQL,
L-72898,2026-05-30 15:53:00,PKF,fb,paid_social,PKF_US_Meta_Conversions,Closed Won,3600
L-77146,2026-06-02 09:09:00,AUR,Google Ads,cpc,AUR_EU_Search_NonBrand_2026Q2,SQL,
L-75763,2026-06-01 21:59:00,NMB,paid_social,paid_social,NMB_US_Meta_Retargeting_2026Q2,MQL,
L-79279,2026-05-28 15:58:00,NMB,Google Ads,cpc,NMB_US_Search_Brand_2026Q2,Lead,
L-73011,2026-06-06 11:02:00,PKF,paid_social,paid_social,PKF_US_Meta_Conversions,SQL,
L-72953,2026-06-05 21:30:00,PKF,paid_social,paid_social,PKF_US_Meta_Conversions,Lead,
L-81830,2026-06-09 21:46:00,AUR,,,,Lead,
L-78853,2026-06-03 19:44:00,PKF,adwords,cpc,pkf|nonbrand|search|may26,Lead,
L-72431,2026-07-29 22:19:00,AUR,paid_social,paid_social,aurelia|prospecting|meta|may26,Lead,
L-73762,2026-07-23 08:27:00,PKF,,,,Lead,
L-79282,2026-05-26 17:06:00,NMB,adwords,cpc,NMB_US_Search_Brand_2026Q2,Lead,
L-74441,2026-07-27 08:24:00,PKF,meta,paid_social,PKF_CA_Meta_Prospecting,MQL,
L-70608,2026-06-27 13:39:00,AUR,paid_social,paid_social,AUR_US_Meta_Prospecting_2026Q2,Lead,
L-81388,2026-05-01 23:23:00,AUR,google,paid_social,(not set),MQL,
L-81934,2026-06-18 16:44:00,AUR,,,,MQL,
L-73747,2026-07-24 20:06:00,PKF,Facebook,paid_social,PKF_US_Meta_Conversions,Lead,
L-82315,2026-07-22 11:25:00,PKF,google,paid_social,(not set),Lead,
L-80959,2026-07-04 18:37:00,PKF,tiktok,paid_social,PKF_TikTok_Spark_2026Q2,SQL,
L-75637,2026-05-19 18:51:00,NMB,meta,paid_social,NMB_US_Meta_Retargeting_2026Q2,MQL,
L-70149,2026-05-20 09:03:00,AUR,,,,Lead,
L-80871,2026-06-23 18:47:00,PKF,tiktok,paid_social,PKF_TikTok_Spark_2026Q2,MQL,
L-70755,2026-07-09 15:51:00,AUR,,,,SQL,
L-82025,2026-06-26 20:24:00,AUR,google,paid_social,(not set),Lead,
L-74833,2026-06-05 12:29:00,NMB,fb,paid_social,NMB_US_Meta_Prospecting_2026Q2,Lead,
L-70194,2026-05-23 13:09:00,AUR,,,,MQL,
L-72283,2026-06-19 20:40:00,AUR,,,,Lead,
L-72712,2026-05-19 16:02:00,PKF,paid_social,paid_social,PKF_US_Meta_Conversions,Lead,
L-74873,2026-06-08 21:54:00,NMB,Facebook,paid_social,NMB_US_Meta_Prospecting_2026Q2,Lead,
L-70072,2026-05-11 12:48:00,AUR,,,,SQL,
L-79006,2026-07-15 19:15:00,PKF,google,cpc,pkf|nonbrand|search|may26,Lead,
L-80724,2026-06-01 18:13:00,PKF,tiktok,paid_social,PKF_TikTok_Spark_2026Q2,Lead,
L-81080,2026-07-20 11:18:00,PKF,TikTok,paid_social,PKF_TikTok_Spark_2026Q2,Lead,
L-70617,2026-06-29 12:51:00,AUR,facebook,paid_social,AUR_US_Meta_Prospecting_2026Q2,Lead,
L-72901,2026-05-29 17:31:00,PKF,facebook,paid_social,PKF_US_Meta_Conversions,MQL,
L-72167,2026-05-17 11:10:00,AUR,,,,MQL,
L-70165,2026-05-19 09:23:00,AUR,,,,MQL,
L-72085,2026-07-29 09:57:00,AUR,meta,paid_social,AUR_EU_Meta_Retargeting_2026Q2,Lead,
L-70143,2026-05-19 16:06:00,AUR,paid_social,paid_social,AUR_US_Meta_Prospecting_2026Q2,Lead,
L-71684,2026-06-24 08:45:00,AUR,Facebook,paid_social,AUR_EU_Meta_Retargeting_2026Q2,Lead,
L-79493,2026-06-21 19:13:00,NMB,Google Ads,cpc,NMB_US_Search_Brand_2026Q2,MQL,
L-72374,2026-07-12 14:35:00,AUR,,,,MQL,
L-73826,2026-07-28 09:21:00,PKF,Facebook,paid_social,PKF_US_Meta_Conversions,MQL,
L-72617,2026-05-14 13:24:00,PKF,Facebook,paid_social,PKF_US_Meta_Conversions,MQL,
L-79137,2026-05-08 09:25:00,NMB,Google Ads,cpc,NMB_US_Search_Brand_2026Q2,Lead,
L-70100,2026-05-12 13:14:00,AUR,,,,Lead,
L-73513,2026-07-08 18:57:00,PKF,,,,Lead,
L-81580,2026-05-17 10:49:00,NMB,google,paid_social,(not set),Lead,
L-80896,2026-06-25 08:44:00,PKF,TikTok,paid_social,PKF_TikTok_Spark_2026Q2,Lead,
L-78987,2026-07-08 17:16:00,PKF,Google Ads,cpc,pkf|nonbrand|search|may26,Lead,
L-79352,2026-06-03 14:50:00,NMB,google,cpc,NMB_US_Search_Brand_2026Q2,Lead,
L-81318,2026-07-05 18:38:00,NMB,tiktok,paid_social,NMB_TikTok_Prospecting_2026Q2,MQL,
L-76962,2026-07-27 08:55:00,AUR,,,,Lead,
L-75320,2026-07-19 11:52:00,NMB,fb,paid_social,NMB_US_Meta_Prospecting_2026Q2,Lead,
L-82094,2026-07-02 22:23:00,PKF,google,paid_social,(not set),Lead,
L-70425,2026-06-13 08:21:00,AUR,,,,Lead,
L-76203,2026-07-22 22:47:00,NMB,,,,SQL,
L-82011,2026-06-25 18:11:00,AUR,,,,MQL,
L-74864,2026-06-07 15:04:00,NMB,,,,Lead,
L-78837,2026-05-30 22:09:00,PKF,,,,Lead,
L-80442,2026-07-18 22:10:00,AUR,TikTok,paid_social,AUR_TikTok_Prospecting_2026Q2,MQL,
L-73976,2026-05-15 15:54:00,PKF,meta,paid_social,PKF_CA_Meta_Prospecting,Lead,
L-79579,2026-07-01 15:31:00,NMB,Google Ads,cpc,NMB_US_Search_Brand_2026Q2,SQL,
L-75770,2026-06-04 12:25:00,NMB,paid_social,paid_social,NMB_US_Meta_Retargeting_2026Q2,Lead,
L-73236,2026-06-22 12:16:00,PKF,Facebook,paid_social,PKF_US_Meta_Conversions,Lead,
L-71933,2026-07-15 13:41:00,AUR,fb,paid_social,AUR_EU_Meta_Retargeting_2026Q2,Closed Won,3600
L-77585,2026-05-17 12:05:00,PKF,google,cpc,PKF_US_Search_Brand_2026Q2,SQL,
L-76280,2026-07-30 08:32:00,NMB,fb,paid_social,NMB_US_Meta_Retargeting_2026Q2,MQL,
L-74804,2026-06-03 09:27:00,NMB,facebook,paid_social,NMB_US_Meta_Prospecting_2026Q2,Lead,
L-72583,2026-05-11 15:27:00,PKF,fb,paid_social,PKF_US_Meta_Conversions,Lead,
L-78394,2026-07-11 09:07:00,PKF,,,,Lead,
L-74133,2026-06-10 08:53:00,PKF,Facebook,paid_social,PKF_CA_Meta_Prospecting,Lead,
L-81082,2026-07-20 20:23:00,PKF,tiktok,paid_social,PKF_TikTok_Spark_2026Q2,Lead,
L-75869,2026-06-15 14:53:00,NMB,paid_social,paid_social,NMB_US_Meta_Retargeting_2026Q2,Lead,
L-81160,2026-07-30 19:18:00,PKF,tiktok,paid_social,PKF_TikTok_Spark_2026Q2,Lead,
L-77510,2026-05-11 20:29:00,PKF,google,cpc,PKF_US_Search_Brand_2026Q2,Lead,
L-71343,2026-05-22 20:26:00,AUR,,,,Lead,
L-79243,2026-05-21 13:23:00,NMB,adwords,cpc,NMB_US_Search_Brand_2026Q2,MQL,
L-72132,2026-05-06 11:30:00,AUR,,,,Lead,
L-73855,2026-07-30 21:17:00,PKF,fb,paid_social,PKF_US_Meta_Conversions,Lead,
L-78663,2026-07-29 22:47:00,PKF,adwords,cpc,PKF_US_Search_Brand_2026Q2,Lead,
L-79227,2026-05-22 20:48:00,NMB,adwords,cpc,NMB_US_Search_Brand_2026Q2,Lead,
L-81868,2026-06-11 13:53:00,NMB,google,paid_social,(not set),Lead,
L-78633,2026-07-27 15:15:00,PKF,google,cpc,PKF_US_Search_Brand_2026Q2,Closed Won,3600
L-73805,2026-07-29 12:45:00,PKF,facebook,paid_social,PKF_US_Meta_Conversions,Lead,
L-72593,2026-05-12 10:34:00,PKF,facebook,paid_social,PKF_US_Meta_Conversions,Lead,
L-81285,2026-06-20 10:18:00,NMB,TikTok,paid_social,NMB_TikTok_Prospecting_2026Q2,Lead,
L-80667,2026-05-27 21:02:00,PKF,,,,Lead,
L-75258,2026-07-14 22:12:00,NMB,Facebook,paid_social,NMB_US_Meta_Prospecting_2026Q2,Lead,
L-81697,2026-05-28 14:32:00,AUR,google,paid_social,(not set),Lead,
L-81202,2026-05-15 10:45:00,NMB,tiktok,paid_social,NMB_TikTok_Prospecting_2026Q2,Lead,
L-78072,2026-06-19 19:02:00,PKF,google,cpc,PKF_US_Search_Brand_2026Q2,MQL,
L-77946,2026-06-13 12:41:00,PKF,google,cpc,PKF_US_Search_Brand_2026Q2,SQL,
L-77513,2026-05-11 20:08:00,PKF,Google Ads,cpc,PKF_US_Search_Brand_2026Q2,MQL,
L-75458,2026-07-29 16:18:00,NMB,Facebook,paid_social,NMB_US_Meta_Prospecting_2026Q2,MQL,
L-70579,2026-06-25 19:17:00,AUR,fb,paid_social,AUR_US_Meta_Prospecting_2026Q2,Lead,
L-78861,2026-06-05 14:02:00,PKF,google,cpc,pkf|nonbrand|search|may26,Lead,
L-73520,2026-07-09 08:41:00,PKF,,,,MQL,
L-81616,2026-05-20 12:06:00,NMB,google,paid_social,(not set),MQL,
L-77674,2026-05-25 19:35:00,PKF,Google Ads,cpc,PKF_US_Search_Brand_2026Q2,Lead,
L-80523,2026-05-08 15:46:00,PKF,tiktok,paid_social,PKF_TikTok_Spark_2026Q2,MQL,
L-77933,2026-06-12 13:08:00,PKF,google,cpc,PKF_US_Search_Brand_2026Q2,Lead,
L-72355,2026-07-07 14:35:00,AUR,,,,Lead,
L-72972,2026-06-05 17:42:00,PKF,Facebook,paid_social,PKF_US_Meta_Conversions,MQL,
L-80151,2026-05-10 15:54:00,AUR,tiktok,paid_social,AUR_TikTok_Prospecting_2026Q2,Lead,
L-74741,2026-05-28 10:47:00,NMB,Facebook,paid_social,NMB_US_Meta_Prospecting_2026Q2,Lead,
L-74239,2026-06-28 21:17:00,PKF,Facebook,paid_social,PKF_CA_Meta_Prospecting,Lead,
L-74872,2026-06-09 19:52:00,NMB,facebook,paid_social,NMB_US_Meta_Prospecting_2026Q2,Lead,
L-78675,2026-07-29 20:01:00,PKF,google,cpc,PKF_US_Search_Brand_2026Q2,Lead,
L-76076,2026-07-08 18:20:00,NMB,,,,MQL,
L-77002,2026-07-31 09:51:00,AUR,,,,Lead,
L-74858,2026-06-06 19:21:00,NMB,Facebook,paid_social,NMB_US_Meta_Prospecting_2026Q2,Lead,
L-73443,2026-07-03 09:24:00,PKF,fb,paid_social,PKF_US_Meta_Conversions,Lead,
L-78608,2026-07-26 22:56:00,PKF,Google Ads,cpc,PKF_US_Search_Brand_2026Q2,MQL,
L-79130,2026-05-09 14:19:00,NMB,google,cpc,NMB_US_Search_Brand_2026Q2,Closed Won,1900
L-72225,2026-06-02 11:44:00,AUR,,,,Lead,
L-75644,2026-05-19 08:09:00,NMB,fb,paid_social,NMB_US_Meta_Retargeting_2026Q2,MQL,
L-76405,2026-05-16 17:13:00,AUR,,,,MQL,
L-78442,2026-07-14 19:17:00,PKF,Google Ads,cpc,PKF_US_Search_Brand_2026Q2,Closed Won,1900
L-76124,2026-07-15 08:13:00,NMB,facebook,paid_social,NMB_US_Meta_Retargeting_2026Q2,Lead,
L-78234,2026-06-30 17:06:00,PKF,google,cpc,PKF_US_Search_Brand_2026Q2,Lead,
L-72502,2026-05-06 16:37:00,PKF,meta,paid_social,PKF_US_Meta_Conversions,Lead,
L-76798,2026-07-04 17:38:00,AUR,,,,MQL,
L-74896,2026-06-09 12:31:00,NMB,meta,paid_social,NMB_US_Meta_Prospecting_2026Q2,Lead,
L-78706,2026-07-31 13:41:00,PKF,google,cpc,PKF_US_Search_Brand_2026Q2,MQL,
L-74751,2026-05-29 19:11:00,NMB,meta,paid_social,NMB_US_Meta_Prospecting_2026Q2,Lead,
L-72949,2026-06-04 21:14:00,PKF,paid_social,paid_social,PKF_US_Meta_Conversions,Lead,
L-71775,2026-07-02 16:14:00,AUR,fb,paid_social,AUR_EU_Meta_Retargeting_2026Q2,MQL,
L-73205,2026-06-19 09:53:00,PKF,paid_social,paid_social,PKF_US_Meta_Conversions,Lead,
L-73136,2026-06-15 13:31:00,PKF,meta,paid_social,PKF_US_Meta_Conversions,MQL,
L-70420,2026-06-14 18:55:00,AUR,facebook,paid_social,AUR_US_Meta_Prospecting_2026Q2,Lead,
L-77153,2026-06-04 11:33:00,AUR,Google Ads,cpc,AUR_EU_Search_NonBrand_2026Q2,Lead,
L-74630,2026-05-18 09:58:00,NMB,meta,paid_social,NMB_US_Meta_Prospecting_2026Q2,Lead,
L-77638,2026-05-22 11:14:00,PKF,Google Ads,cpc,PKF_US_Search_Brand_2026Q2,Closed Won,5200
L-81982,2026-06-22 13:16:00,PKF,google,paid_social,(not set),Lead,
L-80224,2026-05-28 10:53:00,AUR,tiktok,paid_social,AUR_TikTok_Prospecting_2026Q2,MQL,
L-74696,2026-05-23 21:41:00,NMB,meta,paid_social,NMB_US_Meta_Prospecting_2026Q2,Lead,
L-73469,2026-07-06 09:35:00,PKF,meta,paid_social,PKF_US_Meta_Conversions,MQL,
L-72285,2026-06-20 13:04:00,AUR,paid_social,paid_social,aurelia|prospecting|meta|may26,Lead,
L-77810,2026-06-02 22:38:00,PKF,,,,Closed Won,8800
L-72338,2026-07-05 12:08:00,AUR,fb,paid_social,aurelia|prospecting|meta|may26,Lead,
L-78409,2026-07-14 09:12:00,PKF,Google Ads,cpc,PKF_US_Search_Brand_2026Q2,Lead,
L-71520,2026-06-08 13:18:00,AUR,paid_social,paid_social,AUR_EU_Meta_Retargeting_2026Q2,Lead,
L-71200,2026-05-12 13:41:00,AUR,paid_social,paid_social,AUR_EU_Meta_Retargeting_2026Q2,MQL,
L-80595,2026-05-18 21:14:00,PKF,tiktok,paid_social,PKF_TikTok_Spark_2026Q2,Lead,
L-81052,2026-07-15 17:52:00,PKF,tiktok,paid_social,PKF_TikTok_Spark_2026Q2,Lead,
L-70223,2026-05-22 08:58:00,AUR,,,,Lead,
L-78746,2026-05-09 11:05:00,PKF,,,,Lead,
L-72545,2026-05-07 18:50:00,PKF,,,,Lead,
L-74219,2026-06-24 14:04:00,PKF,fb,paid_social,PKF_CA_Meta_Prospecting,Lead,
L-74487,2026-05-05 18:57:00,NMB,,,,MQL,
L-75287,2026-07-16 18:37:00,NMB,fb,paid_social,NMB_US_Meta_Prospecting_2026Q2,Lead,
L-73997,2026-05-20 14:31:00,PKF,paid_social,paid_social,PKF_CA_Meta_Prospecting,MQL,
L-70078,2026-05-09 17:05:00,AUR,paid_social,paid_social,AUR_US_Meta_Prospecting_2026Q2,MQL,
L-70368,2026-06-08 15:03:00,AUR,meta,paid_social,AUR_US_Meta_Prospecting_2026Q2,MQL,
L-75680,2026-05-23 16:48:00,NMB,paid_social,paid_social,NMB_US_Meta_Retargeting_2026Q2,Lead,
L-74887,2026-06-10 12:29:00,NMB,Facebook,paid_social,NMB_US_Meta_Prospecting_2026Q2,MQL,
L-79046,2026-07-24 14:18:00,PKF,google,cpc,pkf|nonbrand|search|may26,SQL,
L-77657,2026-05-22 17:07:00,PKF,google,cpc,PKF_US_Search_Brand_2026Q2,MQL,
L-70483,2026-06-19 09:34:00,AUR,,,,Lead,
L-75600,2026-05-15 18:30:00,NMB,Facebook,paid_social,NMB_US_Meta_Retargeting_2026Q2,Lead,
L-76536,2026-05-30 15:15:00,AUR,,,,Lead,
L-79546,2026-06-26 14:24:00,NMB,adwords,cpc,NMB_US_Search_Brand_2026Q2,Closed Won,5200
L-74350,2026-07-13 21:39:00,PKF,meta,paid_social,PKF_CA_Meta_Prospecting,MQL,
L-75524,2026-05-06 17:43:00,NMB,paid_social,paid_social,NMB_US_Meta_Retargeting_2026Q2,Lead,
L-79065,2026-07-28 20:53:00,PKF,adwords,cpc,pkf|nonbrand|search|may26,Lead,
L-71165,2026-05-08 14:14:00,AUR,,,,MQL,
L-79614,2026-07-06 12:39:00,NMB,,,,Lead,
L-81443,2026-05-05 16:49:00,NMB,google,paid_social,(not set),SQL,
L-70638,2026-07-02 22:23:00,AUR,,,,Lead,
L-82071,2026-06-30 11:28:00,PKF,google,paid_social,(not set),SQL,
L-77453,2026-05-06 22:33:00,PKF,google,cpc,PKF_US_Search_Brand_2026Q2,SQL,
L-80708,2026-05-30 17:31:00,PKF,TikTok,paid_social,PKF_TikTok_Spark_2026Q2,MQL,
L-77334,2026-07-21 11:33:00,AUR,,,,Lead,
L-78073,2026-06-20 10:58:00,PKF,Google Ads,cpc,PKF_US_Search_Brand_2026Q2,Lead,
L-71945,2026-07-15 20:19:00,AUR,,,,Lead,
L-75078,2026-06-27 17:21:00,NMB,paid_social,paid_social,NMB_US_Meta_Prospecting_2026Q2,Lead,
L-78241,2026-06-30 09:51:00,PKF,google,cpc,PKF_US_Search_Brand_2026Q2,MQL,
L-77580,2026-05-17 16:35:00,PKF,google,cpc,PKF_US_Search_Brand_2026Q2,MQL,
L-70740,2026-07-07 13:11:00,AUR,,,,Lead,
L-81411,2026-05-03 22:53:00,PKF,google,paid_social,(not set),Lead,
L-76507,2026-05-28 21:37:00,AUR,,,,MQL,
L-74571,2026-05-12 21:16:00,NMB,meta,paid_social,NMB_US_Meta_Prospecting_2026Q2,Lead,
L-70887,2026-07-19 17:32:00,AUR,,,,SQL,
L-76075,2026-07-08 14:59:00,NMB,,,,MQL,
L-79916,2026-05-28 09:21:00,NMB,,,,Closed Won,3600
L-77142,2026-06-03 21:36:00,AUR,,,,Lead,
L-73769,2026-07-26 13:17:00,PKF,meta,paid_social,PKF_US_Meta_Conversions,Lead,
L-79887,2026-05-12 11:09:00,NMB,adwords,cpc,NMB_US_PMax_2026Q2,MQL,
L-76143,2026-07-16 15:14:00,NMB,Facebook,paid_social,NMB_US_Meta_Retargeting_2026Q2,Lead,
L-74290,2026-07-04 19:22:00,PKF,fb,paid_social,PKF_CA_Meta_Prospecting,Lead,
L-73761,2026-07-23 13:06:00,PKF,paid_social,paid_social,PKF_US_Meta_Conversions,Lead,
L-70564,2026-06-26 10:46:00,AUR,Facebook,paid_social,AUR_US_Meta_Prospecting_2026Q2,MQL,
L-77929,2026-06-10 21:28:00,PKF,google,cpc,PKF_US_Search_Brand_2026Q2,MQL,
L-77759,2026-05-30 14:04:00,PKF,adwords,cpc,PKF_US_Search_Brand_2026Q2,Lead,
L-77718,2026-05-25 17:25:00,PKF,Google Ads,cpc,PKF_US_Search_Brand_2026Q2,Lead,
L-73081,2026-06-11 12:18:00,PKF,paid_social,paid_social,PKF_US_Meta_Conversions,Lead,
L-75405,2026-07-24 19:43:00,NMB,paid_social,paid_social,NMB_US_Meta_Prospecting_2026Q2,MQL,
L-79408,2026-06-11 13:12:00,NMB,google,cpc,NMB_US_Search_Brand_2026Q2,MQL,
L-76879,2026-07-15 08:26:00,AUR,Google Ads,cpc,AUR_US_Search_Brand_2026Q2,Lead,
L-78223,2026-06-30 12:52:00,PKF,google,cpc,PKF_US_Search_Brand_2026Q2,Lead,
L-80553,2026-05-10 16:28:00,PKF,TikTok,paid_social,PKF_TikTok_Spark_2026Q2,Lead,
L-78540,2026-07-20 22:49:00,PKF,adwords,cpc,PKF_US_Search_Brand_2026Q2,Lead,
L-78400,2026-07-11 11:00:00,PKF,adwords,cpc,PKF_US_Search_Brand_2026Q2,Closed Won,2400
L-74787,2026-05-31 18:55:00,NMB,fb,paid_social,NMB_US_Meta_Prospecting_2026Q2,Lead,
L-80144,2026-05-10 18:51:00,AUR,,,,Lead,
L-70943,2026-07-24 20:42:00,AUR,,,,Lead,
L-74254,2026-06-30 17:25:00,PKF,paid_social,paid_social,PKF_CA_Meta_Prospecting,Lead,
L-80011,2026-07-15 10:43:00,NMB,google,cpc,NMB_US_PMax_2026Q2,Lead,
L-79888,2026-05-11 21:30:00,NMB,google,cpc,NMB_US_PMax_2026Q2,Closed Won,2400
L-75867,2026-06-15 10:12:00,NMB,paid_social,paid_social,NMB_US_Meta_Retargeting_2026Q2,Lead,
L-81416,2026-05-04 12:23:00,AUR,google,paid_social,(not set),SQL,
L-77739,2026-05-28 22:35:00,PKF,Google Ads,cpc,PKF_US_Search_Brand_2026Q2,Lead,
L-71865,2026-07-09 15:55:00,AUR,,,,Lead,
L-79529,2026-06-26 22:26:00,NMB,adwords,cpc,NMB_US_Search_Brand_2026Q2,SQL,
L-76351,2026-05-08 22:58:00,AUR,google,cpc,AUR_US_Search_Brand_2026Q2,Closed Won,5200
L-75090,2026-06-28 22:25:00,NMB,fb,paid_social,NMB_US_Meta_Prospecting_2026Q2,SQL,
L-76279,2026-07-29 21:09:00,NMB,Facebook,paid_social,NMB_US_Meta_Retargeting_2026Q2,Lead,
L-71197,2026-05-13 15:05:00,AUR,,,,MQL,
L-81037,2026-07-14 12:55:00,PKF,tiktok,paid_social,PKF_TikTok_Spark_2026Q2,Lead,
L-73638,2026-07-15 11:23:00,PKF,,,,SQL,
L-77192,2026-06-15 20:13:00,AUR,,,,MQL,
L-70380,2026-06-09 16:05:00,AUR,,,,MQL,
L-70976,2026-07-25 19:35:00,AUR,,,,SQL,
L-78654,2026-07-29 18:21:00,PKF,google,cpc,PKF_US_Search_Brand_2026Q2,SQL,
L-75884,2026-06-17 10:13:00,NMB,facebook,paid_social,NMB_US_Meta_Retargeting_2026Q2,Lead,
L-81811,2026-06-06 22:59:00,NMB,google,paid_social,(not set),Closed Won,5200
L-81974,2026-06-22 12:39:00,AUR,,,,MQL,
L-70252,2026-05-28 17:20:00,AUR,fb,paid_social,AUR_US_Meta_Prospecting_2026Q2,SQL,
L-73784,2026-07-26 19:27:00,PKF,paid_social,paid_social,PKF_US_Meta_Conversions,Lead,
L-80364,2026-07-01 17:38:00,AUR,,,,SQL,
L-75540,2026-05-06 17:44:00,NMB,facebook,paid_social,NMB_US_Meta_Retargeting_2026Q2,Lead,
L-73538,2026-07-10 12:27:00,PKF,,,,Lead,
L-79194,2026-05-17 14:00:00,NMB,google,cpc,NMB_US_Search_Brand_2026Q2,MQL,
L-72171,2026-05-17 14:07:00,AUR,,,,Lead,
L-73354,2026-06-28 21:42:00,PKF,facebook,paid_social,PKF_US_Meta_Conversions,SQL,
L-74825,2026-06-04 15:17:00,NMB,meta,paid_social,NMB_US_Meta_Prospecting_2026Q2,SQL,
L-78372,2026-07-08 22:14:00,PKF,google,cpc,PKF_US_Search_Brand_2026Q2,Lead,
L-71648,2026-06-20 21:43:00,AUR,,,,Lead,
L-79068,2026-07-31 13:04:00,PKF,adwords,cpc,pkf|nonbrand|search|may26,Lead,
L-81918,2026-06-16 23:02:00,NMB,google,paid_social,(not set),MQL,
L-72616,2026-05-14 11:16:00,PKF,facebook,paid_social,PKF_US_Meta_Conversions,Lead,
L-70915,2026-07-20 14:52:00,AUR,Facebook,paid_social,AUR_US_Meta_Prospecting_2026Q2,Lead,
L-82122,2026-07-05 09:16:00,PKF,google,paid_social,(not set),Lead,
L-72741,2026-05-19 11:16:00,PKF,fb,paid_social,PKF_US_Meta_Conversions,MQL,
L-78102,2026-06-19 17:25:00,PKF,google,cpc,PKF_US_Search_Brand_2026Q2,Closed Won,1900
L-78110,2026-06-22 16:08:00,PKF,google,cpc,PKF_US_Search_Brand_2026Q2,Lead,
L-81073,2026-07-20 08:27:00,PKF,tiktok,paid_social,PKF_TikTok_Spark_2026Q2,Lead,
L-75948,2026-06-24 12:51:00,NMB,paid_social,paid_social,NMB_US_Meta_Retargeting_2026Q2,Lead,
L-72997,2026-06-05 18:51:00,PKF,meta,paid_social,PKF_US_Meta_Conversions,Lead,
L-73085,2026-06-12 22:24:00,PKF,meta,paid_social,PKF_US_Meta_Conversions,Lead,
L-76251,2026-07-29 15:57:00,NMB,fb,paid_social,NMB_US_Meta_Retargeting_2026Q2,SQL,
L-76260,2026-07-29 13:23:00,NMB,Facebook,paid_social,NMB_US_Meta_Retargeting_2026Q2,Lead,
L-82240,2026-07-15 15:40:00,PKF,google,paid_social,(not set),Lead,
L-80916,2026-06-28 10:09:00,PKF,tiktok,paid_social,PKF_TikTok_Spark_2026Q2,Lead,
L-77622,2026-05-20 14:08:00,PKF,google,cpc,PKF_US_Search_Brand_2026Q2,Closed Won,1900
L-73120,2026-06-15 09:17:00,PKF,fb,paid_social,PKF_US_Meta_Conversions,Lead,
L-71829,2026-07-06 21:54:00,AUR,,,,Lead,
L-76717,2026-06-24 09:38:00,AUR,,,,Lead,
L-70842,2026-07-17 21:05:00,AUR,meta,paid_social,AUR_US_Meta_Prospecting_2026Q2,Lead,
L-81685,2026-05-27 19:11:00,PKF,google,paid_social,(not set),SQL,
L-71187,2026-05-11 20:34:00,AUR,fb,paid_social,AUR_EU_Meta_Retargeting_2026Q2,Lead,
L-72105,2026-07-31 22:04:00,AUR,,,,Lead,
L-75694,2026-05-25 15:27:00,NMB,paid_social,paid_social,NMB_US_Meta_Retargeting_2026Q2,MQL,
L-74694,2026-05-22 15:28:00,NMB,facebook,paid_social,NMB_US_Meta_Prospecting_2026Q2,Lead,
L-74677,2026-05-21 10:21:00,NMB,facebook,paid_social,NMB_US_Meta_Prospecting_2026Q2,MQL,
L-80691,2026-05-29 21:43:00,PKF,,,,MQL,
L-75208,2026-07-08 20:35:00,NMB,,,,Lead,
L-79235,2026-05-20 13:40:00,NMB,adwords,cpc,NMB_US_Search_Brand_2026Q2,Lead,
L-78376,2026-07-09 19:49:00,PKF,adwords,cpc,PKF_US_Search_Brand_2026Q2,MQL,
L-77863,2026-06-05 13:26:00,PKF,google,cpc,PKF_US_Search_Brand_2026Q2,MQL,
L-80142,2026-05-08 22:57:00,AUR,,,,SQL,
L-78457,2026-07-16 10:20:00,PKF,adwords,cpc,PKF_US_Search_Brand_2026Q2,Lead,
L-77069,2026-05-16 16:33:00,AUR,,,,MQL,
L-70386,2026-06-10 10:01:00,AUR,,,,Closed Won,5200
L-72069,2026-07-27 18:09:00,AUR,,,,Lead,
L-71897,2026-07-11 21:26:00,AUR,,,,MQL,
L-80508,2026-05-05 21:47:00,PKF,tiktok,paid_social,PKF_TikTok_Spark_2026Q2,Lead,
L-71972,2026-07-17 22:52:00,AUR,meta,paid_social,AUR_EU_Meta_Retargeting_2026Q2,Lead,
L-76698,2026-06-24 18:08:00,AUR,,,,Lead,
L-78415,2026-07-13 22:22:00,PKF,Google Ads,cpc,PKF_US_Search_Brand_2026Q2,Lead,
L-73282,2026-06-23 12:37:00,PKF,fb,paid_social,PKF_US_Meta_Conversions,Lead,
L-78630,2026-07-26 16:25:00,PKF,google,cpc,PKF_US_Search_Brand_2026Q2,Lead,
L-76304,2026-05-01 20:16:00,AUR,,,,Lead,
L-70091,2026-05-12 13:40:00,AUR,facebook,paid_social,AUR_US_Meta_Prospecting_2026Q2,Lead,
L-70683,2026-07-03 16:45:00,AUR,,,,Lead,
L-76444,2026-05-20 10:42:00,AUR,google,cpc,AUR_US_Search_Brand_2026Q2,MQL,
L-75713,2026-05-26 12:25:00,NMB,paid_social,paid_social,NMB_US_Meta_Retargeting_2026Q2,MQL,
L-73109,2026-06-12 17:05:00,PKF,fb,paid_social,PKF_US_Meta_Conversions,Lead,
L-71867,2026-07-10 20:15:00,AUR,,,,Lead,
L-77599,2026-05-18 09:05:00,PKF,Google Ads,cpc,PKF_US_Search_Brand_2026Q2,SQL,
L-75172,2026-07-05 10:32:00,NMB,meta,paid_social,NMB_US_Meta_Prospecting_2026Q2,Lead,
L-76232,2026-07-26 17:06:00,NMB,fb,paid_social,NMB_US_Meta_Retargeting_2026Q2,Lead,
L-80771,2026-06-08 13:31:00,PKF,TikTok,paid_social,PKF_TikTok_Spark_2026Q2,Lead,
L-70654,2026-07-01 09:01:00,AUR,,,,Lead,
L-72298,2026-06-23 09:22:00,AUR,paid_social,paid_social,aurelia|prospecting|meta|may26,Lead,
L-72082,2026-07-27 14:57:00,AUR,meta,paid_social,AUR_EU_Meta_Retargeting_2026Q2,MQL,
L-81938,2026-06-18 12:43:00,PKF,google,paid_social,(not set),Lead,
L-78925,2026-06-24 09:54:00,PKF,adwords,cpc,pkf|nonbrand|search|may26,Lead,
L-72296,2026-06-23 17:01:00,AUR,,,,Lead,
L-79231,2026-05-20 10:34:00,NMB,adwords,cpc,NMB_US_Search_Brand_2026Q2,MQL,
L-78727,2026-05-05 12:45:00,PKF,adwords,cpc,pkf|nonbrand|search|may26,SQL,
L-80172,2026-05-18 19:33:00,AUR,TikTok,paid_social,AUR_TikTok_Prospecting_2026Q2,Lead,
L-73235,2026-06-23 12:07:00,PKF,facebook,paid_social,PKF_US_Meta_Conversions,Lead,
L-70758,2026-07-09 11:41:00,AUR,,,,Lead,
L-76061,2026-07-08 20:34:00,NMB,,,,MQL,
L-73734,2026-07-22 22:40:00,PKF,paid_social,paid_social,PKF_US_Meta_Conversions,SQL,
L-71720,2026-06-25 09:06:00,AUR,fb,paid_social,AUR_EU_Meta_Retargeting_2026Q2,Lead,
L-79692,2026-07-14 13:26:00,NMB,adwords,cpc,NMB_US_Search_Brand_2026Q2,MQL,
L-78649,2026-07-27 17:35:00,PKF,google,cpc,PKF_US_Search_Brand_2026Q2,MQL,
L-70889,2026-07-18 08:39:00,AUR,,,,Lead,
L-76225,2026-07-24 15:20:00,NMB,paid_social,paid_social,NMB_US_Meta_Retargeting_2026Q2,Lead,
L-73600,2026-07-13 21:02:00,PKF,fb,paid_social,PKF_US_Meta_Conversions,MQL,
L-74146,2026-06-13 21:12:00,PKF,meta,paid_social,PKF_CA_Meta_Prospecting,Lead,
L-77217,2026-06-21 11:26:00,AUR,,,,Lead,
L-73929,2026-05-10 12:50:00,PKF,meta,paid_social,PKF_CA_Meta_Prospecting,Lead,
L-72394,2026-07-20 22:14:00,AUR,facebook,paid_social,aurelia|prospecting|meta|may26,Lead,
L-75593,2026-05-15 22:22:00,NMB,facebook,paid_social,NMB_US_Meta_Retargeting_2026Q2,MQL,
L-70307,2026-06-03 09:44:00,AUR,facebook,paid_social,AUR_US_Meta_Prospecting_2026Q2,Lead,
L-75506,2026-05-04 21:46:00,NMB,Facebook,paid_social,NMB_US_Meta_Retargeting_2026Q2,Lead,
L-76988,2026-07-30 15:09:00,AUR,google,cpc,AUR_US_Search_Brand_2026Q2,Lead,
L-73529,2026-07-11 11:16:00,PKF,,,,Lead,
L-70620,2026-06-30 17:29:00,AUR,,,,Lead,
L-80110,2026-06-23 12:24:00,PKF,google,cpc,PKF_US_Video_Test_C,MQL,
L-72748,2026-05-21 15:11:00,PKF,facebook,paid_social,PKF_US_Meta_Conversions,Lead,
L-79855,2026-07-30 12:19:00,NMB,,,,SQL,
L-77157,2026-06-05 18:20:00,AUR,,,,MQL,
L-77985,2026-06-15 12:25:00,PKF,google,cpc,PKF_US_Search_Brand_2026Q2,Lead,
L-82395,2026-07-30 10:58:00,AUR,,,,Closed Won,3600
L-80760,2026-06-06 14:00:00,PKF,tiktok,paid_social,PKF_TikTok_Spark_2026Q2,MQL,
L-71765,2026-07-01 15:22:00,AUR,Facebook,paid_social,AUR_EU_Meta_Retargeting_2026Q2,Lead,
L-70743,2026-07-08 22:42:00,AUR,,,,Lead,
L-78278,2026-07-03 20:53:00,PKF,google,cpc,PKF_US_Search_Brand_2026Q2,SQL,
L-80138,2026-05-08 20:31:00,AUR,,,,SQL,
L-79484,2026-06-21 21:53:00,NMB,Google Ads,cpc,NMB_US_Search_Brand_2026Q2,Lead,
L-77108,2026-05-25 15:48:00,AUR,adwords,cpc,AUR_EU_Search_NonBrand_2026Q2,Lead,
L-70504,2026-06-19 19:01:00,AUR,,,,Lead,
L-73006,2026-06-07 22:07:00,PKF,Facebook,paid_social,PKF_US_Meta_Conversions,MQL,
L-80263,2026-06-08 13:19:00,AUR,TikTok,paid_social,AUR_TikTok_Prospecting_2026Q2,Lead,
L-73430,2026-07-02 22:07:00,PKF,paid_social,paid_social,PKF_US_Meta_Conversions,MQL,
L-76758,2026-06-29 16:23:00,AUR,adwords,cpc,AUR_US_Search_Brand_2026Q2,Lead,
L-82380,2026-07-28 18:39:00,PKF,google,paid_social,(not set),MQL,
L-72810,2026-05-24 08:21:00,PKF,paid_social,paid_social,PKF_US_Meta_Conversions,SQL,
L-80681,2026-05-28 09:00:00,PKF,TikTok,paid_social,PKF_TikTok_Spark_2026Q2,Lead,
L-81186,2026-05-09 14:36:00,NMB,tiktok,paid_social,NMB_TikTok_Prospecting_2026Q2,Lead,
L-77432,2026-05-07 11:54:00,PKF,google,cpc,PKF_US_Search_Brand_2026Q2,Lead,
L-73941,2026-05-12 16:52:00,PKF,Facebook,paid_social,PKF_CA_Meta_Prospecting,Lead,
L-80251,2026-06-06 21:09:00,AUR,tiktok,paid_social,AUR_TikTok_Prospecting_2026Q2,Lead,
L-72459,2026-05-03 11:46:00,PKF,meta,paid_social,PKF_US_Meta_Conversions,Lead,
L-77067,2026-05-17 20:23:00,AUR,,,,MQL,
L-72068,2026-07-26 12:11:00,AUR,paid_social,paid_social,AUR_EU_Meta_Retargeting_2026Q2,Lead,
L-73337,2026-06-28 19:43:00,PKF,paid_social,paid_social,PKF_US_Meta_Conversions,Lead,
L-75968,2026-06-27 21:01:00,NMB,facebook,paid_social,NMB_US_Meta_Retargeting_2026Q2,Lead,
L-74461,2026-07-31 21:24:00,PKF,paid_social,paid_social,PKF_CA_Meta_Prospecting,Lead,
L-75881,2026-06-16 21:56:00,NMB,meta,paid_social,NMB_US_Meta_Retargeting_2026Q2,Lead,
L-81006,2026-07-12 15:17:00,PKF,TikTok,paid_social,PKF_TikTok_Spark_2026Q2,Lead,
L-76968,2026-07-27 11:05:00,AUR,,,,MQL,
L-78005,2026-06-15 19:04:00,PKF,google,cpc,PKF_US_Search_Brand_2026Q2,Lead,
L-72965,2026-06-05 09:31:00,PKF,paid_social,paid_social,PKF_US_Meta_Conversions,Lead,
L-82175,2026-07-09 15:11:00,AUR,google,paid_social,(not set),Lead,
L-80689,2026-05-30 10:57:00,PKF,tiktok,paid_social,PKF_TikTok_Spark_2026Q2,Lead,
L-77111,2026-05-27 10:08:00,AUR,,,,Lead,
L-79225,2026-05-21 20:56:00,NMB,Google Ads,cpc,NMB_US_Search_Brand_2026Q2,MQL,
L-77152,2026-06-03 13:06:00,AUR,,,,SQL,
L-80560,2026-05-11 18:25:00,PKF,tiktok,paid_social,PKF_TikTok_Spark_2026Q2,MQL,
L-73815,2026-07-28 15:16:00,PKF,facebook,paid_social,PKF_US_Meta_Conversions,Lead,
L-71030,2026-07-30 15:43:00,AUR,meta,paid_social,AUR_US_Meta_Prospecting_2026Q2,MQL,
L-74605,2026-05-16 22:51:00,NMB,Facebook,paid_social,NMB_US_Meta_Prospecting_2026Q2,Lead,
L-81246,2026-06-02 10:11:00,NMB,,,,MQL,
L-70176,2026-05-21 13:24:00,AUR,,,,Lead,
L-78546,2026-07-20 12:32:00,PKF,adwords,cpc,PKF_US_Search_Brand_2026Q2,Closed Won,8800
L-79577,2026-07-02 18:22:00,NMB,adwords,cpc,NMB_US_Search_Brand_2026Q2,SQL,
L-78344,2026-07-07 10:39:00,PKF,Google Ads,cpc,PKF_US_Search_Brand_2026Q2,SQL,
L-71204,2026-05-12 20:53:00,AUR,,,,SQL,
L-74619,2026-05-15 10:27:00,NMB,fb,paid_social,NMB_US_Meta_Prospecting_2026Q2,MQL,
L-78192,2026-06-26 11:52:00,PKF,google,cpc,PKF_US_Search_Brand_2026Q2,SQL,
L-80044,2026-07-30 19:52:00,NMB,Google Ads,cpc,NMB_US_PMax_2026Q2,Lead,
L-73438,2026-07-02 09:20:00,PKF,Facebook,paid_social,PKF_US_Meta_Conversions,Lead,
L-81817,2026-06-07 21:52:00,NMB,,,,Lead,
L-75791,2026-06-06 20:33:00,NMB,paid_social,paid_social,NMB_US_Meta_Retargeting_2026Q2,Lead,
L-70554,2026-06-24 20:12:00,AUR,facebook,paid_social,AUR_US_Meta_Prospecting_2026Q2,Lead,
L-75087,2026-06-27 16:46:00,NMB,facebook,paid_social,NMB_US_Meta_Prospecting_2026Q2,SQL,
L-72206,2026-05-27 09:57:00,AUR,,,,Lead,
L-79425,2026-06-12 11:29:00,NMB,google,cpc,NMB_US_Search_Brand_2026Q2,Lead,
L-76027,2026-07-04 20:59:00,NMB,meta,paid_social,NMB_US_Meta_Retargeting_2026Q2,Lead,
L-71536,2026-06-08 18:55:00,AUR,,,,Lead,
L-71033,2026-07-29 19:47:00,AUR,meta,paid_social,AUR_US_Meta_Prospecting_2026Q2,Lead,
L-77474,2026-05-10 17:23:00,PKF,adwords,cpc,PKF_US_Search_Brand_2026Q2,MQL,
L-72906,2026-06-01 12:27:00,PKF,,,,Lead,
L-77771,2026-05-30 14:24:00,PKF,google,cpc,PKF_US_Search_Brand_2026Q2,Lead,
L-70057,2026-05-09 14:08:00,AUR,,,,Lead,
L-70113,2026-05-14 22:45:00,AUR,fb,paid_social,AUR_US_Meta_Prospecting_2026Q2,Lead,
L-70900,2026-07-20 14:56:00,AUR,meta,paid_social,AUR_US_Meta_Prospecting_2026Q2,Lead,
L-78202,2026-06-27 09:36:00,PKF,google,cpc,PKF_US_Search_Brand_2026Q2,MQL,
L-79141,2026-05-10 22:44:00,NMB,,,,MQL,
L-70356,2026-06-07 18:39:00,AUR,fb,paid_social,AUR_US_Meta_Prospecting_2026Q2,Lead,
L-72245,2026-06-10 13:41:00,AUR,,,,Lead,
L-71472,2026-06-03 08:27:00,AUR,,,,Lead,
L-76352,2026-05-08 14:06:00,AUR,,,,Closed Won,1900
L-73308,2026-06-25 10:43:00,PKF,facebook,paid_social,PKF_US_Meta_Conversions,Lead,
L-77547,2026-05-14 16:06:00,PKF,google,cpc,PKF_US_Search_Brand_2026Q2,Lead,
L-75975,2026-06-28 22:49:00,NMB,facebook,paid_social,NMB_US_Meta_Retargeting_2026Q2,Lead,
L-81600,2026-05-19 22:46:00,PKF,google,paid_social,(not set),Lead,
L-77312,2026-07-14 13:11:00,AUR,,,,Lead,
L-74651,2026-05-19 08:46:00,NMB,facebook,paid_social,NMB_US_Meta_Prospecting_2026Q2,MQL,
L-74596,2026-05-15 11:48:00,NMB,Facebook,paid_social,NMB_US_Meta_Prospecting_2026Q2,MQL,
L-70920,2026-07-20 14:42:00,AUR,fb,paid_social,AUR_US_Meta_Prospecting_2026Q2,MQL,
L-75219,2026-07-10 15:47:00,NMB,,,,SQL,
L-71603,2026-06-14 20:52:00,AUR,,,,Closed Won,2400
L-74567,2026-05-12 08:23:00,NMB,Facebook,paid_social,NMB_US_Meta_Prospecting_2026Q2,SQL,
L-72049,2026-07-25 11:25:00,AUR,Facebook,paid_social,AUR_EU_Meta_Retargeting_2026Q2,Lead,
L-81670,2026-05-25 22:01:00,NMB,google,paid_social,(not set),Lead,
L-75339,2026-07-21 17:11:00,NMB,paid_social,paid_social,NMB_US_Meta_Prospecting_2026Q2,Lead,
L-81172,2026-05-04 22:19:00,NMB,TikTok,paid_social,NMB_TikTok_Prospecting_2026Q2,MQL,
L-77923,2026-06-09 22:29:00,PKF,adwords,cpc,PKF_US_Search_Brand_2026Q2,Lead,
L-76762,2026-06-30 19:23:00,AUR,,,,MQL,
L-78075,2026-06-20 09:26:00,PKF,google,cpc,PKF_US_Search_Brand_2026Q2,Lead,
L-73283,2026-06-25 08:28:00,PKF,paid_social,paid_social,PKF_US_Meta_Conversions,Lead,
L-70646,2026-06-30 18:40:00,AUR,,,,Lead,
L-74478,2026-05-04 15:46:00,NMB,paid_social,paid_social,NMB_US_Meta_Prospecting_2026Q2,MQL,
L-78396,2026-07-12 10:27:00,PKF,adwords,cpc,PKF_US_Search_Brand_2026Q2,Lead,
L-72746,2026-05-21 13:34:00,PKF,fb,paid_social,PKF_US_Meta_Conversions,Lead,
L-70164,2026-05-18 21:25:00,AUR,,,,Lead,
L-74663,2026-05-19 16:27:00,NMB,fb,paid_social,NMB_US_Meta_Prospecting_2026Q2,Lead,
L-74718,2026-05-25 22:44:00,NMB,Facebook,paid_social,NMB_US_Meta_Prospecting_2026Q2,Lead,
L-79590,2026-07-03 20:41:00,NMB,adwords,cpc,NMB_US_Search_Brand_2026Q2,Lead,
L-82079,2026-07-01 14:17:00,AUR,,,,SQL,
L-76912,2026-07-19 20:21:00,AUR,,,,Lead,
L-76656,2026-06-19 14:54:00,AUR,Google Ads,cpc,AUR_US_Search_Brand_2026Q2,MQL,
L-77788,2026-05-30 22:13:00,PKF,adwords,cpc,PKF_US_Search_Brand_2026Q2,MQL,
L-73420,2026-07-03 09:21:00,PKF,Facebook,paid_social,PKF_US_Meta_Conversions,Lead,
L-74963,2026-06-15 19:49:00,NMB,fb,paid_social,NMB_US_Meta_Prospecting_2026Q2,MQL,
L-80322,2026-06-21 08:41:00,AUR,tiktok,paid_social,AUR_TikTok_Prospecting_2026Q2,Lead,
L-75880,2026-06-17 16:36:00,NMB,fb,paid_social,NMB_US_Meta_Retargeting_2026Q2,MQL,
L-76037,2026-07-04 15:49:00,NMB,paid_social,paid_social,NMB_US_Meta_Retargeting_2026Q2,Lead,
L-78229,2026-06-29 21:21:00,PKF,google,cpc,PKF_US_Search_Brand_2026Q2,MQL,
L-75636,2026-05-17 18:21:00,NMB,meta,paid_social,NMB_US_Meta_Retargeting_2026Q2,Lead,
L-82370,2026-07-27 09:02:00,PKF,google,paid_social,(not set),SQL,
L-79748,2026-07-18 21:36:00,NMB,Google Ads,cpc,NMB_US_Search_Brand_2026Q2,MQL,
L-74420,2026-07-24 13:21:00,PKF,facebook,paid_social,PKF_CA_Meta_Prospecting,Lead,
L-73106,2026-06-14 13:40:00,PKF,meta,paid_social,PKF_US_Meta_Conversions,Lead,
L-75984,2026-06-28 18:46:00,NMB,meta,paid_social,NMB_US_Meta_Retargeting_2026Q2,Lead,
L-76671,2026-06-20 08:04:00,AUR,google,cpc,AUR_US_Search_Brand_2026Q2,Lead,
L-72689,2026-05-18 22:35:00,PKF,,,,Lead,
L-78579,2026-07-22 15:22:00,PKF,adwords,cpc,PKF_US_Search_Brand_2026Q2,Lead,
L-72648,2026-05-15 16:20:00,PKF,Facebook,paid_social,PKF_US_Meta_Conversions,MQL,
L-78402,2026-07-11 13:19:00,PKF,google,cpc,PKF_US_Search_Brand_2026Q2,Lead,
L-75499,2026-05-01 11:00:00,NMB,,,,Lead,
L-81998,2026-06-23 20:22:00,NMB,google,paid_social,(not set),Lead,
L-72403,2026-07-24 21:25:00,AUR,meta,paid_social,aurelia|prospecting|meta|may26,Lead,
L-80900,2026-06-26 10:16:00,PKF,tiktok,paid_social,PKF_TikTok_Spark_2026Q2,Lead,
L-80847,2026-06-20 21:49:00,PKF,tiktok,paid_social,PKF_TikTok_Spark_2026Q2,MQL,
L-73578,2026-07-14 10:14:00,PKF,,,,Lead,
L-76567,2026-06-06 15:05:00,AUR,,,,SQL,
L-80986,2026-07-08 13:12:00,PKF,TikTok,paid_social,PKF_TikTok_Spark_2026Q2,SQL,
L-70910,2026-07-21 10:59:00,AUR,,,,MQL,
L-75852,2026-06-11 16:23:00,NMB,fb,paid_social,NMB_US_Meta_Retargeting_2026Q2,MQL,
L-77586,2026-05-18 08:04:00,PKF,adwords,cpc,PKF_US_Search_Brand_2026Q2,Closed Won,8800
L-74218,2026-06-23 12:19:00,PKF,,,,MQL,
L-72438,2026-07-31 14:51:00,AUR,,,,Lead,
L-72559,2026-05-07 15:14:00,PKF,,,,Lead,
L-73532,2026-07-11 09:12:00,PKF,,,,MQL,
L-71921,2026-07-12 08:23:00,AUR,paid_social,paid_social,AUR_EU_Meta_Retargeting_2026Q2,MQL,
L-79834,2026-07-29 18:56:00,NMB,google,cpc,NMB_US_Search_Brand_2026Q2,MQL,
L-80232,2026-06-02 17:07:00,AUR,,,,MQL,
L-77393,2026-05-02 18:08:00,PKF,Google Ads,cpc,PKF_US_Search_Brand_2026Q2,Closed Won,3600
L-82297,2026-07-21 11:14:00,AUR,google,paid_social,(not set),Lead,
L-79453,2026-06-18 14:23:00,NMB,adwords,cpc,NMB_US_Search_Brand_2026Q2,SQL,
L-75051,2026-06-23 19:07:00,NMB,meta,paid_social,NMB_US_Meta_Prospecting_2026Q2,MQL,
L-78135,2026-06-23 16:42:00,PKF,google,cpc,PKF_US_Search_Brand_2026Q2,Closed Won,3600
L-70342,2026-06-07 13:05:00,AUR,,,,Lead,
L-70817,2026-07-14 13:12:00,AUR,facebook,paid_social,AUR_US_Meta_Prospecting_2026Q2,SQL,
L-77628,2026-05-21 14:27:00,PKF,google,cpc,PKF_US_Search_Brand_2026Q2,Closed Won,5200
L-76681,2026-06-23 13:44:00,AUR,,,,Lead,
L-80369,2026-07-01 09:49:00,AUR,TikTok,paid_social,AUR_TikTok_Prospecting_2026Q2,Lead,
L-75148,2026-07-02 21:07:00,NMB,Facebook,paid_social,NMB_US_Meta_Prospecting_2026Q2,Lead,
L-73740,2026-07-24 21:52:00,PKF,,,,Lead,
L-77304,2026-07-13 13:30:00,AUR,google,cpc,AUR_EU_Search_NonBrand_2026Q2,Lead,
L-70820,2026-07-13 14:14:00,AUR,Facebook,paid_social,AUR_US_Meta_Prospecting_2026Q2,Lead,
L-82012,2026-06-25 12:38:00,AUR,,,,Lead,
L-80498,2026-05-02 18:03:00,PKF,TikTok,paid_social,PKF_TikTok_Spark_2026Q2,MQL,
L-73844,2026-07-29 22:23:00,PKF,,,,Lead,
L-82411,2026-07-31 23:50:00,AUR,google,paid_social,(not set),Lead,
L-70067,2026-05-09 17:03:00,AUR,,,,Lead,
L-71250,2026-05-15 11:47:00,AUR,,,,Lead,
L-75633,2026-05-16 17:52:00,NMB,meta,paid_social,NMB_US_Meta_Retargeting_2026Q2,Lead,
L-71404,2026-05-28 20:41:00,AUR,,,,MQL,
L-77245,2026-06-27 21:55:00,AUR,,,,Lead,
L-77748,2026-05-29 15:28:00,PKF,,,,Lead,
L-72295,2026-06-22 18:54:00,AUR,,,,Lead,
L-80456,2026-07-25 13:36:00,AUR,tiktok,paid_social,AUR_TikTok_Prospecting_2026Q2,Lead,
L-79287,2026-05-27 09:19:00,NMB,google,cpc,NMB_US_Search_Brand_2026Q2,Lead,
L-80306,2026-06-18 15:19:00,AUR,,,,Lead,
L-70433,2026-06-14 10:09:00,AUR,meta,paid_social,AUR_US_Meta_Prospecting_2026Q2,MQL,
L-77875,2026-06-07 19:29:00,PKF,google,cpc,PKF_US_Search_Brand_2026Q2,Lead,
L-71241,2026-05-17 20:01:00,AUR,Facebook,paid_social,AUR_EU_Meta_Retargeting_2026Q2,Lead,
L-72348,2026-07-08 21:46:00,AUR,,,,Lead,
L-75025,2026-06-21 10:42:00,NMB,meta,paid_social,NMB_US_Meta_Prospecting_2026Q2,Lead,
L-78869,2026-06-08 21:35:00,PKF,adwords,cpc,pkf|nonbrand|search|may26,Lead,
L-72558,2026-05-09 16:35:00,PKF,facebook,paid_social,PKF_US_Meta_Conversions,SQL,
L-78902,2026-06-17 16:47:00,PKF,google,cpc,pkf|nonbrand|search|may26,SQL,
L-78298,2026-07-04 18:25:00,PKF,adwords,cpc,PKF_US_Search_Brand_2026Q2,MQL,
L-77130,2026-05-30 12:49:00,AUR,,,,Lead,
L-72871,2026-05-27 18:59:00,PKF,meta,paid_social,PKF_US_Meta_Conversions,Lead,
L-71991,2026-07-18 16:24:00,AUR,facebook,paid_social,AUR_EU_Meta_Retargeting_2026Q2,MQL,
L-76313,2026-05-03 13:00:00,AUR,,,,Closed Won,8800
L-70451,2026-06-17 15:28:00,AUR,facebook,paid_social,AUR_US_Meta_Prospecting_2026Q2,Lead,
L-74827,2026-06-03 17:55:00,NMB,fb,paid_social,NMB_US_Meta_Prospecting_2026Q2,Lead,
L-78171,2026-06-26 13:22:00,PKF,Google Ads,cpc,PKF_US_Search_Brand_2026Q2,Lead,
L-76500,2026-05-25 15:46:00,AUR,adwords,cpc,AUR_US_Search_Brand_2026Q2,Lead,
L-70997,2026-07-27 20:56:00,AUR,,,,Lead,
L-70232,2026-05-24 15:01:00,AUR,meta,paid_social,AUR_US_Meta_Prospecting_2026Q2,Lead,
L-81658,2026-05-24 12:01:00,NMB,google,paid_social,(not set),Lead,
L-81393,2026-05-01 11:45:00,PKF,google,paid_social,(not set),Lead,
L-78737,2026-05-08 13:21:00,PKF,google,cpc,pkf|nonbrand|search|may26,Lead,
L-78334,2026-07-07 09:14:00,PKF,adwords,cpc,PKF_US_Search_Brand_2026Q2,Lead,
L-75432,2026-07-27 14:39:00,NMB,fb,paid_social,NMB_US_Meta_Prospecting_2026Q2,MQL,
L-78745,2026-05-09 14:49:00,PKF,google,cpc,pkf|nonbrand|search|may26,Lead,
L-71000,2026-07-29 15:40:00,AUR,,,,Lead,
L-73426,2026-07-04 14:26:00,PKF,fb,paid_social,PKF_US_Meta_Conversions,MQL,
L-70484,2026-06-19 19:45:00,AUR,,,,MQL,
L-73928,2026-05-11 11:36:00,PKF,,,,MQL,
L-78522,2026-07-19 08:22:00,PKF,adwords,cpc,PKF_US_Search_Brand_2026Q2,SQL,
L-77650,2026-05-21 18:55:00,PKF,Google Ads,cpc,PKF_US_Search_Brand_2026Q2,SQL,
L-80969,2026-07-06 18:25:00,PKF,tiktok,paid_social,PKF_TikTok_Spark_2026Q2,Lead,
L-80763,2026-06-07 09:52:00,PKF,TikTok,paid_social,PKF_TikTok_Spark_2026Q2,Lead,
L-81020,2026-07-12 09:39:00,PKF,TikTok,paid_social,PKF_TikTok_Spark_2026Q2,MQL,
L-82062,2026-06-29 08:36:00,NMB,google,paid_social,(not set),Lead,
L-74101,2026-06-06 11:10:00,PKF,paid_social,paid_social,PKF_CA_Meta_Prospecting,Closed Won,1900
L-70133,2026-05-17 08:32:00,AUR,,,,Lead,
L-73169,2026-06-18 21:03:00,PKF,paid_social,paid_social,PKF_US_Meta_Conversions,Lead,
L-79228,2026-05-21 16:03:00,NMB,google,cpc,NMB_US_Search_Brand_2026Q2,Lead,
L-77390,2026-05-02 19:14:00,PKF,Google Ads,cpc,PKF_US_Search_Brand_2026Q2,MQL,
L-74314,2026-07-07 21:23:00,PKF,meta,paid_social,PKF_CA_Meta_Prospecting,Lead,
L-71956,2026-07-16 15:43:00,AUR,,,,Lead,
L-71594,2026-06-13 19:46:00,AUR,,,,Lead,
L-72153,2026-05-12 12:15:00,AUR,,,,MQL,
L-82412,2026-07-31 18:26:00,AUR,,,,Lead,
L-82269,2026-07-18 13:36:00,AUR,,,,MQL,
L-70669,2026-07-01 10:19:00,AUR,,,,Lead,
L-75846,2026-06-10 18:42:00,NMB,paid_social,paid_social,NMB_US_Meta_Retargeting_2026Q2,Lead,
L-71941,2026-07-16 13:55:00,AUR,,,,Lead,
L-78834,2026-05-31 15:13:00,PKF,,,,SQL,
L-74553,2026-05-09 14:31:00,NMB,facebook,paid_social,NMB_US_Meta_Prospecting_2026Q2,MQL,
L-72208,2026-05-26 12:04:00,AUR,meta,paid_social,aurelia|prospecting|meta|may26,Lead,
L-70184,2026-05-22 12:29:00,AUR,fb,paid_social,AUR_US_Meta_Prospecting_2026Q2,Lead,
L-82255,2026-07-16 22:25:00,NMB,google,paid_social,(not set),Lead,
L-77916,2026-06-09 08:53:00,PKF,google,cpc,PKF_US_Search_Brand_2026Q2,SQL,
L-75364,2026-07-23 22:17:00,NMB,fb,paid_social,NMB_US_Meta_Prospecting_2026Q2,MQL,
L-76341,2026-05-06 14:22:00,AUR,,,,Lead,
L-72342,2026-07-09 17:05:00,AUR,,,,Lead,
L-79609,2026-07-04 14:08:00,NMB,adwords,cpc,NMB_US_Search_Brand_2026Q2,Closed Won,8800
L-76155,2026-07-18 10:47:00,NMB,fb,paid_social,NMB_US_Meta_Retargeting_2026Q2,Lead,
L-80825,2026-06-15 14:53:00,PKF,tiktok,paid_social,PKF_TikTok_Spark_2026Q2,Lead,
L-75211,2026-07-09 11:33:00,NMB,,,,MQL,
L-70975,2026-07-26 21:59:00,AUR,fb,paid_social,AUR_US_Meta_Prospecting_2026Q2,Lead,
L-78530,2026-07-21 16:27:00,PKF,google,cpc,PKF_US_Search_Brand_2026Q2,MQL,
L-74728,2026-05-25 13:52:00,NMB,meta,paid_social,NMB_US_Meta_Prospecting_2026Q2,Lead,
L-76825,2026-07-10 14:36:00,AUR,google,cpc,AUR_US_Search_Brand_2026Q2,SQL,
L-81439,2026-05-05 11:55:00,PKF,google,paid_social,(not set),Lead,
L-77439,2026-05-07 16:17:00,PKF,google,cpc,PKF_US_Search_Brand_2026Q2,MQL,
L-71094,2026-05-04 16:34:00,AUR,,,,Closed Won,2400
L-77322,2026-07-16 22:53:00,AUR,google,cpc,AUR_EU_Search_NonBrand_2026Q2,SQL,
L-72928,2026-06-02 13:39:00,PKF,,,,Lead,
L-72406,2026-07-22 12:08:00,AUR,paid_social,paid_social,aurelia|prospecting|meta|may26,Lead,
L-76196,2026-07-21 11:00:00,NMB,Facebook,paid_social,NMB_US_Meta_Retargeting_2026Q2,Lead,
L-77705,2026-05-25 21:27:00,PKF,google,cpc,PKF_US_Search_Brand_2026Q2,Lead,
L-71161,2026-05-09 10:38:00,AUR,facebook,paid_social,AUR_EU_Meta_Retargeting_2026Q2,Lead,
L-76112,2026-07-12 20:26:00,NMB,facebook,paid_social,NMB_US_Meta_Retargeting_2026Q2,Lead,
L-80723,2026-06-02 17:39:00,PKF,TikTok,paid_social,PKF_TikTok_Spark_2026Q2,Lead,
L-70856,2026-07-17 18:29:00,AUR,,,,Lead,
L-71057,2026-05-02 16:16:00,AUR,fb,paid_social,AUR_EU_Meta_Retargeting_2026Q2,Lead,
L-75186,2026-07-06 08:41:00,NMB,fb,paid_social,NMB_US_Meta_Prospecting_2026Q2,Lead,
L-71693,2026-06-25 17:20:00,AUR,paid_social,paid_social,AUR_EU_Meta_Retargeting_2026Q2,Lead,
L-73591,2026-07-14 09:28:00,PKF,,,,Lead,
L-74958,2026-06-16 10:18:00,NMB,,,,Lead,
L-74004,2026-05-20 21:01:00,PKF,Facebook,paid_social,PKF_CA_Meta_Prospecting,Lead,
L-73851,2026-07-30 09:54:00,PKF,facebook,paid_social,PKF_US_Meta_Conversions,Lead,
L-77897,2026-06-09 10:34:00,PKF,google,cpc,PKF_US_Search_Brand_2026Q2,Lead,
L-70289,2026-05-31 20:53:00,AUR,fb,paid_social,AUR_US_Meta_Prospecting_2026Q2,Lead,
L-78867,2026-06-07 18:14:00,PKF,,,,Lead,
L-71549,2026-06-10 11:36:00,AUR,facebook,paid_social,AUR_EU_Meta_Retargeting_2026Q2,MQL,
L-75854,2026-06-12 22:38:00,NMB,meta,paid_social,NMB_US_Meta_Retargeting_2026Q2,MQL,
L-82018,2026-06-25 07:55:00,PKF,google,paid_social,(not set),Lead,
L-72017,2026-07-23 14:50:00,AUR,meta,paid_social,AUR_EU_Meta_Retargeting_2026Q2,Lead,
L-80889,2026-06-24 21:50:00,PKF,tiktok,paid_social,PKF_TikTok_Spark_2026Q2,Lead,
L-72183,2026-05-22 14:07:00,AUR,,,,SQL,
L-77704,2026-05-27 12:19:00,PKF,,,,Lead,
L-81507,2026-05-11 13:34:00,NMB,google,paid_social,(not set),SQL,
L-74433,2026-07-27 20:14:00,PKF,Facebook,paid_social,PKF_CA_Meta_Prospecting,Lead,
L-76172,2026-07-19 10:41:00,NMB,paid_social,paid_social,NMB_US_Meta_Retargeting_2026Q2,MQL,
L-77969,2026-06-12 21:12:00,PKF,Google Ads,cpc,PKF_US_Search_Brand_2026Q2,Closed Won,8800
L-73064,2026-06-10 15:50:00,PKF,meta,paid_social,PKF_US_Meta_Conversions,Lead,
L-74502,2026-05-05 22:51:00,NMB,paid_social,paid_social,NMB_US_Meta_Prospecting_2026Q2,Lead,
L-80562,2026-05-11 15:41:00,PKF,tiktok,paid_social,PKF_TikTok_Spark_2026Q2,Lead,
L-79542,2026-06-27 22:16:00,NMB,google,cpc,NMB_US_Search_Brand_2026Q2,Lead,
L-78590,2026-07-24 14:43:00,PKF,Google Ads,cpc,PKF_US_Search_Brand_2026Q2,Closed Won,5200
L-76802,2026-07-04 09:45:00,AUR,,,,MQL,
L-76469,2026-05-22 21:34:00,AUR,,,,MQL,
L-76392,2026-05-13 08:41:00,AUR,,,,Lead,
L-79997,2026-07-02 08:39:00,NMB,adwords,cpc,NMB_US_PMax_2026Q2,Lead,
L-77376,2026-05-02 09:28:00,PKF,Google Ads,cpc,PKF_US_Search_Brand_2026Q2,SQL,
L-75746,2026-06-01 11:27:00,NMB,paid_social,paid_social,NMB_US_Meta_Retargeting_2026Q2,Lead,
L-78948,2026-06-30 11:48:00,PKF,,,,Lead,
L-73722,2026-07-22 10:55:00,PKF,facebook,paid_social,PKF_US_Meta_Conversions,Lead,
L-76669,2026-06-21 21:35:00,AUR,adwords,cpc,AUR_US_Search_Brand_2026Q2,Closed Won,3600
L-79720,2026-07-16 15:55:00,NMB,adwords,cpc,NMB_US_Search_Brand_2026Q2,Closed Won,5200
L-77353,2026-07-25 17:39:00,AUR,google,cpc,AUR_EU_Search_NonBrand_2026Q2,SQL,
L-76539,2026-06-01 11:25:00,AUR,adwords,cpc,AUR_US_Search_Brand_2026Q2,Closed Won,8800
L-79745,2026-07-18 20:23:00,NMB,Google Ads,cpc,NMB_US_Search_Brand_2026Q2,SQL,
L-74962,2026-06-16 21:51:00,NMB,paid_social,paid_social,NMB_US_Meta_Prospecting_2026Q2,Lead,
L-74713,2026-05-24 22:54:00,NMB,fb,paid_social,NMB_US_Meta_Prospecting_2026Q2,MQL,
L-81797,2026-06-05 15:42:00,AUR,google,paid_social,(not set),Lead,
L-81839,2026-06-09 22:12:00,NMB,google,paid_social,(not set),Lead,
L-70151,2026-05-19 14:10:00,AUR,Facebook,paid_social,AUR_US_Meta_Prospecting_2026Q2,Lead,
L-78367,2026-07-10 13:25:00,PKF,Google Ads,cpc,PKF_US_Search_Brand_2026Q2,Lead,
L-82394,2026-07-29 07:37:00,NMB,google,paid_social,(not set),Lead,
L-78268,2026-07-02 18:21:00,PKF,google,cpc,PKF_US_Search_Brand_2026Q2,SQL,
L-72421,2026-07-27 09:49:00,AUR,,,,Lead,
L-70921,2026-07-20 18:58:00,AUR,,,,MQL,
L-82044,2026-06-28 13:05:00,AUR,,,,Lead,
L-81647,2026-05-23 12:58:00,PKF,google,paid_social,(not set),SQL,
L-74184,2026-06-19 10:13:00,PKF,Facebook,paid_social,PKF_CA_Meta_Prospecting,MQL,
L-72065,2026-07-25 22:58:00,AUR,,,,MQL,
L-82083,2026-07-01 17:02:00,PKF,google,paid_social,(not set),SQL,
L-73927,2026-05-12 21:54:00,PKF,facebook,paid_social,PKF_CA_Meta_Prospecting,Lead,
L-76913,2026-07-20 11:36:00,AUR,,,,Lead,
L-76188,2026-07-23 21:32:00,NMB,facebook,paid_social,NMB_US_Meta_Retargeting_2026Q2,Lead,
L-73201,2026-06-20 15:28:00,PKF,,,,MQL,
L-77238,2026-06-27 20:18:00,AUR,adwords,cpc,AUR_EU_Search_NonBrand_2026Q2,MQL,
L-77170,2026-06-06 19:27:00,AUR,,,,SQL,
L-70506,2026-06-19 09:22:00,AUR,,,,Lead,
L-79085,2026-05-01 21:09:00,NMB,adwords,cpc,NMB_US_Search_Brand_2026Q2,MQL,
L-78116,2026-06-22 14:59:00,PKF,google,cpc,PKF_US_Search_Brand_2026Q2,Lead,
L-72975,2026-06-04 16:48:00,PKF,,,,Lead,
L-75449,2026-07-29 19:25:00,NMB,meta,paid_social,NMB_US_Meta_Prospecting_2026Q2,SQL,
L-76828,2026-07-09 16:06:00,AUR,adwords,cpc,AUR_US_Search_Brand_2026Q2,MQL,
L-72822,2026-05-25 08:03:00,PKF,fb,paid_social,PKF_US_Meta_Conversions,Lead,
L-77527,2026-05-13 22:11:00,PKF,google,cpc,PKF_US_Search_Brand_2026Q2,MQL,
L-79269,2026-05-26 08:54:00,NMB,google,cpc,NMB_US_Search_Brand_2026Q2,MQL,
L-77166,2026-06-06 18:39:00,AUR,google,cpc,AUR_EU_Search_NonBrand_2026Q2,Lead,
L-79090,2026-05-01 16:02:00,NMB,google,cpc,NMB_US_Search_Brand_2026Q2,Closed Won,3600
L-75201,2026-07-09 16:21:00,NMB,,,,Lead,
L-78284,2026-07-02 22:35:00,PKF,google,cpc,PKF_US_Search_Brand_2026Q2,MQL,
L-74438,2026-07-26 14:46:00,PKF,meta,paid_social,PKF_CA_Meta_Prospecting,Lead,
L-74250,2026-07-01 22:36:00,PKF,,,,Lead,
L-73987,2026-05-17 16:28:00,PKF,fb,paid_social,PKF_CA_Meta_Prospecting,Lead,
L-79393,2026-06-08 17:33:00,NMB,adwords,cpc,NMB_US_Search_Brand_2026Q2,MQL,
L-71689,2026-06-23 11:49:00,AUR,,,,Lead,
L-72226,2026-06-03 13:16:00,AUR,,,,MQL,
L-78356,2026-07-08 09:03:00,PKF,adwords,cpc,PKF_US_Search_Brand_2026Q2,Lead,
L-79676,2026-07-13 13:15:00,NMB,adwords,cpc,NMB_US_Search_Brand_2026Q2,Lead,
L-74770,2026-05-29 17:41:00,NMB,,,,MQL,
L-75057,2026-06-22 18:40:00,NMB,facebook,paid_social,NMB_US_Meta_Prospecting_2026Q2,Lead,
L-80377,2026-07-05 18:53:00,AUR,,,,Lead,
L-70320,2026-06-04 19:30:00,AUR,,,,Lead,
L-70848,2026-07-15 12:46:00,AUR,facebook,paid_social,AUR_US_Meta_Prospecting_2026Q2,MQL,
L-81000,2026-07-09 08:34:00,PKF,TikTok,paid_social,PKF_TikTok_Spark_2026Q2,Lead,
L-80277,2026-06-12 11:46:00,AUR,TikTok,paid_social,AUR_TikTok_Prospecting_2026Q2,MQL,
L-81487,2026-05-09 11:51:00,PKF,google,paid_social,(not set),SQL,
L-76515,2026-05-29 15:20:00,AUR,,,,Lead,
L-73186,2026-06-19 14:35:00,PKF,,,,Lead,
L-80700,2026-05-29 20:04:00,PKF,tiktok,paid_social,PKF_TikTok_Spark_2026Q2,Closed Won,8800
L-81646,2026-05-23 07:21:00,PKF,,,,Lead,
L-72271,2026-06-14 13:03:00,AUR,,,,MQL,
L-81478,2026-05-08 22:13:00,NMB,google,paid_social,(not set),Lead,
L-80201,2026-05-23 20:22:00,AUR,,,,Lead,
L-81798,2026-06-05 15:22:00,AUR,,,,Lead,
L-76097,2026-07-10 18:58:00,NMB,,,,MQL,
L-77963,2026-06-14 21:07:00,PKF,adwords,cpc,PKF_US_Search_Brand_2026Q2,SQL,
L-79890,2026-05-13 09:29:00,NMB,Google Ads,cpc,NMB_US_PMax_2026Q2,MQL,
L-80683,2026-05-27 11:36:00,PKF,TikTok,paid_social,PKF_TikTok_Spark_2026Q2,Lead,
L-78541,2026-07-20 19:56:00,PKF,Google Ads,cpc,PKF_US_Search_Brand_2026Q2,Lead,
L-72115,2026-07-30 20:59:00,AUR,,,,Lead,
L-71099,2026-05-06 17:32:00,AUR,,,,SQL,
L-75947,2026-06-26 21:04:00,NMB,Facebook,paid_social,NMB_US_Meta_Retargeting_2026Q2,Lead,
L-72749,2026-05-19 13:40:00,PKF,paid_social,paid_social,PKF_US_Meta_Conversions,Lead,
L-70082,2026-05-11 19:25:00,AUR,,,,MQL,
L-78643,2026-07-26 18:35:00,PKF,google,cpc,PKF_US_Search_Brand_2026Q2,Lead,
L-70201,2026-05-23 20:45:00,AUR,,,,Lead,
L-79929,2026-05-30 16:00:00,NMB,google,cpc,NMB_US_PMax_2026Q2,MQL,
L-76478,2026-05-24 20:17:00,AUR,adwords,cpc,AUR_US_Search_Brand_2026Q2,Closed Won,5200
L-70404,2026-06-12 16:12:00,AUR,meta,paid_social,AUR_US_Meta_Prospecting_2026Q2,Lead,
L-76977,2026-07-27 08:40:00,AUR,,,,Lead,
L-72607,2026-05-12 22:05:00,PKF,Facebook,paid_social,PKF_US_Meta_Conversions,Lead,
L-79519,2026-06-24 22:43:00,NMB,google,cpc,NMB_US_Search_Brand_2026Q2,Lead,
L-77121,2026-05-27 13:29:00,AUR,google,cpc,AUR_EU_Search_NonBrand_2026Q2,Lead,
L-80813,2026-06-13 13:00:00,PKF,TikTok,paid_social,PKF_TikTok_Spark_2026Q2,Lead,
L-73543,2026-07-11 16:14:00,PKF,,,,Lead,
L-71396,2026-05-28 16:34:00,AUR,,,,Lead,
L-81618,2026-05-20 20:02:00,NMB,google,paid_social,(not set),Lead,
L-79001,2026-07-15 09:28:00,PKF,adwords,cpc,pkf|nonbrand|search|may26,Closed Won,2400
L-71438,2026-06-01 18:47:00,AUR,,,,Lead,
L-74722,2026-05-24 15:50:00,NMB,,,,SQL,
L-71577,2026-06-14 17:27:00,AUR,Facebook,paid_social,AUR_EU_Meta_Retargeting_2026Q2,Lead,
L-71206,2026-05-14 15:19:00,AUR,Facebook,paid_social,AUR_EU_Meta_Retargeting_2026Q2,SQL,
L-80205,2026-05-26 13:35:00,AUR,TikTok,paid_social,AUR_TikTok_Prospecting_2026Q2,Lead,
L-71654,2026-06-19 08:48:00,AUR,,,,Lead,
L-78913,2026-06-19 15:35:00,PKF,adwords,cpc,pkf|nonbrand|search|may26,SQL,
L-75862,2026-06-14 14:48:00,NMB,Facebook,paid_social,NMB_US_Meta_Retargeting_2026Q2,Lead,
L-82375,2026-07-28 14:35:00,AUR,,,,MQL,
L-70586,2026-06-27 09:15:00,AUR,,,,MQL,
L-78080,2026-06-18 19:43:00,PKF,google,cpc,PKF_US_Search_Brand_2026Q2,MQL,
L-78904,2026-06-19 15:49:00,PKF,google,cpc,pkf|nonbrand|search|may26,Closed Won,2400
L-80114,2026-07-10 18:06:00,PKF,google,cpc,PKF_US_Video_Test_C,MQL,
L-80451,2026-07-23 18:04:00,AUR,TikTok,paid_social,AUR_TikTok_Prospecting_2026Q2,Lead,
L-75905,2026-06-20 16:16:00,NMB,facebook,paid_social,NMB_US_Meta_Retargeting_2026Q2,MQL,
L-71334,2026-05-22 11:36:00,AUR,facebook,paid_social,AUR_EU_Meta_Retargeting_2026Q2,Lead,
L-80532,2026-05-09 08:36:00,PKF,TikTok,paid_social,PKF_TikTok_Spark_2026Q2,Lead,
L-70258,2026-05-27 21:22:00,AUR,fb,paid_social,AUR_US_Meta_Prospecting_2026Q2,MQL,
L-75742,2026-05-30 12:37:00,NMB,meta,paid_social,NMB_US_Meta_Retargeting_2026Q2,MQL,
L-80883,2026-06-25 15:08:00,PKF,TikTok,paid_social,PKF_TikTok_Spark_2026Q2,Lead,
L-82409,2026-07-30 20:08:00,NMB,google,paid_social,(not set),Lead,
L-76623,2026-06-14 14:33:00,AUR,,,,Closed Won,8800
L-80239,2026-06-03 18:20:00,AUR,,,,SQL,
L-71217,2026-05-13 13:40:00,AUR,,,,MQL,
L-72346,2026-07-07 15:55:00,AUR,,,,Lead,
L-82258,2026-07-17 11:55:00,PKF,google,paid_social,(not set),Lead,
L-76237,2026-07-27 12:57:00,NMB,facebook,paid_social,NMB_US_Meta_Retargeting_2026Q2,MQL,
L-73024,2026-06-09 10:43:00,PKF,meta,paid_social,PKF_US_Meta_Conversions,Lead,
L-71309,2026-05-20 08:44:00,AUR,meta,paid_social,AUR_EU_Meta_Retargeting_2026Q2,Lead,
L-79388,2026-06-07 17:36:00,NMB,google,cpc,NMB_US_Search_Brand_2026Q2,SQL,
L-74988,2026-06-19 22:56:00,NMB,fb,paid_social,NMB_US_Meta_Prospecting_2026Q2,MQL,
L-80845,2026-06-19 22:37:00,PKF,tiktok,paid_social,PKF_TikTok_Spark_2026Q2,MQL,
L-75324,2026-07-19 09:29:00,NMB,Facebook,paid_social,NMB_US_Meta_Prospecting_2026Q2,Lead,
L-70891,2026-07-17 11:35:00,AUR,paid_social,paid_social,AUR_US_Meta_Prospecting_2026Q2,Lead,
L-73774,2026-07-24 09:56:00,PKF,meta,paid_social,PKF_US_Meta_Conversions,Lead,
L-70563,2026-06-26 11:35:00,AUR,meta,paid_social,AUR_US_Meta_Prospecting_2026Q2,Lead,
L-72654,2026-05-14 14:37:00,PKF,fb,paid_social,PKF_US_Meta_Conversions,Lead,
L-77998,2026-06-16 13:07:00,PKF,google,cpc,PKF_US_Search_Brand_2026Q2,SQL,
L-72851,2026-05-26 11:38:00,PKF,Facebook,paid_social,PKF_US_Meta_Conversions,Lead,
L-76763,2026-07-01 20:07:00,AUR,,,,Lead,
L-75778,2026-06-03 18:31:00,NMB,Facebook,paid_social,NMB_US_Meta_Retargeting_2026Q2,Lead,
L-78198,2026-06-26 15:42:00,PKF,,,,SQL,
L-74791,2026-06-02 19:10:00,NMB,facebook,paid_social,NMB_US_Meta_Prospecting_2026Q2,MQL,
L-71514,2026-06-07 11:43:00,AUR,,,,MQL,
L-78763,2026-05-13 16:08:00,PKF,Google Ads,cpc,pkf|nonbrand|search|may26,Lead,
L-71077,2026-05-03 22:46:00,AUR,,,,MQL,
L-79657,2026-07-09 21:14:00,NMB,google,cpc,NMB_US_Search_Brand_2026Q2,SQL,
L-71300,2026-05-21 09:57:00,AUR,meta,paid_social,AUR_EU_Meta_Retargeting_2026Q2,MQL,
L-80354,2026-06-29 12:44:00,AUR,TikTok,paid_social,AUR_TikTok_Prospecting_2026Q2,Lead,
L-75545,2026-05-09 14:09:00,NMB,Facebook,paid_social,NMB_US_Meta_Retargeting_2026Q2,Lead,
L-73479,2026-07-08 10:09:00,PKF,,,,Closed Won,3600
L-79035,2026-07-24 21:33:00,PKF,adwords,cpc,pkf|nonbrand|search|may26,Lead,
L-78561,2026-07-23 13:02:00,PKF,Google Ads,cpc,PKF_US_Search_Brand_2026Q2,Lead,
L-79511,2026-06-24 10:34:00,NMB,google,cpc,NMB_US_Search_Brand_2026Q2,Lead,
L-74750,2026-05-28 21:15:00,NMB,fb,paid_social,NMB_US_Meta_Prospecting_2026Q2,MQL,
L-78851,2026-06-04 18:11:00,PKF,google,cpc,pkf|nonbrand|search|may26,MQL,
L-70845,2026-07-16 17:09:00,AUR,,,,Lead,
L-82294,2026-07-20 15:11:00,NMB,google,paid_social,(not set),SQL,
L-70312,2026-06-02 15:55:00,AUR,,,,Lead,
L-80426,2026-07-14 17:54:00,AUR,,,,Lead,
L-73399,2026-07-02 08:03:00,PKF,facebook,paid_social,PKF_US_Meta_Conversions,MQL,
L-75240,2026-07-13 12:26:00,NMB,Facebook,paid_social,NMB_US_Meta_Prospecting_2026Q2,Lead,
L-76158,2026-07-17 11:21:00,NMB,meta,paid_social,NMB_US_Meta_Retargeting_2026Q2,MQL,
L-76918,2026-07-20 15:43:00,AUR,google,cpc,AUR_US_Search_Brand_2026Q2,Lead,
L-72013,2026-07-21 09:21:00,AUR,,,,Lead,
L-79999,2026-07-01 11:08:00,NMB,google,cpc,NMB_US_PMax_2026Q2,Closed Won,5200
L-72041,2026-07-22 10:31:00,AUR,,,,Closed Won,3600
L-76110,2026-07-13 14:28:00,NMB,Facebook,paid_social,NMB_US_Meta_Retargeting_2026Q2,Lead,
L-72318,2026-06-30 11:11:00,AUR,Facebook,paid_social,aurelia|prospecting|meta|may26,Lead,
L-70344,2026-06-05 16:08:00,AUR,fb,paid_social,AUR_US_Meta_Prospecting_2026Q2,MQL,
L-78450,2026-07-15 12:10:00,PKF,Google Ads,cpc,PKF_US_Search_Brand_2026Q2,Lead,
L-81823,2026-06-08 15:12:00,PKF,google,paid_social,(not set),MQL,
L-71192,2026-05-12 22:23:00,AUR,,,,Lead,
L-81017,2026-07-14 22:18:00,PKF,TikTok,paid_social,PKF_TikTok_Spark_2026Q2,Lead,
L-74367,2026-07-16 14:20:00,PKF,Facebook,paid_social,PKF_CA_Meta_Prospecting,Lead,
L-73299,2026-06-25 09:23:00,PKF,facebook,paid_social,PKF_US_Meta_Conversions,Lead,
L-77871,2026-06-06 08:46:00,PKF,google,cpc,PKF_US_Search_Brand_2026Q2,Lead,
L-78194,2026-06-26 09:40:00,PKF,adwords,cpc,PKF_US_Search_Brand_2026Q2,Closed Won,5200
L-78951,2026-06-30 18:01:00,PKF,google,cpc,pkf|nonbrand|search|may26,MQL,
L-82350,2026-07-25 19:11:00,PKF,,,,Lead,
L-70918,2026-07-22 21:48:00,AUR,,,,MQL,
L-75273,2026-07-15 11:38:00,NMB,meta,paid_social,NMB_US_Meta_Prospecting_2026Q2,Lead,
L-76453,2026-05-22 13:34:00,AUR,,,,Lead,
L-78227,2026-06-29 11:10:00,PKF,,,,Lead,
L-75088,2026-06-28 14:06:00,NMB,paid_social,paid_social,NMB_US_Meta_Prospecting_2026Q2,Lead,
L-79306,2026-05-29 17:50:00,NMB,adwords,cpc,NMB_US_Search_Brand_2026Q2,Lead,
L-79663,2026-07-11 18:01:00,NMB,google,cpc,NMB_US_Search_Brand_2026Q2,Lead,
L-70254,2026-05-28 17:08:00,AUR,,,,MQL,
L-76737,2026-06-26 22:45:00,AUR,google,cpc,AUR_US_Search_Brand_2026Q2,Lead,
L-75037,2026-06-23 11:59:00,NMB,,,,SQL,
L-73598,2026-07-14 19:35:00,PKF,facebook,paid_social,PKF_US_Meta_Conversions,MQL,
L-72299,2026-06-24 09:50:00,AUR,,,,Lead,
L-80736,2026-06-05 19:40:00,PKF,TikTok,paid_social,PKF_TikTok_Spark_2026Q2,Lead,
L-79655,2026-07-09 17:08:00,NMB,google,cpc,NMB_US_Search_Brand_2026Q2,Closed Won,1900
L-74548,2026-05-08 16:18:00,NMB,,,,Lead,
L-72582,2026-05-11 17:58:00,PKF,facebook,paid_social,PKF_US_Meta_Conversions,Lead,
L-74227,2026-06-26 19:16:00,PKF,fb,paid_social,PKF_CA_Meta_Prospecting,MQL,
L-70880,2026-07-18 12:22:00,AUR,,,,Lead,
L-71626,2026-06-17 19:56:00,AUR,,,,MQL,
L-76642,2026-06-18 20:04:00,AUR,Google Ads,cpc,AUR_US_Search_Brand_2026Q2,MQL,
L-73749,2026-07-24 10:54:00,PKF,Facebook,paid_social,PKF_US_Meta_Conversions,Lead,
L-76202,2026-07-22 13:45:00,NMB,Facebook,paid_social,NMB_US_Meta_Retargeting_2026Q2,Lead,
L-76855,2026-07-11 09:38:00,AUR,Google Ads,cpc,AUR_US_Search_Brand_2026Q2,MQL,
L-72159,2026-05-12 12:01:00,AUR,,,,Lead,
L-76087,2026-07-09 12:59:00,NMB,,,,MQL,
L-78961,2026-07-03 11:47:00,PKF,google,cpc,pkf|nonbrand|search|may26,Lead,
L-72774,2026-05-21 11:13:00,PKF,fb,paid_social,PKF_US_Meta_Conversions,MQL,
L-80269,2026-06-10 19:57:00,AUR,,,,Lead,
L-77085,2026-05-21 09:46:00,AUR,Google Ads,cpc,AUR_EU_Search_NonBrand_2026Q2,Lead,
L-70435,2026-06-13 14:11:00,AUR,paid_social,paid_social,AUR_US_Meta_Prospecting_2026Q2,Lead,
L-74053,2026-05-26 09:30:00,PKF,paid_social,paid_social,PKF_CA_Meta_Prospecting,SQL,
L-79845,2026-07-30 13:42:00,NMB,adwords,cpc,NMB_US_Search_Brand_2026Q2,MQL,
L-81812,2026-06-06 22:00:00,NMB,google,paid_social,(not set),Lead,
L-81881,2026-06-13 21:05:00,AUR,,,,MQL,
L-76467,2026-05-23 21:40:00,AUR,google,cpc,AUR_US_Search_Brand_2026Q2,Lead,
L-78042,2026-06-18 18:22:00,PKF,google,cpc,PKF_US_Search_Brand_2026Q2,MQL,
L-77148,2026-06-02 19:01:00,AUR,google,cpc,AUR_EU_Search_NonBrand_2026Q2,Lead,
L-78505,2026-07-18 15:41:00,PKF,,,,Lead,
L-73376,2026-07-01 08:56:00,PKF,Facebook,paid_social,PKF_US_Meta_Conversions,Lead,
L-77247,2026-06-29 20:14:00,AUR,Google Ads,cpc,AUR_EU_Search_NonBrand_2026Q2,Lead,
L-70099,2026-05-12 12:44:00,AUR,,,,Lead,
L-72620,2026-05-13 17:43:00,PKF,Facebook,paid_social,PKF_US_Meta_Conversions,Lead,
L-81399,2026-05-01 19:47:00,NMB,google,paid_social,(not set),MQL,
L-72329,2026-07-04 15:36:00,AUR,,,,Lead,
L-70178,2026-05-22 16:51:00,AUR,,,,Lead,
L-75367,2026-07-21 20:39:00,NMB,Facebook,paid_social,NMB_US_Meta_Prospecting_2026Q2,Lead,
L-72963,2026-06-05 15:32:00,PKF,Facebook,paid_social,PKF_US_Meta_Conversions,SQL,
L-73556,2026-07-10 12:50:00,PKF,,,,MQL,
L-79821,2026-07-28 17:58:00,NMB,,,,MQL,
L-82180,2026-07-09 12:33:00,NMB,,,,SQL,
L-78010,2026-06-14 11:04:00,PKF,google,cpc,PKF_US_Search_Brand_2026Q2,Lead,
L-73944,2026-05-13 10:03:00,PKF,facebook,paid_social,PKF_CA_Meta_Prospecting,Lead,
L-81578,2026-05-17 14:29:00,PKF,google,paid_social,(not set),MQL,
L-73930,2026-05-11 08:59:00,PKF,,,,Lead,
L-70302,2026-06-03 09:37:00,AUR,fb,paid_social,AUR_US_Meta_Prospecting_2026Q2,Lead,
L-73648,2026-07-15 08:37:00,PKF,facebook,paid_social,PKF_US_Meta_Conversions,MQL,
L-79980,2026-06-25 14:37:00,NMB,google,cpc,NMB_US_PMax_2026Q2,MQL,
L-77507,2026-05-13 13:53:00,PKF,Google Ads,cpc,PKF_US_Search_Brand_2026Q2,Closed Won,8800
L-70729,2026-07-06 18:25:00,AUR,meta,paid_social,AUR_US_Meta_Prospecting_2026Q2,Lead,
L-79764,2026-07-21 17:10:00,NMB,google,cpc,NMB_US_Search_Brand_2026Q2,Closed Won,8800
L-77591,2026-05-18 20:18:00,PKF,Google Ads,cpc,PKF_US_Search_Brand_2026Q2,Lead,
L-71038,2026-07-30 18:11:00,AUR,,,,Lead,
L-80448,2026-07-21 22:27:00,AUR,TikTok,paid_social,AUR_TikTok_Prospecting_2026Q2,MQL,
L-72027,2026-07-22 18:02:00,AUR,,,,Lead,
L-77261,2026-07-01 10:05:00,AUR,google,cpc,AUR_EU_Search_NonBrand_2026Q2,MQL,
L-71997,2026-07-20 17:03:00,AUR,,,,Lead,
L-81010,2026-07-10 13:40:00,PKF,tiktok,paid_social,PKF_TikTok_Spark_2026Q2,Lead,
L-77252,2026-06-28 20:36:00,AUR,,,,MQL,
L-77832,2026-06-03 15:08:00,PKF,google,cpc,PKF_US_Search_Brand_2026Q2,Lead,
L-70774,2026-07-12 17:43:00,AUR,paid_social,paid_social,AUR_US_Meta_Prospecting_2026Q2,Lead,
L-75411,2026-07-26 15:38:00,NMB,fb,paid_social,NMB_US_Meta_Prospecting_2026Q2,SQL,
L-75446,2026-07-27 21:01:00,NMB,fb,paid_social,NMB_US_Meta_Prospecting_2026Q2,Lead,
L-70806,2026-07-13 11:31:00,AUR,,,,MQL,
L-78860,2026-06-06 19:31:00,PKF,google,cpc,pkf|nonbrand|search|may26,SQL,
L-79775,2026-07-23 14:17:00,NMB,google,cpc,NMB_US_Search_Brand_2026Q2,Lead,
L-73118,2026-06-13 19:13:00,PKF,Facebook,paid_social,PKF_US_Meta_Conversions,Lead,
L-77010,2026-05-04 13:37:00,AUR,google,cpc,AUR_EU_Search_NonBrand_2026Q2,SQL,
L-78456,2026-07-15 22:29:00,PKF,Google Ads,cpc,PKF_US_Search_Brand_2026Q2,Lead,
L-79593,2026-07-02 19:37:00,NMB,google,cpc,NMB_US_Search_Brand_2026Q2,Lead,
L-71756,2026-06-30 14:01:00,AUR,paid_social,paid_social,AUR_EU_Meta_Retargeting_2026Q2,MQL,
L-71273,2026-05-17 20:51:00,AUR,,,,MQL,
L-70470,2026-06-18 16:41:00,AUR,facebook,paid_social,AUR_US_Meta_Prospecting_2026Q2,Lead,
L-76002,2026-07-02 10:45:00,NMB,meta,paid_social,NMB_US_Meta_Retargeting_2026Q2,Lead,
L-81381,2026-07-29 15:43:00,NMB,tiktok,paid_social,NMB_TikTok_Prospecting_2026Q2,Lead,
L-78878,2026-06-11 20:27:00,PKF,Google Ads,cpc,pkf|nonbrand|search|may26,MQL,
L-75871,2026-06-15 17:52:00,NMB,Facebook,paid_social,NMB_US_Meta_Retargeting_2026Q2,Lead,
L-70980,2026-07-26 19:40:00,AUR,,,,Lead,
L-78006,2026-06-16 22:16:00,PKF,adwords,cpc,PKF_US_Search_Brand_2026Q2,Lead,
L-81228,2026-05-21 13:55:00,NMB,TikTok,paid_social,NMB_TikTok_Prospecting_2026Q2,Lead,
L-81325,2026-07-09 19:24:00,NMB,tiktok,paid_social,NMB_TikTok_Prospecting_2026Q2,Lead,
L-78880,2026-06-12 15:40:00,PKF,Google Ads,cpc,pkf|nonbrand|search|may26,MQL,
L-71748,2026-06-30 18:54:00,AUR,,,,Closed Won,5200
L-78989,2026-07-11 17:50:00,PKF,,,,MQL,
L-77034,2026-05-08 12:44:00,AUR,adwords,cpc,AUR_EU_Search_NonBrand_2026Q2,Lead,
L-74112,2026-06-08 10:00:00,PKF,facebook,paid_social,PKF_CA_Meta_Prospecting,Closed Won,3600
L-76361,2026-05-09 14:32:00,AUR,Google Ads,cpc,AUR_US_Search_Brand_2026Q2,MQL,
L-76755,2026-06-30 17:40:00,AUR,,,,MQL,
L-76423,2026-05-17 17:38:00,AUR,google,cpc,AUR_US_Search_Brand_2026Q2,MQL,
L-74807,2026-06-03 22:24:00,NMB,facebook,paid_social,NMB_US_Meta_Prospecting_2026Q2,Lead,
L-79098,2026-05-06 17:32:00,NMB,Google Ads,cpc,NMB_US_Search_Brand_2026Q2,Lead,
L-80447,2026-07-21 11:07:00,AUR,,,,Lead,
L-74881,2026-06-09 18:09:00,NMB,facebook,paid_social,NMB_US_Meta_Prospecting_2026Q2,MQL,
L-74273,2026-07-03 15:46:00,PKF,fb,paid_social,PKF_CA_Meta_Prospecting,Lead,
L-80890,2026-06-24 15:18:00,PKF,tiktok,paid_social,PKF_TikTok_Spark_2026Q2,Lead,
L-79383,2026-06-07 09:32:00,NMB,adwords,cpc,NMB_US_Search_Brand_2026Q2,MQL,
L-80061,2026-07-03 20:12:00,NMB,google,cpc,NMB_US_Video_Test_A,SQL,
L-77706,2026-05-26 15:14:00,PKF,Google Ads,cpc,PKF_US_Search_Brand_2026Q2,Closed Won,5200
L-70947,2026-07-22 18:35:00,AUR,,,,Lead,
L-81092,2026-07-22 14:36:00,PKF,,,,Lead,
L-70206,2026-05-22 13:45:00,AUR,fb,paid_social,AUR_US_Meta_Prospecting_2026Q2,Lead,
L-76772,2026-07-01 08:57:00,AUR,google,cpc,AUR_US_Search_Brand_2026Q2,Lead,
L-76253,2026-07-28 19:58:00,NMB,paid_social,paid_social,NMB_US_Meta_Retargeting_2026Q2,Lead,
L-72210,2026-05-27 16:11:00,AUR,paid_social,paid_social,aurelia|prospecting|meta|may26,Lead,
L-77807,2026-05-31 10:31:00,PKF,Google Ads,cpc,PKF_US_Search_Brand_2026Q2,MQL,
L-77697,2026-05-25 11:53:00,PKF,google,cpc,PKF_US_Search_Brand_2026Q2,MQL,
L-73453,2026-07-06 19:38:00,PKF,Facebook,paid_social,PKF_US_Meta_Conversions,MQL,
L-75085,2026-06-27 11:57:00,NMB,,,,Closed Won,8800
L-82280,2026-07-19 13:49:00,PKF,,,,Lead,
L-71723,2026-06-26 08:18:00,AUR,,,,Lead,
L-72472,2026-05-04 22:03:00,PKF,paid_social,paid_social,PKF_US_Meta_Conversions,MQL,
L-76610,2026-06-10 18:13:00,AUR,,,,Lead,
L-71452,2026-06-01 09:38:00,AUR,,,,Lead,
L-74123,2026-06-11 16:05:00,PKF,Facebook,paid_social,PKF_CA_Meta_Prospecting,Lead,
L-73100,2026-06-12 16:36:00,PKF,meta,paid_social,PKF_US_Meta_Conversions,MQL,
L-75084,2026-06-28 21:30:00,NMB,Facebook,paid_social,NMB_US_Meta_Prospecting_2026Q2,MQL,
L-81128,2026-07-26 10:38:00,PKF,tiktok,paid_social,PKF_TikTok_Spark_2026Q2,Lead,
L-73587,2026-07-13 16:14:00,PKF,Facebook,paid_social,PKF_US_Meta_Conversions,MQL,
L-80449,2026-07-22 17:37:00,AUR,tiktok,paid_social,AUR_TikTok_Prospecting_2026Q2,SQL,
L-74666,2026-05-20 12:14:00,NMB,,,,Lead,
L-76183,2026-07-21 21:20:00,NMB,meta,paid_social,NMB_US_Meta_Retargeting_2026Q2,MQL,
L-72165,2026-05-16 10:29:00,AUR,paid_social,paid_social,aurelia|prospecting|meta|may26,SQL,
L-80762,2026-06-07 09:40:00,PKF,tiktok,paid_social,PKF_TikTok_Spark_2026Q2,MQL,
L-81949,2026-06-19 18:26:00,PKF,google,paid_social,(not set),Closed Won,2400
L-81676,2026-05-26 07:54:00,PKF,google,paid_social,(not set),MQL,
L-82081,2026-07-01 17:09:00,AUR,google,paid_social,(not set),Lead,
L-72727,2026-05-20 16:30:00,PKF,paid_social,paid_social,PKF_US_Meta_Conversions,Lead,
L-82115,2026-07-04 17:37:00,PKF,google,paid_social,(not set),Lead,
L-70825,2026-07-13 09:47:00,AUR,,,,Lead,
L-70132,2026-05-17 13:12:00,AUR,meta,paid_social,AUR_US_Meta_Prospecting_2026Q2,Lead,
L-76343,2026-05-08 15:13:00,AUR,,,,MQL,
L-71694,2026-06-25 14:51:00,AUR,,,,Lead,
L-74581,2026-05-13 15:54:00,NMB,facebook,paid_social,NMB_US_Meta_Prospecting_2026Q2,MQL,
L-81526,2026-05-13 11:31:00,PKF,google,paid_social,(not set),Lead,
L-80382,2026-07-07 14:06:00,AUR,tiktok,paid_social,AUR_TikTok_Prospecting_2026Q2,Lead,
L-70624,2026-06-30 15:00:00,AUR,,,,Lead,
L-73151,2026-06-18 10:27:00,PKF,fb,paid_social,PKF_US_Meta_Conversions,Lead,
L-70541,2026-06-23 20:51:00,AUR,paid_social,paid_social,AUR_US_Meta_Prospecting_2026Q2,MQL,
L-76901,2026-07-19 11:08:00,AUR,google,cpc,AUR_US_Search_Brand_2026Q2,Lead,
L-77419,2026-05-04 08:30:00,PKF,Google Ads,cpc,PKF_US_Search_Brand_2026Q2,Lead,
L-72241,2026-06-08 19:24:00,AUR,paid_social,paid_social,aurelia|prospecting|meta|may26,Lead,
L-81598,2026-05-19 15:15:00,PKF,google,paid_social,(not set),SQL,
L-78214,2026-06-28 21:31:00,PKF,adwords,cpc,PKF_US_Search_Brand_2026Q2,SQL,
L-80177,2026-05-20 20:57:00,AUR,,,,Lead,
L-73943,2026-05-12 13:03:00,PKF,meta,paid_social,PKF_CA_Meta_Prospecting,MQL,
L-71013,2026-07-28 14:12:00,AUR,facebook,paid_social,AUR_US_Meta_Prospecting_2026Q2,Lead,
L-78732,2026-05-08 16:13:00,PKF,adwords,cpc,pkf|nonbrand|search|may26,Lead,
L-72088,2026-07-30 12:44:00,AUR,paid_social,paid_social,AUR_EU_Meta_Retargeting_2026Q2,SQL,
L-71249,2026-05-16 18:04:00,AUR,paid_social,paid_social,AUR_EU_Meta_Retargeting_2026Q2,SQL,
L-78982,2026-07-09 21:15:00,PKF,google,cpc,pkf|nonbrand|search|may26,SQL,
L-77989,2026-06-13 13:30:00,PKF,google,cpc,PKF_US_Search_Brand_2026Q2,SQL,
L-80164,2026-05-13 20:02:00,AUR,TikTok,paid_social,AUR_TikTok_Prospecting_2026Q2,Lead,
L-73297,2026-06-26 13:02:00,PKF,Facebook,paid_social,PKF_US_Meta_Conversions,Lead,
L-72584,2026-05-09 20:17:00,PKF,facebook,paid_social,PKF_US_Meta_Conversions,Lead,
L-75473,2026-07-31 08:41:00,NMB,paid_social,paid_social,NMB_US_Meta_Prospecting_2026Q2,Lead,
L-72324,2026-07-01 11:45:00,AUR,paid_social,paid_social,aurelia|prospecting|meta|may26,MQL,
L-82038,2026-06-27 11:44:00,AUR,google,paid_social,(not set),SQL,
L-82357,2026-07-26 19:35:00,PKF,google,paid_social,(not set),Lead,
L-72967,2026-06-05 22:13:00,PKF,paid_social,paid_social,PKF_US_Meta_Conversions,Lead,
L-72188,2026-05-22 09:06:00,AUR,,,,MQL,
L-75313,2026-07-17 22:20:00,NMB,paid_social,paid_social,NMB_US_Meta_Prospecting_2026Q2,Lead,
L-73089,2026-06-11 20:29:00,PKF,meta,paid_social,PKF_US_Meta_Conversions,Lead,
L-74621,2026-05-15 20:10:00,NMB,meta,paid_social,NMB_US_Meta_Prospecting_2026Q2,Lead,
L-80175,2026-05-19 10:56:00,AUR,tiktok,paid_social,AUR_TikTok_Prospecting_2026Q2,Lead,
L-78793,2026-05-22 18:23:00,PKF,google,cpc,pkf|nonbrand|search|may26,Closed Won,1900
L-80358,2026-06-29 18:09:00,AUR,,,,Lead,
L-73566,2026-07-12 19:41:00,PKF,meta,paid_social,PKF_US_Meta_Conversions,MQL,
L-75153,2026-07-02 10:13:00,NMB,paid_social,paid_social,NMB_US_Meta_Prospecting_2026Q2,Lead,
L-72735,2026-05-19 21:15:00,PKF,paid_social,paid_social,PKF_US_Meta_Conversions,Lead,
L-71109,2026-05-05 10:53:00,AUR,Facebook,paid_social,AUR_EU_Meta_Retargeting_2026Q2,Lead,
L-78909,2026-06-19 22:28:00,PKF,adwords,cpc,pkf|nonbrand|search|may26,Lead,
L-73176,2026-06-19 18:13:00,PKF,meta,paid_social,PKF_US_Meta_Conversions,Lead,
L-82178,2026-07-09 15:09:00,PKF,google,paid_social,(not set),Lead,
L-72562,2026-05-07 14:56:00,PKF,fb,paid_social,PKF_US_Meta_Conversions,MQL,
L-78803,2026-05-25 13:52:00,PKF,google,cpc,pkf|nonbrand|search|may26,Lead,
L-82230,2026-07-14 14:12:00,NMB,,,,MQL,
L-81499,2026-05-11 22:24:00,AUR,,,,Lead,
L-78552,2026-07-22 10:04:00,PKF,,,,SQL,
L-80155,2026-05-11 12:17:00,AUR,,,,Lead,
L-77327,2026-07-18 14:42:00,AUR,,,,SQL,
L-76767,2026-06-29 20:51:00,AUR,,,,SQL,
L-75216,2026-07-10 22:48:00,NMB,,,,SQL,
L-79116,2026-05-07 14:05:00,NMB,adwords,cpc,NMB_US_Search_Brand_2026Q2,SQL,
L-74440,2026-07-26 09:32:00,PKF,facebook,paid_social,PKF_CA_Meta_Prospecting,MQL,
L-74662,2026-05-21 11:04:00,NMB,meta,paid_social,NMB_US_Meta_Prospecting_2026Q2,Lead,
L-74066,2026-05-30 19:22:00,PKF,paid_social,paid_social,PKF_CA_Meta_Prospecting,Lead,
L-70488,2026-06-18 21:11:00,AUR,,,,MQL,
L-78934,2026-06-25 19:04:00,PKF,adwords,cpc,pkf|nonbrand|search|may26,SQL,
L-79071,2026-07-29 18:57:00,PKF,google,cpc,pkf|nonbrand|search|may26,SQL,
L-73015,2026-06-06 15:18:00,PKF,Facebook,paid_social,PKF_US_Meta_Conversions,MQL,
L-77060,2026-05-14 13:52:00,AUR,,,,SQL,
L-73669,2026-07-16 11:17:00,PKF,Facebook,paid_social,PKF_US_Meta_Conversions,Lead,
L-71342,2026-05-24 21:17:00,AUR,facebook,paid_social,AUR_EU_Meta_Retargeting_2026Q2,Lead,
L-76277,2026-07-30 11:39:00,NMB,Facebook,paid_social,NMB_US_Meta_Retargeting_2026Q2,Lead,
L-78355,2026-07-07 13:39:00,PKF,,,,Closed Won,1900
L-80085,2026-07-03 16:15:00,AUR,,,,Lead,
L-80814,2026-06-13 13:12:00,PKF,TikTok,paid_social,PKF_TikTok_Spark_2026Q2,Lead,
L-74410,2026-07-23 14:27:00,PKF,paid_social,paid_social,PKF_CA_Meta_Prospecting,Lead,
L-78162,2026-06-24 11:33:00,PKF,google,cpc,PKF_US_Search_Brand_2026Q2,Lead,
L-80558,2026-05-12 22:59:00,PKF,TikTok,paid_social,PKF_TikTok_Spark_2026Q2,MQL,
L-71461,2026-06-03 08:07:00,AUR,,,,Lead,
L-78378,2026-07-10 20:22:00,PKF,google,cpc,PKF_US_Search_Brand_2026Q2,MQL,
L-72941,2026-06-03 16:40:00,PKF,meta,paid_social,PKF_US_Meta_Conversions,Lead,
L-77932,2026-06-11 13:57:00,PKF,google,cpc,PKF_US_Search_Brand_2026Q2,Lead,
L-80752,2026-06-05 10:10:00,PKF,tiktok,paid_social,PKF_TikTok_Spark_2026Q2,Lead,
L-70603,2026-06-28 17:02:00,AUR,,,,SQL,
L-73490,2026-07-08 22:51:00,PKF,,,,Lead,
L-79623,2026-07-07 14:05:00,NMB,Google Ads,cpc,NMB_US_Search_Brand_2026Q2,Lead,
L-78318,2026-07-05 11:43:00,PKF,adwords,cpc,PKF_US_Search_Brand_2026Q2,Lead,
L-80876,2026-06-25 16:35:00,PKF,tiktok,paid_social,PKF_TikTok_Spark_2026Q2,MQL,
L-77138,2026-06-02 08:49:00,AUR,google,cpc,AUR_EU_Search_NonBrand_2026Q2,Closed Won,3600
L-74946,2026-06-15 22:38:00,NMB,fb,paid_social,NMB_US_Meta_Prospecting_2026Q2,MQL,
L-71787,2026-07-03 21:37:00,AUR,facebook,paid_social,AUR_EU_Meta_Retargeting_2026Q2,Lead,
L-79007,2026-07-16 12:39:00,PKF,google,cpc,pkf|nonbrand|search|may26,SQL,
L-74742,2026-05-27 15:02:00,NMB,paid_social,paid_social,NMB_US_Meta_Prospecting_2026Q2,MQL,
L-80338,2026-06-24 18:24:00,AUR,,,,Lead,
L-78390,2026-07-10 17:05:00,PKF,Google Ads,cpc,PKF_US_Search_Brand_2026Q2,SQL,
L-81905,2026-06-15 22:04:00,NMB,google,paid_social,(not set),SQL,
L-73653,2026-07-16 18:32:00,PKF,paid_social,paid_social,PKF_US_Meta_Conversions,MQL,
L-74615,2026-05-14 16:16:00,NMB,Facebook,paid_social,NMB_US_Meta_Prospecting_2026Q2,Lead,
L-79360,2026-06-04 14:10:00,NMB,google,cpc,NMB_US_Search_Brand_2026Q2,SQL,
L-81737,2026-05-31 21:59:00,PKF,google,paid_social,(not set),Lead,
L-78417,2026-07-13 16:23:00,PKF,,,,MQL,
L-71513,2026-06-06 14:31:00,AUR,,,,Lead,
L-73874,2026-05-05 17:53:00,PKF,fb,paid_social,PKF_CA_Meta_Prospecting,Lead,
L-80104,2026-06-06 11:37:00,PKF,google,cpc,PKF_US_Video_Test_C,SQL,
L-75914,2026-06-21 09:05:00,NMB,fb,paid_social,NMB_US_Meta_Retargeting_2026Q2,Lead,
L-80219,2026-05-29 19:15:00,AUR,TikTok,paid_social,AUR_TikTok_Prospecting_2026Q2,Lead,
L-79171,2026-05-12 11:09:00,NMB,google,cpc,NMB_US_Search_Brand_2026Q2,SQL,
L-82182,2026-07-10 21:49:00,AUR,google,paid_social,(not set),Lead,
L-74731,2026-05-26 17:19:00,NMB,fb,paid_social,NMB_US_Meta_Prospecting_2026Q2,Lead,
L-81329,2026-07-10 15:28:00,NMB,TikTok,paid_social,NMB_TikTok_Prospecting_2026Q2,Lead,
L-80863,2026-06-22 16:35:00,PKF,,,,MQL,
L-81846,2026-06-10 12:39:00,PKF,google,paid_social,(not set),Lead,
L-70691,2026-07-04 13:28:00,AUR,facebook,paid_social,AUR_US_Meta_Prospecting_2026Q2,Lead,
L-76858,2026-07-13 11:31:00,AUR,,,,Lead,
L-71571,2026-06-11 21:45:00,AUR,,,,Lead,
L-80891,2026-06-27 09:00:00,PKF,tiktok,paid_social,PKF_TikTok_Spark_2026Q2,MQL,
L-70142,2026-05-18 21:22:00,AUR,paid_social,paid_social,AUR_US_Meta_Prospecting_2026Q2,Lead,
L-81643,2026-05-23 11:50:00,AUR,google,paid_social,(not set),Lead,
L-75747,2026-06-01 11:11:00,NMB,Facebook,paid_social,NMB_US_Meta_Retargeting_2026Q2,MQL,
L-74753,2026-05-27 13:40:00,NMB,facebook,paid_social,NMB_US_Meta_Prospecting_2026Q2,Lead,
L-74928,2026-06-13 15:22:00,NMB,meta,paid_social,NMB_US_Meta_Prospecting_2026Q2,Lead,
L-71448,2026-06-01 10:09:00,AUR,,,,Lead,
L-77899,2026-06-10 16:52:00,PKF,adwords,cpc,PKF_US_Search_Brand_2026Q2,Lead,
L-76161,2026-07-17 16:54:00,NMB,,,,SQL,
L-80378,2026-07-05 15:42:00,AUR,TikTok,paid_social,AUR_TikTok_Prospecting_2026Q2,Lead,
L-81515,2026-05-12 22:25:00,PKF,google,paid_social,(not set),SQL,
L-70311,2026-06-02 21:22:00,AUR,paid_social,paid_social,AUR_US_Meta_Prospecting_2026Q2,MQL,
L-81651,2026-05-23 19:40:00,NMB,google,paid_social,(not set),SQL,
L-73321,2026-06-26 19:26:00,PKF,paid_social,paid_social,PKF_US_Meta_Conversions,Lead,
L-80307,2026-06-19 22:53:00,AUR,,,,MQL,
L-80932,2026-06-30 09:32:00,PKF,TikTok,paid_social,PKF_TikTok_Spark_2026Q2,Lead,
L-71306,2026-05-21 08:02:00,AUR,facebook,paid_social,AUR_EU_Meta_Retargeting_2026Q2,Lead,
L-71678,2026-06-23 08:54:00,AUR,Facebook,paid_social,AUR_EU_Meta_Retargeting_2026Q2,MQL,
L-80973,2026-07-05 20:31:00,PKF,TikTok,paid_social,PKF_TikTok_Spark_2026Q2,MQL,
L-76544,2026-06-03 10:34:00,AUR,,,,Lead,
L-82177,2026-07-09 16:19:00,PKF,google,paid_social,(not set),Lead,
L-76801,2026-07-04 16:33:00,AUR,Google Ads,cpc,AUR_US_Search_Brand_2026Q2,Lead,
L-72896,2026-05-31 16:40:00,PKF,fb,paid_social,PKF_US_Meta_Conversions,Closed Won,5200
L-76148,2026-07-17 18:07:00,NMB,facebook,paid_social,NMB_US_Meta_Retargeting_2026Q2,Lead,
L-80985,2026-07-06 12:35:00,PKF,tiktok,paid_social,PKF_TikTok_Spark_2026Q2,Lead,
L-74715,2026-05-25 16:12:00,NMB,Facebook,paid_social,NMB_US_Meta_Prospecting_2026Q2,Lead,
L-78715,2026-05-02 15:46:00,PKF,google,cpc,pkf|nonbrand|search|may26,SQL,
L-82367,2026-07-27 10:33:00,PKF,google,paid_social,(not set),Lead,
L-79143,2026-05-08 15:59:00,NMB,google,cpc,NMB_US_Search_Brand_2026Q2,MQL,
L-79507,2026-06-23 17:58:00,NMB,adwords,cpc,NMB_US_Search_Brand_2026Q2,Lead,
L-78557,2026-07-22 22:29:00,PKF,google,cpc,PKF_US_Search_Brand_2026Q2,Closed Won,2400
L-76926,2026-07-22 08:03:00,AUR,,,,MQL,
L-72147,2026-05-12 21:49:00,AUR,meta,paid_social,aurelia|prospecting|meta|may26,Lead,
L-77769,2026-05-29 12:47:00,PKF,adwords,cpc,PKF_US_Search_Brand_2026Q2,MQL,
L-70291,2026-06-02 16:24:00,AUR,,,,Lead,
L-75795,2026-06-06 15:18:00,NMB,paid_social,paid_social,NMB_US_Meta_Retargeting_2026Q2,Lead,
L-79258,2026-05-23 16:24:00,NMB,adwords,cpc,NMB_US_Search_Brand_2026Q2,Lead,
L-75261,2026-07-13 09:59:00,NMB,Facebook,paid_social,NMB_US_Meta_Prospecting_2026Q2,Lead,
L-74111,2026-06-08 22:43:00,PKF,fb,paid_social,PKF_CA_Meta_Prospecting,Lead,
L-70239,2026-05-25 14:59:00,AUR,fb,paid_social,AUR_US_Meta_Prospecting_2026Q2,Lead,
L-72888,2026-05-30 08:34:00,PKF,fb,paid_social,PKF_US_Meta_Conversions,Lead,
L-71442,2026-05-31 08:18:00,AUR,Facebook,paid_social,AUR_EU_Meta_Retargeting_2026Q2,Lead,
L-80497,2026-05-03 09:07:00,PKF,,,,Lead,
L-77956,2026-06-11 09:42:00,PKF,Google Ads,cpc,PKF_US_Search_Brand_2026Q2,MQL,
L-74316,2026-07-09 13:16:00,PKF,,,,Lead,
L-79654,2026-07-08 18:37:00,NMB,google,cpc,NMB_US_Search_Brand_2026Q2,Closed Won,3600
L-73055,2026-06-09 08:22:00,PKF,meta,paid_social,PKF_US_Meta_Conversions,Lead,
L-76957,2026-07-25 17:32:00,AUR,adwords,cpc,AUR_US_Search_Brand_2026Q2,MQL,
L-80914,2026-06-29 09:51:00,PKF,TikTok,paid_social,PKF_TikTok_Spark_2026Q2,Lead,
L-71341,2026-05-24 19:05:00,AUR,fb,paid_social,AUR_EU_Meta_Retargeting_2026Q2,Lead,
L-79297,2026-05-29 17:29:00,NMB,Google Ads,cpc,NMB_US_Search_Brand_2026Q2,MQL,
L-78277,2026-07-02 22:19:00,PKF,Google Ads,cpc,PKF_US_Search_Brand_2026Q2,Lead,
L-79505,2026-06-24 19:30:00,NMB,google,cpc,NMB_US_Search_Brand_2026Q2,MQL,
L-73241,2026-06-21 16:26:00,PKF,Facebook,paid_social,PKF_US_Meta_Conversions,Lead,
L-74724,2026-05-25 08:51:00,NMB,,,,Lead,
L-72199,2026-05-25 08:08:00,AUR,paid_social,paid_social,aurelia|prospecting|meta|may26,SQL,
L-75372,2026-07-23 11:23:00,NMB,meta,paid_social,NMB_US_Meta_Prospecting_2026Q2,Lead,
L-79954,2026-06-12 18:19:00,NMB,adwords,cpc,NMB_US_PMax_2026Q2,Lead,
L-72742,2026-05-20 10:43:00,PKF,,,,MQL,
L-78247,2026-06-30 15:21:00,PKF,Google Ads,cpc,PKF_US_Search_Brand_2026Q2,Lead,
L-79096,2026-05-04 22:42:00,NMB,,,,SQL,
L-76145,2026-07-15 15:30:00,NMB,fb,paid_social,NMB_US_Meta_Retargeting_2026Q2,MQL,
L-77091,2026-05-21 22:28:00,AUR,google,cpc,AUR_EU_Search_NonBrand_2026Q2,SQL,
L-76349,2026-05-07 14:38:00,AUR,google,cpc,AUR_US_Search_Brand_2026Q2,MQL,
L-81771,2026-06-03 22:25:00,AUR,google,paid_social,(not set),MQL,
L-77615,2026-05-18 09:21:00,PKF,Google Ads,cpc,PKF_US_Search_Brand_2026Q2,MQL,
L-78891,2026-06-15 09:12:00,PKF,Google Ads,cpc,pkf|nonbrand|search|may26,Lead,
L-75292,2026-07-16 19:00:00,NMB,fb,paid_social,NMB_US_Meta_Prospecting_2026Q2,Lead,
L-71697,2026-06-23 21:10:00,AUR,,,,Lead,
L-73341,2026-06-27 18:35:00,PKF,fb,paid_social,PKF_US_Meta_Conversions,Lead,
L-81992,2026-06-23 09:37:00,PKF,google,paid_social,(not set),Lead,
L-79039,2026-07-24 20:12:00,PKF,Google Ads,cpc,pkf|nonbrand|search|may26,Lead,
L-71288,2026-05-18 17:06:00,AUR,,,,Lead,
L-80744,2026-06-04 17:22:00,PKF,TikTok,paid_social,PKF_TikTok_Spark_2026Q2,Lead,
L-73012,2026-06-08 11:05:00,PKF,Facebook,paid_social,PKF_US_Meta_Conversions,SQL,
L-76877,2026-07-16 13:15:00,AUR,google,cpc,AUR_US_Search_Brand_2026Q2,Lead,
L-73190,2026-06-18 21:05:00,PKF,fb,paid_social,PKF_US_Meta_Conversions,Lead,
L-78822,2026-05-29 19:51:00,PKF,Google Ads,cpc,pkf|nonbrand|search|may26,MQL,
L-73711,2026-07-20 18:09:00,PKF,paid_social,paid_social,PKF_US_Meta_Conversions,MQL,
L-78515,2026-07-17 14:56:00,PKF,Google Ads,cpc,PKF_US_Search_Brand_2026Q2,Lead,
L-75703,2026-05-24 16:40:00,NMB,paid_social,paid_social,NMB_US_Meta_Retargeting_2026Q2,Lead,
L-74384,2026-07-18 11:17:00,PKF,Facebook,paid_social,PKF_CA_Meta_Prospecting,Lead,
L-79276,2026-05-28 11:06:00,NMB,adwords,cpc,NMB_US_Search_Brand_2026Q2,Lead,
L-75155,2026-07-02 20:06:00,NMB,Facebook,paid_social,NMB_US_Meta_Prospecting_2026Q2,MQL,
L-80805,2026-06-11 20:55:00,PKF,TikTok,paid_social,PKF_TikTok_Spark_2026Q2,Lead,
L-79020,2026-07-18 17:15:00,PKF,adwords,cpc,pkf|nonbrand|search|may26,SQL,
L-77495,2026-05-10 08:34:00,PKF,google,cpc,PKF_US_Search_Brand_2026Q2,MQL,
L-74500,2026-05-06 09:43:00,NMB,meta,paid_social,NMB_US_Meta_Prospecting_2026Q2,Lead,
L-70029,2026-05-06 08:00:00,AUR,,,,Lead,
L-72685,2026-05-18 20:59:00,PKF,fb,paid_social,PKF_US_Meta_Conversions,MQL,
L-71814,2026-07-05 13:11:00,AUR,paid_social,paid_social,AUR_EU_Meta_Retargeting_2026Q2,MQL,
L-76639,2026-06-18 21:40:00,AUR,,,,Lead,
L-73963,2026-05-15 20:52:00,PKF,Facebook,paid_social,PKF_CA_Meta_Prospecting,SQL,
L-79774,2026-07-23 15:48:00,NMB,Google Ads,cpc,NMB_US_Search_Brand_2026Q2,SQL,
L-75609,2026-05-16 16:05:00,NMB,fb,paid_social,NMB_US_Meta_Retargeting_2026Q2,Lead,
L-70086,2026-05-11 08:15:00,AUR,,,,Lead,
L-72129,2026-05-06 12:46:00,AUR,,,,MQL,
L-74646,2026-05-18 20:46:00,NMB,facebook,paid_social,NMB_US_Meta_Prospecting_2026Q2,Lead,
L-74937,2026-06-15 17:24:00,NMB,meta,paid_social,NMB_US_Meta_Prospecting_2026Q2,MQL,
L-81625,2026-05-21 22:19:00,PKF,google,paid_social,(not set),SQL,
L-81907,2026-06-16 17:03:00,AUR,,,,MQL,
L-71049,2026-07-31 19:42:00,AUR,,,,MQL,
L-71810,2026-07-02 10:43:00,AUR,fb,paid_social,AUR_EU_Meta_Retargeting_2026Q2,Lead,
L-71515,2026-06-07 11:23:00,AUR,,,,Lead,
L-76712,2026-06-26 19:09:00,AUR,Google Ads,cpc,AUR_US_Search_Brand_2026Q2,Lead,
L-76385,2026-05-14 20:49:00,AUR,google,cpc,AUR_US_Search_Brand_2026Q2,Lead,
L-74654,2026-05-20 09:42:00,NMB,fb,paid_social,NMB_US_Meta_Prospecting_2026Q2,Lead,
L-81087,2026-07-21 12:00:00,PKF,tiktok,paid_social,PKF_TikTok_Spark_2026Q2,Lead,
L-80419,2026-07-14 22:20:00,AUR,TikTok,paid_social,AUR_TikTok_Prospecting_2026Q2,SQL,
L-73103,2026-06-12 14:46:00,PKF,paid_social,paid_social,PKF_US_Meta_Conversions,Lead,
L-79856,2026-07-29 20:57:00,NMB,google,cpc,NMB_US_Search_Brand_2026Q2,MQL,
L-76376,2026-05-11 08:45:00,AUR,google,cpc,AUR_US_Search_Brand_2026Q2,Lead,
L-77004,2026-07-31 13:28:00,AUR,,,,Lead,
L-72868,2026-05-27 19:45:00,PKF,facebook,paid_social,PKF_US_Meta_Conversions,Lead,
L-74152,2026-06-14 17:24:00,PKF,meta,paid_social,PKF_CA_Meta_Prospecting,Lead,
L-80815,2026-06-13 10:19:00,PKF,TikTok,paid_social,PKF_TikTok_Spark_2026Q2,Lead,
L-71738,2026-06-27 18:11:00,AUR,,,,MQL,
L-71212,2026-05-15 09:09:00,AUR,,,,MQL,
L-78207,2026-06-28 19:27:00,PKF,google,cpc,PKF_US_Search_Brand_2026Q2,Closed Won,8800
L-78250,2026-07-02 19:01:00,PKF,google,cpc,PKF_US_Search_Brand_2026Q2,MQL,
L-80047,2026-05-05 12:10:00,NMB,adwords,cpc,NMB_US_Video_Test_A,MQL,
L-81957,2026-06-20 15:56:00,AUR,,,,Closed Won,5200
L-80250,2026-06-04 17:32:00,AUR,tiktok,paid_social,AUR_TikTok_Prospecting_2026Q2,Lead,
L-77766,2026-05-29 19:31:00,PKF,,,,Lead,
L-71079,2026-05-03 19:23:00,AUR,,,,Lead,
L-81319,2026-07-06 09:57:00,NMB,TikTok,paid_social,NMB_TikTok_Prospecting_2026Q2,Lead,
L-75205,2026-07-08 10:59:00,NMB,,,,Lead,
L-80024,2026-07-22 22:37:00,NMB,google,cpc,NMB_US_PMax_2026Q2,Closed Won,5200
L-74823,2026-06-05 11:48:00,NMB,facebook,paid_social,NMB_US_Meta_Prospecting_2026Q2,Lead,
L-79842,2026-07-28 21:31:00,NMB,Google Ads,cpc,NMB_US_Search_Brand_2026Q2,MQL,
L-78876,2026-06-12 21:18:00,PKF,Google Ads,cpc,pkf|nonbrand|search|may26,Closed Won,8800
L-79739,2026-07-18 15:14:00,NMB,google,cpc,NMB_US_Search_Brand_2026Q2,Lead,
L-76154,2026-07-18 10:23:00,NMB,paid_social,paid_social,NMB_US_Meta_Retargeting_2026Q2,MQL,
L-81326,2026-07-10 19:33:00,NMB,TikTok,paid_social,NMB_TikTok_Prospecting_2026Q2,Lead,
L-80031,2026-07-23 12:03:00,NMB,Google Ads,cpc,NMB_US_PMax_2026Q2,MQL,
L-72030,2026-07-24 14:49:00,AUR,paid_social,paid_social,AUR_EU_Meta_Retargeting_2026Q2,MQL,
L-80202,2026-05-22 20:54:00,AUR,,,,Lead,
L-79267,2026-05-25 08:56:00,NMB,google,cpc,NMB_US_Search_Brand_2026Q2,MQL,
L-73563,2026-07-12 21:05:00,PKF,fb,paid_social,PKF_US_Meta_Conversions,Lead,
L-70480,2026-06-18 12:59:00,AUR,,,,Lead,
L-72974,2026-06-04 15:36:00,PKF,Facebook,paid_social,PKF_US_Meta_Conversions,Lead,
L-73623,2026-07-14 13:02:00,PKF,paid_social,paid_social,PKF_US_Meta_Conversions,Lead,
L-79310,2026-05-30 08:54:00,NMB,google,cpc,NMB_US_Search_Brand_2026Q2,Lead,
L-79685,2026-07-13 09:11:00,NMB,google,cpc,NMB_US_Search_Brand_2026Q2,Lead,
L-76887,2026-07-16 17:23:00,AUR,,,,Lead,
L-78751,2026-05-11 19:07:00,PKF,google,cpc,pkf|nonbrand|search|may26,Lead,
L-80658,2026-05-25 17:48:00,PKF,tiktok,paid_social,PKF_TikTok_Spark_2026Q2,MQL,
L-71076,2026-05-03 14:47:00,AUR,,,,Lead,
L-81163,2026-07-31 10:05:00,PKF,TikTok,paid_social,PKF_TikTok_Spark_2026Q2,SQL,
L-70671,2026-07-03 11:24:00,AUR,,,,Lead,
L-71465,2026-06-03 15:21:00,AUR,,,,Lead,
L-81914,2026-06-16 10:32:00,PKF,google,paid_social,(not set),MQL,
L-73494,2026-07-07 15:46:00,PKF,Facebook,paid_social,PKF_US_Meta_Conversions,Lead,
L-76233,2026-07-26 16:30:00,NMB,paid_social,paid_social,NMB_US_Meta_Retargeting_2026Q2,MQL,
L-79833,2026-07-28 17:47:00,NMB,google,cpc,NMB_US_Search_Brand_2026Q2,MQL,
L-79246,2026-05-22 11:35:00,NMB,Google Ads,cpc,NMB_US_Search_Brand_2026Q2,SQL,
L-82268,2026-07-17 20:40:00,NMB,,,,Lead,
L-78138,2026-06-24 13:40:00,PKF,adwords,cpc,PKF_US_Search_Brand_2026Q2,Lead,
L-74917,2026-06-10 17:28:00,NMB,,,,Lead,
L-80740,2026-06-04 08:51:00,PKF,TikTok,paid_social,PKF_TikTok_Spark_2026Q2,Lead,
L-70723,2026-07-07 17:37:00,AUR,,,,Lead,
L-79387,2026-06-07 14:24:00,NMB,adwords,cpc,NMB_US_Search_Brand_2026Q2,Lead,
L-70803,2026-07-12 12:12:00,AUR,fb,paid_social,AUR_US_Meta_Prospecting_2026Q2,Lead,
L-79379,2026-06-08 09:18:00,NMB,google,cpc,NMB_US_Search_Brand_2026Q2,Lead,
L-81321,2026-07-06 08:05:00,NMB,TikTok,paid_social,NMB_TikTok_Prospecting_2026Q2,SQL,
L-81758,2026-06-02 20:46:00,AUR,,,,Lead,
L-80904,2026-06-27 09:22:00,PKF,tiktok,paid_social,PKF_TikTok_Spark_2026Q2,Lead,
L-71556,2026-06-10 18:00:00,AUR,facebook,paid_social,AUR_EU_Meta_Retargeting_2026Q2,MQL,
L-79134,2026-05-07 13:56:00,NMB,Google Ads,cpc,NMB_US_Search_Brand_2026Q2,SQL,
L-77770,2026-05-30 10:13:00,PKF,adwords,cpc,PKF_US_Search_Brand_2026Q2,Closed Won,1900
L-79133,2026-05-07 10:51:00,NMB,adwords,cpc,NMB_US_Search_Brand_2026Q2,Lead,
L-70153,2026-05-19 10:57:00,AUR,facebook,paid_social,AUR_US_Meta_Prospecting_2026Q2,Lead,
L-72113,2026-07-30 18:12:00,AUR,,,,Lead,
L-81943,2026-06-18 08:23:00,NMB,google,paid_social,(not set),Lead,
L-76466,2026-05-22 14:32:00,AUR,,,,Lead,
L-74495,2026-05-06 14:44:00,NMB,Facebook,paid_social,NMB_US_Meta_Prospecting_2026Q2,Lead,
L-73063,2026-06-09 20:52:00,PKF,fb,paid_social,PKF_US_Meta_Conversions,Lead,
L-73280,2026-06-25 15:50:00,PKF,fb,paid_social,PKF_US_Meta_Conversions,MQL,
L-74729,2026-05-26 15:14:00,NMB,meta,paid_social,NMB_US_Meta_Prospecting_2026Q2,MQL,
L-73412,2026-07-03 16:24:00,PKF,fb,paid_social,PKF_US_Meta_Conversions,Lead,
L-77800,2026-06-01 18:14:00,PKF,Google Ads,cpc,PKF_US_Search_Brand_2026Q2,MQL,
L-74679,2026-05-22 17:40:00,NMB,facebook,paid_social,NMB_US_Meta_Prospecting_2026Q2,MQL,
L-73729,2026-07-22 08:48:00,PKF,paid_social,paid_social,PKF_US_Meta_Conversions,Lead,
L-77861,2026-06-06 16:35:00,PKF,adwords,cpc,PKF_US_Search_Brand_2026Q2,SQL,
L-74056,2026-05-27 10:24:00,PKF,Facebook,paid_social,PKF_CA_Meta_Prospecting,Lead,
L-78347,2026-07-08 09:25:00,PKF,Google Ads,cpc,PKF_US_Search_Brand_2026Q2,Lead,
L-78395,2026-07-12 13:40:00,PKF,Google Ads,cpc,PKF_US_Search_Brand_2026Q2,MQL,
L-80597,2026-05-17 18:10:00,PKF,tiktok,paid_social,PKF_TikTok_Spark_2026Q2,Lead,
L-75717,2026-05-27 12:15:00,NMB,meta,paid_social,NMB_US_Meta_Retargeting_2026Q2,Lead,
L-72412,2026-07-24 16:17:00,AUR,,,,Lead,
L-71837,2026-07-06 19:35:00,AUR,,,,Lead,
L-70962,2026-07-25 10:59:00,AUR,meta,paid_social,AUR_US_Meta_Prospecting_2026Q2,Lead,
L-79454,2026-06-16 17:01:00,NMB,Google Ads,cpc,NMB_US_Search_Brand_2026Q2,Lead,
L-71191,2026-05-12 19:43:00,AUR,meta,paid_social,AUR_EU_Meta_Retargeting_2026Q2,SQL,
L-70121,2026-05-16 15:39:00,AUR,meta,paid_social,AUR_US_Meta_Prospecting_2026Q2,MQL,
L-74372,2026-07-17 09:59:00,PKF,Facebook,paid_social,PKF_CA_Meta_Prospecting,Lead,
L-80976,2026-07-06 16:17:00,PKF,TikTok,paid_social,PKF_TikTok_Spark_2026Q2,Lead,
L-77541,2026-05-14 21:43:00,PKF,google,cpc,PKF_US_Search_Brand_2026Q2,Lead,
L-73904,2026-05-07 14:42:00,PKF,Facebook,paid_social,PKF_CA_Meta_Prospecting,MQL,
L-80501,2026-05-03 21:42:00,PKF,tiktok,paid_social,PKF_TikTok_Spark_2026Q2,Lead,
L-72514,2026-05-06 13:46:00,PKF,meta,paid_social,PKF_US_Meta_Conversions,Lead,
L-71575,2026-06-11 10:27:00,AUR,fb,paid_social,AUR_EU_Meta_Retargeting_2026Q2,SQL,
L-70897,2026-07-20 11:18:00,AUR,,,,Lead,
L-76235,2026-07-28 08:07:00,NMB,meta,paid_social,NMB_US_Meta_Retargeting_2026Q2,SQL,
L-72580,2026-05-10 16:20:00,PKF,fb,paid_social,PKF_US_Meta_Conversions,Lead,
L-71569,2026-06-13 15:30:00,AUR,paid_social,paid_social,AUR_EU_Meta_Retargeting_2026Q2,Lead,
L-77811,2026-05-31 09:03:00,PKF,google,cpc,PKF_US_Search_Brand_2026Q2,Closed Won,2400
L-80253,2026-06-05 19:04:00,AUR,tiktok,paid_social,AUR_TikTok_Prospecting_2026Q2,MQL,
L-78919,2026-06-25 08:44:00,PKF,google,cpc,pkf|nonbrand|search|may26,SQL,
L-81354,2026-07-19 21:42:00,NMB,TikTok,paid_social,NMB_TikTok_Prospecting_2026Q2,Lead,
L-76797,2026-07-03 16:01:00,AUR,adwords,cpc,AUR_US_Search_Brand_2026Q2,MQL,
L-72797,2026-05-23 14:51:00,PKF,meta,paid_social,PKF_US_Meta_Conversions,Lead,
L-77088,2026-05-20 09:26:00,AUR,,,,MQL,
L-72282,2026-06-19 20:41:00,AUR,,,,Lead,
L-72331,2026-07-03 16:15:00,AUR,paid_social,paid_social,aurelia|prospecting|meta|may26,Lead,
L-72709,2026-05-18 18:04:00,PKF,fb,paid_social,PKF_US_Meta_Conversions,Lead,
L-75741,2026-05-29 14:09:00,NMB,paid_social,paid_social,NMB_US_Meta_Retargeting_2026Q2,SQL,
L-79723,2026-07-16 18:54:00,NMB,google,cpc,NMB_US_Search_Brand_2026Q2,SQL,
L-72604,2026-05-11 11:31:00,PKF,paid_social,paid_social,PKF_US_Meta_Conversions,MQL,
L-72857,2026-05-26 09:13:00,PKF,Facebook,paid_social,PKF_US_Meta_Conversions,Lead,
L-81605,2026-05-19 14:50:00,NMB,google,paid_social,(not set),Lead,
L-71387,2026-05-28 19:17:00,AUR,facebook,paid_social,AUR_EU_Meta_Retargeting_2026Q2,Lead,
L-80584,2026-05-16 19:06:00,PKF,TikTok,paid_social,PKF_TikTok_Spark_2026Q2,Lead,
L-73056,2026-06-09 16:09:00,PKF,facebook,paid_social,PKF_US_Meta_Conversions,Lead,
L-74270,2026-07-04 16:35:00,PKF,meta,paid_social,PKF_CA_Meta_Prospecting,Lead,
L-70731,2026-07-07 12:14:00,AUR,,,,MQL,
L-81964,2026-06-21 16:05:00,AUR,google,paid_social,(not set),MQL,
L-71132,2026-05-07 19:49:00,AUR,paid_social,paid_social,AUR_EU_Meta_Retargeting_2026Q2,MQL,
L-76651,2026-06-17 10:34:00,AUR,Google Ads,cpc,AUR_US_Search_Brand_2026Q2,Closed Won,8800
L-72779,2026-05-21 16:33:00,PKF,Facebook,paid_social,PKF_US_Meta_Conversions,Lead,
L-80777,2026-06-09 17:11:00,PKF,tiktok,paid_social,PKF_TikTok_Spark_2026Q2,Lead,
L-73728,2026-07-23 11:10:00,PKF,facebook,paid_social,PKF_US_Meta_Conversions,Lead,
L-78548,2026-07-21 22:58:00,PKF,google,cpc,PKF_US_Search_Brand_2026Q2,Lead,
L-72074,2026-07-27 21:51:00,AUR,,,,Lead,
L-73715,2026-07-22 22:27:00,PKF,Facebook,paid_social,PKF_US_Meta_Conversions,SQL,
L-81804,2026-06-05 16:09:00,NMB,google,paid_social,(not set),Lead,
L-80656,2026-05-26 18:47:00,PKF,TikTok,paid_social,PKF_TikTok_Spark_2026Q2,Lead,
L-82261,2026-07-17 07:50:00,PKF,google,paid_social,(not set),Lead,
L-80337,2026-06-24 09:43:00,AUR,,,,MQL,
L-78976,2026-07-07 20:58:00,PKF,google,cpc,pkf|nonbrand|search|may26,MQL,
L-75956,2026-06-24 11:10:00,NMB,meta,paid_social,NMB_US_Meta_Retargeting_2026Q2,Lead,
L-74840,2026-06-06 20:30:00,NMB,facebook,paid_social,NMB_US_Meta_Prospecting_2026Q2,Lead,
L-75107,2026-06-30 16:32:00,NMB,paid_social,paid_social,NMB_US_Meta_Prospecting_2026Q2,MQL,
L-72973,2026-06-04 12:53:00,PKF,fb,paid_social,PKF_US_Meta_Conversions,Lead,
L-80620,2026-05-20 16:55:00,PKF,,,,Lead,
L-76505,2026-05-27 17:21:00,AUR,,,,Lead,
L-71401,2026-05-28 11:23:00,AUR,,,,MQL,
L-74726,2026-05-25 09:57:00,NMB,facebook,paid_social,NMB_US_Meta_Prospecting_2026Q2,Lead,
L-82186,2026-07-10 09:56:00,PKF,google,paid_social,(not set),Lead,
L-76679,2026-06-22 21:09:00,AUR,Google Ads,cpc,AUR_US_Search_Brand_2026Q2,Lead,
L-81014,2026-07-11 08:33:00,PKF,TikTok,paid_social,PKF_TikTok_Spark_2026Q2,Lead,
L-77595,2026-05-20 13:03:00,PKF,google,cpc,PKF_US_Search_Brand_2026Q2,SQL,
L-77888,2026-06-08 20:04:00,PKF,Google Ads,cpc,PKF_US_Search_Brand_2026Q2,Lead,
L-71174,2026-05-10 16:07:00,AUR,,,,Lead,
L-73757,2026-07-24 21:24:00,PKF,meta,paid_social,PKF_US_Meta_Conversions,Lead,
L-77006,2026-05-02 12:53:00,AUR,adwords,cpc,AUR_EU_Search_NonBrand_2026Q2,MQL,
L-70904,2026-07-19 15:51:00,AUR,,,,Lead,
L-74660,2026-05-21 19:33:00,NMB,paid_social,paid_social,NMB_US_Meta_Prospecting_2026Q2,Lead,
L-71560,2026-06-11 16:20:00,AUR,facebook,paid_social,AUR_EU_Meta_Retargeting_2026Q2,Lead,
L-71447,2026-06-01 17:00:00,AUR,,,,SQL,
L-81784,2026-06-03 09:13:00,NMB,,,,Closed Won,8800
L-70238,2026-05-26 19:20:00,AUR,fb,paid_social,AUR_US_Meta_Prospecting_2026Q2,Lead,
L-75531,2026-05-06 19:40:00,NMB,Facebook,paid_social,NMB_US_Meta_Retargeting_2026Q2,Lead,
L-72130,2026-05-05 19:41:00,AUR,fb,paid_social,aurelia|prospecting|meta|may26,MQL,
L-76540,2026-06-01 10:46:00,AUR,adwords,cpc,AUR_US_Search_Brand_2026Q2,Closed Won,2400
L-76428,2026-05-18 08:13:00,AUR,adwords,cpc,AUR_US_Search_Brand_2026Q2,Lead,
L-76413,2026-05-16 14:50:00,AUR,google,cpc,AUR_US_Search_Brand_2026Q2,Lead,
L-79516,2026-06-25 15:06:00,NMB,Google Ads,cpc,NMB_US_Search_Brand_2026Q2,MQL,
L-82040,2026-06-27 22:16:00,PKF,google,paid_social,(not set),Lead,
L-79242,2026-05-23 14:59:00,NMB,google,cpc,NMB_US_Search_Brand_2026Q2,Lead,
L-75920,2026-06-23 22:02:00,NMB,Facebook,paid_social,NMB_US_Meta_Retargeting_2026Q2,Lead,
L-71632,2026-06-19 22:57:00,AUR,facebook,paid_social,AUR_EU_Meta_Retargeting_2026Q2,Lead,
L-73167,2026-06-19 10:48:00,PKF,Facebook,paid_social,PKF_US_Meta_Conversions,Lead,
L-72393,2026-07-21 18:06:00,AUR,,,,MQL,
L-73744,2026-07-24 16:01:00,PKF,facebook,paid_social,PKF_US_Meta_Conversions,SQL,
L-73075,2026-06-10 13:26:00,PKF,paid_social,paid_social,PKF_US_Meta_Conversions,MQL,
L-74383,2026-07-19 22:28:00,PKF,fb,paid_social,PKF_CA_Meta_Prospecting,MQL,
L-80079,2026-06-15 17:14:00,AUR,,,,MQL,
L-79670,2026-07-12 16:25:00,NMB,google,cpc,NMB_US_Search_Brand_2026Q2,Lead,
L-75853,2026-06-12 10:02:00,NMB,meta,paid_social,NMB_US_Meta_Retargeting_2026Q2,Lead,
L-72835,2026-05-27 17:27:00,PKF,facebook,paid_social,PKF_US_Meta_Conversions,Lead,
L-78019,2026-06-17 13:46:00,PKF,adwords,cpc,PKF_US_Search_Brand_2026Q2,Lead,
L-75123,2026-07-02 19:42:00,NMB,Facebook,paid_social,NMB_US_Meta_Prospecting_2026Q2,Lead,
L-72080,2026-07-27 18:50:00,AUR,,,,Lead,
L-79951,2026-06-10 08:50:00,NMB,adwords,cpc,NMB_US_PMax_2026Q2,Lead,
L-76766,2026-07-01 18:51:00,AUR,adwords,cpc,AUR_US_Search_Brand_2026Q2,Lead,
L-73230,2026-06-22 10:54:00,PKF,fb,paid_social,PKF_US_Meta_Conversions,MQL,
L-70974,2026-07-24 21:54:00,AUR,,,,Lead,
L-73860,2026-07-31 22:36:00,PKF,meta,paid_social,PKF_US_Meta_Conversions,Lead,
L-75289,2026-07-17 19:08:00,NMB,,,,Lead,
L-76443,2026-05-20 09:59:00,AUR,google,cpc,AUR_US_Search_Brand_2026Q2,MQL,
L-71198,2026-05-11 18:22:00,AUR,facebook,paid_social,AUR_EU_Meta_Retargeting_2026Q2,MQL,
L-75306,2026-07-17 13:59:00,NMB,paid_social,paid_social,NMB_US_Meta_Prospecting_2026Q2,MQL,
L-81126,2026-07-25 15:03:00,PKF,tiktok,paid_social,PKF_TikTok_Spark_2026Q2,Lead,
L-78829,2026-05-31 16:54:00,PKF,google,cpc,pkf|nonbrand|search|may26,Lead,
L-78744,2026-05-08 14:11:00,PKF,google,cpc,pkf|nonbrand|search|may26,Lead,
L-77268,2026-07-01 18:04:00,AUR,,,,Lead,
L-82338,2026-07-24 12:03:00,AUR,,,,MQL,
L-79559,2026-06-29 10:22:00,NMB,Google Ads,cpc,NMB_US_Search_Brand_2026Q2,MQL,
L-76363,2026-05-11 15:26:00,AUR,google,cpc,AUR_US_Search_Brand_2026Q2,MQL,
L-78583,2026-07-22 09:28:00,PKF,Google Ads,cpc,PKF_US_Search_Brand_2026Q2,Lead,
L-80159,2026-05-14 21:39:00,AUR,tiktok,paid_social,AUR_TikTok_Prospecting_2026Q2,MQL,
L-77134,2026-06-01 15:13:00,AUR,,,,Lead,
L-74035,2026-05-25 10:28:00,PKF,,,,MQL,
L-72520,2026-05-07 14:47:00,PKF,paid_social,paid_social,PKF_US_Meta_Conversions,Lead,
L-77519,2026-05-13 16:32:00,PKF,google,cpc,PKF_US_Search_Brand_2026Q2,MQL,
L-72913,2026-05-31 13:02:00,PKF,Facebook,paid_social,PKF_US_Meta_Conversions,Lead,
L-73799,2026-07-27 15:35:00,PKF,,,,Lead,
L-71752,2026-06-28 22:13:00,AUR,fb,paid_social,AUR_EU_Meta_Retargeting_2026Q2,Lead,
L-70516,2026-06-22 10:30:00,AUR,,,,Lead,
L-71287,2026-05-20 16:06:00,AUR,,,,MQL,
L-79634,2026-07-09 20:17:00,NMB,google,cpc,NMB_US_Search_Brand_2026Q2,Closed Won,2400
L-76510,2026-05-27 16:13:00,AUR,,,,Lead,
L-72884,2026-05-30 08:28:00,PKF,fb,paid_social,PKF_US_Meta_Conversions,Lead,
L-79987,2026-06-27 20:43:00,NMB,Google Ads,cpc,NMB_US_PMax_2026Q2,Lead,
L-70886,2026-07-19 14:15:00,AUR,,,,MQL,
L-77267,2026-07-01 20:47:00,AUR,adwords,cpc,AUR_EU_Search_NonBrand_2026Q2,SQL,
L-73023,2026-06-07 17:22:00,PKF,meta,paid_social,PKF_US_Meta_Conversions,Lead,
L-76775,2026-07-02 10:25:00,AUR,,,,MQL,
L-78889,2026-06-15 16:27:00,PKF,,,,Closed Won,3600
L-70785,2026-07-12 10:50:00,AUR,facebook,paid_social,AUR_US_Meta_Prospecting_2026Q2,Lead,
L-79794,2026-07-23 11:32:00,NMB,google,cpc,NMB_US_Search_Brand_2026Q2,MQL,
L-81953,2026-06-19 21:58:00,PKF,google,paid_social,(not set),SQL,
L-76969,2026-07-29 19:04:00,AUR,google,cpc,AUR_US_Search_Brand_2026Q2,Closed Won,1900
L-74985,2026-06-16 10:23:00,NMB,meta,paid_social,NMB_US_Meta_Prospecting_2026Q2,Lead,
L-80218,2026-05-28 13:29:00,AUR,tiktok,paid_social,AUR_TikTok_Prospecting_2026Q2,SQL,
L-80695,2026-05-31 20:18:00,PKF,,,,Lead,
L-76088,2026-07-10 20:24:00,NMB,,,,Lead,
L-71661,2026-06-22 22:21:00,AUR,fb,paid_social,AUR_EU_Meta_Retargeting_2026Q2,MQL,
L-79687,2026-07-12 11:12:00,NMB,Google Ads,cpc,NMB_US_Search_Brand_2026Q2,MQL,
L-72994,2026-06-05 11:57:00,PKF,Facebook,paid_social,PKF_US_Meta_Conversions,MQL,
L-71259,2026-05-16 17:10:00,AUR,,,,Lead,
L-79797,2026-07-25 21:22:00,NMB,Google Ads,cpc,NMB_US_Search_Brand_2026Q2,MQL,
L-70137,2026-05-18 21:40:00,AUR,facebook,paid_social,AUR_US_Meta_Prospecting_2026Q2,Lead,
L-73094,2026-06-13 15:00:00,PKF,meta,paid_social,PKF_US_Meta_Conversions,Lead,
L-75523,2026-05-07 08:31:00,NMB,fb,paid_social,NMB_US_Meta_Retargeting_2026Q2,Lead,
L-75431,2026-07-28 10:07:00,NMB,facebook,paid_social,NMB_US_Meta_Prospecting_2026Q2,Lead,
L-76955,2026-07-26 21:59:00,AUR,,,,Lead,
L-76738,2026-06-29 16:30:00,AUR,,,,Lead,
L-81960,2026-06-20 16:17:00,PKF,google,paid_social,(not set),Lead,
L-70059,2026-05-10 11:27:00,AUR,,,,Lead,
L-80672,2026-05-27 18:07:00,PKF,TikTok,paid_social,PKF_TikTok_Spark_2026Q2,Lead,
L-72915,2026-06-01 11:24:00,PKF,Facebook,paid_social,PKF_US_Meta_Conversions,Lead,
L-81513,2026-05-12 10:52:00,PKF,google,paid_social,(not set),Lead,
L-75559,2026-05-08 12:22:00,NMB,facebook,paid_social,NMB_US_Meta_Retargeting_2026Q2,Lead,
L-72302,2026-06-24 09:06:00,AUR,facebook,paid_social,aurelia|prospecting|meta|may26,Lead,
L-77286,2026-07-04 16:20:00,AUR,,,,MQL,
L-73549,2026-07-10 16:29:00,PKF,,,,MQL,
L-79428,2026-06-12 16:37:00,NMB,adwords,cpc,NMB_US_Search_Brand_2026Q2,MQL,
L-73580,2026-07-13 12:47:00,PKF,meta,paid_social,PKF_US_Meta_Conversions,Lead,
L-78753,2026-05-13 19:36:00,PKF,adwords,cpc,pkf|nonbrand|search|may26,MQL,
L-74395,2026-07-21 17:58:00,PKF,facebook,paid_social,PKF_CA_Meta_Prospecting,MQL,
L-77910,2026-06-11 20:17:00,PKF,adwords,cpc,PKF_US_Search_Brand_2026Q2,Lead,
L-80259,2026-06-09 12:03:00,AUR,,,,SQL,
L-71331,2026-05-21 17:27:00,AUR,,,,MQL,
L-75082,2026-06-27 18:39:00,NMB,facebook,paid_social,NMB_US_Meta_Prospecting_2026Q2,Lead,
L-70315,2026-06-02 19:54:00,AUR,,,,MQL,
L-75903,2026-06-18 18:13:00,NMB,facebook,paid_social,NMB_US_Meta_Retargeting_2026Q2,Lead,
L-73208,2026-06-19 16:28:00,PKF,fb,paid_social,PKF_US_Meta_Conversions,Lead,
L-81741,2026-06-01 10:55:00,AUR,,,,Lead,
L-78137,2026-06-23 21:05:00,PKF,google,cpc,PKF_US_Search_Brand_2026Q2,SQL,
L-73586,2026-07-12 10:59:00,PKF,meta,paid_social,PKF_US_Meta_Conversions,Lead,
L-70417,2026-06-12 11:53:00,AUR,facebook,paid_social,AUR_US_Meta_Prospecting_2026Q2,SQL,
L-72548,2026-05-07 19:32:00,PKF,fb,paid_social,PKF_US_Meta_Conversions,MQL,
L-72290,2026-06-23 15:26:00,AUR,Facebook,paid_social,aurelia|prospecting|meta|may26,Lead,
L-73534,2026-07-09 08:35:00,PKF,,,,Lead,
L-80616,2026-05-20 12:16:00,PKF,TikTok,paid_social,PKF_TikTok_Spark_2026Q2,MQL,
L-73517,2026-07-08 14:18:00,PKF,,,,Lead,
L-80533,2026-05-09 08:47:00,PKF,tiktok,paid_social,PKF_TikTok_Spark_2026Q2,MQL,
L-70512,2026-06-20 09:24:00,AUR,,,,MQL,
L-81821,2026-06-08 07:27:00,PKF,google,paid_social,(not set),Lead,
L-81284,2026-06-19 18:42:00,NMB,tiktok,paid_social,NMB_TikTok_Prospecting_2026Q2,MQL,
L-77175,2026-06-10 09:08:00,AUR,google,cpc,AUR_EU_Search_NonBrand_2026Q2,MQL,
L-76868,2026-07-14 19:49:00,AUR,google,cpc,AUR_US_Search_Brand_2026Q2,Lead,
L-77333,2026-07-20 14:10:00,AUR,google,cpc,AUR_EU_Search_NonBrand_2026Q2,MQL,
L-77202,2026-06-19 15:46:00,AUR,,,,MQL,
L-80632,2026-05-22 11:37:00,PKF,,,,Lead,
L-72611,2026-05-13 10:26:00,PKF,facebook,paid_social,PKF_US_Meta_Conversions,Lead,
L-81694,2026-05-28 07:05:00,AUR,google,paid_social,(not set),Lead,
L-71713,2026-06-24 16:00:00,AUR,meta,paid_social,AUR_EU_Meta_Retargeting_2026Q2,MQL,
L-79460,2026-06-19 14:30:00,NMB,Google Ads,cpc,NMB_US_Search_Brand_2026Q2,MQL,
L-75460,2026-07-29 11:53:00,NMB,facebook,paid_social,NMB_US_Meta_Prospecting_2026Q2,Lead,
L-78275,2026-07-01 09:46:00,PKF,,,,Lead,
L-73981,2026-05-17 15:37:00,PKF,facebook,paid_social,PKF_CA_Meta_Prospecting,Lead,
L-70384,2026-06-12 20:03:00,AUR,,,,Lead,
L-72623,2026-05-13 15:31:00,PKF,meta,paid_social,PKF_US_Meta_Conversions,MQL,
L-71242,2026-05-16 19:25:00,AUR,,,,Lead,
L-82124,2026-07-05 07:57:00,PKF,google,paid_social,(not set),MQL,
L-70455,2026-06-17 18:39:00,AUR,paid_social,paid_social,AUR_US_Meta_Prospecting_2026Q2,Lead,
L-77789,2026-05-30 08:32:00,PKF,adwords,cpc,PKF_US_Search_Brand_2026Q2,Lead,
L-71181,2026-05-12 17:31:00,AUR,,,,MQL,
L-80529,2026-05-08 10:37:00,PKF,TikTok,paid_social,PKF_TikTok_Spark_2026Q2,Lead,
L-76892,2026-07-16 11:37:00,AUR,google,cpc,AUR_US_Search_Brand_2026Q2,Lead,
L-75154,2026-07-04 19:57:00,NMB,,,,Lead,
L-79480,2026-06-21 10:23:00,NMB,google,cpc,NMB_US_Search_Brand_2026Q2,MQL,
L-76471,2026-05-23 21:07:00,AUR,adwords,cpc,AUR_US_Search_Brand_2026Q2,SQL,
L-76394,2026-05-14 21:17:00,AUR,Google Ads,cpc,AUR_US_Search_Brand_2026Q2,Lead,
L-74544,2026-05-10 21:52:00,NMB,facebook,paid_social,NMB_US_Meta_Prospecting_2026Q2,MQL,
L-76807,2026-07-07 10:45:00,AUR,,,,MQL,
L-70117,2026-05-13 17:45:00,AUR,paid_social,paid_social,AUR_US_Meta_Prospecting_2026Q2,MQL,
L-78588,2026-07-24 22:31:00,PKF,,,,Lead,
L-79197,2026-05-16 09:07:00,NMB,google,cpc,NMB_US_Search_Brand_2026Q2,MQL,
L-72736,2026-05-19 09:04:00,PKF,meta,paid_social,PKF_US_Meta_Conversions,Lead,
L-71832,2026-07-04 17:40:00,AUR,,,,Lead,
L-71766,2026-06-30 09:22:00,AUR,,,,Lead,
L-76090,2026-07-11 15:45:00,NMB,,,,MQL,
L-81282,2026-06-17 21:12:00,NMB,TikTok,paid_social,NMB_TikTok_Prospecting_2026Q2,Lead,
L-73535,2026-07-11 22:12:00,PKF,,,,MQL,
L-74336,2026-07-14 10:34:00,PKF,meta,paid_social,PKF_CA_Meta_Prospecting,Lead,
L-74790,2026-05-31 13:52:00,NMB,facebook,paid_social,NMB_US_Meta_Prospecting_2026Q2,MQL,
L-80887,2026-06-24 19:17:00,PKF,tiktok,paid_social,PKF_TikTok_Spark_2026Q2,Lead,
L-74973,2026-06-16 10:36:00,NMB,,,,Lead,
L-80968,2026-07-07 17:43:00,PKF,TikTok,paid_social,PKF_TikTok_Spark_2026Q2,MQL,
L-78365,2026-07-09 13:21:00,PKF,adwords,cpc,PKF_US_Search_Brand_2026Q2,MQL,
L-79913,2026-05-25 08:05:00,NMB,adwords,cpc,NMB_US_PMax_2026Q2,Closed Won,5200
L-75981,2026-06-27 20:05:00,NMB,fb,paid_social,NMB_US_Meta_Retargeting_2026Q2,Lead,
L-80132,2026-05-06 12:57:00,AUR,tiktok,paid_social,AUR_TikTok_Prospecting_2026Q2,MQL,
L-76800,2026-07-06 14:53:00,AUR,google,cpc,AUR_US_Search_Brand_2026Q2,Closed Won,8800
L-73605,2026-07-15 17:04:00,PKF,facebook,paid_social,PKF_US_Meta_Conversions,MQL,
L-79064,2026-07-30 11:20:00,PKF,Google Ads,cpc,pkf|nonbrand|search|may26,MQL,
L-72680,2026-05-17 22:33:00,PKF,Facebook,paid_social,PKF_US_Meta_Conversions,Lead,
L-73348,2026-06-29 22:53:00,PKF,meta,paid_social,PKF_US_Meta_Conversions,Lead,
L-73345,2026-06-28 21:39:00,PKF,Facebook,paid_social,PKF_US_Meta_Conversions,Lead,
L-70235,2026-05-25 21:14:00,AUR,,,,Lead,
L-71205,2026-05-12 15:10:00,AUR,paid_social,paid_social,AUR_EU_Meta_Retargeting_2026Q2,Lead,
L-82103,2026-07-03 22:13:00,PKF,google,paid_social,(not set),Lead,
L-81849,2026-06-10 07:57:00,PKF,,,,MQL,
L-78328,2026-07-06 08:25:00,PKF,Google Ads,cpc,PKF_US_Search_Brand_2026Q2,SQL,
L-78508,2026-07-18 14:40:00,PKF,Google Ads,cpc,PKF_US_Search_Brand_2026Q2,Lead,
L-74542,2026-05-10 16:55:00,NMB,facebook,paid_social,NMB_US_Meta_Prospecting_2026Q2,MQL,
L-78788,2026-05-20 14:37:00,PKF,google,cpc,pkf|nonbrand|search|may26,MQL,
L-75786,2026-06-05 20:46:00,NMB,meta,paid_social,NMB_US_Meta_Retargeting_2026Q2,Lead,
L-82073,2026-06-30 17:08:00,NMB,,,,SQL,
L-78652,2026-07-28 16:04:00,PKF,google,cpc,PKF_US_Search_Brand_2026Q2,Lead,
L-76821,2026-07-06 18:46:00,AUR,,,,SQL,
L-82410,2026-07-31 12:56:00,AUR,google,paid_social,(not set),MQL,
L-70496,2026-06-18 12:09:00,AUR,meta,paid_social,AUR_US_Meta_Prospecting_2026Q2,Lead,
L-73737,2026-07-22 21:01:00,PKF,paid_social,paid_social,PKF_US_Meta_Conversions,MQL,
L-75296,2026-07-16 12:09:00,NMB,Facebook,paid_social,NMB_US_Meta_Prospecting_2026Q2,MQL,
L-81803,2026-06-05 12:52:00,PKF,google,paid_social,(not set),MQL,
L-70791,2026-07-11 16:22:00,AUR,,,,Lead,
L-74411,2026-07-24 17:56:00,PKF,fb,paid_social,PKF_CA_Meta_Prospecting,Lead,
L-79866,2026-07-31 16:56:00,NMB,,,,MQL,
L-74513,2026-05-06 19:36:00,NMB,,,,Lead,
L-76919,2026-07-22 14:14:00,AUR,google,cpc,AUR_US_Search_Brand_2026Q2,MQL,
L-72936,2026-06-01 12:01:00,PKF,Facebook,paid_social,PKF_US_Meta_Conversions,SQL,
L-80303,2026-06-18 18:46:00,AUR,TikTok,paid_social,AUR_TikTok_Prospecting_2026Q2,Lead,
L-77486,2026-05-10 20:23:00,PKF,,,,MQL,
L-73187,2026-06-20 21:21:00,PKF,facebook,paid_social,PKF_US_Meta_Conversions,MQL,
L-80525,2026-05-06 22:13:00,PKF,tiktok,paid_social,PKF_TikTok_Spark_2026Q2,Lead,
L-73257,2026-06-24 21:06:00,PKF,facebook,paid_social,PKF_US_Meta_Conversions,MQL,
L-81772,2026-06-03 10:44:00,AUR,google,paid_social,(not set),MQL,
L-71487,2026-06-04 10:50:00,AUR,,,,Lead,
L-75329,2026-07-20 14:46:00,NMB,facebook,paid_social,NMB_US_Meta_Prospecting_2026Q2,MQL,
L-73127,2026-06-13 22:26:00,PKF,Facebook,paid_social,PKF_US_Meta_Conversions,Lead,
L-80335,2026-06-24 14:42:00,AUR,tiktok,paid_social,AUR_TikTok_Prospecting_2026Q2,Lead,
L-70211,2026-05-23 09:02:00,AUR,fb,paid_social,AUR_US_Meta_Prospecting_2026Q2,Lead,
L-77503,2026-05-13 21:08:00,PKF,adwords,cpc,PKF_US_Search_Brand_2026Q2,Lead,
L-74687,2026-05-22 13:52:00,NMB,Facebook,paid_social,NMB_US_Meta_Prospecting_2026Q2,Lead,
L-77272,2026-07-01 10:35:00,AUR,,,,Lead,
L-78921,2026-06-23 17:57:00,PKF,google,cpc,pkf|nonbrand|search|may26,Lead,
L-78658,2026-07-27 13:18:00,PKF,google,cpc,PKF_US_Search_Brand_2026Q2,Lead,
L-77089,2026-05-21 15:06:00,AUR,,,,Lead,
L-73449,2026-07-04 19:36:00,PKF,Facebook,paid_social,PKF_US_Meta_Conversions,Lead,
L-79317,2026-05-31 21:42:00,NMB,google,cpc,NMB_US_Search_Brand_2026Q2,SQL,
L-73022,2026-06-08 13:35:00,PKF,facebook,paid_social,PKF_US_Meta_Conversions,Lead,
L-76029,2026-07-05 16:47:00,NMB,facebook,paid_social,NMB_US_Meta_Retargeting_2026Q2,Lead,
L-76550,2026-06-03 08:30:00,AUR,Google Ads,cpc,AUR_US_Search_Brand_2026Q2,MQL,
L-71209,2026-05-15 20:09:00,AUR,Facebook,paid_social,AUR_EU_Meta_Retargeting_2026Q2,MQL,
L-73279,2026-06-23 14:15:00,PKF,Facebook,paid_social,PKF_US_Meta_Conversions,Lead,
L-73276,2026-06-23 13:45:00,PKF,facebook,paid_social,PKF_US_Meta_Conversions,Lead,
L-82298,2026-07-21 11:38:00,AUR,,,,MQL,
L-78491,2026-07-18 17:34:00,PKF,adwords,cpc,PKF_US_Search_Brand_2026Q2,MQL,
L-75165,2026-07-06 13:57:00,NMB,Facebook,paid_social,NMB_US_Meta_Prospecting_2026Q2,MQL,
L-77115,2026-05-28 20:08:00,AUR,google,cpc,AUR_EU_Search_NonBrand_2026Q2,SQL,
L-79220,2026-05-19 19:41:00,NMB,adwords,cpc,NMB_US_Search_Brand_2026Q2,Lead,
L-73038,2026-06-09 16:47:00,PKF,Facebook,paid_social,PKF_US_Meta_Conversions,SQL,
L-75828,2026-06-08 09:03:00,NMB,fb,paid_social,NMB_US_Meta_Retargeting_2026Q2,Lead,
L-70982,2026-07-26 19:46:00,AUR,fb,paid_social,AUR_US_Meta_Prospecting_2026Q2,Closed Won,2400
L-71144,2026-05-08 17:12:00,AUR,,,,Lead,
L-75993,2026-07-02 21:04:00,NMB,,,,Lead,
L-80463,2026-07-23 20:02:00,AUR,TikTok,paid_social,AUR_TikTok_Prospecting_2026Q2,Lead,
L-71232,2026-05-15 09:05:00,AUR,fb,paid_social,AUR_EU_Meta_Retargeting_2026Q2,Lead,
L-74890,2026-06-08 18:27:00,NMB,paid_social,paid_social,NMB_US_Meta_Prospecting_2026Q2,MQL,
L-72581,2026-05-09 09:02:00,PKF,facebook,paid_social,PKF_US_Meta_Conversions,Lead,
L-81463,2026-05-07 15:59:00,PKF,google,paid_social,(not set),Lead,
L-78480,2026-07-18 08:00:00,PKF,adwords,cpc,PKF_US_Search_Brand_2026Q2,Lead,
L-76652,2026-06-18 22:30:00,AUR,,,,Closed Won,3600
L-81254,2026-06-03 15:57:00,NMB,,,,Lead,
L-70195,2026-05-21 17:02:00,AUR,,,,Lead,
L-75326,2026-07-18 11:08:00,NMB,meta,paid_social,NMB_US_Meta_Prospecting_2026Q2,Lead,
L-76741,2026-06-28 08:51:00,AUR,,,,MQL,
L-75134,2026-07-02 22:39:00,NMB,paid_social,paid_social,NMB_US_Meta_Prospecting_2026Q2,Lead,
L-78208,2026-06-28 16:55:00,PKF,google,cpc,PKF_US_Search_Brand_2026Q2,MQL,
L-71293,2026-05-19 13:17:00,AUR,,,,Lead,
L-74307,2026-07-08 15:20:00,PKF,,,,MQL,
L-80570,2026-05-14 16:59:00,PKF,TikTok,paid_social,PKF_TikTok_Spark_2026Q2,Lead,
L-81902,2026-06-15 18:15:00,PKF,google,paid_social,(not set),MQL,
L-77795,2026-05-31 08:23:00,PKF,adwords,cpc,PKF_US_Search_Brand_2026Q2,Lead,
L-75400,2026-07-23 09:59:00,NMB,Facebook,paid_social,NMB_US_Meta_Prospecting_2026Q2,Lead,
L-82027,2026-06-26 07:48:00,PKF,google,paid_social,(not set),Lead,
L-70619,2026-06-30 14:02:00,AUR,paid_social,paid_social,AUR_US_Meta_Prospecting_2026Q2,Lead,
L-70989,2026-07-26 15:00:00,AUR,,,,Lead,
L-76931,2026-07-21 21:18:00,AUR,,,,Lead,
L-79301,2026-05-28 19:43:00,NMB,google,cpc,NMB_US_Search_Brand_2026Q2,MQL,
L-76561,2026-06-04 19:28:00,AUR,,,,Lead,
L-81512,2026-05-12 20:53:00,PKF,google,paid_social,(not set),Lead,
L-77280,2026-07-05 15:57:00,AUR,google,cpc,AUR_EU_Search_NonBrand_2026Q2,Lead,
L-72014,2026-07-21 12:07:00,AUR,,,,Lead,
L-77237,2026-06-26 12:03:00,AUR,,,,Lead,
L-73645,2026-07-16 12:13:00,PKF,fb,paid_social,PKF_US_Meta_Conversions,Lead,
L-77793,2026-05-30 08:02:00,PKF,google,cpc,PKF_US_Search_Brand_2026Q2,MQL,
L-75478,2026-07-29 09:03:00,NMB,fb,paid_social,NMB_US_Meta_Prospecting_2026Q2,MQL,
L-74158,2026-06-17 10:23:00,PKF,,,,Lead,
L-77158,2026-06-03 13:11:00,AUR,google,cpc,AUR_EU_Search_NonBrand_2026Q2,Lead,
L-81696,2026-05-28 09:00:00,AUR,google,paid_social,(not set),Lead,
L-77049,2026-05-15 15:20:00,AUR,adwords,cpc,AUR_EU_Search_NonBrand_2026Q2,Lead,
L-77819,2026-06-03 16:14:00,PKF,google,cpc,PKF_US_Search_Brand_2026Q2,Lead,
L-74674,2026-05-20 14:37:00,NMB,facebook,paid_social,NMB_US_Meta_Prospecting_2026Q2,Lead,
L-72086,2026-07-29 22:30:00,AUR,meta,paid_social,AUR_EU_Meta_Retargeting_2026Q2,Lead,
L-72597,2026-05-12 11:53:00,PKF,paid_social,paid_social,PKF_US_Meta_Conversions,Lead,
L-70592,2026-06-27 08:06:00,AUR,facebook,paid_social,AUR_US_Meta_Prospecting_2026Q2,Lead,
L-79549,2026-06-28 10:02:00,NMB,Google Ads,cpc,NMB_US_Search_Brand_2026Q2,Lead,
L-80944,2026-07-02 15:30:00,PKF,TikTok,paid_social,PKF_TikTok_Spark_2026Q2,Lead,
L-79182,2026-05-15 11:53:00,NMB,adwords,cpc,NMB_US_Search_Brand_2026Q2,SQL,
L-82020,2026-06-25 21:43:00,NMB,google,paid_social,(not set),Lead,
L-76215,2026-07-25 17:07:00,NMB,facebook,paid_social,NMB_US_Meta_Retargeting_2026Q2,Lead,
L-70870,2026-07-17 11:56:00,AUR,facebook,paid_social,AUR_US_Meta_Prospecting_2026Q2,Lead,
L-72137,2026-05-07 20:30:00,AUR,facebook,paid_social,aurelia|prospecting|meta|may26,Lead,
L-78186,2026-06-25 18:49:00,PKF,adwords,cpc,PKF_US_Search_Brand_2026Q2,Closed Won,3600
L-72369,2026-07-12 16:51:00,AUR,fb,paid_social,aurelia|prospecting|meta|may26,Lead,
L-76742,2026-06-29 17:41:00,AUR,adwords,cpc,AUR_US_Search_Brand_2026Q2,MQL,
L-76063,2026-07-08 20:10:00,NMB,,,,Lead,
L-78756,2026-05-14 19:51:00,PKF,adwords,cpc,pkf|nonbrand|search|may26,SQL,
L-75883,2026-06-16 14:21:00,NMB,paid_social,paid_social,NMB_US_Meta_Retargeting_2026Q2,Lead,
L-79522,2026-06-25 14:22:00,NMB,Google Ads,cpc,NMB_US_Search_Brand_2026Q2,Lead,
L-71807,2026-07-04 08:36:00,AUR,,,,Closed Won,1900
L-80832,2026-06-17 17:28:00,PKF,TikTok,paid_social,PKF_TikTok_Spark_2026Q2,Lead,
L-77526,2026-05-13 10:20:00,PKF,google,cpc,PKF_US_Search_Brand_2026Q2,Closed Won,3600
L-71484,2026-06-03 18:16:00,AUR,,,,Lead,
L-80194,2026-05-21 18:02:00,AUR,,,,Lead,
L-76727,2026-06-25 12:10:00,AUR,google,cpc,AUR_US_Search_Brand_2026Q2,MQL,
L-81958,2026-06-20 21:51:00,AUR,,,,Closed Won,2400
L-82415,2026-07-31 22:11:00,PKF,google,paid_social,(not set),MQL,
L-81320,2026-07-08 17:20:00,NMB,TikTok,paid_social,NMB_TikTok_Prospecting_2026Q2,Lead,
L-81785,2026-06-03 23:18:00,NMB,,,,Lead,
L-81027,2026-07-14 16:17:00,PKF,tiktok,paid_social,PKF_TikTok_Spark_2026Q2,Lead,
L-78996,2026-07-13 19:48:00,PKF,google,cpc,pkf|nonbrand|search|may26,MQL,
L-79283,2026-05-28 21:46:00,NMB,adwords,cpc,NMB_US_Search_Brand_2026Q2,Lead,
L-80614,2026-05-20 14:29:00,PKF,tiktok,paid_social,PKF_TikTok_Spark_2026Q2,SQL,
L-78421,2026-07-14 22:25:00,PKF,google,cpc,PKF_US_Search_Brand_2026Q2,MQL,
L-74118,2026-06-09 19:16:00,PKF,meta,paid_social,PKF_CA_Meta_Prospecting,Lead,
L-71825,2026-07-05 14:24:00,AUR,,,,Lead,
L-77466,2026-05-09 21:59:00,PKF,google,cpc,PKF_US_Search_Brand_2026Q2,SQL,
L-82318,2026-07-22 14:02:00,NMB,google,paid_social,(not set),Lead,
L-75666,2026-05-21 18:34:00,NMB,Facebook,paid_social,NMB_US_Meta_Retargeting_2026Q2,Lead,
L-70768,2026-07-09 08:37:00,AUR,,,,Lead,
L-77287,2026-07-06 17:16:00,AUR,Google Ads,cpc,AUR_EU_Search_NonBrand_2026Q2,Closed Won,8800
L-79773,2026-07-23 10:21:00,NMB,google,cpc,NMB_US_Search_Brand_2026Q2,SQL,
L-77300,2026-07-11 18:02:00,AUR,,,,Lead,
L-76990,2026-07-31 09:31:00,AUR,Google Ads,cpc,AUR_US_Search_Brand_2026Q2,SQL,
L-74387,2026-07-17 10:39:00,PKF,,,,Lead,
L-76430,2026-05-18 12:47:00,AUR,,,,Closed Won,1900
L-78024,2026-06-15 20:38:00,PKF,Google Ads,cpc,PKF_US_Search_Brand_2026Q2,SQL,
L-70764,2026-07-10 15:42:00,AUR,,,,Lead,
L-79270,2026-05-25 12:51:00,NMB,google,cpc,NMB_US_Search_Brand_2026Q2,Lead,
L-74778,2026-05-31 11:59:00,NMB,paid_social,paid_social,NMB_US_Meta_Prospecting_2026Q2,MQL,
L-77168,2026-06-07 14:42:00,AUR,google,cpc,AUR_EU_Search_NonBrand_2026Q2,Lead,
L-78249,2026-06-29 13:21:00,PKF,,,,SQL,
L-79539,2026-06-28 09:10:00,NMB,google,cpc,NMB_US_Search_Brand_2026Q2,Closed Won,2400
L-77128,2026-05-29 16:56:00,AUR,,,,Lead,
L-73317,2026-06-27 14:40:00,PKF,Facebook,paid_social,PKF_US_Meta_Conversions,Lead,
L-71683,2026-06-22 12:37:00,AUR,,,,MQL,
L-79144,2026-05-09 09:13:00,NMB,Google Ads,cpc,NMB_US_Search_Brand_2026Q2,MQL,
L-72376,2026-07-13 19:38:00,AUR,,,,SQL,
L-71786,2026-07-02 18:11:00,AUR,paid_social,paid_social,AUR_EU_Meta_Retargeting_2026Q2,Lead,
L-81231,2026-05-22 19:15:00,NMB,TikTok,paid_social,NMB_TikTok_Prospecting_2026Q2,Lead,
L-77738,2026-05-28 17:02:00,PKF,Google Ads,cpc,PKF_US_Search_Brand_2026Q2,Lead,
L-72350,2026-07-07 17:46:00,AUR,,,,Lead,
L-81901,2026-06-15 20:41:00,PKF,google,paid_social,(not set),Lead,
L-81199,2026-05-13 22:05:00,NMB,tiktok,paid_social,NMB_TikTok_Prospecting_2026Q2,Lead,
L-82385,2026-07-29 14:06:00,AUR,google,paid_social,(not set),Lead,
L-76819,2026-07-08 12:51:00,AUR,google,cpc,AUR_US_Search_Brand_2026Q2,Lead,
L-73351,2026-06-29 09:10:00,PKF,facebook,paid_social,PKF_US_Meta_Conversions,Lead,
L-74526,2026-05-08 19:07:00,NMB,paid_social,paid_social,NMB_US_Meta_Prospecting_2026Q2,MQL,
L-71759,2026-06-29 20:41:00,AUR,paid_social,paid_social,AUR_EU_Meta_Retargeting_2026Q2,Lead,
L-76190,2026-07-21 14:10:00,NMB,,,,MQL,
L-81377,2026-07-29 19:58:00,NMB,,,,MQL,
L-71116,2026-05-06 12:10:00,AUR,,,,MQL,
L-80636,2026-05-21 15:11:00,PKF,TikTok,paid_social,PKF_TikTok_Spark_2026Q2,MQL,
L-82364,2026-07-27 20:25:00,AUR,,,,MQL,
L-77405,2026-05-03 09:44:00,PKF,google,cpc,PKF_US_Search_Brand_2026Q2,Closed Won,2400
L-71479,2026-06-04 22:28:00,AUR,,,,Lead,
L-75264,2026-07-14 19:10:00,NMB,paid_social,paid_social,NMB_US_Meta_Prospecting_2026Q2,Lead,
L-76495,2026-05-25 21:50:00,AUR,,,,Lead,
L-72258,2026-06-11 22:03:00,AUR,,,,Lead,
L-73168,2026-06-18 18:58:00,PKF,facebook,paid_social,PKF_US_Meta_Conversions,Lead,
L-72119,2026-07-31 15:51:00,AUR,,,,Lead,
L-71043,2026-07-31 09:59:00,AUR,facebook,paid_social,AUR_US_Meta_Prospecting_2026Q2,Lead,
L-78703,2026-07-31 15:53:00,PKF,Google Ads,cpc,PKF_US_Search_Brand_2026Q2,Lead,
L-76720,2026-06-26 22:48:00,AUR,adwords,cpc,AUR_US_Search_Brand_2026Q2,SQL,
L-79104,2026-05-05 10:07:00,NMB,,,,MQL,
L-76475,2026-05-24 13:47:00,AUR,adwords,cpc,AUR_US_Search_Brand_2026Q2,MQL,
L-72360,2026-07-08 18:45:00,AUR,,,,Lead,
L-79986,2026-06-27 12:47:00,NMB,adwords,cpc,NMB_US_PMax_2026Q2,SQL,
L-70901,2026-07-20 20:21:00,AUR,,,,Lead,
L-79455,2026-06-18 20:32:00,NMB,Google Ads,cpc,NMB_US_Search_Brand_2026Q2,MQL,
L-80909,2026-06-28 09:10:00,PKF,TikTok,paid_social,PKF_TikTok_Spark_2026Q2,Lead,
L-79444,2026-06-14 11:22:00,NMB,google,cpc,NMB_US_Search_Brand_2026Q2,SQL,
L-76702,2026-06-25 11:04:00,AUR,google,cpc,AUR_US_Search_Brand_2026Q2,Lead,
L-71061,2026-05-02 10:43:00,AUR,fb,paid_social,AUR_EU_Meta_Retargeting_2026Q2,Lead,
L-82277,2026-07-19 23:29:00,AUR,,,,SQL,
L-78780,2026-05-19 13:08:00,PKF,google,cpc,pkf|nonbrand|search|may26,MQL,
L-73628,2026-07-14 08:22:00,PKF,,,,Closed Won,3600
L-74820,2026-06-04 18:49:00,NMB,Facebook,paid_social,NMB_US_Meta_Prospecting_2026Q2,Closed Won,1900
L-72565,2026-05-10 18:23:00,PKF,Facebook,paid_social,PKF_US_Meta_Conversions,MQL,
L-77943,2026-06-10 16:24:00,PKF,,,,Lead,
L-70551,2026-06-24 22:28:00,AUR,,,,MQL,
L-78151,2026-06-23 16:13:00,PKF,,,,SQL,
L-81699,2026-05-28 16:57:00,PKF,google,paid_social,(not set),Lead,
L-79495,2026-06-21 09:21:00,NMB,Google Ads,cpc,NMB_US_Search_Brand_2026Q2,Lead,
L-78305,2026-07-03 16:14:00,PKF,google,cpc,PKF_US_Search_Brand_2026Q2,MQL,
L-82211,2026-07-13 17:10:00,PKF,google,paid_social,(not set),Lead,
L-73717,2026-07-21 22:05:00,PKF,fb,paid_social,PKF_US_Meta_Conversions,Lead,
L-80280,2026-06-11 08:00:00,AUR,,,,Lead,
L-74368,2026-07-15 09:47:00,PKF,meta,paid_social,PKF_CA_Meta_Prospecting,Lead,
L-81599,2026-05-19 17:36:00,PKF,google,paid_social,(not set),MQL,
L-78231,2026-06-29 21:52:00,PKF,adwords,cpc,PKF_US_Search_Brand_2026Q2,Lead,
L-76452,2026-05-21 12:53:00,AUR,,,,Closed Won,2400
L-72309,2026-06-28 16:31:00,AUR,fb,paid_social,aurelia|prospecting|meta|may26,Closed Won,8800
L-75291,2026-07-17 16:06:00,NMB,paid_social,paid_social,NMB_US_Meta_Prospecting_2026Q2,Lead,
L-81720,2026-05-29 10:08:00,NMB,google,paid_social,(not set),SQL,
L-74992,2026-06-19 15:00:00,NMB,facebook,paid_social,NMB_US_Meta_Prospecting_2026Q2,Lead,
L-79783,2026-07-24 22:26:00,NMB,Google Ads,cpc,NMB_US_Search_Brand_2026Q2,MQL,
L-75179,2026-07-06 12:09:00,NMB,paid_social,paid_social,NMB_US_Meta_Prospecting_2026Q2,Lead,
L-74494,2026-05-06 09:04:00,NMB,meta,paid_social,NMB_US_Meta_Prospecting_2026Q2,Lead,
L-77293,2026-07-09 14:51:00,AUR,Google Ads,cpc,AUR_EU_Search_NonBrand_2026Q2,Lead,
L-81922,2026-06-17 23:15:00,AUR,,,,Lead,
L-73636,2026-07-17 10:02:00,PKF,fb,paid_social,PKF_US_Meta_Conversions,MQL,
L-80118,2026-07-31 22:57:00,PKF,google,cpc,PKF_US_Video_Test_C,Lead,
L-72294,2026-06-22 08:47:00,AUR,facebook,paid_social,aurelia|prospecting|meta|may26,Lead,
L-74263,2026-07-02 15:59:00,PKF,Facebook,paid_social,PKF_CA_Meta_Prospecting,Lead,
L-82214,2026-07-13 12:13:00,NMB,google,paid_social,(not set),MQL,
L-81449,2026-05-06 20:25:00,AUR,google,paid_social,(not set),MQL,
L-80514,2026-05-06 15:25:00,PKF,tiktok,paid_social,PKF_TikTok_Spark_2026Q2,Lead,
L-76432,2026-05-19 15:41:00,AUR,,,,Lead,
L-74285,2026-07-03 13:16:00,PKF,facebook,paid_social,PKF_CA_Meta_Prospecting,Lead,
L-82342,2026-07-24 21:52:00,PKF,google,paid_social,(not set),Lead,
L-71926,2026-07-14 14:24:00,AUR,paid_social,paid_social,AUR_EU_Meta_Retargeting_2026Q2,Lead,
L-78165,2026-06-25 22:09:00,PKF,google,cpc,PKF_US_Search_Brand_2026Q2,MQL,
L-82014,2026-06-25 20:45:00,AUR,google,paid_social,(not set),Lead,
L-79047,2026-07-24 08:58:00,PKF,Google Ads,cpc,pkf|nonbrand|search|may26,Lead,
L-78389,2026-07-11 18:49:00,PKF,Google Ads,cpc,PKF_US_Search_Brand_2026Q2,SQL,
L-75362,2026-07-23 19:35:00,NMB,Facebook,paid_social,NMB_US_Meta_Prospecting_2026Q2,MQL,
L-80613,2026-05-18 18:13:00,PKF,tiktok,paid_social,PKF_TikTok_Spark_2026Q2,Lead,
L-78297,2026-07-04 16:38:00,PKF,google,cpc,PKF_US_Search_Brand_2026Q2,Lead,
L-78624,2026-07-24 19:27:00,PKF,google,cpc,PKF_US_Search_Brand_2026Q2,Lead,
L-80728,2026-06-02 19:35:00,PKF,TikTok,paid_social,PKF_TikTok_Spark_2026Q2,Lead,
L-78342,2026-07-08 13:14:00,PKF,adwords,cpc,PKF_US_Search_Brand_2026Q2,SQL,
L-71966,2026-07-17 19:53:00,AUR,fb,paid_social,AUR_EU_Meta_Retargeting_2026Q2,Closed Won,2400
L-70959,2026-07-25 17:37:00,AUR,,,,Lead,
L-79635,2026-07-07 21:57:00,NMB,Google Ads,cpc,NMB_US_Search_Brand_2026Q2,Lead,
L-76477,2026-05-24 16:51:00,AUR,,,,Lead,
L-76675,2026-06-20 08:42:00,AUR,google,cpc,AUR_US_Search_Brand_2026Q2,Closed Won,8800
L-79217,2026-05-19 10:38:00,NMB,google,cpc,NMB_US_Search_Brand_2026Q2,Closed Won,5200
L-77576,2026-05-18 21:30:00,PKF,adwords,cpc,PKF_US_Search_Brand_2026Q2,Lead,
L-74402,2026-07-21 20:20:00,PKF,fb,paid_social,PKF_CA_Meta_Prospecting,Lead,
L-80642,2026-05-23 08:03:00,PKF,TikTok,paid_social,PKF_TikTok_Spark_2026Q2,Lead,
L-78952,2026-07-02 12:38:00,PKF,google,cpc,pkf|nonbrand|search|may26,Lead,
L-79255,2026-05-23 11:16:00,NMB,adwords,cpc,NMB_US_Search_Brand_2026Q2,Lead,
L-82391,2026-07-29 22:23:00,PKF,google,paid_social,(not set),Lead,
L-72515,2026-05-07 16:32:00,PKF,meta,paid_social,PKF_US_Meta_Conversions,Lead,
L-82356,2026-07-26 20:51:00,AUR,,,,Lead,
L-71007,2026-07-28 16:37:00,AUR,Facebook,paid_social,AUR_US_Meta_Prospecting_2026Q2,Lead,
L-72423,2026-07-29 08:17:00,AUR,,,,Lead,
L-72832,2026-05-25 16:08:00,PKF,paid_social,paid_social,PKF_US_Meta_Conversions,Lead,
L-73616,2026-07-15 16:01:00,PKF,fb,paid_social,PKF_US_Meta_Conversions,MQL,
L-72300,2026-06-26 11:04:00,AUR,,,,Lead,
L-73461,2026-07-05 19:17:00,PKF,facebook,paid_social,PKF_US_Meta_Conversions,Lead,
L-75803,2026-06-05 11:58:00,NMB,meta,paid_social,NMB_US_Meta_Retargeting_2026Q2,Lead,
L-78974,2026-07-05 22:37:00,PKF,Google Ads,cpc,pkf|nonbrand|search|may26,SQL,
L-80216,2026-05-27 22:11:00,AUR,,,,Closed Won,3600
L-78692,2026-07-31 21:34:00,PKF,adwords,cpc,PKF_US_Search_Brand_2026Q2,MQL,
L-81371,2026-07-23 08:55:00,NMB,tiktok,paid_social,NMB_TikTok_Prospecting_2026Q2,Lead,
L-78599,2026-07-24 09:06:00,PKF,google,cpc,PKF_US_Search_Brand_2026Q2,MQL,
L-76751,2026-06-29 09:04:00,AUR,Google Ads,cpc,AUR_US_Search_Brand_2026Q2,MQL,
L-78641,2026-07-25 15:38:00,PKF,google,cpc,PKF_US_Search_Brand_2026Q2,SQL,
L-80461,2026-07-24 16:24:00,AUR,,,,Lead,
L-73780,2026-07-25 12:01:00,PKF,,,,Lead,
L-70196,2026-05-21 09:43:00,AUR,facebook,paid_social,AUR_US_Meta_Prospecting_2026Q2,MQL,
L-81450,2026-05-06 12:19:00,AUR,,,,Lead,
L-80213,2026-05-28 11:55:00,AUR,,,,MQL,
L-77905,2026-06-10 18:45:00,PKF,Google Ads,cpc,PKF_US_Search_Brand_2026Q2,Lead,
L-76615,2026-06-11 19:09:00,AUR,adwords,cpc,AUR_US_Search_Brand_2026Q2,Lead,
L-71093,2026-05-05 10:22:00,AUR,,,,Lead,
L-70641,2026-06-30 14:03:00,AUR,Facebook,paid_social,AUR_US_Meta_Prospecting_2026Q2,Lead,
L-71443,2026-06-01 12:29:00,AUR,meta,paid_social,AUR_EU_Meta_Retargeting_2026Q2,Closed Won,1900
L-73876,2026-05-03 15:32:00,PKF,,,,MQL,
L-70050,2026-05-09 10:04:00,AUR,meta,paid_social,AUR_US_Meta_Prospecting_2026Q2,MQL,
L-76710,2026-06-24 11:50:00,AUR,adwords,cpc,AUR_US_Search_Brand_2026Q2,Lead,
L-73159,2026-06-16 18:58:00,PKF,paid_social,paid_social,PKF_US_Meta_Conversions,Lead,
L-78568,2026-07-23 08:15:00,PKF,google,cpc,PKF_US_Search_Brand_2026Q2,SQL,
L-70372,2026-06-10 19:01:00,AUR,paid_social,paid_social,AUR_US_Meta_Prospecting_2026Q2,MQL,
L-70814,2026-07-12 12:42:00,AUR,,,,MQL,
L-81919,2026-06-16 16:11:00,NMB,google,paid_social,(not set),Closed Won,5200
L-73203,2026-06-21 13:38:00,PKF,facebook,paid_social,PKF_US_Meta_Conversions,MQL,
L-82114,2026-07-04 23:45:00,PKF,google,paid_social,(not set),MQL,
L-78855,2026-06-05 15:43:00,PKF,google,cpc,pkf|nonbrand|search|may26,Lead,
L-76803,2026-07-05 17:56:00,AUR,google,cpc,AUR_US_Search_Brand_2026Q2,MQL,
L-75384,2026-07-22 21:27:00,NMB,meta,paid_social,NMB_US_Meta_Prospecting_2026Q2,MQL,
L-71962,2026-07-17 18:14:00,AUR,meta,paid_social,AUR_EU_Meta_Retargeting_2026Q2,Lead,
L-77844,2026-06-05 19:31:00,PKF,google,cpc,PKF_US_Search_Brand_2026Q2,MQL,
L-80249,2026-06-04 18:54:00,AUR,,,,Lead,
L-82400,2026-07-30 07:47:00,PKF,google,paid_social,(not set),Lead,
L-70664,2026-07-02 16:45:00,AUR,,,,Lead,
L-75350,2026-07-22 22:19:00,NMB,fb,paid_social,NMB_US_Meta_Prospecting_2026Q2,MQL,
L-76907,2026-07-18 08:55:00,AUR,google,cpc,AUR_US_Search_Brand_2026Q2,Lead,
L-80210,2026-05-27 10:25:00,AUR,TikTok,paid_social,AUR_TikTok_Prospecting_2026Q2,Lead,
L-77132,2026-05-31 11:52:00,AUR,adwords,cpc,AUR_EU_Search_NonBrand_2026Q2,MQL,
L-81157,2026-07-30 16:41:00,PKF,tiktok,paid_social,PKF_TikTok_Spark_2026Q2,Lead,
L-82198,2026-07-11 17:57:00,NMB,google,paid_social,(not set),Lead,
L-81195,2026-05-11 10:25:00,NMB,tiktok,paid_social,NMB_TikTok_Prospecting_2026Q2,SQL,
L-76953,2026-07-26 18:57:00,AUR,adwords,cpc,AUR_US_Search_Brand_2026Q2,Closed Won,8800
L-76163,2026-07-18 20:50:00,NMB,Facebook,paid_social,NMB_US_Meta_Retargeting_2026Q2,Lead,
L-76127,2026-07-13 19:14:00,NMB,fb,paid_social,NMB_US_Meta_Retargeting_2026Q2,Lead,
L-81892,2026-06-14 19:28:00,PKF,google,paid_social,(not set),Closed Won,1900
L-78193,2026-06-27 22:37:00,PKF,Google Ads,cpc,PKF_US_Search_Brand_2026Q2,Lead,
L-79211,2026-05-18 21:40:00,NMB,Google Ads,cpc,NMB_US_Search_Brand_2026Q2,Closed Won,5200
L-77782,2026-05-29 21:07:00,PKF,google,cpc,PKF_US_Search_Brand_2026Q2,Lead,
L-71686,2026-06-22 21:48:00,AUR,meta,paid_social,AUR_EU_Meta_Retargeting_2026Q2,MQL,
L-71942,2026-07-15 09:33:00,AUR,paid_social,paid_social,AUR_EU_Meta_Retargeting_2026Q2,Lead,
L-70721,2026-07-06 11:52:00,AUR,fb,paid_social,AUR_US_Meta_Prospecting_2026Q2,Lead,
L-72552,2026-05-09 11:16:00,PKF,facebook,paid_social,PKF_US_Meta_Conversions,SQL,
L-76740,2026-06-27 17:14:00,AUR,Google Ads,cpc,AUR_US_Search_Brand_2026Q2,SQL,
L-74246,2026-06-28 16:47:00,PKF,Facebook,paid_social,PKF_CA_Meta_Prospecting,Lead,
L-70784,2026-07-11 21:57:00,AUR,,,,MQL,
L-71525,2026-06-07 22:33:00,AUR,paid_social,paid_social,AUR_EU_Meta_Retargeting_2026Q2,Closed Won,5200
L-78341,2026-07-08 14:32:00,PKF,adwords,cpc,PKF_US_Search_Brand_2026Q2,MQL,
L-76400,2026-05-14 14:47:00,AUR,adwords,cpc,AUR_US_Search_Brand_2026Q2,Lead,
L-75831,2026-06-09 16:38:00,NMB,fb,paid_social,NMB_US_Meta_Retargeting_2026Q2,MQL,
L-82216,2026-07-13 10:17:00,NMB,google,paid_social,(not set),Lead,
L-82349,2026-07-25 21:11:00,PKF,google,paid_social,(not set),Lead,
L-76086,2026-07-09 10:21:00,NMB,,,,SQL,
L-74163,2026-06-17 15:30:00,PKF,meta,paid_social,PKF_CA_Meta_Prospecting,Lead,
L-73409,2026-07-01 11:50:00,PKF,fb,paid_social,PKF_US_Meta_Conversions,Lead,
L-74534,2026-05-08 15:48:00,NMB,facebook,paid_social,NMB_US_Meta_Prospecting_2026Q2,Lead,
L-73362,2026-06-29 16:56:00,PKF,meta,paid_social,PKF_US_Meta_Conversions,MQL,
L-81557,2026-05-15 15:06:00,PKF,google,paid_social,(not set),Lead,
L-79132,2026-05-09 16:09:00,NMB,,,,MQL,
L-76326,2026-05-05 09:02:00,AUR,,,,SQL,
L-79513,2026-06-25 13:06:00,NMB,Google Ads,cpc,NMB_US_Search_Brand_2026Q2,Lead,
L-80256,2026-06-06 11:56:00,AUR,,,,Lead,
L-71002,2026-07-28 16:57:00,AUR,facebook,paid_social,AUR_US_Meta_Prospecting_2026Q2,Lead,
L-81081,2026-07-20 08:31:00,PKF,TikTok,paid_social,PKF_TikTok_Spark_2026Q2,SQL,
L-80080,2026-06-20 10:07:00,AUR,,,,Lead,
L-76713,2026-06-26 20:26:00,AUR,,,,SQL,
L-75670,2026-05-20 16:20:00,NMB,meta,paid_social,NMB_US_Meta_Retargeting_2026Q2,Lead,
L-80573,2026-05-12 12:52:00,PKF,TikTok,paid_social,PKF_TikTok_Spark_2026Q2,MQL,
L-79041,2026-07-23 14:54:00,PKF,adwords,cpc,pkf|nonbrand|search|may26,SQL,
L-70690,2026-07-05 18:30:00,AUR,facebook,paid_social,AUR_US_Meta_Prospecting_2026Q2,Lead,
L-80406,2026-07-11 10:25:00,AUR,tiktok,paid_social,AUR_TikTok_Prospecting_2026Q2,Lead,
L-81859,2026-06-11 07:22:00,PKF,google,paid_social,(not set),Lead,
L-70147,2026-05-19 08:32:00,AUR,,,,Lead,
L-71397,2026-05-28 09:41:00,AUR,paid_social,paid_social,AUR_EU_Meta_Retargeting_2026Q2,Lead,
L-78184,2026-06-26 20:32:00,PKF,,,,SQL,
L-73871,2026-05-02 20:27:00,PKF,,,,MQL,
L-72466,2026-05-04 17:06:00,PKF,Facebook,paid_social,PKF_US_Meta_Conversions,Lead,
L-73080,2026-06-11 08:57:00,PKF,Facebook,paid_social,PKF_US_Meta_Conversions,Lead,
L-79920,2026-05-28 18:32:00,NMB,Google Ads,cpc,NMB_US_PMax_2026Q2,Lead,
L-76121,2026-07-14 08:28:00,NMB,fb,paid_social,NMB_US_Meta_Retargeting_2026Q2,Lead,
L-80049,2026-05-11 22:29:00,NMB,Google Ads,cpc,NMB_US_Video_Test_A,SQL,
L-70553,2026-06-25 21:03:00,AUR,meta,paid_social,AUR_US_Meta_Prospecting_2026Q2,Lead,
L-70790,2026-07-11 20:49:00,AUR,,,,Lead,
L-79547,2026-06-28 12:19:00,NMB,google,cpc,NMB_US_Search_Brand_2026Q2,MQL,
L-77774,2026-05-31 17:56:00,PKF,,,,SQL,
L-71912,2026-07-11 19:49:00,AUR,,,,MQL,
L-73968,2026-05-16 09:14:00,PKF,,,,MQL,
L-81235,2026-05-25 12:07:00,NMB,TikTok,paid_social,NMB_TikTok_Prospecting_2026Q2,Lead,
L-82267,2026-07-17 16:28:00,NMB,google,paid_social,(not set),SQL,
L-75427,2026-07-27 10:30:00,NMB,Facebook,paid_social,NMB_US_Meta_Prospecting_2026Q2,Lead,
L-81707,2026-05-28 20:03:00,NMB,google,paid_social,(not set),MQL,
L-76511,2026-05-27 10:06:00,AUR,,,,SQL,
L-70390,2026-06-10 19:11:00,AUR,,,,Lead,
L-82250,2026-07-16 10:34:00,PKF,google,paid_social,(not set),Lead,
L-78796,2026-05-24 19:27:00,PKF,Google Ads,cpc,pkf|nonbrand|search|may26,SQL,
L-80414,2026-07-11 17:37:00,AUR,tiktok,paid_social,AUR_TikTok_Prospecting_2026Q2,Lead,
L-79320,2026-06-02 08:42:00,NMB,google,cpc,NMB_US_Search_Brand_2026Q2,SQL,
L-75605,2026-05-13 18:41:00,NMB,meta,paid_social,NMB_US_Meta_Retargeting_2026Q2,Lead,
L-73979,2026-05-15 17:26:00,PKF,fb,paid_social,PKF_CA_Meta_Prospecting,Lead,
L-75456,2026-07-28 10:33:00,NMB,Facebook,paid_social,NMB_US_Meta_Prospecting_2026Q2,Lead,
L-72881,2026-05-29 21:53:00,PKF,fb,paid_social,PKF_US_Meta_Conversions,Lead,
L-72869,2026-05-29 20:15:00,PKF,meta,paid_social,PKF_US_Meta_Conversions,Lead,
L-78699,2026-07-29 19:29:00,PKF,adwords,cpc,PKF_US_Search_Brand_2026Q2,MQL,
L-77596,2026-05-19 19:57:00,PKF,google,cpc,PKF_US_Search_Brand_2026Q2,Lead,
L-71244,2026-05-16 09:13:00,AUR,fb,paid_social,AUR_EU_Meta_Retargeting_2026Q2,Lead,
L-81863,2026-06-11 09:29:00,PKF,google,paid_social,(not set),Lead,
L-71790,2026-07-01 15:07:00,AUR,paid_social,paid_social,AUR_EU_Meta_Retargeting_2026Q2,Lead,
L-81920,2026-06-17 12:09:00,AUR,google,paid_social,(not set),Lead,
L-80727,2026-06-02 12:47:00,PKF,TikTok,paid_social,PKF_TikTok_Spark_2026Q2,Lead,
L-79420,2026-06-11 10:18:00,NMB,google,cpc,NMB_US_Search_Brand_2026Q2,Lead,
L-76631,2026-06-16 10:46:00,AUR,,,,SQL,
L-70651,2026-07-01 14:35:00,AUR,Facebook,paid_social,AUR_US_Meta_Prospecting_2026Q2,SQL,
L-76789,2026-07-04 15:04:00,AUR,,,,Lead,
L-71081,2026-05-02 17:26:00,AUR,fb,paid_social,AUR_EU_Meta_Retargeting_2026Q2,Lead,
L-79948,2026-06-09 15:50:00,NMB,google,cpc,NMB_US_PMax_2026Q2,Lead,
L-81421,2026-05-04 17:41:00,PKF,,,,Lead,
L-82118,2026-07-04 09:51:00,NMB,google,paid_social,(not set),MQL,
L-74366,2026-07-17 21:38:00,PKF,fb,paid_social,PKF_CA_Meta_Prospecting,SQL,
L-73293,2026-06-25 17:28:00,PKF,fb,paid_social,PKF_US_Meta_Conversions,MQL,
L-74700,2026-05-23 18:17:00,NMB,Facebook,paid_social,NMB_US_Meta_Prospecting_2026Q2,Lead,
L-77991,2026-06-13 18:48:00,PKF,adwords,cpc,PKF_US_Search_Brand_2026Q2,Lead,
L-70991,2026-07-28 11:55:00,AUR,,,,MQL,
L-76273,2026-07-29 19:49:00,NMB,facebook,paid_social,NMB_US_Meta_Retargeting_2026Q2,MQL,
L-71687,2026-06-24 12:35:00,AUR,,,,Lead,
L-80953,2026-07-04 09:58:00,PKF,tiktok,paid_social,PKF_TikTok_Spark_2026Q2,Lead,
L-71308,2026-05-22 16:04:00,AUR,paid_social,paid_social,AUR_EU_Meta_Retargeting_2026Q2,Lead,
L-74404,2026-07-22 20:56:00,PKF,Facebook,paid_social,PKF_CA_Meta_Prospecting,MQL,
L-71136,2026-05-06 22:17:00,AUR,fb,paid_social,AUR_EU_Meta_Retargeting_2026Q2,Lead,
L-72504,2026-05-05 15:26:00,PKF,fb,paid_social,PKF_US_Meta_Conversions,Lead,
L-76668,2026-06-19 12:07:00,AUR,adwords,cpc,AUR_US_Search_Brand_2026Q2,Lead,
L-82086,2026-07-01 22:14:00,NMB,google,paid_social,(not set),Lead,
L-76920,2026-07-21 19:50:00,AUR,,,,MQL,
L-78424,2026-07-15 12:42:00,PKF,Google Ads,cpc,PKF_US_Search_Brand_2026Q2,SQL,
L-72418,2026-07-26 20:48:00,AUR,facebook,paid_social,aurelia|prospecting|meta|may26,MQL,
L-75562,2026-05-08 16:03:00,NMB,facebook,paid_social,NMB_US_Meta_Retargeting_2026Q2,Lead,
L-72827,2026-05-24 09:08:00,PKF,meta,paid_social,PKF_US_Meta_Conversions,Lead,
L-74668,2026-05-20 08:30:00,NMB,meta,paid_social,NMB_US_Meta_Prospecting_2026Q2,MQL,
L-78978,2026-07-08 19:07:00,PKF,adwords,cpc,pkf|nonbrand|search|may26,Lead,
L-77030,2026-05-07 08:31:00,AUR,adwords,cpc,AUR_EU_Search_NonBrand_2026Q2,SQL,
L-77029,2026-05-07 09:17:00,AUR,Google Ads,cpc,AUR_EU_Search_NonBrand_2026Q2,MQL,
L-77040,2026-05-12 10:05:00,AUR,adwords,cpc,AUR_EU_Search_NonBrand_2026Q2,Lead,
L-70538,2026-06-24 09:28:00,AUR,fb,paid_social,AUR_US_Meta_Prospecting_2026Q2,MQL,
L-76513,2026-05-27 09:54:00,AUR,,,,MQL,
L-73468,2026-07-06 16:43:00,PKF,Facebook,paid_social,PKF_US_Meta_Conversions,MQL,
L-71791,2026-07-02 14:31:00,AUR,meta,paid_social,AUR_EU_Meta_Retargeting_2026Q2,MQL,
L-70529,2026-06-22 19:26:00,AUR,fb,paid_social,AUR_US_Meta_Prospecting_2026Q2,Lead,
L-80826,2026-06-15 22:35:00,PKF,TikTok,paid_social,PKF_TikTok_Spark_2026Q2,Lead,
L-80341,2026-06-26 17:36:00,AUR,,,,Lead,
L-71037,2026-07-29 12:04:00,AUR,meta,paid_social,AUR_US_Meta_Prospecting_2026Q2,MQL,
L-77675,2026-05-24 17:50:00,PKF,Google Ads,cpc,PKF_US_Search_Brand_2026Q2,MQL,
L-80476,2026-07-27 19:44:00,AUR,tiktok,paid_social,AUR_TikTok_Prospecting_2026Q2,MQL,
L-77762,2026-05-29 21:11:00,PKF,google,cpc,PKF_US_Search_Brand_2026Q2,SQL,
L-70308,2026-06-02 22:07:00,AUR,,,,Lead,
L-71283,2026-05-20 22:20:00,AUR,,,,Lead,
L-81966,2026-06-21 21:24:00,AUR,,,,Lead,
L-76930,2026-07-22 08:16:00,AUR,,,,MQL,
L-81514,2026-05-12 23:22:00,PKF,google,paid_social,(not set),MQL,
L-71170,2026-05-10 18:19:00,AUR,fb,paid_social,AUR_EU_Meta_Retargeting_2026Q2,Lead,
L-80178,2026-05-18 15:58:00,AUR,,,,MQL,
L-77648,2026-05-22 08:03:00,PKF,adwords,cpc,PKF_US_Search_Brand_2026Q2,SQL,
L-81214,2026-05-16 08:54:00,NMB,TikTok,paid_social,NMB_TikTok_Prospecting_2026Q2,Lead,
L-75944,2026-06-26 19:58:00,NMB,meta,paid_social,NMB_US_Meta_Retargeting_2026Q2,Lead,
L-73775,2026-07-25 20:10:00,PKF,facebook,paid_social,PKF_US_Meta_Conversions,SQL,
L-78790,2026-05-21 20:37:00,PKF,google,cpc,pkf|nonbrand|search|may26,SQL,
L-79029,2026-07-20 16:24:00,PKF,Google Ads,cpc,pkf|nonbrand|search|may26,Closed Won,3600
L-80390,2026-07-08 14:52:00,AUR,,,,MQL,
L-79770,2026-07-21 21:35:00,NMB,Google Ads,cpc,NMB_US_Search_Brand_2026Q2,Lead,
L-70537,2026-06-24 15:59:00,AUR,,,,Lead,
L-71749,2026-06-28 13:32:00,AUR,fb,paid_social,AUR_EU_Meta_Retargeting_2026Q2,Lead,
L-74599,2026-05-14 17:38:00,NMB,paid_social,paid_social,NMB_US_Meta_Prospecting_2026Q2,Lead,
L-71565,2026-06-10 13:21:00,AUR,paid_social,paid_social,AUR_EU_Meta_Retargeting_2026Q2,MQL,
L-72387,2026-07-18 16:03:00,AUR,,,,MQL,
L-77529,2026-05-13 17:03:00,PKF,google,cpc,PKF_US_Search_Brand_2026Q2,Lead,
L-73237,2026-06-22 21:15:00,PKF,Facebook,paid_social,PKF_US_Meta_Conversions,Lead,
L-76050,2026-07-07 17:54:00,NMB,fb,paid_social,NMB_US_Meta_Retargeting_2026Q2,MQL,
L-79118,2026-05-07 12:19:00,NMB,adwords,cpc,NMB_US_Search_Brand_2026Q2,Lead,
L-77574,2026-05-16 15:53:00,PKF,google,cpc,PKF_US_Search_Brand_2026Q2,Lead,
L-74859,2026-06-06 19:07:00,NMB,facebook,paid_social,NMB_US_Meta_Prospecting_2026Q2,Lead,
L-78008,2026-06-16 09:46:00,PKF,google,cpc,PKF_US_Search_Brand_2026Q2,Lead,
L-71782,2026-07-01 19:59:00,AUR,Facebook,paid_social,AUR_EU_Meta_Retargeting_2026Q2,Lead,
L-75286,2026-07-15 16:40:00,NMB,fb,paid_social,NMB_US_Meta_Prospecting_2026Q2,MQL,
L-73484,2026-07-08 10:35:00,PKF,,,,Lead,
L-76089,2026-07-10 12:06:00,NMB,,,,MQL,
L-81236,2026-05-24 10:08:00,NMB,TikTok,paid_social,NMB_TikTok_Prospecting_2026Q2,Lead,
L-75223,2026-07-11 15:23:00,NMB,,,,MQL,
L-71511,2026-06-05 13:15:00,AUR,Facebook,paid_social,AUR_EU_Meta_Retargeting_2026Q2,MQL,
L-73864,2026-05-02 09:35:00,PKF,fb,paid_social,PKF_CA_Meta_Prospecting,Closed Won,1900
L-73631,2026-07-16 11:07:00,PKF,meta,paid_social,PKF_US_Meta_Conversions,Lead,
L-77118,2026-05-27 10:06:00,AUR,,,,SQL,
L-80664,2026-05-26 17:47:00,PKF,TikTok,paid_social,PKF_TikTok_Spark_2026Q2,Lead,
L-80433,2026-07-16 15:48:00,AUR,,,,Lead,
L-80851,2026-06-21 13:51:00,PKF,,,,Lead,
L-73108,2026-06-12 21:55:00,PKF,meta,paid_social,PKF_US_Meta_Conversions,Lead,
L-72492,2026-05-05 18:04:00,PKF,Facebook,paid_social,PKF_US_Meta_Conversions,Closed Won,5200
L-77220,2026-06-23 16:45:00,AUR,,,,Lead,
L-79715,2026-07-16 11:35:00,NMB,adwords,cpc,NMB_US_Search_Brand_2026Q2,Lead,
L-77971,2026-06-14 18:20:00,PKF,google,cpc,PKF_US_Search_Brand_2026Q2,Lead,
L-70595,2026-06-27 22:30:00,AUR,meta,paid_social,AUR_US_Meta_Prospecting_2026Q2,MQL,
L-76033,2026-07-03 09:25:00,NMB,meta,paid_social,NMB_US_Meta_Retargeting_2026Q2,Lead,
L-71336,2026-05-21 19:09:00,AUR,facebook,paid_social,AUR_EU_Meta_Retargeting_2026Q2,Lead,
L-76256,2026-07-29 16:51:00,NMB,meta,paid_social,NMB_US_Meta_Retargeting_2026Q2,Lead,
L-72368,2026-07-12 17:20:00,AUR,,,,Lead,
L-78368,2026-07-10 08:51:00,PKF,google,cpc,PKF_US_Search_Brand_2026Q2,Lead,
L-74514,2026-05-06 09:17:00,NMB,facebook,paid_social,NMB_US_Meta_Prospecting_2026Q2,MQL,
L-72957,2026-06-05 12:09:00,PKF,,,,MQL,
L-74815,2026-06-02 22:26:00,NMB,meta,paid_social,NMB_US_Meta_Prospecting_2026Q2,SQL,
L-77276,2026-07-04 15:47:00,AUR,,,,Closed Won,2400
L-72714,2026-05-18 22:02:00,PKF,,,,Lead,
L-79400,2026-06-10 17:00:00,NMB,Google Ads,cpc,NMB_US_Search_Brand_2026Q2,Lead,
L-71695,2026-06-25 12:35:00,AUR,fb,paid_social,AUR_EU_Meta_Retargeting_2026Q2,Lead,
L-70698,2026-07-05 11:34:00,AUR,,,,Lead,
L-77441,2026-05-06 22:58:00,PKF,google,cpc,PKF_US_Search_Brand_2026Q2,MQL,
L-81170,2026-05-01 17:29:00,NMB,tiktok,paid_social,NMB_TikTok_Prospecting_2026Q2,Lead,
L-78094,2026-06-21 22:49:00,PKF,google,cpc,PKF_US_Search_Brand_2026Q2,MQL,
L-73097,2026-06-13 13:47:00,PKF,meta,paid_social,PKF_US_Meta_Conversions,MQL,
L-73499,2026-07-08 20:05:00,PKF,,,,Lead,
L-80125,2026-05-01 15:53:00,AUR,,,,Lead,
L-74993,2026-06-18 21:28:00,NMB,paid_social,paid_social,NMB_US_Meta_Prospecting_2026Q2,Lead,
L-76231,2026-07-26 17:09:00,NMB,,,,MQL,
L-81760,2026-06-02 14:08:00,PKF,,,,Lead,
L-80652,2026-05-25 10:13:00,PKF,tiktok,paid_social,PKF_TikTok_Spark_2026Q2,Lead,
L-73002,2026-06-05 19:25:00,PKF,meta,paid_social,PKF_US_Meta_Conversions,MQL,
L-73174,2026-06-18 20:16:00,PKF,Facebook,paid_social,PKF_US_Meta_Conversions,Lead,
L-72251,2026-06-11 10:59:00,AUR,,,,Lead,
L-71590,2026-06-12 18:34:00,AUR,,,,Lead,
L-72524,2026-05-07 14:27:00,PKF,meta,paid_social,PKF_US_Meta_Conversions,Lead,
L-71999,2026-07-20 22:06:00,AUR,,,,Lead,
L-78966,2026-07-05 15:10:00,PKF,Google Ads,cpc,pkf|nonbrand|search|may26,Closed Won,3600
L-74745,2026-05-29 19:52:00,NMB,facebook,paid_social,NMB_US_Meta_Prospecting_2026Q2,Lead,
L-82379,2026-07-28 09:29:00,PKF,google,paid_social,(not set),MQL,
L-80425,2026-07-15 10:33:00,AUR,,,,Lead,
L-75468,2026-07-31 11:45:00,NMB,facebook,paid_social,NMB_US_Meta_Prospecting_2026Q2,Lead,
L-72768,2026-05-23 13:04:00,PKF,Facebook,paid_social,PKF_US_Meta_Conversions,Lead,
L-81060,2026-07-17 20:09:00,PKF,tiktok,paid_social,PKF_TikTok_Spark_2026Q2,Lead,
L-72631,2026-05-14 09:46:00,PKF,Facebook,paid_social,PKF_US_Meta_Conversions,Lead,
L-82270,2026-07-18 16:15:00,AUR,google,paid_social,(not set),Lead,
L-75198,2026-07-09 11:01:00,NMB,,,,Lead,
L-75217,2026-07-09 13:22:00,NMB,,,,Lead,
L-73662,2026-07-17 11:56:00,PKF,facebook,paid_social,PKF_US_Meta_Conversions,Lead,
L-75889,2026-06-18 10:49:00,NMB,Facebook,paid_social,NMB_US_Meta_Retargeting_2026Q2,Lead,
L-78329,2026-07-06 11:21:00,PKF,Google Ads,cpc,PKF_US_Search_Brand_2026Q2,Lead,
L-72947,2026-06-03 20:45:00,PKF,meta,paid_social,PKF_US_Meta_Conversions,Lead,
L-79765,2026-07-22 08:08:00,NMB,google,cpc,NMB_US_Search_Brand_2026Q2,MQL,
L-75915,2026-06-20 22:58:00,NMB,Facebook,paid_social,NMB_US_Meta_Retargeting_2026Q2,Lead,
L-71726,2026-06-28 20:55:00,AUR,,,,Lead,
L-79170,2026-05-14 12:28:00,NMB,google,cpc,NMB_US_Search_Brand_2026Q2,Lead,
L-80699,2026-05-31 13:09:00,PKF,TikTok,paid_social,PKF_TikTok_Spark_2026Q2,Closed Won,2400
L-73154,2026-06-17 18:43:00,PKF,fb,paid_social,PKF_US_Meta_Conversions,MQL,
L-76346,2026-05-06 21:50:00,AUR,google,cpc,AUR_US_Search_Brand_2026Q2,MQL,
L-70525,2026-06-21 12:57:00,AUR,,,,Lead,
L-73723,2026-07-21 14:37:00,PKF,meta,paid_social,PKF_US_Meta_Conversions,Lead,
L-70306,2026-06-03 12:05:00,AUR,facebook,paid_social,AUR_US_Meta_Prospecting_2026Q2,Lead,
L-76117,2026-07-14 12:55:00,NMB,paid_social,paid_social,NMB_US_Meta_Retargeting_2026Q2,Lead,
L-70233,2026-05-25 18:51:00,AUR,meta,paid_social,AUR_US_Meta_Prospecting_2026Q2,Lead,
L-74540,2026-05-09 17:22:00,NMB,,,,Lead,
L-78570,2026-07-22 19:09:00,PKF,,,,Lead,
L-71473,2026-06-03 10:03:00,AUR,paid_social,paid_social,AUR_EU_Meta_Retargeting_2026Q2,Lead,
L-74856,2026-06-07 11:55:00,NMB,fb,paid_social,NMB_US_Meta_Prospecting_2026Q2,SQL,
L-77007,2026-05-01 16:57:00,AUR,,,,Lead,
L-79819,2026-07-27 20:18:00,NMB,Google Ads,cpc,NMB_US_Search_Brand_2026Q2,Lead,
L-71146,2026-05-07 18:37:00,AUR,fb,paid_social,AUR_EU_Meta_Retargeting_2026Q2,Lead,
L-80923,2026-06-29 20:51:00,PKF,TikTok,paid_social,PKF_TikTok_Spark_2026Q2,Lead,
L-75973,2026-06-28 14:01:00,NMB,Facebook,paid_social,NMB_US_Meta_Retargeting_2026Q2,Lead,
L-81802,2026-06-05 14:30:00,PKF,google,paid_social,(not set),MQL,
L-76856,2026-07-12 13:49:00,AUR,adwords,cpc,AUR_US_Search_Brand_2026Q2,Lead,
L-79117,2026-05-05 08:06:00,NMB,Google Ads,cpc,NMB_US_Search_Brand_2026Q2,Lead,
L-73284,2026-06-24 17:38:00,PKF,Facebook,paid_social,PKF_US_Meta_Conversions,Lead,
L-71280,2026-05-19 18:13:00,AUR,,,,MQL,
L-77415,2026-05-05 22:55:00,PKF,Google Ads,cpc,PKF_US_Search_Brand_2026Q2,SQL,
L-74543,2026-05-09 15:53:00,NMB,fb,paid_social,NMB_US_Meta_Prospecting_2026Q2,Lead,
L-78783,2026-05-19 11:47:00,PKF,google,cpc,pkf|nonbrand|search|may26,MQL,
L-82360,2026-07-26 10:01:00,NMB,google,paid_social,(not set),MQL,
L-81063,2026-07-19 09:28:00,PKF,tiktok,paid_social,PKF_TikTok_Spark_2026Q2,Lead,
L-79993,2026-06-29 11:19:00,NMB,adwords,cpc,NMB_US_PMax_2026Q2,Lead,
L-80189,2026-05-20 11:59:00,AUR,TikTok,paid_social,AUR_TikTok_Prospecting_2026Q2,Lead,
L-76884,2026-07-15 18:39:00,AUR,,,,MQL,
L-77278,2026-07-04 19:05:00,AUR,,,,MQL,
L-81723,2026-05-30 14:16:00,AUR,google,paid_social,(not set),Lead,
L-78191,2026-06-28 21:43:00,PKF,google,cpc,PKF_US_Search_Brand_2026Q2,Lead,
L-81367,2026-07-24 10:41:00,NMB,tiktok,paid_social,NMB_TikTok_Prospecting_2026Q2,Lead,
L-71193,2026-05-12 16:02:00,AUR,meta,paid_social,AUR_EU_Meta_Retargeting_2026Q2,Lead,
L-80646,2026-05-23 18:33:00,PKF,TikTok,paid_social,PKF_TikTok_Spark_2026Q2,Lead,
L-73778,2026-07-26 17:56:00,PKF,Facebook,paid_social,PKF_US_Meta_Conversions,Lead,
L-78518,2026-07-19 20:36:00,PKF,adwords,cpc,PKF_US_Search_Brand_2026Q2,Lead,
L-77380,2026-05-03 12:00:00,PKF,adwords,cpc,PKF_US_Search_Brand_2026Q2,MQL,
L-80230,2026-05-31 19:18:00,AUR,,,,Lead,
L-80784,2026-06-11 17:51:00,PKF,,,,MQL,
L-71235,2026-05-14 11:20:00,AUR,fb,paid_social,AUR_EU_Meta_Retargeting_2026Q2,Lead,
L-77858,2026-06-07 08:07:00,PKF,adwords,cpc,PKF_US_Search_Brand_2026Q2,MQL,
L-81735,2026-05-31 21:54:00,AUR,,,,MQL,
L-78826,2026-05-30 20:52:00,PKF,google,cpc,pkf|nonbrand|search|may26,MQL,
L-80693,2026-05-30 12:47:00,PKF,TikTok,paid_social,PKF_TikTok_Spark_2026Q2,MQL,
L-76296,2026-05-02 22:21:00,NMB,paid_social,paid_social,Campaign #17 - old test,MQL,
L-81177,2026-05-05 19:29:00,NMB,tiktok,paid_social,NMB_TikTok_Prospecting_2026Q2,Lead,
L-76613,2026-06-12 17:04:00,AUR,,,,Closed Won,8800
L-77736,2026-05-27 19:30:00,PKF,Google Ads,cpc,PKF_US_Search_Brand_2026Q2,Lead,
L-75158,2026-07-04 17:08:00,NMB,paid_social,paid_social,NMB_US_Meta_Prospecting_2026Q2,Lead,
L-74295,2026-07-07 19:39:00,PKF,Facebook,paid_social,PKF_CA_Meta_Prospecting,Lead,
L-76138,2026-07-14 11:57:00,NMB,paid_social,paid_social,NMB_US_Meta_Retargeting_2026Q2,Lead,
L-77003,2026-07-31 08:04:00,AUR,,,,Lead,
L-76585,2026-06-08 12:56:00,AUR,,,,Closed Won,1900
L-72232,2026-06-03 18:39:00,AUR,fb,paid_social,aurelia|prospecting|meta|may26,SQL,
L-73065,2026-06-10 22:49:00,PKF,facebook,paid_social,PKF_US_Meta_Conversions,Closed Won,5200
L-74360,2026-07-16 10:35:00,PKF,facebook,paid_social,PKF_CA_Meta_Prospecting,MQL,
L-78741,2026-05-09 10:09:00,PKF,Google Ads,cpc,pkf|nonbrand|search|may26,SQL,
L-74818,2026-06-03 20:26:00,NMB,,,,Lead,
L-74325,2026-07-11 12:28:00,PKF,,,,SQL,
L-72284,2026-06-20 21:03:00,AUR,fb,paid_social,aurelia|prospecting|meta|may26,Lead,
L-76238,2026-07-27 17:09:00,NMB,,,,Lead,
L-79937,2026-06-02 11:35:00,NMB,,,,MQL,
L-77250,2026-06-29 12:58:00,AUR,google,cpc,AUR_EU_Search_NonBrand_2026Q2,Lead,
L-74093,2026-06-04 20:04:00,PKF,Facebook,paid_social,PKF_CA_Meta_Prospecting,Lead,
L-75064,2026-06-24 12:41:00,NMB,meta,paid_social,NMB_US_Meta_Prospecting_2026Q2,Lead,
L-75052,2026-06-23 13:43:00,NMB,facebook,paid_social,NMB_US_Meta_Prospecting_2026Q2,Lead,
L-72754,2026-05-21 17:25:00,PKF,Facebook,paid_social,PKF_US_Meta_Conversions,MQL,
L-72357,2026-07-10 11:43:00,AUR,,,,Lead,
L-77341,2026-07-22 12:19:00,AUR,Google Ads,cpc,AUR_EU_Search_NonBrand_2026Q2,Lead,
L-78735,2026-05-06 15:38:00,PKF,Google Ads,cpc,pkf|nonbrand|search|may26,MQL,
L-77626,2026-05-21 16:21:00,PKF,Google Ads,cpc,PKF_US_Search_Brand_2026Q2,SQL,
L-79526,2026-06-24 13:17:00,NMB,adwords,cpc,NMB_US_Search_Brand_2026Q2,Lead,
L-76056,2026-07-06 08:04:00,NMB,Facebook,paid_social,NMB_US_Meta_Retargeting_2026Q2,Lead,
L-73140,2026-06-15 22:34:00,PKF,paid_social,paid_social,PKF_US_Meta_Conversions,SQL,
L-70461,2026-06-18 17:43:00,AUR,,,,Lead,
L-80484,2026-07-30 18:47:00,AUR,TikTok,paid_social,AUR_TikTok_Prospecting_2026Q2,Lead,
L-81519,2026-05-12 23:05:00,NMB,,,,Lead,
L-74488,2026-05-05 20:50:00,NMB,paid_social,paid_social,NMB_US_Meta_Prospecting_2026Q2,Lead,
L-80106,2026-06-17 15:43:00,PKF,google,cpc,PKF_US_Video_Test_C,MQL,
L-72601,2026-05-11 11:55:00,PKF,facebook,paid_social,PKF_US_Meta_Conversions,MQL,
L-73493,2026-07-06 16:58:00,PKF,facebook,paid_social,PKF_US_Meta_Conversions,Lead,
L-77976,2026-06-13 18:54:00,PKF,adwords,cpc,PKF_US_Search_Brand_2026Q2,Lead,
L-70596,2026-06-28 13:30:00,AUR,Facebook,paid_social,AUR_US_Meta_Prospecting_2026Q2,Lead,
L-71434,2026-05-29 20:35:00,AUR,fb,paid_social,AUR_EU_Meta_Retargeting_2026Q2,Lead,
L-73046,2026-06-10 21:09:00,PKF,Facebook,paid_social,PKF_US_Meta_Conversions,Lead,
L-77374,2026-07-31 13:54:00,AUR,adwords,cpc,AUR_EU_Search_NonBrand_2026Q2,MQL,
L-79938,2026-06-02 18:16:00,NMB,Google Ads,cpc,NMB_US_PMax_2026Q2,Lead,
L-81577,2026-05-17 17:04:00,PKF,google,paid_social,(not set),Lead,
L-79830,2026-07-27 16:12:00,NMB,adwords,cpc,NMB_US_Search_Brand_2026Q2,Lead,
L-70862,2026-07-17 22:07:00,AUR,,,,Lead,
L-74537,2026-05-07 15:16:00,NMB,facebook,paid_social,NMB_US_Meta_Prospecting_2026Q2,Lead,
L-78304,2026-07-05 16:38:00,PKF,Google Ads,cpc,PKF_US_Search_Brand_2026Q2,Lead,
L-74426,2026-07-26 21:51:00,PKF,fb,paid_social,PKF_CA_Meta_Prospecting,Lead,
L-72450,2026-05-03 11:20:00,PKF,facebook,paid_social,PKF_US_Meta_Conversions,Lead,
L-79543,2026-06-28 19:26:00,NMB,google,cpc,NMB_US_Search_Brand_2026Q2,MQL,
L-74351,2026-07-14 10:48:00,PKF,Facebook,paid_social,PKF_CA_Meta_Prospecting,SQL,
L-79466,2026-06-20 19:42:00,NMB,google,cpc,NMB_US_Search_Brand_2026Q2,Lead,
L-79377,2026-06-05 18:01:00,NMB,,,,MQL,
L-79256,2026-05-22 22:05:00,NMB,google,cpc,NMB_US_Search_Brand_2026Q2,MQL,
L-71938,2026-07-16 17:32:00,AUR,,,,Lead,
L-82005,2026-06-24 15:20:00,PKF,google,paid_social,(not set),Lead,
L-79860,2026-07-29 16:59:00,NMB,Google Ads,cpc,NMB_US_Search_Brand_2026Q2,MQL,
L-72656,2026-05-16 15:45:00,PKF,fb,paid_social,PKF_US_Meta_Conversions,Lead,
L-77425,2026-05-04 13:39:00,PKF,google,cpc,PKF_US_Search_Brand_2026Q2,Lead,
L-81070,2026-07-19 22:13:00,PKF,tiktok,paid_social,PKF_TikTok_Spark_2026Q2,Lead,
L-71142,2026-05-08 08:58:00,AUR,,,,Lead,
L-73366,2026-06-30 12:13:00,PKF,fb,paid_social,PKF_US_Meta_Conversions,Lead,
L-77302,2026-07-13 15:10:00,AUR,,,,MQL,
L-72819,2026-05-23 10:40:00,PKF,Facebook,paid_social,PKF_US_Meta_Conversions,Lead,
L-70979,2026-07-24 17:53:00,AUR,Facebook,paid_social,AUR_US_Meta_Prospecting_2026Q2,MQL,
L-74516,2026-05-06 14:09:00,NMB,Facebook,paid_social,NMB_US_Meta_Prospecting_2026Q2,Lead,
L-80819,2026-06-13 08:18:00,PKF,tiktok,paid_social,PKF_TikTok_Spark_2026Q2,Lead,
L-76608,2026-06-12 19:14:00,AUR,,,,Lead,
L-81159,2026-07-31 19:34:00,PKF,TikTok,paid_social,PKF_TikTok_Spark_2026Q2,Lead,
L-77159,2026-06-04 09:21:00,AUR,google,cpc,AUR_EU_Search_NonBrand_2026Q2,Lead,
L-74049,2026-05-26 19:28:00,PKF,paid_social,paid_social,PKF_CA_Meta_Prospecting,Lead,
L-80326,2026-06-21 09:51:00,AUR,tiktok,paid_social,AUR_TikTok_Prospecting_2026Q2,Lead,
L-74736,2026-05-28 09:15:00,NMB,fb,paid_social,NMB_US_Meta_Prospecting_2026Q2,MQL,
L-82016,2026-06-25 12:43:00,PKF,google,paid_social,(not set),Lead,
L-74995,2026-06-19 21:30:00,NMB,,,,Lead,
L-75723,2026-05-29 10:51:00,NMB,meta,paid_social,NMB_US_Meta_Retargeting_2026Q2,Lead,
L-80411,2026-07-12 15:37:00,AUR,,,,SQL,
L-70244,2026-05-27 16:41:00,AUR,,,,MQL,
L-73416,2026-07-03 19:44:00,PKF,,,,Lead,
L-76731,2026-06-26 18:31:00,AUR,google,cpc,AUR_US_Search_Brand_2026Q2,Lead,
L-75519,2026-05-05 22:01:00,NMB,meta,paid_social,NMB_US_Meta_Retargeting_2026Q2,Lead,
L-71034,2026-07-31 19:44:00,AUR,Facebook,paid_social,AUR_US_Meta_Prospecting_2026Q2,MQL,
L-82362,2026-07-26 12:35:00,NMB,,,,Lead,
L-82159,2026-07-08 11:44:00,AUR,google,paid_social,(not set),MQL,
L-79545,2026-06-27 10:10:00,NMB,google,cpc,NMB_US_Search_Brand_2026Q2,Lead,
L-74640,2026-05-18 11:41:00,NMB,fb,paid_social,NMB_US_Meta_Prospecting_2026Q2,Lead,
L-74259,2026-06-30 16:33:00,PKF,facebook,paid_social,PKF_CA_Meta_Prospecting,Lead,
L-73872,2026-05-04 17:30:00,PKF,fb,paid_social,PKF_CA_Meta_Prospecting,Lead,
L-77743,2026-05-26 19:11:00,PKF,google,cpc,PKF_US_Search_Brand_2026Q2,Lead,
L-75055,2026-06-24 08:32:00,NMB,,,,Lead,
L-71435,2026-05-31 20:53:00,AUR,,,,MQL,
L-77693,2026-05-26 10:40:00,PKF,google,cpc,PKF_US_Search_Brand_2026Q2,MQL,
L-82153,2026-07-07 07:07:00,PKF,google,paid_social,(not set),Lead,
L-75063,2026-06-24 08:50:00,NMB,,,,Lead,
L-75126,2026-07-01 08:21:00,NMB,fb,paid_social,NMB_US_Meta_Prospecting_2026Q2,Lead,
L-75576,2026-05-11 13:54:00,NMB,,,,Lead,
L-74880,2026-06-08 20:38:00,NMB,Facebook,paid_social,NMB_US_Meta_Prospecting_2026Q2,Lead,
L-79167,2026-05-13 15:21:00,NMB,adwords,cpc,NMB_US_Search_Brand_2026Q2,Lead,
L-81374,2026-07-27 22:45:00,NMB,TikTok,paid_social,NMB_TikTok_Prospecting_2026Q2,Lead,
L-70633,2026-06-29 10:21:00,AUR,meta,paid_social,AUR_US_Meta_Prospecting_2026Q2,Lead,
L-73718,2026-07-21 17:51:00,PKF,paid_social,paid_social,PKF_US_Meta_Conversions,MQL,
L-77896,2026-06-10 12:12:00,PKF,,,,Lead,
L-76945,2026-07-23 22:57:00,AUR,adwords,cpc,AUR_US_Search_Brand_2026Q2,SQL,
L-81003,2026-07-09 08:50:00,PKF,TikTok,paid_social,PKF_TikTok_Spark_2026Q2,Lead,
L-76298,2026-06-12 12:04:00,NMB,facebook,paid_social,Campaign #17 - old test,MQL,
L-82065,2026-06-30 23:18:00,AUR,,,,Lead,
L-77551,2026-05-14 15:58:00,PKF,adwords,cpc,PKF_US_Search_Brand_2026Q2,MQL,
L-70502,2026-06-20 09:13:00,AUR,paid_social,paid_social,AUR_US_Meta_Prospecting_2026Q2,Lead,
L-79998,2026-06-30 10:42:00,NMB,Google Ads,cpc,NMB_US_PMax_2026Q2,Lead,
L-77984,2026-06-14 13:56:00,PKF,adwords,cpc,PKF_US_Search_Brand_2026Q2,Closed Won,2400
L-79479,2026-06-19 17:00:00,NMB,adwords,cpc,NMB_US_Search_Brand_2026Q2,Lead,
L-71167,2026-05-08 18:54:00,AUR,fb,paid_social,AUR_EU_Meta_Retargeting_2026Q2,Lead,
L-78614,2026-07-26 08:29:00,PKF,google,cpc,PKF_US_Search_Brand_2026Q2,MQL,
L-71188,2026-05-11 12:07:00,AUR,,,,Lead,
L-78723,2026-05-05 19:46:00,PKF,adwords,cpc,pkf|nonbrand|search|may26,SQL,
L-81468,2026-05-07 09:41:00,NMB,,,,MQL,
L-77420,2026-05-05 22:44:00,PKF,google,cpc,PKF_US_Search_Brand_2026Q2,Lead,
L-78900,2026-06-18 18:52:00,PKF,google,cpc,pkf|nonbrand|search|may26,MQL,
L-73220,2026-06-20 21:20:00,PKF,paid_social,paid_social,PKF_US_Meta_Conversions,Lead,
L-77037,2026-05-11 09:18:00,AUR,Google Ads,cpc,AUR_EU_Search_NonBrand_2026Q2,Lead,
L-70216,2026-05-23 08:25:00,AUR,Facebook,paid_social,AUR_US_Meta_Prospecting_2026Q2,Lead,
L-77225,2026-06-24 15:25:00,AUR,google,cpc,AUR_EU_Search_NonBrand_2026Q2,Lead,
L-77388,2026-05-01 15:56:00,PKF,,,,MQL,
L-74164,2026-06-15 17:20:00,PKF,paid_social,paid_social,PKF_CA_Meta_Prospecting,MQL,
L-77772,2026-05-30 13:45:00,PKF,google,cpc,PKF_US_Search_Brand_2026Q2,Lead,
L-76438,2026-05-19 17:12:00,AUR,,,,Lead,
L-77995,2026-06-15 18:38:00,PKF,google,cpc,PKF_US_Search_Brand_2026Q2,Lead,
L-74431,2026-07-26 09:13:00,PKF,Facebook,paid_social,PKF_CA_Meta_Prospecting,Lead,
L-75754,2026-05-31 20:05:00,NMB,fb,paid_social,NMB_US_Meta_Retargeting_2026Q2,Lead,
L-75006,2026-06-18 15:34:00,NMB,meta,paid_social,NMB_US_Meta_Prospecting_2026Q2,Lead,
L-77947,2026-06-11 13:04:00,PKF,google,cpc,PKF_US_Search_Brand_2026Q2,MQL,
L-72365,2026-07-11 08:04:00,AUR,,,,Lead,
L-71495,2026-06-07 16:09:00,AUR,,,,SQL,
L-70183,2026-05-20 15:37:00,AUR,,,,MQL,
L-72544,2026-05-09 10:15:00,PKF,meta,paid_social,PKF_US_Meta_Conversions,Lead,
L-81470,2026-05-08 21:06:00,AUR,,,,Lead,
L-79787,2026-07-23 22:02:00,NMB,,,,MQL,
L-73309,2026-06-26 20:12:00,PKF,meta,paid_social,PKF_US_Meta_Conversions,MQL,
L-71480,2026-06-05 12:30:00,AUR,,,,SQL,
L-78632,2026-07-25 15:45:00,PKF,google,cpc,PKF_US_Search_Brand_2026Q2,Lead,
L-74159,2026-06-17 13:26:00,PKF,Facebook,paid_social,PKF_CA_Meta_Prospecting,Lead,
L-78271,2026-07-01 10:48:00,PKF,google,cpc,PKF_US_Search_Brand_2026Q2,MQL,
L-79844,2026-07-28 13:05:00,NMB,adwords,cpc,NMB_US_Search_Brand_2026Q2,Closed Won,2400
L-73719,2026-07-21 12:20:00,PKF,paid_social,paid_social,PKF_US_Meta_Conversions,Lead,
L-73577,2026-07-13 11:19:00,PKF,Facebook,paid_social,PKF_US_Meta_Conversions,MQL,
L-75282,2026-07-16 08:31:00,NMB,Facebook,paid_social,NMB_US_Meta_Prospecting_2026Q2,Lead,
L-75634,2026-05-16 18:11:00,NMB,Facebook,paid_social,NMB_US_Meta_Retargeting_2026Q2,Lead,
L-71690,2026-06-22 10:34:00,AUR,,,,Lead,
L-78836,2026-05-31 09:16:00,PKF,adwords,cpc,pkf|nonbrand|search|may26,MQL,
L-74346,2026-07-13 20:35:00,PKF,facebook,paid_social,PKF_CA_Meta_Prospecting,Lead,
L-73101,2026-06-13 13:10:00,PKF,paid_social,paid_social,PKF_US_Meta_Conversions,Lead,
L-74388,2026-07-19 17:27:00,PKF,meta,paid_social,PKF_CA_Meta_Prospecting,MQL,
L-73053,2026-06-10 11:14:00,PKF,fb,paid_social,PKF_US_Meta_Conversions,MQL,
L-80566,2026-05-13 12:47:00,PKF,tiktok,paid_social,PKF_TikTok_Spark_2026Q2,Lead,
L-71900,2026-07-10 09:28:00,AUR,,,,MQL,
L-70199,2026-05-22 12:47:00,AUR,facebook,paid_social,AUR_US_Meta_Prospecting_2026Q2,Lead,
L-72534,2026-05-07 16:34:00,PKF,Facebook,paid_social,PKF_US_Meta_Conversions,MQL,
L-77979,2026-06-13 09:06:00,PKF,google,cpc,PKF_US_Search_Brand_2026Q2,Lead,
L-71351,2026-05-24 14:35:00,AUR,Facebook,paid_social,AUR_EU_Meta_Retargeting_2026Q2,Lead,
L-74106,2026-06-05 11:04:00,PKF,,,,Lead,
L-71538,2026-06-08 08:29:00,AUR,fb,paid_social,AUR_EU_Meta_Retargeting_2026Q2,Lead,
L-78714,2026-05-04 16:38:00,PKF,,,,Lead,
L-80486,2026-07-30 10:18:00,AUR,TikTok,paid_social,AUR_TikTok_Prospecting_2026Q2,MQL,
L-76373,2026-05-13 13:51:00,AUR,google,cpc,AUR_US_Search_Brand_2026Q2,Lead,
L-78090,2026-06-20 20:34:00,PKF,google,cpc,PKF_US_Search_Brand_2026Q2,Lead,
L-75700,2026-05-25 13:38:00,NMB,paid_social,paid_social,NMB_US_Meta_Retargeting_2026Q2,MQL,
L-72760,2026-05-22 20:14:00,PKF,facebook,paid_social,PKF_US_Meta_Conversions,Lead,
L-76818,2026-07-07 09:03:00,AUR,google,cpc,AUR_US_Search_Brand_2026Q2,Closed Won,5200
L-77714,2026-05-27 19:05:00,PKF,Google Ads,cpc,PKF_US_Search_Brand_2026Q2,Lead,
L-75860,2026-06-14 16:46:00,NMB,Facebook,paid_social,NMB_US_Meta_Retargeting_2026Q2,Lead,
L-71799,2026-07-02 16:23:00,AUR,paid_social,paid_social,AUR_EU_Meta_Retargeting_2026Q2,SQL,
L-80600,2026-05-17 19:56:00,PKF,tiktok,paid_social,PKF_TikTok_Spark_2026Q2,Lead,
L-77968,2026-06-12 21:47:00,PKF,google,cpc,PKF_US_Search_Brand_2026Q2,Lead,
L-76589,2026-06-08 19:35:00,AUR,adwords,cpc,AUR_US_Search_Brand_2026Q2,Lead,
L-72630,2026-05-13 12:36:00,PKF,fb,paid_social,PKF_US_Meta_Conversions,Lead,
L-80853,2026-06-19 08:16:00,PKF,,,,MQL,
L-76943,2026-07-24 09:18:00,AUR,,,,Lead,
L-70447,2026-06-16 11:46:00,AUR,,,,MQL,
L-73897,2026-05-05 19:30:00,PKF,,,,Lead,
L-73625,2026-07-14 17:30:00,PKF,paid_social,paid_social,PKF_US_Meta_Conversions,Lead,
L-79717,2026-07-17 11:23:00,NMB,google,cpc,NMB_US_Search_Brand_2026Q2,Lead,
L-81302,2026-06-27 18:01:00,NMB,tiktok,paid_social,NMB_TikTok_Prospecting_2026Q2,MQL,
L-74288,2026-07-03 09:57:00,PKF,fb,paid_social,PKF_CA_Meta_Prospecting,Lead,
L-70810,2026-07-13 16:16:00,AUR,Facebook,paid_social,AUR_US_Meta_Prospecting_2026Q2,Lead,
L-78871,2026-06-09 22:23:00,PKF,adwords,cpc,pkf|nonbrand|search|may26,SQL,
L-70781,2026-07-11 14:14:00,AUR,,,,Lead,
L-76541,2026-06-02 18:43:00,AUR,google,cpc,AUR_US_Search_Brand_2026Q2,Lead,
L-81009,2026-07-12 09:37:00,PKF,TikTok,paid_social,PKF_TikTok_Spark_2026Q2,Lead,
L-81434,2026-05-05 21:04:00,AUR,google,paid_social,(not set),Lead,
L-77993,2026-06-13 16:35:00,PKF,adwords,cpc,PKF_US_Search_Brand_2026Q2,Lead,
L-82382,2026-07-28 15:00:00,NMB,google,paid_social,(not set),Closed Won,1900
L-73253,2026-06-22 15:29:00,PKF,fb,paid_social,PKF_US_Meta_Conversions,Lead,
L-78126,2026-06-23 19:07:00,PKF,google,cpc,PKF_US_Search_Brand_2026Q2,Lead,
L-82295,2026-07-20 15:41:00,NMB,google,paid_social,(not set),MQL,
L-76137,2026-07-15 17:27:00,NMB,fb,paid_social,NMB_US_Meta_Retargeting_2026Q2,Lead,
L-76948,2026-07-24 20:26:00,AUR,,,,Lead,
L-75267,2026-07-14 17:49:00,NMB,paid_social,paid_social,NMB_US_Meta_Prospecting_2026Q2,Lead,
L-71194,2026-05-13 17:31:00,AUR,,,,MQL,
L-80880,2026-06-25 12:46:00,PKF,TikTok,paid_social,PKF_TikTok_Spark_2026Q2,Closed Won,8800
L-81705,2026-05-28 16:26:00,PKF,google,paid_social,(not set),MQL,
L-71803,2026-07-02 20:51:00,AUR,fb,paid_social,AUR_EU_Meta_Retargeting_2026Q2,Lead,
L-73760,2026-07-25 20:13:00,PKF,paid_social,paid_social,PKF_US_Meta_Conversions,Lead,
L-78811,2026-05-28 19:22:00,PKF,adwords,cpc,pkf|nonbrand|search|may26,Lead,
L-77296,2026-07-10 15:06:00,AUR,,,,MQL,
L-70419,2026-06-12 11:53:00,AUR,paid_social,paid_social,AUR_US_Meta_Prospecting_2026Q2,Lead,
L-72383,2026-07-15 13:17:00,AUR,,,,Lead,
L-81238,2026-05-26 12:11:00,NMB,,,,MQL,
L-75245,2026-07-12 21:01:00,NMB,fb,paid_social,NMB_US_Meta_Prospecting_2026Q2,Lead,
L-72788,2026-05-21 12:56:00,PKF,meta,paid_social,PKF_US_Meta_Conversions,Lead,
L-79640,2026-07-09 09:58:00,NMB,google,cpc,NMB_US_Search_Brand_2026Q2,Lead,
L-70545,2026-06-23 20:41:00,AUR,meta,paid_social,AUR_US_Meta_Prospecting_2026Q2,Lead,
L-80872,2026-06-25 16:28:00,PKF,tiktok,paid_social,PKF_TikTok_Spark_2026Q2,MQL,
L-78027,2026-06-16 22:56:00,PKF,Google Ads,cpc,PKF_US_Search_Brand_2026Q2,Lead,
L-73841,2026-07-31 17:15:00,PKF,fb,paid_social,PKF_US_Meta_Conversions,Lead,
L-73664,2026-07-17 19:42:00,PKF,paid_social,paid_social,PKF_US_Meta_Conversions,MQL,
L-80869,2026-06-24 22:45:00,PKF,TikTok,paid_social,PKF_TikTok_Spark_2026Q2,MQL,
L-75243,2026-07-12 17:30:00,NMB,fb,paid_social,NMB_US_Meta_Prospecting_2026Q2,Lead,
L-71893,2026-07-12 12:32:00,AUR,,,,MQL,
L-75823,2026-06-10 10:42:00,NMB,Facebook,paid_social,NMB_US_Meta_Retargeting_2026Q2,Lead,
L-74936,2026-06-14 19:17:00,NMB,paid_social,paid_social,NMB_US_Meta_Prospecting_2026Q2,MQL,
L-70804,2026-07-13 13:06:00,AUR,Facebook,paid_social,AUR_US_Meta_Prospecting_2026Q2,MQL,
L-81112,2026-07-23 08:43:00,PKF,,,,Lead,
L-74638,2026-05-18 20:12:00,NMB,fb,paid_social,NMB_US_Meta_Prospecting_2026Q2,Lead,
L-81532,2026-05-13 17:32:00,NMB,google,paid_social,(not set),Lead,
L-80565,2026-05-12 10:44:00,PKF,TikTok,paid_social,PKF_TikTok_Spark_2026Q2,MQL,
L-77452,2026-05-06 12:15:00,PKF,Google Ads,cpc,PKF_US_Search_Brand_2026Q2,Lead,
L-70476,2026-06-19 18:49:00,AUR,,,,Lead,
L-75834,2026-06-09 13:31:00,NMB,fb,paid_social,NMB_US_Meta_Retargeting_2026Q2,Lead,
L-81459,2026-05-07 10:27:00,AUR,,,,SQL,
L-81134,2026-07-28 13:34:00,PKF,TikTok,paid_social,PKF_TikTok_Spark_2026Q2,Lead,
L-79151,2026-05-11 19:40:00,NMB,google,cpc,NMB_US_Search_Brand_2026Q2,Lead,
L-74428,2026-07-24 20:52:00,PKF,paid_social,paid_social,PKF_CA_Meta_Prospecting,Lead,
L-71554,2026-06-11 22:59:00,AUR,Facebook,paid_social,AUR_EU_Meta_Retargeting_2026Q2,Lead,
L-80739,2026-06-04 20:52:00,PKF,tiktok,paid_social,PKF_TikTok_Spark_2026Q2,Lead,
L-76552,2026-06-04 11:05:00,AUR,,,,Lead,
L-80150,2026-05-10 15:53:00,AUR,,,,Lead,
L-78459,2026-07-16 16:51:00,PKF,adwords,cpc,PKF_US_Search_Brand_2026Q2,SQL,
L-76542,2026-06-02 12:51:00,AUR,,,,Lead,
L-72270,2026-06-14 08:35:00,AUR,,,,Lead,
L-71994,2026-07-19 14:23:00,AUR,Facebook,paid_social,AUR_EU_Meta_Retargeting_2026Q2,Lead,
L-70535,2026-06-22 09:05:00,AUR,fb,paid_social,AUR_US_Meta_Prospecting_2026Q2,Lead,
L-77012,2026-05-03 11:58:00,AUR,,,,Lead,
L-72511,2026-05-06 11:33:00,PKF,facebook,paid_social,PKF_US_Meta_Conversions,Lead,
L-78070,2026-06-19 17:33:00,PKF,google,cpc,PKF_US_Search_Brand_2026Q2,Lead,
L-73007,2026-06-06 16:00:00,PKF,paid_social,paid_social,PKF_US_Meta_Conversions,Lead,
L-78910,2026-06-21 08:01:00,PKF,google,cpc,pkf|nonbrand|search|may26,SQL,
L-72019,2026-07-23 16:08:00,AUR,meta,paid_social,AUR_EU_Meta_Retargeting_2026Q2,Closed Won,2400
L-79656,2026-07-09 14:26:00,NMB,Google Ads,cpc,NMB_US_Search_Brand_2026Q2,Closed Won,2400
L-78493,2026-07-18 09:28:00,PKF,google,cpc,PKF_US_Search_Brand_2026Q2,SQL,
L-79103,2026-05-06 21:49:00,NMB,google,cpc,NMB_US_Search_Brand_2026Q2,SQL,
L-82069,2026-06-30 11:21:00,PKF,google,paid_social,(not set),MQL,
L-80333,2026-06-22 15:59:00,AUR,,,,MQL,
L-70840,2026-07-17 14:02:00,AUR,,,,SQL,
L-80540,2026-05-10 19:22:00,PKF,,,,Lead,
L-81224,2026-05-21 22:04:00,NMB,TikTok,paid_social,NMB_TikTok_Prospecting_2026Q2,Lead,
L-70002,2026-05-03 11:50:00,AUR,,,,Lead,
L-72784,2026-05-21 17:17:00,PKF,Facebook,paid_social,PKF_US_Meta_Conversions,Lead,
L-74931,2026-06-13 21:54:00,NMB,meta,paid_social,NMB_US_Meta_Prospecting_2026Q2,Lead,
L-76402,2026-05-16 19:15:00,AUR,google,cpc,AUR_US_Search_Brand_2026Q2,Lead,
L-71762,2026-07-01 13:29:00,AUR,meta,paid_social,AUR_EU_Meta_Retargeting_2026Q2,MQL,
L-74374,2026-07-17 09:18:00,PKF,Facebook,paid_social,PKF_CA_Meta_Prospecting,MQL,
L-80371,2026-07-01 19:16:00,AUR,,,,MQL,
L-74119,2026-06-11 13:52:00,PKF,meta,paid_social,PKF_CA_Meta_Prospecting,Lead,
L-70214,2026-05-23 22:35:00,AUR,facebook,paid_social,AUR_US_Meta_Prospecting_2026Q2,Lead,
L-72613,2026-05-13 10:12:00,PKF,,,,MQL,
L-80521,2026-05-08 14:02:00,PKF,,,,Lead,
L-77501,2026-05-13 08:48:00,PKF,google,cpc,PKF_US_Search_Brand_2026Q2,SQL,
L-76021,2026-07-04 11:04:00,NMB,meta,paid_social,NMB_US_Meta_Retargeting_2026Q2,Lead,
L-80866,2026-06-24 09:32:00,PKF,tiktok,paid_social,PKF_TikTok_Spark_2026Q2,SQL,
L-75953,2026-06-24 15:50:00,NMB,Facebook,paid_social,NMB_US_Meta_Retargeting_2026Q2,Lead,
L-71089,2026-05-03 17:52:00,AUR,fb,paid_social,AUR_EU_Meta_Retargeting_2026Q2,SQL,
L-75941,2026-06-23 18:13:00,NMB,facebook,paid_social,NMB_US_Meta_Retargeting_2026Q2,MQL,
L-72676,2026-05-16 17:26:00,PKF,facebook,paid_social,PKF_US_Meta_Conversions,Lead,
L-79858,2026-07-29 09:05:00,NMB,google,cpc,NMB_US_Search_Brand_2026Q2,SQL,
L-81349,2026-07-17 16:04:00,NMB,TikTok,paid_social,NMB_TikTok_Prospecting_2026Q2,Lead,
L-78209,2026-06-28 10:11:00,PKF,adwords,cpc,PKF_US_Search_Brand_2026Q2,MQL,
L-76501,2026-05-27 17:31:00,AUR,,,,MQL,
L-81908,2026-06-16 22:19:00,AUR,google,paid_social,(not set),Lead,
L-73372,2026-06-30 14:48:00,PKF,meta,paid_social,PKF_US_Meta_Conversions,SQL,
L-79734,2026-07-17 16:10:00,NMB,google,cpc,NMB_US_Search_Brand_2026Q2,Lead,
L-72603,2026-05-13 10:43:00,PKF,facebook,paid_social,PKF_US_Meta_Conversions,Lead,
L-75417,2026-07-26 16:12:00,NMB,Facebook,paid_social,NMB_US_Meta_Prospecting_2026Q2,Lead,
L-81490,2026-05-09 13:07:00,NMB,google,paid_social,(not set),Lead,
L-71535,2026-06-09 13:49:00,AUR,meta,paid_social,AUR_EU_Meta_Retargeting_2026Q2,Lead,
L-79209,2026-05-17 13:14:00,NMB,google,cpc,NMB_US_Search_Brand_2026Q2,MQL,
L-81387,2026-07-31 22:08:00,NMB,tiktok,paid_social,NMB_TikTok_Prospecting_2026Q2,Lead,
L-73970,2026-05-16 21:30:00,PKF,fb,paid_social,PKF_CA_Meta_Prospecting,Lead,
L-75563,2026-05-10 18:39:00,NMB,facebook,paid_social,NMB_US_Meta_Retargeting_2026Q2,SQL,
L-76898,2026-07-18 15:05:00,AUR,,,,Lead,
L-71666,2026-06-21 19:16:00,AUR,fb,paid_social,AUR_EU_Meta_Retargeting_2026Q2,SQL,
L-81035,2026-07-14 16:02:00,PKF,tiktok,paid_social,PKF_TikTok_Spark_2026Q2,MQL,
L-72956,2026-06-03 10:40:00,PKF,facebook,paid_social,PKF_US_Meta_Conversions,Lead,
L-77681,2026-05-25 15:32:00,PKF,adwords,cpc,PKF_US_Search_Brand_2026Q2,Lead,
L-82348,2026-07-25 21:59:00,AUR,,,,MQL,
L-81541,2026-05-14 16:51:00,PKF,,,,MQL,
L-81931,2026-06-17 11:56:00,NMB,google,paid_social,(not set),MQL,
L-78419,2026-07-14 21:19:00,PKF,Google Ads,cpc,PKF_US_Search_Brand_2026Q2,Lead,
L-71229,2026-05-15 13:26:00,AUR,,,,Lead,
L-71923,2026-07-13 21:40:00,AUR,Facebook,paid_social,AUR_EU_Meta_Retargeting_2026Q2,Closed Won,5200
L-79966,2026-06-19 18:42:00,NMB,Google Ads,cpc,NMB_US_PMax_2026Q2,Lead,
L-71044,2026-07-30 21:18:00,AUR,,,,Lead,
L-73940,2026-05-12 13:43:00,PKF,fb,paid_social,PKF_CA_Meta_Prospecting,MQL,
L-82251,2026-07-16 09:00:00,PKF,google,paid_social,(not set),Lead,
L-80427,2026-07-15 21:01:00,AUR,,,,SQL,
L-79296,2026-05-29 14:01:00,NMB,google,cpc,NMB_US_Search_Brand_2026Q2,Closed Won,8800
L-81871,2026-06-12 10:27:00,AUR,google,paid_social,(not set),MQL,
L-75729,2026-05-29 10:05:00,NMB,Facebook,paid_social,NMB_US_Meta_Retargeting_2026Q2,MQL,
L-70779,2026-07-12 14:26:00,AUR,Facebook,paid_social,AUR_US_Meta_Prospecting_2026Q2,Lead,
L-78809,2026-05-28 13:55:00,PKF,Google Ads,cpc,pkf|nonbrand|search|may26,MQL,
L-79172,2026-05-12 15:31:00,NMB,Google Ads,cpc,NMB_US_Search_Brand_2026Q2,Lead,
L-75395,2026-07-24 17:46:00,NMB,facebook,paid_social,NMB_US_Meta_Prospecting_2026Q2,MQL,
L-70628,2026-06-30 21:54:00,AUR,meta,paid_social,AUR_US_Meta_Prospecting_2026Q2,SQL,
L-82271,2026-07-18 21:16:00,AUR,,,,Closed Won,1900
L-75253,2026-07-13 11:37:00,NMB,facebook,paid_social,NMB_US_Meta_Prospecting_2026Q2,SQL,
L-80552,2026-05-10 22:16:00,PKF,,,,Lead,
L-71402,2026-05-28 16:29:00,AUR,facebook,paid_social,AUR_EU_Meta_Retargeting_2026Q2,MQL,
L-78558,2026-07-23 14:03:00,PKF,adwords,cpc,PKF_US_Search_Brand_2026Q2,SQL,
L-76787,2026-07-03 18:48:00,AUR,,,,Lead,
L-80557,2026-05-10 17:31:00,PKF,tiktok,paid_social,PKF_TikTok_Spark_2026Q2,Lead,
L-72189,2026-05-21 19:55:00,AUR,,,,Lead,
L-71808,2026-07-03 17:44:00,AUR,,,,Lead,
L-71269,2026-05-18 15:09:00,AUR,fb,paid_social,AUR_EU_Meta_Retargeting_2026Q2,Lead,
L-72825,2026-05-26 10:41:00,PKF,Facebook,paid_social,PKF_US_Meta_Conversions,Lead,
L-77414,2026-05-04 22:23:00,PKF,google,cpc,PKF_US_Search_Brand_2026Q2,Lead,
L-70666,2026-07-01 10:57:00,AUR,fb,paid_social,AUR_US_Meta_Prospecting_2026Q2,Lead,
L-76130,2026-07-15 11:23:00,NMB,meta,paid_social,NMB_US_Meta_Retargeting_2026Q2,Lead,
L-71400,2026-05-27 14:18:00,AUR,,,,Lead,
L-79024,2026-07-19 11:54:00,PKF,google,cpc,pkf|nonbrand|search|may26,MQL,
L-80491,2026-07-30 12:47:00,AUR,,,,MQL,
L-80551,2026-05-09 15:57:00,PKF,tiktok,paid_social,PKF_TikTok_Spark_2026Q2,MQL,
L-77790,2026-05-31 16:44:00,PKF,adwords,cpc,PKF_US_Search_Brand_2026Q2,Lead,
L-76978,2026-07-28 10:11:00,AUR,,,,Lead,
L-78104,2026-06-20 15:22:00,PKF,google,cpc,PKF_US_Search_Brand_2026Q2,Lead,
L-72317,2026-06-30 09:29:00,AUR,,,,Lead,
L-81789,2026-06-04 13:41:00,PKF,google,paid_social,(not set),Lead,
L-79449,2026-06-16 12:49:00,NMB,,,,MQL,
L-77041,2026-05-13 19:23:00,AUR,,,,Lead,
L-79977,2026-06-24 12:13:00,NMB,google,cpc,NMB_US_PMax_2026Q2,SQL,
L-71320,2026-05-22 20:12:00,AUR,fb,paid_social,AUR_EU_Meta_Retargeting_2026Q2,Lead,
L-76339,2026-05-06 22:53:00,AUR,google,cpc,AUR_US_Search_Brand_2026Q2,Lead,
L-75102,2026-06-28 16:54:00,NMB,paid_social,paid_social,NMB_US_Meta_Prospecting_2026Q2,Lead,
L-76167,2026-07-18 11:38:00,NMB,paid_social,paid_social,NMB_US_Meta_Retargeting_2026Q2,Lead,
L-72763,2026-05-20 15:14:00,PKF,paid_social,paid_social,PKF_US_Meta_Conversions,Lead,
L-79896,2026-05-17 16:07:00,NMB,google,cpc,NMB_US_PMax_2026Q2,Lead,
L-72644,2026-05-15 13:28:00,PKF,meta,paid_social,PKF_US_Meta_Conversions,Lead,
L-76748,2026-06-29 10:40:00,AUR,google,cpc,AUR_US_Search_Brand_2026Q2,Lead,
L-80547,2026-05-09 20:44:00,PKF,TikTok,paid_social,PKF_TikTok_Spark_2026Q2,Lead,
L-79337,2026-06-02 11:12:00,NMB,adwords,cpc,NMB_US_Search_Brand_2026Q2,Lead,
L-81671,2026-05-26 08:25:00,AUR,,,,Lead,
L-73907,2026-05-07 13:39:00,PKF,meta,paid_social,PKF_CA_Meta_Prospecting,Lead,
L-72500,2026-05-05 20:18:00,PKF,facebook,paid_social,PKF_US_Meta_Conversions,Lead,
L-73707,2026-07-22 08:05:00,PKF,paid_social,paid_social,PKF_US_Meta_Conversions,SQL,
L-74996,2026-06-19 18:12:00,NMB,meta,paid_social,NMB_US_Meta_Prospecting_2026Q2,Lead,
L-80291,2026-06-15 14:15:00,AUR,tiktok,paid_social,AUR_TikTok_Prospecting_2026Q2,Lead,
L-81503,2026-05-11 08:59:00,PKF,google,paid_social,(not set),SQL,
L-73667,2026-07-16 09:06:00,PKF,facebook,paid_social,PKF_US_Meta_Conversions,Lead,
L-73226,2026-06-20 13:00:00,PKF,paid_social,paid_social,PKF_US_Meta_Conversions,Lead,
L-82388,2026-07-29 11:02:00,AUR,,,,Lead,
L-77214,2026-06-19 15:58:00,AUR,,,,Lead,
L-71151,2026-05-07 09:12:00,AUR,,,,MQL,
L-72990,2026-06-07 09:40:00,PKF,Facebook,paid_social,PKF_US_Meta_Conversions,Lead,
L-74671,2026-05-20 08:45:00,NMB,Facebook,paid_social,NMB_US_Meta_Prospecting_2026Q2,Lead,
L-73248,2026-06-23 20:49:00,PKF,facebook,paid_social,PKF_US_Meta_Conversions,Lead,
L-79010,2026-07-16 22:08:00,PKF,,,,MQL,
L-80372,2026-07-03 14:02:00,AUR,,,,MQL,
L-79032,2026-07-21 10:47:00,PKF,google,cpc,pkf|nonbrand|search|may26,Lead,
L-74361,2026-07-15 08:35:00,PKF,,,,MQL,
L-74994,2026-06-17 13:09:00,NMB,meta,paid_social,NMB_US_Meta_Prospecting_2026Q2,SQL,
L-71488,2026-06-05 22:25:00,AUR,fb,paid_social,AUR_EU_Meta_Retargeting_2026Q2,MQL,
L-73005,2026-06-07 10:13:00,PKF,facebook,paid_social,PKF_US_Meta_Conversions,Lead,
L-78068,2026-06-17 20:01:00,PKF,Google Ads,cpc,PKF_US_Search_Brand_2026Q2,Closed Won,2400
L-70953,2026-07-22 20:31:00,AUR,,,,Lead,
L-75779,2026-06-04 22:35:00,NMB,,,,Lead,
L-76182,2026-07-22 19:35:00,NMB,paid_social,paid_social,NMB_US_Meta_Retargeting_2026Q2,SQL,
L-77449,2026-05-06 08:20:00,PKF,Google Ads,cpc,PKF_US_Search_Brand_2026Q2,MQL,
L-78911,2026-06-21 18:39:00,PKF,google,cpc,pkf|nonbrand|search|may26,Closed Won,3600
L-78736,2026-05-07 13:26:00,PKF,adwords,cpc,pkf|nonbrand|search|may26,SQL,
L-80590,2026-05-17 20:38:00,PKF,TikTok,paid_social,PKF_TikTok_Spark_2026Q2,Lead,
L-77765,2026-05-29 08:11:00,PKF,adwords,cpc,PKF_US_Search_Brand_2026Q2,Lead,
L-72782,2026-05-23 16:03:00,PKF,paid_social,paid_social,PKF_US_Meta_Conversions,MQL,
L-72257,2026-06-12 18:37:00,AUR,facebook,paid_social,aurelia|prospecting|meta|may26,Lead,
L-75939,2026-06-24 18:26:00,NMB,,,,MQL,
L-79099,2026-05-06 20:07:00,NMB,Google Ads,cpc,NMB_US_Search_Brand_2026Q2,Lead,
L-77100,2026-05-22 10:05:00,AUR,,,,SQL,
L-78937,2026-06-25 14:54:00,PKF,google,cpc,pkf|nonbrand|search|may26,Lead,
L-75821,2026-06-08 14:34:00,NMB,paid_social,paid_social,NMB_US_Meta_Retargeting_2026Q2,Lead,
L-73458,2026-07-04 14:49:00,PKF,paid_social,paid_social,PKF_US_Meta_Conversions,Lead,
L-79697,2026-07-13 16:40:00,NMB,google,cpc,NMB_US_Search_Brand_2026Q2,MQL,
L-80816,2026-06-15 19:34:00,PKF,tiktok,paid_social,PKF_TikTok_Spark_2026Q2,MQL,
L-71591,2026-06-13 10:37:00,AUR,,,,SQL,
L-81094,2026-07-22 19:23:00,PKF,tiktok,paid_social,PKF_TikTok_Spark_2026Q2,Lead,
L-78813,2026-05-27 22:58:00,PKF,google,cpc,pkf|nonbrand|search|may26,MQL,
L-71973,2026-07-16 09:24:00,AUR,paid_social,paid_social,AUR_EU_Meta_Retargeting_2026Q2,SQL,
L-70382,2026-06-09 14:02:00,AUR,facebook,paid_social,AUR_US_Meta_Prospecting_2026Q2,Lead,
L-72281,2026-06-20 10:39:00,AUR,,,,Lead,
L-71279,2026-05-18 18:46:00,AUR,,,,MQL,
L-81171,2026-05-03 22:11:00,NMB,TikTok,paid_social,NMB_TikTok_Prospecting_2026Q2,MQL,
L-71126,2026-05-08 15:46:00,AUR,,,,Closed Won,3600
L-70570,2026-06-26 11:54:00,AUR,,,,MQL,
L-80905,2026-06-28 18:21:00,PKF,tiktok,paid_social,PKF_TikTok_Spark_2026Q2,Lead,
L-80993,2026-07-08 19:57:00,PKF,tiktok,paid_social,PKF_TikTok_Spark_2026Q2,Lead,
L-72769,2026-05-21 09:19:00,PKF,paid_social,paid_social,PKF_US_Meta_Conversions,MQL,
L-70061,2026-05-09 18:03:00,AUR,,,,SQL,
L-77426,2026-05-05 12:32:00,PKF,google,cpc,PKF_US_Search_Brand_2026Q2,Lead,
L-70573,2026-06-27 13:15:00,AUR,,,,Lead,
L-70821,2026-07-14 21:49:00,AUR,facebook,paid_social,AUR_US_Meta_Prospecting_2026Q2,Closed Won,8800
L-75759,2026-06-02 15:25:00,NMB,paid_social,paid_social,NMB_US_Meta_Retargeting_2026Q2,Lead,
L-72707,2026-05-19 11:02:00,PKF,paid_social,paid_social,PKF_US_Meta_Conversions,Lead,
L-71223,2026-05-14 12:29:00,AUR,Facebook,paid_social,AUR_EU_Meta_Retargeting_2026Q2,Lead,
L-72125,2026-05-02 20:36:00,AUR,,,,Lead,
L-76031,2026-07-03 19:11:00,NMB,meta,paid_social,NMB_US_Meta_Retargeting_2026Q2,Lead,
L-78476,2026-07-15 22:21:00,PKF,,,,MQL,
L-74975,2026-06-18 12:41:00,NMB,,,,SQL,
L-74258,2026-07-01 22:08:00,PKF,paid_social,paid_social,PKF_CA_Meta_Prospecting,Lead,
L-76864,2026-07-13 15:40:00,AUR,,,,Lead,
L-81855,2026-06-11 18:33:00,AUR,google,paid_social,(not set),Lead,
L-82029,2026-06-26 12:34:00,PKF,google,paid_social,(not set),SQL,
L-73466,2026-07-07 15:29:00,PKF,paid_social,paid_social,PKF_US_Meta_Conversions,Lead,
L-80483,2026-07-28 19:55:00,AUR,,,,Lead,
L-75618,2026-05-16 16:27:00,NMB,fb,paid_social,NMB_US_Meta_Retargeting_2026Q2,Lead,
L-80161,2026-05-12 17:20:00,AUR,tiktok,paid_social,AUR_TikTok_Prospecting_2026Q2,MQL,
L-81734,2026-05-31 12:38:00,AUR,google,paid_social,(not set),SQL,
L-82123,2026-07-05 12:53:00,PKF,google,paid_social,(not set),Closed Won,5200
L-76759,2026-06-30 11:08:00,AUR,,,,Closed Won,2400
L-82309,2026-07-22 19:43:00,AUR,google,paid_social,(not set),Lead,
L-71841,2026-07-07 20:32:00,AUR,,,,Lead,
L-72591,2026-05-10 19:32:00,PKF,meta,paid_social,PKF_US_Meta_Conversions,Lead,
L-71328,2026-05-22 16:54:00,AUR,,,,Lead,
L-77903,2026-06-10 16:29:00,PKF,google,cpc,PKF_US_Search_Brand_2026Q2,Closed Won,5200
L-82396,2026-07-30 09:10:00,AUR,google,paid_social,(not set),MQL,
L-80674,2026-05-27 16:28:00,PKF,TikTok,paid_social,PKF_TikTok_Spark_2026Q2,Lead,
L-79952,2026-06-11 19:20:00,NMB,adwords,cpc,NMB_US_PMax_2026Q2,MQL,
L-76880,2026-07-17 12:39:00,AUR,,,,Lead,
L-79578,2026-07-02 17:18:00,NMB,adwords,cpc,NMB_US_Search_Brand_2026Q2,SQL,
L-70928,2026-07-21 12:01:00,AUR,,,,Lead,
L-82144,2026-07-07 13:07:00,AUR,google,paid_social,(not set),Closed Won,8800
L-73371,2026-06-29 17:23:00,PKF,meta,paid_social,PKF_US_Meta_Conversions,MQL,
L-81230,2026-05-21 17:58:00,NMB,tiktok,paid_social,NMB_TikTok_Prospecting_2026Q2,Lead,
L-75808,2026-06-06 13:10:00,NMB,fb,paid_social,NMB_US_Meta_Retargeting_2026Q2,Lead,
L-73849,2026-07-31 11:29:00,PKF,fb,paid_social,PKF_US_Meta_Conversions,Lead,
L-73869,2026-05-04 18:22:00,PKF,Facebook,paid_social,PKF_CA_Meta_Prospecting,SQL,
L-70063,2026-05-10 14:00:00,AUR,,,,Lead,
L-71133,2026-05-06 18:50:00,AUR,,,,Lead,
L-81800,2026-06-05 11:59:00,PKF,google,paid_social,(not set),Lead,
L-79696,2026-07-14 08:04:00,NMB,google,cpc,NMB_US_Search_Brand_2026Q2,Lead,
L-71663,2026-06-20 16:32:00,AUR,,,,MQL,
L-78405,2026-07-11 14:04:00,PKF,google,cpc,PKF_US_Search_Brand_2026Q2,MQL,
L-76556,2026-06-04 09:52:00,AUR,adwords,cpc,AUR_US_Search_Brand_2026Q2,Lead,
L-72439,2026-07-30 18:06:00,AUR,facebook,paid_social,aurelia|prospecting|meta|may26,MQL,
L-70903,2026-07-19 14:22:00,AUR,,,,MQL,
L-75170,2026-07-05 17:26:00,NMB,paid_social,paid_social,NMB_US_Meta_Prospecting_2026Q2,Lead,
L-71356,2026-05-26 14:09:00,AUR,Facebook,paid_social,AUR_EU_Meta_Retargeting_2026Q2,MQL,
L-80548,2026-05-10 18:03:00,PKF,TikTok,paid_social,PKF_TikTok_Spark_2026Q2,SQL,
L-75212,2026-07-10 11:06:00,NMB,,,,Lead,
L-76885,2026-07-17 12:25:00,AUR,,,,Lead,
L-74425,2026-07-25 15:40:00,PKF,fb,paid_social,PKF_CA_Meta_Prospecting,MQL,
L-81814,2026-06-07 20:26:00,AUR,google,paid_social,(not set),Lead,
L-74792,2026-06-01 22:47:00,NMB,meta,paid_social,NMB_US_Meta_Prospecting_2026Q2,Lead,
L-79702,2026-07-16 12:46:00,NMB,google,cpc,NMB_US_Search_Brand_2026Q2,Lead,
L-70028,2026-05-04 16:42:00,AUR,,,,Lead,
L-70333,2026-06-06 10:25:00,AUR,,,,Lead,
L-82060,2026-06-29 14:54:00,PKF,google,paid_social,(not set),Lead,
L-80228,2026-05-29 11:54:00,AUR,,,,MQL,
L-77502,2026-05-12 16:43:00,PKF,google,cpc,PKF_US_Search_Brand_2026Q2,Lead,
L-76690,2026-06-22 11:43:00,AUR,Google Ads,cpc,AUR_US_Search_Brand_2026Q2,SQL,
L-77661,2026-05-22 19:41:00,PKF,Google Ads,cpc,PKF_US_Search_Brand_2026Q2,Lead,
L-74238,2026-06-27 13:46:00,PKF,facebook,paid_social,PKF_CA_Meta_Prospecting,Lead,
L-78363,2026-07-10 15:34:00,PKF,adwords,cpc,PKF_US_Search_Brand_2026Q2,Lead,
L-70224,2026-05-24 18:22:00,AUR,meta,paid_social,AUR_US_Meta_Prospecting_2026Q2,Lead,
L-82036,2026-06-26 23:52:00,NMB,google,paid_social,(not set),MQL,
L-75302,2026-07-18 15:54:00,NMB,meta,paid_social,NMB_US_Meta_Prospecting_2026Q2,Lead,
L-75325,2026-07-18 19:24:00,NMB,paid_social,paid_social,NMB_US_Meta_Prospecting_2026Q2,MQL,
L-71260,2026-05-17 19:15:00,AUR,Facebook,paid_social,AUR_EU_Meta_Retargeting_2026Q2,Lead,
L-77920,2026-06-09 16:22:00,PKF,google,cpc,PKF_US_Search_Brand_2026Q2,Lead,
L-79263,2026-05-26 15:03:00,NMB,google,cpc,NMB_US_Search_Brand_2026Q2,Lead,
L-73261,2026-06-22 20:39:00,PKF,fb,paid_social,PKF_US_Meta_Conversions,Lead,
L-71358,2026-05-25 12:39:00,AUR,facebook,paid_social,AUR_EU_Meta_Retargeting_2026Q2,MQL,
L-79378,2026-06-06 08:32:00,NMB,google,cpc,NMB_US_Search_Brand_2026Q2,SQL,
L-71528,2026-06-09 09:48:00,AUR,fb,paid_social,AUR_EU_Meta_Retargeting_2026Q2,Lead,
L-75207,2026-07-09 17:47:00,NMB,,,,Lead,
L-77019,2026-05-06 15:45:00,AUR,google,cpc,AUR_EU_Search_NonBrand_2026Q2,Lead,
L-72867,2026-05-27 16:31:00,PKF,,,,Lead,
L-75443,2026-07-28 22:48:00,NMB,paid_social,paid_social,NMB_US_Meta_Prospecting_2026Q2,Lead,
L-78143,2026-06-24 11:00:00,PKF,Google Ads,cpc,PKF_US_Search_Brand_2026Q2,SQL,
L-79344,2026-06-05 15:35:00,NMB,Google Ads,cpc,NMB_US_Search_Brand_2026Q2,Lead,
L-74055,2026-05-25 13:33:00,PKF,Facebook,paid_social,PKF_CA_Meta_Prospecting,Lead,
L-70832,2026-07-16 13:22:00,AUR,fb,paid_social,AUR_US_Meta_Prospecting_2026Q2,Closed Won,1900
L-71297,2026-05-19 20:50:00,AUR,,,,Lead,
L-82001,2026-06-24 16:07:00,AUR,google,paid_social,(not set),Lead,
L-71184,2026-05-12 11:38:00,AUR,,,,Lead,
L-76197,2026-07-23 20:39:00,NMB,fb,paid_social,NMB_US_Meta_Retargeting_2026Q2,MQL,
L-74471,2026-05-01 16:39:00,NMB,meta,paid_social,NMB_US_Meta_Prospecting_2026Q2,Lead,
L-79003,2026-07-15 10:10:00,PKF,adwords,cpc,pkf|nonbrand|search|may26,Closed Won,8800
L-79021,2026-07-19 20:21:00,PKF,,,,MQL,
L-71104,2026-05-05 12:19:00,AUR,meta,paid_social,AUR_EU_Meta_Retargeting_2026Q2,Lead,
L-76184,2026-07-20 18:50:00,NMB,Facebook,paid_social,NMB_US_Meta_Retargeting_2026Q2,MQL,
L-78968,2026-07-05 15:37:00,PKF,google,cpc,pkf|nonbrand|search|may26,Lead,
L-74610,2026-05-15 14:02:00,NMB,Facebook,paid_social,NMB_US_Meta_Prospecting_2026Q2,Lead,
L-70043,2026-05-06 19:35:00,AUR,,,,Lead,
L-73704,2026-07-22 17:40:00,PKF,paid_social,paid_social,PKF_US_Meta_Conversions,Lead,
L-77806,2026-05-31 08:43:00,PKF,adwords,cpc,PKF_US_Search_Brand_2026Q2,Lead,
L-76599,2026-06-11 19:03:00,AUR,,,,Lead,
L-81838,2026-06-09 19:58:00,PKF,google,paid_social,(not set),MQL,
L-79074,2026-07-30 14:09:00,PKF,,,,Lead,
L-79551,2026-06-28 17:36:00,NMB,,,,Lead,
L-78270,2026-07-03 21:25:00,PKF,Google Ads,cpc,PKF_US_Search_Brand_2026Q2,Lead,
L-79327,2026-06-04 19:18:00,NMB,google,cpc,NMB_US_Search_Brand_2026Q2,Closed Won,5200
L-81456,2026-05-06 08:51:00,NMB,google,paid_social,(not set),Lead,
L-74033,2026-05-23 20:18:00,PKF,,,,Lead,
L-79285,2026-05-27 20:28:00,NMB,Google Ads,cpc,NMB_US_Search_Brand_2026Q2,SQL,
L-72781,2026-05-21 22:29:00,PKF,paid_social,paid_social,PKF_US_Meta_Conversions,MQL,
L-77395,2026-05-04 12:12:00,PKF,google,cpc,PKF_US_Search_Brand_2026Q2,MQL,
L-74228,2026-06-26 10:02:00,PKF,,,,MQL,
L-74552,2026-05-11 10:43:00,NMB,facebook,paid_social,NMB_US_Meta_Prospecting_2026Q2,Lead,
L-79027,2026-07-21 10:50:00,PKF,adwords,cpc,pkf|nonbrand|search|may26,Closed Won,1900
L-80838,2026-06-17 21:26:00,PKF,,,,Lead,
L-74749,2026-05-27 19:52:00,NMB,meta,paid_social,NMB_US_Meta_Prospecting_2026Q2,MQL,
L-76757,2026-06-29 14:10:00,AUR,google,cpc,AUR_US_Search_Brand_2026Q2,Closed Won,5200
L-70406,2026-06-12 17:19:00,AUR,facebook,paid_social,AUR_US_Meta_Prospecting_2026Q2,MQL,
L-72174,2026-05-18 17:36:00,AUR,,,,MQL,
L-77886,2026-06-07 14:30:00,PKF,adwords,cpc,PKF_US_Search_Brand_2026Q2,SQL,
L-76064,2026-07-07 09:44:00,NMB,Facebook,paid_social,NMB_US_Meta_Retargeting_2026Q2,Lead,
L-77846,2026-06-03 21:24:00,PKF,google,cpc,PKF_US_Search_Brand_2026Q2,Lead,
L-78407,2026-07-12 16:59:00,PKF,,,,MQL,
L-77126,2026-05-28 13:35:00,AUR,,,,MQL,
L-80746,2026-06-04 09:06:00,PKF,tiktok,paid_social,PKF_TikTok_Spark_2026Q2,Lead,
L-71703,2026-06-24 08:36:00,AUR,paid_social,paid_social,AUR_EU_Meta_Retargeting_2026Q2,Lead,
L-79815,2026-07-26 18:42:00,NMB,Google Ads,cpc,NMB_US_Search_Brand_2026Q2,Lead,
L-82093,2026-07-02 21:09:00,PKF,google,paid_social,(not set),Lead,
L-75251,2026-07-13 19:04:00,NMB,fb,paid_social,NMB_US_Meta_Prospecting_2026Q2,SQL,
L-78640,2026-07-26 14:39:00,PKF,adwords,cpc,PKF_US_Search_Brand_2026Q2,Lead,
L-75606,2026-05-15 10:57:00,NMB,facebook,paid_social,NMB_US_Meta_Retargeting_2026Q2,MQL,
L-72537,2026-05-08 19:10:00,PKF,facebook,paid_social,PKF_US_Meta_Conversions,Lead,
L-79364,2026-06-05 21:12:00,NMB,google,cpc,NMB_US_Search_Brand_2026Q2,MQL,
L-81067,2026-07-18 20:58:00,PKF,TikTok,paid_social,PKF_TikTok_Spark_2026Q2,MQL,
L-75815,2026-06-07 21:38:00,NMB,Facebook,paid_social,NMB_US_Meta_Retargeting_2026Q2,Lead,
L-76374,2026-05-13 11:47:00,AUR,,,,SQL,
L-74175,2026-06-17 08:38:00,PKF,paid_social,paid_social,PKF_CA_Meta_Prospecting,Lead,
L-76308,2026-05-03 18:48:00,AUR,adwords,cpc,AUR_US_Search_Brand_2026Q2,MQL,
L-76791,2026-07-04 18:21:00,AUR,,,,Lead,
L-79458,2026-06-18 11:26:00,NMB,,,,SQL,
L-81766,2026-06-02 08:16:00,NMB,google,paid_social,(not set),Lead,
L-73292,2026-06-25 08:58:00,PKF,facebook,paid_social,PKF_US_Meta_Conversions,MQL,
L-78722,2026-05-04 21:24:00,PKF,Google Ads,cpc,pkf|nonbrand|search|may26,Lead,
L-70911,2026-07-20 10:45:00,AUR,paid_social,paid_social,AUR_US_Meta_Prospecting_2026Q2,Lead,
L-73660,2026-07-17 15:50:00,PKF,meta,paid_social,PKF_US_Meta_Conversions,Lead,
L-74838,2026-06-05 22:45:00,NMB,facebook,paid_social,NMB_US_Meta_Prospecting_2026Q2,SQL,
L-73464,2026-07-07 08:45:00,PKF,meta,paid_social,PKF_US_Meta_Conversions,Lead,
L-79710,2026-07-14 15:14:00,NMB,,,,SQL,
L-78062,2026-06-17 11:18:00,PKF,google,cpc,PKF_US_Search_Brand_2026Q2,Lead,
L-78567,2026-07-23 09:13:00,PKF,Google Ads,cpc,PKF_US_Search_Brand_2026Q2,MQL,
L-76770,2026-06-30 18:27:00,AUR,,,,Lead,
L-72831,2026-05-26 13:27:00,PKF,fb,paid_social,PKF_US_Meta_Conversions,MQL,
L-80408,2026-07-10 18:03:00,AUR,,,,Lead,
L-77059,2026-05-16 21:57:00,AUR,google,cpc,AUR_EU_Search_NonBrand_2026Q2,MQL,
L-77817,2026-06-01 13:35:00,PKF,adwords,cpc,PKF_US_Search_Brand_2026Q2,Lead,
L-80772,2026-06-08 12:42:00,PKF,tiktok,paid_social,PKF_TikTok_Spark_2026Q2,MQL,
L-74214,2026-06-24 15:46:00,PKF,,,,Lead,
L-78283,2026-07-04 10:24:00,PKF,Google Ads,cpc,PKF_US_Search_Brand_2026Q2,SQL,
L-73985,2026-05-17 21:18:00,PKF,facebook,paid_social,PKF_CA_Meta_Prospecting,Lead,
L-76332,2026-05-05 13:43:00,AUR,,,,Lead,
L-72310,2026-06-26 17:20:00,AUR,Facebook,paid_social,aurelia|prospecting|meta|may26,Lead,
L-82340,2026-07-24 20:57:00,PKF,google,paid_social,(not set),MQL,
L-81192,2026-05-09 19:09:00,NMB,tiktok,paid_social,NMB_TikTok_Prospecting_2026Q2,Closed Won,2400
L-80261,2026-06-08 19:55:00,AUR,TikTok,paid_social,AUR_TikTok_Prospecting_2026Q2,MQL,
L-81394,2026-05-01 17:39:00,PKF,google,paid_social,(not set),Lead,
L-74579,2026-05-13 19:18:00,NMB,meta,paid_social,NMB_US_Meta_Prospecting_2026Q2,Lead,
L-73475,2026-07-08 13:31:00,PKF,,,,MQL,
L-76129,2026-07-16 10:44:00,NMB,meta,paid_social,NMB_US_Meta_Retargeting_2026Q2,Lead,
L-74570,2026-05-12 16:59:00,NMB,meta,paid_social,NMB_US_Meta_Prospecting_2026Q2,Lead,
L-78521,2026-07-18 19:56:00,PKF,google,cpc,PKF_US_Search_Brand_2026Q2,Closed Won,5200
L-80034,2026-07-24 19:08:00,NMB,google,cpc,NMB_US_PMax_2026Q2,MQL,
L-76032,2026-07-04 09:59:00,NMB,fb,paid_social,NMB_US_Meta_Retargeting_2026Q2,Lead,
L-74939,2026-06-15 13:27:00,NMB,paid_social,paid_social,NMB_US_Meta_Prospecting_2026Q2,Lead,
L-70138,2026-05-17 14:48:00,AUR,,,,Lead,
L-81664,2026-05-25 18:10:00,PKF,google,paid_social,(not set),Lead,
L-71282,2026-05-18 22:13:00,AUR,,,,Lead,
L-77786,2026-05-29 12:28:00,PKF,,,,MQL,
L-79934,2026-06-03 20:07:00,NMB,adwords,cpc,NMB_US_PMax_2026Q2,Lead,
L-71916,2026-07-12 17:28:00,AUR,paid_social,paid_social,AUR_EU_Meta_Retargeting_2026Q2,Lead,
L-70528,2026-06-23 22:40:00,AUR,fb,paid_social,AUR_US_Meta_Prospecting_2026Q2,Lead,
L-76632,2026-06-17 11:49:00,AUR,,,,Lead,
L-80949,2026-07-04 14:49:00,PKF,TikTok,paid_social,PKF_TikTok_Spark_2026Q2,Lead,
L-70672,2026-07-03 21:37:00,AUR,,,,Lead,
L-80511,2026-05-06 22:00:00,PKF,TikTok,paid_social,PKF_TikTok_Spark_2026Q2,Lead,
L-72389,2026-07-16 09:10:00,AUR,paid_social,paid_social,aurelia|prospecting|meta|may26,Lead,
L-70770,2026-07-11 21:06:00,AUR,,,,Lead,
L-75141,2026-07-02 20:55:00,NMB,Facebook,paid_social,NMB_US_Meta_Prospecting_2026Q2,Lead,
L-78828,2026-05-30 13:32:00,PKF,Google Ads,cpc,pkf|nonbrand|search|may26,Closed Won,3600
L-81703,2026-05-28 13:46:00,PKF,google,paid_social,(not set),MQL,
L-73862,2026-07-31 18:42:00,PKF,paid_social,paid_social,PKF_US_Meta_Conversions,Lead,
L-72699,2026-05-17 15:02:00,PKF,fb,paid_social,PKF_US_Meta_Conversions,Lead,
L-72626,2026-05-14 17:08:00,PKF,Facebook,paid_social,PKF_US_Meta_Conversions,Lead,
L-71017,2026-07-28 17:47:00,AUR,,,,Lead,
L-81627,2026-05-21 12:33:00,PKF,google,paid_social,(not set),Lead,
L-75453,2026-07-30 13:28:00,NMB,paid_social,paid_social,NMB_US_Meta_Prospecting_2026Q2,Lead,
L-75263,2026-07-15 10:29:00,NMB,paid_social,paid_social,NMB_US_Meta_Prospecting_2026Q2,Lead,
L-77900,2026-06-10 20:37:00,PKF,google,cpc,PKF_US_Search_Brand_2026Q2,Lead,
L-71722,2026-06-28 11:19:00,AUR,paid_social,paid_social,AUR_EU_Meta_Retargeting_2026Q2,Lead,
L-81334,2026-07-11 18:59:00,NMB,,,,Lead,
L-71630,2026-06-16 11:20:00,AUR,paid_social,paid_social,AUR_EU_Meta_Retargeting_2026Q2,Lead,
L-79818,2026-07-27 17:48:00,NMB,google,cpc,NMB_US_Search_Brand_2026Q2,MQL,
L-73705,2026-07-20 08:33:00,PKF,Facebook,paid_social,PKF_US_Meta_Conversions,Lead,
L-81904,2026-06-15 15:08:00,PKF,google,paid_social,(not set),Lead,
L-77944,2026-06-11 13:02:00,PKF,adwords,cpc,PKF_US_Search_Brand_2026Q2,SQL,
L-76354,2026-05-08 11:54:00,AUR,google,cpc,AUR_US_Search_Brand_2026Q2,Lead,
L-79052,2026-07-24 08:30:00,PKF,google,cpc,pkf|nonbrand|search|may26,MQL,
L-78098,2026-06-20 16:42:00,PKF,google,cpc,PKF_US_Search_Brand_2026Q2,Lead,
L-76434,2026-05-18 16:31:00,AUR,,,,MQL,
L-78388,2026-07-12 10:47:00,PKF,Google Ads,cpc,PKF_US_Search_Brand_2026Q2,Lead,
L-81410,2026-05-03 08:20:00,AUR,,,,MQL,
L-76417,2026-05-16 13:22:00,AUR,google,cpc,AUR_US_Search_Brand_2026Q2,SQL,
L-82132,2026-07-06 14:28:00,AUR,google,paid_social,(not set),Lead,
L-78539,2026-07-20 11:22:00,PKF,adwords,cpc,PKF_US_Search_Brand_2026Q2,SQL,
L-76845,2026-07-11 21:18:00,AUR,google,cpc,AUR_US_Search_Brand_2026Q2,Lead,
L-75194,2026-07-09 15:43:00,NMB,,,,Lead,
L-72509,2026-05-05 18:24:00,PKF,meta,paid_social,PKF_US_Meta_Conversions,SQL,
L-80831,2026-06-16 21:29:00,PKF,tiktok,paid_social,PKF_TikTok_Spark_2026Q2,MQL,
L-78383,2026-07-11 14:49:00,PKF,adwords,cpc,PKF_US_Search_Brand_2026Q2,MQL,
L-74304,2026-07-07 14:07:00,PKF,facebook,paid_social,PKF_CA_Meta_Prospecting,Lead,
L-72430,2026-07-29 17:27:00,AUR,fb,paid_social,aurelia|prospecting|meta|may26,Lead,
L-80495,2026-05-01 14:06:00,PKF,,,,Lead,
L-74832,2026-06-04 13:37:00,NMB,paid_social,paid_social,NMB_US_Meta_Prospecting_2026Q2,MQL,
L-80874,2026-06-25 22:42:00,PKF,TikTok,paid_social,PKF_TikTok_Spark_2026Q2,Lead,
L-80174,2026-05-17 13:46:00,AUR,TikTok,paid_social,AUR_TikTok_Prospecting_2026Q2,Lead,
L-75607,2026-05-14 12:45:00,NMB,facebook,paid_social,NMB_US_Meta_Retargeting_2026Q2,Lead,
L-70631,2026-07-01 08:08:00,AUR,,,,Lead,
L-77147,2026-06-03 13:26:00,AUR,,,,MQL,
L-70750,2026-07-08 17:24:00,AUR,,,,Lead,
L-71578,2026-06-12 11:06:00,AUR,,,,Closed Won,8800
L-70301,2026-06-01 19:14:00,AUR,facebook,paid_social,AUR_US_Meta_Prospecting_2026Q2,Lead,
L-78240,2026-06-29 22:05:00,PKF,google,cpc,PKF_US_Search_Brand_2026Q2,MQL,
L-81796,2026-06-04 23:16:00,NMB,google,paid_social,(not set),Lead,
L-76824,2026-07-08 16:46:00,AUR,,,,SQL,
L-73070,2026-06-11 09:55:00,PKF,Facebook,paid_social,PKF_US_Meta_Conversions,Lead,
L-70777,2026-07-11 13:07:00,AUR,,,,MQL,
L-82021,2026-06-25 12:55:00,NMB,google,paid_social,(not set),MQL,
L-81690,2026-05-27 13:05:00,NMB,google,paid_social,(not set),Lead,
L-76629,2026-06-15 12:16:00,AUR,,,,SQL,
L-81684,2026-05-27 21:22:00,PKF,google,paid_social,(not set),MQL,
L-81999,2026-06-23 11:20:00,NMB,google,paid_social,(not set),Lead,
L-76989,2026-07-30 20:00:00,AUR,google,cpc,AUR_US_Search_Brand_2026Q2,Lead,
L-81378,2026-07-27 08:10:00,NMB,tiktok,paid_social,NMB_TikTok_Prospecting_2026Q2,Lead,
L-74296,2026-07-07 19:15:00,PKF,facebook,paid_social,PKF_CA_Meta_Prospecting,MQL,
L-81913,2026-06-16 10:23:00,PKF,google,paid_social,(not set),MQL,
L-74298,2026-07-06 17:14:00,PKF,paid_social,paid_social,PKF_CA_Meta_Prospecting,MQL,
L-72222,2026-06-01 08:16:00,AUR,facebook,paid_social,aurelia|prospecting|meta|may26,MQL,
L-74938,2026-06-14 18:52:00,NMB,fb,paid_social,NMB_US_Meta_Prospecting_2026Q2,Lead,
L-79119,2026-05-06 21:34:00,NMB,google,cpc,NMB_US_Search_Brand_2026Q2,Lead,
L-74913,2026-06-10 14:25:00,NMB,meta,paid_social,NMB_US_Meta_Prospecting_2026Q2,Lead,
L-72697,2026-05-18 08:21:00,PKF,meta,paid_social,PKF_US_Meta_Conversions,Lead,
L-71882,2026-07-10 12:58:00,AUR,,,,Lead,
L-78773,2026-05-17 20:13:00,PKF,,,,Lead,
L-74652,2026-05-20 16:28:00,NMB,paid_social,paid_social,NMB_US_Meta_Prospecting_2026Q2,Closed Won,5200
L-73810,2026-07-29 18:31:00,PKF,facebook,paid_social,PKF_US_Meta_Conversions,Lead,
L-72057,2026-07-26 13:05:00,AUR,,,,Closed Won,5200
L-71633,2026-06-18 16:57:00,AUR,meta,paid_social,AUR_EU_Meta_Retargeting_2026Q2,Lead,
L-73908,2026-05-08 20:46:00,PKF,fb,paid_social,PKF_CA_Meta_Prospecting,Lead,
L-71255,2026-05-16 21:43:00,AUR,,,,MQL,
L-72181,2026-05-20 10:43:00,AUR,,,,Lead,
L-72223,2026-06-03 09:02:00,AUR,,,,Lead,
L-70702,2026-07-06 20:45:00,AUR,,,,MQL,
L-80879,2026-06-23 18:12:00,PKF,TikTok,paid_social,PKF_TikTok_Spark_2026Q2,Lead,
L-70074,2026-05-09 20:30:00,AUR,,,,Lead,
L-72195,2026-05-23 13:52:00,AUR,Facebook,paid_social,aurelia|prospecting|meta|may26,Lead,
L-81496,2026-05-10 15:08:00,NMB,google,paid_social,(not set),Lead,
L-74911,2026-06-11 08:30:00,NMB,facebook,paid_social,NMB_US_Meta_Prospecting_2026Q2,Lead,
L-71329,2026-05-21 09:27:00,AUR,Facebook,paid_social,AUR_EU_Meta_Retargeting_2026Q2,Lead,
L-77104,2026-05-23 13:50:00,AUR,,,,Closed Won,1900
L-71587,2026-06-13 21:24:00,AUR,fb,paid_social,AUR_EU_Meta_Retargeting_2026Q2,MQL,
L-70230,2026-05-23 20:05:00,AUR,Facebook,paid_social,AUR_US_Meta_Prospecting_2026Q2,MQL,
L-79719,2026-07-17 10:20:00,NMB,adwords,cpc,NMB_US_Search_Brand_2026Q2,Lead,
L-74690,2026-05-24 09:55:00,NMB,fb,paid_social,NMB_US_Meta_Prospecting_2026Q2,Lead,
L-74348,2026-07-14 11:31:00,PKF,meta,paid_social,PKF_CA_Meta_Prospecting,Lead,
L-81952,2026-06-19 12:06:00,PKF,google,paid_social,(not set),Lead,
L-78052,2026-06-16 12:00:00,PKF,google,cpc,PKF_US_Search_Brand_2026Q2,Lead,
L-79026,2026-07-20 10:02:00,PKF,Google Ads,cpc,pkf|nonbrand|search|may26,Lead,
L-73698,2026-07-21 11:26:00,PKF,meta,paid_social,PKF_US_Meta_Conversions,MQL,
L-79402,2026-06-09 16:00:00,NMB,google,cpc,NMB_US_Search_Brand_2026Q2,Lead,
L-82095,2026-07-02 16:29:00,PKF,google,paid_social,(not set),Lead,
L-79451,2026-06-17 19:00:00,NMB,google,cpc,NMB_US_Search_Brand_2026Q2,MQL,
L-71818,2026-07-04 17:32:00,AUR,Facebook,paid_social,AUR_EU_Meta_Retargeting_2026Q2,Lead,
L-81396,2026-05-01 15:13:00,PKF,google,paid_social,(not set),Lead,
L-70505,2026-06-21 19:09:00,AUR,,,,Closed Won,8800
L-72141,2026-05-09 18:01:00,AUR,,,,MQL,
L-79075,2026-07-30 15:13:00,PKF,Google Ads,cpc,pkf|nonbrand|search|may26,Lead,
L-72397,2026-07-19 18:29:00,AUR,paid_social,paid_social,aurelia|prospecting|meta|may26,MQL,
L-71971,2026-07-17 20:57:00,AUR,,,,Lead,
L-73265,2026-06-24 21:43:00,PKF,Facebook,paid_social,PKF_US_Meta_Conversions,Lead,
L-71458,2026-06-03 09:30:00,AUR,paid_social,paid_social,AUR_EU_Meta_Retargeting_2026Q2,Lead,
L-72950,2026-06-03 21:58:00,PKF,meta,paid_social,PKF_US_Meta_Conversions,MQL,
L-82401,2026-07-30 23:31:00,PKF,google,paid_social,(not set),MQL,
L-80440,2026-07-17 09:11:00,AUR,,,,MQL,
L-73559,2026-07-10 19:28:00,PKF,,,,Lead,
L-73794,2026-07-28 20:33:00,PKF,facebook,paid_social,PKF_US_Meta_Conversions,MQL,
L-82383,2026-07-28 08:30:00,NMB,google,paid_social,(not set),MQL,
L-78140,2026-06-23 19:51:00,PKF,adwords,cpc,PKF_US_Search_Brand_2026Q2,Lead,
L-71078,2026-05-02 11:16:00,AUR,fb,paid_social,AUR_EU_Meta_Retargeting_2026Q2,MQL,
L-75516,2026-05-05 10:48:00,NMB,meta,paid_social,NMB_US_Meta_Retargeting_2026Q2,Lead,
L-75310,2026-07-17 21:57:00,NMB,Facebook,paid_social,NMB_US_Meta_Prospecting_2026Q2,Lead,
L-77083,2026-05-20 19:46:00,AUR,,,,MQL,
L-71390,2026-05-29 10:21:00,AUR,,,,MQL,
L-81739,2026-05-31 12:09:00,NMB,google,paid_social,(not set),Lead,
L-72155,2026-05-13 22:58:00,AUR,Facebook,paid_social,aurelia|prospecting|meta|may26,Lead,
L-73278,2026-06-25 10:39:00,PKF,paid_social,paid_social,PKF_US_Meta_Conversions,Lead,
L-80346,2026-06-28 08:12:00,AUR,,,,Lead,
L-80392,2026-07-08 18:59:00,AUR,,,,Lead,
L-70414,2026-06-13 12:45:00,AUR,,,,Lead,
L-74834,2026-06-03 15:10:00,NMB,Facebook,paid_social,NMB_US_Meta_Prospecting_2026Q2,Lead,
L-81353,2026-07-17 16:01:00,NMB,TikTok,paid_social,NMB_TikTok_Prospecting_2026Q2,SQL,
L-78023,2026-06-15 20:50:00,PKF,adwords,cpc,PKF_US_Search_Brand_2026Q2,Lead,
L-82155,2026-07-07 11:51:00,NMB,,,,Lead,
L-73147,2026-06-16 17:38:00,PKF,paid_social,paid_social,PKF_US_Meta_Conversions,MQL,
L-78533,2026-07-20 18:55:00,PKF,Google Ads,cpc,PKF_US_Search_Brand_2026Q2,MQL,
L-77228,2026-06-24 18:44:00,AUR,Google Ads,cpc,AUR_EU_Search_NonBrand_2026Q2,SQL,
L-75771,2026-06-02 22:23:00,NMB,meta,paid_social,NMB_US_Meta_Retargeting_2026Q2,SQL,
L-73602,2026-07-13 20:29:00,PKF,Facebook,paid_social,PKF_US_Meta_Conversions,Lead,
L-77870,2026-06-06 18:17:00,PKF,google,cpc,PKF_US_Search_Brand_2026Q2,SQL,
L-80412,2026-07-10 10:39:00,AUR,,,,Closed Won,8800
L-71231,2026-05-15 08:46:00,AUR,meta,paid_social,AUR_EU_Meta_Retargeting_2026Q2,MQL,
L-80596,2026-05-17 11:27:00,PKF,tiktok,paid_social,PKF_TikTok_Spark_2026Q2,MQL,
L-74527,2026-05-07 10:33:00,NMB,Facebook,paid_social,NMB_US_Meta_Prospecting_2026Q2,MQL,
L-74507,2026-05-05 17:54:00,NMB,meta,paid_social,NMB_US_Meta_Prospecting_2026Q2,Lead,
L-72415,2026-07-25 12:36:00,AUR,,,,Lead,
L-78842,2026-05-31 14:04:00,PKF,Google Ads,cpc,pkf|nonbrand|search|may26,Lead,
L-74706,2026-05-23 14:39:00,NMB,meta,paid_social,NMB_US_Meta_Prospecting_2026Q2,Lead,
L-77726,2026-05-26 22:02:00,PKF,google,cpc,PKF_US_Search_Brand_2026Q2,Closed Won,1900
L-76670,2026-06-21 10:51:00,AUR,Google Ads,cpc,AUR_US_Search_Brand_2026Q2,Closed Won,1900
L-77079,2026-05-21 08:35:00,AUR,google,cpc,AUR_EU_Search_NonBrand_2026Q2,Lead,
L-74459,2026-07-30 18:00:00,PKF,meta,paid_social,PKF_CA_Meta_Prospecting,Lead,
L-74831,2026-06-05 10:44:00,NMB,paid_social,paid_social,NMB_US_Meta_Prospecting_2026Q2,Lead,
L-74930,2026-06-13 20:42:00,NMB,Facebook,paid_social,NMB_US_Meta_Prospecting_2026Q2,MQL,
L-80589,2026-05-16 16:50:00,PKF,tiktok,paid_social,PKF_TikTok_Spark_2026Q2,MQL,
L-75459,2026-07-28 17:35:00,NMB,facebook,paid_social,NMB_US_Meta_Prospecting_2026Q2,MQL,
L-73644,2026-07-16 18:18:00,PKF,facebook,paid_social,PKF_US_Meta_Conversions,Lead,
L-76151,2026-07-17 21:25:00,NMB,Facebook,paid_social,NMB_US_Meta_Retargeting_2026Q2,Lead,
L-72139,2026-05-08 12:27:00,AUR,,,,MQL,
L-71537,2026-06-08 13:16:00,AUR,,,,Lead,
L-80236,2026-06-03 17:32:00,AUR,,,,Lead,
L-77459,2026-05-08 15:02:00,PKF,google,cpc,PKF_US_Search_Brand_2026Q2,SQL,
L-80698,2026-05-31 19:30:00,PKF,tiktok,paid_social,PKF_TikTok_Spark_2026Q2,Lead,
L-80603,2026-05-17 13:00:00,PKF,TikTok,paid_social,PKF_TikTok_Spark_2026Q2,Lead,
L-70927,2026-07-20 16:23:00,AUR,meta,paid_social,AUR_US_Meta_Prospecting_2026Q2,Lead,
L-80635,2026-05-23 08:21:00,PKF,tiktok,paid_social,PKF_TikTok_Spark_2026Q2,Lead,
L-75455,2026-07-29 19:06:00,NMB,paid_social,paid_social,NMB_US_Meta_Prospecting_2026Q2,Lead,
L-81021,2026-07-13 09:59:00,PKF,TikTok,paid_social,PKF_TikTok_Spark_2026Q2,Lead,
L-73008,2026-06-08 20:38:00,PKF,meta,paid_social,PKF_US_Meta_Conversions,Lead,
L-82049,2026-06-28 07:06:00,PKF,google,paid_social,(not set),MQL,
L-79746,2026-07-20 22:26:00,NMB,google,cpc,NMB_US_Search_Brand_2026Q2,Lead,
L-82028,2026-06-26 19:42:00,PKF,google,paid_social,(not set),Lead,
L-80679,2026-05-28 13:08:00,PKF,tiktok,paid_social,PKF_TikTok_Spark_2026Q2,Lead,
L-71681,2026-06-22 12:06:00,AUR,facebook,paid_social,AUR_EU_Meta_Retargeting_2026Q2,Lead,
L-74156,2026-06-14 21:24:00,PKF,facebook,paid_social,PKF_CA_Meta_Prospecting,Lead,
L-82136,2026-07-06 12:31:00,PKF,google,paid_social,(not set),Lead,
L-79795,2026-07-23 11:39:00,NMB,Google Ads,cpc,NMB_US_Search_Brand_2026Q2,Closed Won,1900
L-74704,2026-05-25 10:05:00,NMB,fb,paid_social,NMB_US_Meta_Prospecting_2026Q2,Lead,
L-70985,2026-07-26 22:05:00,AUR,,,,MQL,
L-79150,2026-05-12 13:38:00,NMB,,,,Lead,
L-78816,2026-05-27 16:59:00,PKF,adwords,cpc,pkf|nonbrand|search|may26,MQL,
L-75782,2026-06-05 14:44:00,NMB,fb,paid_social,NMB_US_Meta_Retargeting_2026Q2,Lead,
L-77451,2026-05-08 16:48:00,PKF,adwords,cpc,PKF_US_Search_Brand_2026Q2,Lead,
L-80753,2026-06-06 15:10:00,PKF,tiktok,paid_social,PKF_TikTok_Spark_2026Q2,MQL,
L-70075,2026-05-10 21:57:00,AUR,facebook,paid_social,AUR_US_Meta_Prospecting_2026Q2,MQL,
L-80187,2026-05-21 19:25:00,AUR,,,,MQL,
L-79028,2026-07-22 20:04:00,PKF,google,cpc,pkf|nonbrand|search|may26,Lead,
L-72803,2026-05-22 11:21:00,PKF,,,,Lead,
L-80163,2026-05-14 13:06:00,AUR,tiktok,paid_social,AUR_TikTok_Prospecting_2026Q2,Lead,
L-77355,2026-07-26 14:01:00,AUR,,,,SQL,
L-76872,2026-07-14 08:09:00,AUR,adwords,cpc,AUR_US_Search_Brand_2026Q2,MQL,
L-82288,2026-07-20 08:34:00,PKF,google,paid_social,(not set),SQL,
L-73432,2026-07-02 13:57:00,PKF,meta,paid_social,PKF_US_Meta_Conversions,Lead,
L-70657,2026-07-02 09:38:00,AUR,,,,Lead,
L-80119,2026-05-03 08:55:00,AUR,tiktok,paid_social,AUR_TikTok_Prospecting_2026Q2,Lead,
L-76035,2026-07-04 17:50:00,NMB,paid_social,paid_social,NMB_US_Meta_Retargeting_2026Q2,Lead,
L-70229,2026-05-23 16:09:00,AUR,Facebook,paid_social,AUR_US_Meta_Prospecting_2026Q2,Lead,
L-74899,2026-06-09 09:17:00,NMB,paid_social,paid_social,NMB_US_Meta_Prospecting_2026Q2,Lead,
L-71340,2026-05-24 09:33:00,AUR,,,,Lead,
L-82215,2026-07-13 20:28:00,NMB,google,paid_social,(not set),MQL,
L-80036,2026-07-27 14:37:00,NMB,adwords,cpc,NMB_US_PMax_2026Q2,Lead,
L-70303,2026-06-02 17:27:00,AUR,facebook,paid_social,AUR_US_Meta_Prospecting_2026Q2,Lead,
L-80792,2026-06-12 21:47:00,PKF,,,,Lead,
L-75182,2026-07-06 15:53:00,NMB,Facebook,paid_social,NMB_US_Meta_Prospecting_2026Q2,Lead,
L-80153,2026-05-10 19:06:00,AUR,tiktok,paid_social,AUR_TikTok_Prospecting_2026Q2,MQL,
L-81013,2026-07-12 22:41:00,PKF,TikTok,paid_social,PKF_TikTok_Spark_2026Q2,Lead,
L-76593,2026-06-09 16:36:00,AUR,,,,Lead,
L-71753,2026-06-29 09:13:00,AUR,,,,Lead,
L-78747,2026-05-09 08:24:00,PKF,,,,MQL,
L-78604,2026-07-23 09:44:00,PKF,google,cpc,PKF_US_Search_Brand_2026Q2,Closed Won,8800
L-73286,2026-06-25 16:51:00,PKF,fb,paid_social,PKF_US_Meta_Conversions,Lead,
L-81569,2026-05-16 14:14:00,PKF,google,paid_social,(not set),SQL,
L-79641,2026-07-08 20:23:00,NMB,google,cpc,NMB_US_Search_Brand_2026Q2,Lead,
L-81852,2026-06-10 19:15:00,PKF,google,paid_social,(not set),MQL,
L-71680,2026-06-22 21:44:00,AUR,,,,Lead,
L-76663,2026-06-19 16:37:00,AUR,google,cpc,AUR_US_Search_Brand_2026Q2,Lead,
L-71960,2026-07-15 12:16:00,AUR,meta,paid_social,AUR_EU_Meta_Retargeting_2026Q2,Lead,
L-79280,2026-05-28 11:50:00,NMB,google,cpc,NMB_US_Search_Brand_2026Q2,SQL,
L-79062,2026-07-28 17:34:00,PKF,adwords,cpc,pkf|nonbrand|search|may26,MQL,
L-72126,2026-05-02 19:03:00,AUR,,,,Closed Won,5200
L-75748,2026-05-30 12:16:00,NMB,,,,Lead,
L-77679,2026-05-24 08:34:00,PKF,adwords,cpc,PKF_US_Search_Brand_2026Q2,Lead,
L-80017,2026-07-16 19:54:00,NMB,google,cpc,NMB_US_PMax_2026Q2,Closed Won,1900
L-73772,2026-07-25 16:57:00,PKF,,,,SQL,
L-75879,2026-06-15 18:23:00,NMB,meta,paid_social,NMB_US_Meta_Retargeting_2026Q2,SQL,
L-75355,2026-07-22 11:45:00,NMB,meta,paid_social,NMB_US_Meta_Prospecting_2026Q2,MQL,
L-71021,2026-07-29 15:58:00,AUR,,,,MQL,
L-78071,2026-06-19 09:52:00,PKF,google,cpc,PKF_US_Search_Brand_2026Q2,Lead,
L-72771,2026-05-21 22:47:00,PKF,facebook,paid_social,PKF_US_Meta_Conversions,MQL,
L-81358,2026-07-22 13:12:00,NMB,TikTok,paid_social,NMB_TikTok_Prospecting_2026Q2,Lead,
L-76094,2026-07-11 10:24:00,NMB,,,,Lead,
L-78920,2026-06-25 13:17:00,PKF,,,,Lead,
L-79958,2026-06-13 09:35:00,NMB,adwords,cpc,NMB_US_PMax_2026Q2,MQL,
L-77546,2026-05-14 10:37:00,PKF,,,,SQL,
L-80134,2026-05-06 08:59:00,AUR,,,,Lead,
L-75416,2026-07-26 17:24:00,NMB,Facebook,paid_social,NMB_US_Meta_Prospecting_2026Q2,MQL,
L-70053,2026-05-07 13:25:00,AUR,,,,Lead,
L-81606,2026-05-20 14:13:00,AUR,,,,Lead,
L-79836,2026-07-29 13:32:00,NMB,Google Ads,cpc,NMB_US_Search_Brand_2026Q2,MQL,
L-81709,2026-05-28 22:44:00,NMB,,,,Lead,
L-82199,2026-07-11 12:48:00,NMB,,,,Closed Won,3600
L-75109,2026-06-29 12:04:00,NMB,Facebook,paid_social,NMB_US_Meta_Prospecting_2026Q2,Lead,
L-77780,2026-05-30 11:31:00,PKF,adwords,cpc,PKF_US_Search_Brand_2026Q2,MQL,
L-77122,2026-05-27 08:12:00,AUR,google,cpc,AUR_EU_Search_NonBrand_2026Q2,Lead,
L-75403,2026-07-25 19:16:00,NMB,facebook,paid_social,NMB_US_Meta_Prospecting_2026Q2,SQL,
L-79019,2026-07-19 16:53:00,PKF,google,cpc,pkf|nonbrand|search|may26,Lead,
L-82208,2026-07-13 22:59:00,AUR,,,,Closed Won,2400
L-74150,2026-06-14 09:35:00,PKF,fb,paid_social,PKF_CA_Meta_Prospecting,MQL,
L-76473,2026-05-23 18:13:00,AUR,adwords,cpc,AUR_US_Search_Brand_2026Q2,MQL,
L-77775,2026-05-31 18:36:00,PKF,,,,Lead,
L-77076,2026-05-19 13:10:00,AUR,,,,Closed Won,5200
L-74611,2026-05-14 15:44:00,NMB,paid_social,paid_social,NMB_US_Meta_Prospecting_2026Q2,MQL,
L-81816,2026-06-07 18:37:00,PKF,google,paid_social,(not set),Lead,
L-74809,2026-06-02 15:46:00,NMB,paid_social,paid_social,NMB_US_Meta_Prospecting_2026Q2,Lead,
L-71379,2026-05-26 13:23:00,AUR,,,,MQL,
L-78507,2026-07-19 14:54:00,PKF,google,cpc,PKF_US_Search_Brand_2026Q2,MQL,
L-80171,2026-05-17 11:21:00,AUR,,,,Lead,
L-77193,2026-06-15 19:54:00,AUR,,,,Lead,
L-79672,2026-07-12 17:21:00,NMB,adwords,cpc,NMB_US_Search_Brand_2026Q2,Lead,
L-81615,2026-05-20 09:09:00,NMB,,,,Lead,
L-79191,2026-05-16 21:56:00,NMB,Google Ads,cpc,NMB_US_Search_Brand_2026Q2,Lead,
L-79334,2026-06-04 12:59:00,NMB,adwords,cpc,NMB_US_Search_Brand_2026Q2,SQL,
L-78844,2026-06-03 11:14:00,PKF,,,,Lead,
L-70738,2026-07-07 19:42:00,AUR,facebook,paid_social,AUR_US_Meta_Prospecting_2026Q2,Lead,
L-73666,2026-07-18 14:02:00,PKF,meta,paid_social,PKF_US_Meta_Conversions,Lead,
L-72328,2026-07-04 13:03:00,AUR,facebook,paid_social,aurelia|prospecting|meta|may26,SQL,
L-78021,2026-06-17 15:09:00,PKF,adwords,cpc,PKF_US_Search_Brand_2026Q2,SQL,
L-78513,2026-07-19 12:06:00,PKF,Google Ads,cpc,PKF_US_Search_Brand_2026Q2,MQL,
L-72951,2026-06-04 11:51:00,PKF,meta,paid_social,PKF_US_Meta_Conversions,Lead,
L-72564,2026-05-08 21:35:00,PKF,paid_social,paid_social,PKF_US_Meta_Conversions,Lead,
L-79165,2026-05-11 16:38:00,NMB,adwords,cpc,NMB_US_Search_Brand_2026Q2,MQL,
L-71275,2026-05-18 10:59:00,AUR,paid_social,paid_social,AUR_EU_Meta_Retargeting_2026Q2,MQL,
L-77046,2026-05-13 15:21:00,AUR,google,cpc,AUR_EU_Search_NonBrand_2026Q2,MQL,
L-74457,2026-07-29 20:53:00,PKF,fb,paid_social,PKF_CA_Meta_Prospecting,Lead,
L-73425,2026-07-02 15:01:00,PKF,meta,paid_social,PKF_US_Meta_Conversions,Lead,
L-78156,2026-06-24 11:23:00,PKF,,,,Lead,
L-79722,2026-07-16 08:05:00,NMB,google,cpc,NMB_US_Search_Brand_2026Q2,Lead,
L-80146,2026-05-09 15:17:00,AUR,TikTok,paid_social,AUR_TikTok_Prospecting_2026Q2,MQL,
L-70746,2026-07-09 16:43:00,AUR,,,,Lead,
L-77978,2026-06-13 11:17:00,PKF,Google Ads,cpc,PKF_US_Search_Brand_2026Q2,MQL,
L-81836,2026-06-09 18:53:00,PKF,google,paid_social,(not set),Lead,
L-75276,2026-07-15 20:03:00,NMB,meta,paid_social,NMB_US_Meta_Prospecting_2026Q2,MQL,
L-78543,2026-07-22 22:49:00,PKF,google,cpc,PKF_US_Search_Brand_2026Q2,MQL,
L-76178,2026-07-21 10:12:00,NMB,paid_social,paid_social,NMB_US_Meta_Retargeting_2026Q2,Lead,
L-75000,2026-06-18 10:13:00,NMB,facebook,paid_social,NMB_US_Meta_Prospecting_2026Q2,Lead,
L-72638,2026-05-14 21:31:00,PKF,fb,paid_social,PKF_US_Meta_Conversions,Lead,
L-74088,2026-06-04 09:26:00,PKF,,,,Lead,
L-77361,2026-07-29 18:12:00,AUR,,,,Lead,
L-75709,2026-05-27 21:47:00,NMB,fb,paid_social,NMB_US_Meta_Retargeting_2026Q2,MQL,
L-71750,2026-06-28 18:19:00,AUR,meta,paid_social,AUR_EU_Meta_Retargeting_2026Q2,MQL,
L-70604,2026-06-29 18:16:00,AUR,paid_social,paid_social,AUR_US_Meta_Prospecting_2026Q2,Lead,
L-76922,2026-07-20 21:42:00,AUR,,,,Lead,
L-78320,2026-07-06 10:48:00,PKF,adwords,cpc,PKF_US_Search_Brand_2026Q2,Lead,
L-72263,2026-06-14 11:51:00,AUR,facebook,paid_social,aurelia|prospecting|meta|may26,Lead,
L-74868,2026-06-07 08:55:00,NMB,,,,Closed Won,8800
L-80524,2026-05-07 10:51:00,PKF,TikTok,paid_social,PKF_TikTok_Spark_2026Q2,Lead,
L-75550,2026-05-09 18:20:00,NMB,facebook,paid_social,NMB_US_Meta_Retargeting_2026Q2,Lead,
L-70501,2026-06-20 19:05:00,AUR,,,,Lead,
L-71149,2026-05-08 09:55:00,AUR,Facebook,paid_social,AUR_EU_Meta_Retargeting_2026Q2,MQL,
L-78856,2026-06-05 09:17:00,PKF,Google Ads,cpc,pkf|nonbrand|search|may26,SQL,
L-71931,2026-07-14 17:05:00,AUR,fb,paid_social,AUR_EU_Meta_Retargeting_2026Q2,Lead,
L-80391,2026-07-08 19:09:00,AUR,tiktok,paid_social,AUR_TikTok_Prospecting_2026Q2,Lead,
L-80166,2026-05-15 13:27:00,AUR,,,,Lead,
L-73924,2026-05-09 08:31:00,PKF,fb,paid_social,PKF_CA_Meta_Prospecting,MQL,
L-73495,2026-07-08 13:33:00,PKF,,,,Lead,
L-77489,2026-05-11 21:43:00,PKF,adwords,cpc,PKF_US_Search_Brand_2026Q2,Lead,
L-76059,2026-07-08 22:43:00,NMB,,,,Lead,
L-81951,2026-06-19 13:29:00,PKF,google,paid_social,(not set),MQL,
L-76921,2026-07-21 11:07:00,AUR,google,cpc,AUR_US_Search_Brand_2026Q2,SQL,
L-72235,2026-06-05 22:28:00,AUR,,,,Lead,
L-81540,2026-05-14 22:19:00,PKF,google,paid_social,(not set),Lead,
L-72625,2026-05-13 17:14:00,PKF,meta,paid_social,PKF_US_Meta_Conversions,Lead,
L-79892,2026-05-15 22:17:00,NMB,,,,Lead,
L-79928,2026-05-31 18:04:00,NMB,adwords,cpc,NMB_US_PMax_2026Q2,Lead,
L-72486,2026-05-04 13:22:00,PKF,paid_social,paid_social,PKF_US_Meta_Conversions,Lead,
L-82237,2026-07-15 12:35:00,PKF,google,paid_social,(not set),Lead,
L-76967,2026-07-28 12:06:00,AUR,,,,Lead,
L-73751,2026-07-25 12:11:00,PKF,meta,paid_social,PKF_US_Meta_Conversions,MQL,
L-76646,2026-06-17 22:04:00,AUR,,,,Closed Won,1900
L-70720,2026-07-08 17:51:00,AUR,,,,MQL,
L-73378,2026-06-29 17:39:00,PKF,paid_social,paid_social,PKF_US_Meta_Conversions,Lead,
L-74082,2026-06-03 18:32:00,PKF,Facebook,paid_social,PKF_CA_Meta_Prospecting,MQL,
L-73781,2026-07-25 16:53:00,PKF,paid_social,paid_social,PKF_US_Meta_Conversions,MQL,
L-72436,2026-07-31 12:12:00,AUR,,,,Lead,
L-72519,2026-05-06 17:18:00,PKF,meta,paid_social,PKF_US_Meta_Conversions,Lead,
L-79034,2026-07-22 10:55:00,PKF,Google Ads,cpc,pkf|nonbrand|search|may26,Lead,
L-80207,2026-05-24 19:45:00,AUR,,,,Lead,
L-78510,2026-07-18 08:43:00,PKF,Google Ads,cpc,PKF_US_Search_Brand_2026Q2,MQL,
L-74084,2026-06-04 10:59:00,PKF,,,,Lead,
L-78063,2026-06-17 09:21:00,PKF,google,cpc,PKF_US_Search_Brand_2026Q2,MQL,
L-70914,2026-07-20 13:53:00,AUR,,,,Lead,
L-77028,2026-05-07 12:30:00,AUR,,,,Lead,
L-71532,2026-06-09 20:08:00,AUR,Facebook,paid_social,AUR_EU_Meta_Retargeting_2026Q2,MQL,
L-78953,2026-07-02 08:40:00,PKF,adwords,cpc,pkf|nonbrand|search|may26,Lead,
L-74450,2026-07-29 13:32:00,PKF,fb,paid_social,PKF_CA_Meta_Prospecting,Lead,
L-79497,2026-06-21 15:19:00,NMB,Google Ads,cpc,NMB_US_Search_Brand_2026Q2,Lead,
L-75475,2026-07-29 13:40:00,NMB,paid_social,paid_social,NMB_US_Meta_Prospecting_2026Q2,Lead,
L-78406,2026-07-14 12:29:00,PKF,google,cpc,PKF_US_Search_Brand_2026Q2,Lead,
L-82194,2026-07-11 17:05:00,AUR,,,,MQL,
L-81404,2026-05-02 20:37:00,PKF,google,paid_social,(not set),Lead,
L-70489,2026-06-19 20:41:00,AUR,,,,SQL,
L-75977,2026-06-28 19:44:00,NMB,fb,paid_social,NMB_US_Meta_Retargeting_2026Q2,Lead,
L-72385,2026-07-17 16:28:00,AUR,fb,paid_social,aurelia|prospecting|meta|may26,Lead,
L-71992,2026-07-19 08:10:00,AUR,meta,paid_social,AUR_EU_Meta_Retargeting_2026Q2,Lead,
L-72332,2026-07-04 21:01:00,AUR,paid_social,paid_social,aurelia|prospecting|meta|may26,MQL,
L-71389,2026-05-28 17:51:00,AUR,,,,Lead,
L-77573,2026-05-16 17:02:00,PKF,google,cpc,PKF_US_Search_Brand_2026Q2,Lead,
L-79073,2026-07-30 09:12:00,PKF,,,,Lead,
L-81986,2026-06-22 14:12:00,NMB,google,paid_social,(not set),Lead,
L-74140,2026-06-12 10:13:00,PKF,paid_social,paid_social,PKF_CA_Meta_Prospecting,Lead,
L-77306,2026-07-12 22:52:00,AUR,google,cpc,AUR_EU_Search_NonBrand_2026Q2,SQL,
L-70127,2026-05-16 21:19:00,AUR,,,,Lead,
L-71157,2026-05-08 15:40:00,AUR,fb,paid_social,AUR_EU_Meta_Retargeting_2026Q2,MQL,
L-80041,2026-07-29 08:27:00,NMB,google,cpc,NMB_US_PMax_2026Q2,MQL,
L-80095,2026-05-10 10:23:00,PKF,Google Ads,cpc,PKF_US_Video_Test_C,Lead,
L-80395,2026-07-09 19:28:00,AUR,TikTok,paid_social,AUR_TikTok_Prospecting_2026Q2,Lead,
L-70597,2026-06-28 09:15:00,AUR,,,,SQL,
L-71105,2026-05-06 20:18:00,AUR,fb,paid_social,AUR_EU_Meta_Retargeting_2026Q2,Lead,
L-76944,2026-07-23 12:08:00,AUR,google,cpc,AUR_US_Search_Brand_2026Q2,Lead,
L-70203,2026-05-21 09:29:00,AUR,,,,MQL,
L-79878,2026-05-06 20:22:00,NMB,adwords,cpc,NMB_US_PMax_2026Q2,Lead,
L-75762,2026-05-31 20:45:00,NMB,facebook,paid_social,NMB_US_Meta_Retargeting_2026Q2,MQL,
L-82329,2026-07-23 17:20:00,PKF,google,paid_social,(not set),SQL,
L-81251,2026-06-05 08:17:00,NMB,,,,Lead,
L-74503,2026-05-06 20:34:00,NMB,paid_social,paid_social,NMB_US_Meta_Prospecting_2026Q2,Lead,
L-76832,2026-07-09 08:39:00,AUR,google,cpc,AUR_US_Search_Brand_2026Q2,MQL,
L-73267,2026-06-24 19:05:00,PKF,meta,paid_social,PKF_US_Meta_Conversions,Lead,
L-72659,2026-05-16 11:58:00,PKF,paid_social,paid_social,PKF_US_Meta_Conversions,Lead,
L-71114,2026-05-05 16:37:00,AUR,,,,Lead,
L-71579,2026-06-12 15:10:00,AUR,,,,Lead,
L-71608,2026-06-16 20:19:00,AUR,Facebook,paid_social,AUR_EU_Meta_Retargeting_2026Q2,Lead,
L-81474,2026-05-08 20:00:00,PKF,google,paid_social,(not set),Lead,
L-75418,2026-07-25 14:32:00,NMB,,,,MQL,
L-76068,2026-07-07 19:18:00,NMB,Facebook,paid_social,NMB_US_Meta_Retargeting_2026Q2,MQL,
L-81277,2026-06-16 13:51:00,NMB,TikTok,paid_social,NMB_TikTok_Prospecting_2026Q2,MQL,
L-73505,2026-07-08 18:53:00,PKF,,,,MQL,
L-71482,2026-06-05 19:26:00,AUR,,,,Lead,
L-74344,2026-07-13 13:20:00,PKF,Facebook,paid_social,PKF_CA_Meta_Prospecting,Lead,
L-72272,2026-06-15 15:39:00,AUR,,,,Lead,
L-70168,2026-05-21 09:15:00,AUR,,,,Lead,
L-78380,2026-07-10 08:28:00,PKF,adwords,cpc,PKF_US_Search_Brand_2026Q2,Lead,
L-77412,2026-05-05 19:29:00,PKF,adwords,cpc,PKF_US_Search_Brand_2026Q2,Closed Won,8800
L-81071,2026-07-17 16:52:00,PKF,TikTok,paid_social,PKF_TikTok_Spark_2026Q2,Lead,
L-75380,2026-07-24 18:45:00,NMB,paid_social,paid_social,NMB_US_Meta_Prospecting_2026Q2,Lead,
L-76418,2026-05-18 15:34:00,AUR,google,cpc,AUR_US_Search_Brand_2026Q2,MQL,
L-82045,2026-06-28 07:07:00,PKF,google,paid_social,(not set),Lead,
L-79332,2026-06-02 12:58:00,NMB,Google Ads,cpc,NMB_US_Search_Brand_2026Q2,MQL,
L-74594,2026-05-15 09:26:00,NMB,paid_social,paid_social,NMB_US_Meta_Prospecting_2026Q2,Lead,
L-80843,2026-06-20 16:48:00,PKF,TikTok,paid_social,PKF_TikTok_Spark_2026Q2,Closed Won,2400
L-78696,2026-07-31 22:54:00,PKF,adwords,cpc,PKF_US_Search_Brand_2026Q2,SQL,
L-77336,2026-07-20 22:55:00,AUR,,,,MQL,
L-71996,2026-07-21 09:52:00,AUR,,,,Lead,
L-71422,2026-05-30 22:59:00,AUR,,,,Lead,
L-71180,2026-05-11 21:57:00,AUR,fb,paid_social,AUR_EU_Meta_Retargeting_2026Q2,Lead,
L-74795,2026-06-01 12:34:00,NMB,fb,paid_social,NMB_US_Meta_Prospecting_2026Q2,Lead,
L-79237,2026-05-21 09:39:00,NMB,google,cpc,NMB_US_Search_Brand_2026Q2,MQL,
L-76588,2026-06-09 19:33:00,AUR,adwords,cpc,AUR_US_Search_Brand_2026Q2,SQL,
L-75463,2026-07-30 14:08:00,NMB,meta,paid_social,NMB_US_Meta_Prospecting_2026Q2,Lead,
L-79699,2026-07-13 18:17:00,NMB,google,cpc,NMB_US_Search_Brand_2026Q2,Lead,
L-72004,2026-07-22 10:00:00,AUR,Facebook,paid_social,AUR_EU_Meta_Retargeting_2026Q2,Lead,
L-81538,2026-05-14 15:26:00,PKF,,,,Lead,
L-78425,2026-07-13 14:57:00,PKF,google,cpc,PKF_US_Search_Brand_2026Q2,MQL,
L-78028,2026-06-16 08:36:00,PKF,adwords,cpc,PKF_US_Search_Brand_2026Q2,MQL,
L-72062,2026-07-24 12:44:00,AUR,paid_social,paid_social,AUR_EU_Meta_Retargeting_2026Q2,Lead,
L-70893,2026-07-20 18:29:00,AUR,,,,Lead,
L-79205,2026-05-15 17:42:00,NMB,Google Ads,cpc,NMB_US_Search_Brand_2026Q2,Closed Won,1900
L-82371,2026-07-27 11:43:00,PKF,,,,Lead,
L-77249,2026-06-29 15:05:00,AUR,,,,Lead,
L-70765,2026-07-09 09:38:00,AUR,,,,MQL,
L-72999,2026-06-05 20:59:00,PKF,meta,paid_social,PKF_US_Meta_Conversions,MQL,
L-70275,2026-05-31 15:48:00,AUR,meta,paid_social,AUR_US_Meta_Prospecting_2026Q2,Lead,
L-73911,2026-05-07 08:54:00,PKF,Facebook,paid_social,PKF_CA_Meta_Prospecting,MQL,
L-73621,2026-07-15 14:56:00,PKF,fb,paid_social,PKF_US_Meta_Conversions,Lead,
L-80712,2026-05-31 18:14:00,PKF,TikTok,paid_social,PKF_TikTok_Spark_2026Q2,Lead,
L-79009,2026-07-17 16:58:00,PKF,adwords,cpc,pkf|nonbrand|search|may26,Closed Won,8800
L-79849,2026-07-30 20:14:00,NMB,google,cpc,NMB_US_Search_Brand_2026Q2,Lead,
L-81121,2026-07-23 16:09:00,PKF,TikTok,paid_social,PKF_TikTok_Spark_2026Q2,Lead,
L-77221,2026-06-23 22:05:00,AUR,,,,MQL,
L-71888,2026-07-12 22:58:00,AUR,paid_social,paid_social,AUR_EU_Meta_Retargeting_2026Q2,Lead,
L-79868,2026-07-31 08:49:00,NMB,google,cpc,NMB_US_Search_Brand_2026Q2,Lead,
L-75351,2026-07-22 15:53:00,NMB,facebook,paid_social,NMB_US_Meta_Prospecting_2026Q2,MQL,
L-75650,2026-05-21 09:16:00,NMB,meta,paid_social,NMB_US_Meta_Retargeting_2026Q2,Lead,
L-70024,2026-05-04 09:14:00,AUR,,,,Lead,
L-78163,2026-06-23 22:27:00,PKF,google,cpc,PKF_US_Search_Brand_2026Q2,MQL,
L-70735,2026-07-09 10:28:00,AUR,,,,Lead,
L-76025,2026-07-03 15:59:00,NMB,Facebook,paid_social,NMB_US_Meta_Retargeting_2026Q2,Lead,
L-81168,2026-05-01 20:51:00,NMB,TikTok,paid_social,NMB_TikTok_Prospecting_2026Q2,Lead,
L-72366,2026-07-09 15:57:00,AUR,,,,Lead,
L-70462,2026-06-17 08:43:00,AUR,meta,paid_social,AUR_US_Meta_Prospecting_2026Q2,Lead,
L-77257,2026-07-01 09:45:00,AUR,,,,Lead,
L-81477,2026-05-08 09:59:00,PKF,google,paid_social,(not set),Lead,
L-80380,2026-07-05 13:48:00,AUR,,,,MQL,
L-70687,2026-07-04 08:24:00,AUR,,,,Lead,
L-73693,2026-07-21 13:42:00,PKF,meta,paid_social,PKF_US_Meta_Conversions,Lead,
L-75117,2026-07-01 11:09:00,NMB,meta,paid_social,NMB_US_Meta_Prospecting_2026Q2,Lead,
L-79448,2026-06-16 18:00:00,NMB,google,cpc,NMB_US_Search_Brand_2026Q2,Lead,
L-72100,2026-07-30 21:26:00,AUR,Facebook,paid_social,AUR_EU_Meta_Retargeting_2026Q2,MQL,
L-76730,2026-06-25 17:51:00,AUR,,,,Lead,
L-76782,2026-07-03 12:40:00,AUR,google,cpc,AUR_US_Search_Brand_2026Q2,Lead,
L-81408,2026-05-02 18:52:00,NMB,google,paid_social,(not set),SQL,
L-70394,2026-06-12 08:18:00,AUR,fb,paid_social,AUR_US_Meta_Prospecting_2026Q2,Lead,
L-71409,2026-05-29 11:47:00,AUR,fb,paid_social,AUR_EU_Meta_Retargeting_2026Q2,Lead,
L-73031,2026-06-10 16:25:00,PKF,paid_social,paid_social,PKF_US_Meta_Conversions,Lead,
L-80720,2026-06-01 09:16:00,PKF,TikTok,paid_social,PKF_TikTok_Spark_2026Q2,MQL,
L-76929,2026-07-23 16:13:00,AUR,,,,MQL,
L-75452,2026-07-30 16:57:00,NMB,facebook,paid_social,NMB_US_Meta_Prospecting_2026Q2,MQL,
L-78045,2026-06-17 19:28:00,PKF,google,cpc,PKF_US_Search_Brand_2026Q2,Lead,
L-70036,2026-05-05 19:49:00,AUR,fb,paid_social,AUR_US_Meta_Prospecting_2026Q2,Lead,
L-72615,2026-05-12 18:19:00,PKF,,,,MQL,
L-78150,2026-06-23 12:23:00,PKF,adwords,cpc,PKF_US_Search_Brand_2026Q2,MQL,
L-81426,2026-05-04 09:30:00,PKF,google,paid_social,(not set),Lead,
L-79911,2026-05-26 19:14:00,NMB,google,cpc,NMB_US_PMax_2026Q2,Lead,
L-71902,2026-07-11 20:22:00,AUR,,,,SQL,
L-81655,2026-05-24 16:33:00,PKF,google,paid_social,(not set),MQL,
L-76942,2026-07-25 19:24:00,AUR,,,,Lead,
L-73899,2026-05-08 18:27:00,PKF,fb,paid_social,PKF_CA_Meta_Prospecting,Lead,
L-74971,2026-06-18 10:49:00,NMB,,,,Lead,
L-75857,2026-06-14 19:40:00,NMB,paid_social,paid_social,NMB_US_Meta_Retargeting_2026Q2,Lead,
L-78993,2026-07-11 19:33:00,PKF,Google Ads,cpc,pkf|nonbrand|search|may26,Lead,
L-75021,2026-06-20 15:02:00,NMB,fb,paid_social,NMB_US_Meta_Prospecting_2026Q2,MQL,
L-80908,2026-06-27 10:52:00,PKF,TikTok,paid_social,PKF_TikTok_Spark_2026Q2,Lead,
L-73510,2026-07-08 13:09:00,PKF,,,,Lead,
L-72842,2026-05-27 14:16:00,PKF,Facebook,paid_social,PKF_US_Meta_Conversions,MQL,
L-80186,2026-05-22 12:04:00,AUR,,,,Lead,
L-81127,2026-07-26 12:38:00,PKF,TikTok,paid_social,PKF_TikTok_Spark_2026Q2,Lead,
L-74878,2026-06-09 10:38:00,NMB,,,,Lead,
L-79395,2026-06-08 14:23:00,NMB,Google Ads,cpc,NMB_US_Search_Brand_2026Q2,Lead,
L-73683,2026-07-20 18:58:00,PKF,,,,Lead,
L-75445,2026-07-29 15:03:00,NMB,fb,paid_social,NMB_US_Meta_Prospecting_2026Q2,Lead,
L-79148,2026-05-12 19:02:00,NMB,adwords,cpc,NMB_US_Search_Brand_2026Q2,Lead,
L-79647,2026-07-10 17:44:00,NMB,Google Ads,cpc,NMB_US_Search_Brand_2026Q2,Closed Won,3600
L-72658,2026-05-15 09:02:00,PKF,facebook,paid_social,PKF_US_Meta_Conversions,MQL,
L-73222,2026-06-21 19:49:00,PKF,paid_social,paid_social,PKF_US_Meta_Conversions,Lead,
L-78118,2026-06-21 21:51:00,PKF,Google Ads,cpc,PKF_US_Search_Brand_2026Q2,Lead,
L-79238,2026-05-22 20:23:00,NMB,google,cpc,NMB_US_Search_Brand_2026Q2,Lead,
L-77375,2026-07-31 21:59:00,AUR,google,cpc,AUR_EU_Search_NonBrand_2026Q2,SQL,
L-82236,2026-07-15 14:18:00,AUR,google,paid_social,(not set),MQL,
L-76529,2026-05-30 09:12:00,AUR,,,,Lead,
L-71823,2026-07-03 13:49:00,AUR,,,,MQL,
L-71896,2026-07-11 14:13:00,AUR,,,,MQL,
L-74204,2026-06-24 11:58:00,PKF,facebook,paid_social,PKF_CA_Meta_Prospecting,Lead,
L-75033,2026-06-21 16:10:00,NMB,Facebook,paid_social,NMB_US_Meta_Prospecting_2026Q2,MQL,
L-80496,2026-05-03 08:54:00,PKF,tiktok,paid_social,PKF_TikTok_Spark_2026Q2,Lead,
L-71617,2026-06-16 20:50:00,AUR,,,,Lead,
L-81592,2026-05-18 15:34:00,NMB,,,,Lead,
L-81847,2026-06-10 11:57:00,PKF,google,paid_social,(not set),Lead,
L-76936,2026-07-24 10:56:00,AUR,,,,Lead,
L-77656,2026-05-22 18:35:00,PKF,Google Ads,cpc,PKF_US_Search_Brand_2026Q2,MQL,
L-79164,2026-05-12 09:02:00,NMB,Google Ads,cpc,NMB_US_Search_Brand_2026Q2,Lead,
L-79123,2026-05-07 16:49:00,NMB,adwords,cpc,NMB_US_Search_Brand_2026Q2,Lead,
L-75833,2026-06-09 19:50:00,NMB,paid_social,paid_social,NMB_US_Meta_Retargeting_2026Q2,MQL,
L-78622,2026-07-25 13:17:00,PKF,google,cpc,PKF_US_Search_Brand_2026Q2,Lead,
L-72370,2026-07-10 19:44:00,AUR,,,,MQL,
L-78463,2026-07-16 18:42:00,PKF,Google Ads,cpc,PKF_US_Search_Brand_2026Q2,MQL,
L-79265,2026-05-24 13:10:00,NMB,Google Ads,cpc,NMB_US_Search_Brand_2026Q2,MQL,
L-81327,2026-07-10 09:26:00,NMB,tiktok,paid_social,NMB_TikTok_Prospecting_2026Q2,Lead,
L-74355,2026-07-16 18:44:00,PKF,fb,paid_social,PKF_CA_Meta_Prospecting,Lead,
L-70782,2026-07-11 15:31:00,AUR,,,,Lead,
L-80040,2026-07-27 17:02:00,NMB,google,cpc,NMB_US_PMax_2026Q2,Lead,
L-73467,2026-07-07 09:09:00,PKF,facebook,paid_social,PKF_US_Meta_Conversions,Lead,
L-73753,2026-07-24 17:23:00,PKF,Facebook,paid_social,PKF_US_Meta_Conversions,MQL,
L-79668,2026-07-10 22:58:00,NMB,Google Ads,cpc,NMB_US_Search_Brand_2026Q2,SQL,
L-78107,2026-06-22 15:06:00,PKF,google,cpc,PKF_US_Search_Brand_2026Q2,Lead,
L-79381,2026-06-07 15:37:00,NMB,Google Ads,cpc,NMB_US_Search_Brand_2026Q2,SQL,
L-73545,2026-07-09 22:21:00,PKF,,,,Lead,
L-82197,2026-07-11 11:39:00,PKF,google,paid_social,(not set),Lead,
L-81979,2026-06-22 08:06:00,PKF,google,paid_social,(not set),Lead,
L-74444,2026-07-27 21:29:00,PKF,fb,paid_social,PKF_CA_Meta_Prospecting,Lead,
L-78819,2026-05-27 08:12:00,PKF,adwords,cpc,pkf|nonbrand|search|may26,Closed Won,5200
L-79417,2026-06-10 10:43:00,NMB,google,cpc,NMB_US_Search_Brand_2026Q2,Lead,
L-71541,2026-06-10 08:34:00,AUR,,,,MQL,
L-80671,2026-05-28 13:26:00,PKF,,,,Lead,
L-71023,2026-07-28 21:43:00,AUR,fb,paid_social,AUR_US_Meta_Prospecting_2026Q2,MQL,
L-78384,2026-07-11 20:47:00,PKF,google,cpc,PKF_US_Search_Brand_2026Q2,Lead,
L-76194,2026-07-23 19:56:00,NMB,paid_social,paid_social,NMB_US_Meta_Retargeting_2026Q2,Lead,
L-71348,2026-05-25 18:06:00,AUR,,,,Lead,
L-71709,2026-06-25 10:58:00,AUR,meta,paid_social,AUR_EU_Meta_Retargeting_2026Q2,Lead,
L-73738,2026-07-23 22:33:00,PKF,facebook,paid_social,PKF_US_Meta_Conversions,Lead,
L-77961,2026-06-12 09:55:00,PKF,google,cpc,PKF_US_Search_Brand_2026Q2,Lead,
L-78778,2026-05-19 17:53:00,PKF,google,cpc,pkf|nonbrand|search|may26,SQL,
L-70984,2026-07-26 08:42:00,AUR,Facebook,paid_social,AUR_US_Meta_Prospecting_2026Q2,MQL,
L-76410,2026-05-15 12:11:00,AUR,,,,Lead,
L-75358,2026-07-22 12:03:00,NMB,Facebook,paid_social,NMB_US_Meta_Prospecting_2026Q2,Lead,
L-78781,2026-05-20 19:04:00,PKF,google,cpc,pkf|nonbrand|search|may26,MQL,
L-73071,2026-06-12 10:51:00,PKF,Facebook,paid_social,PKF_US_Meta_Conversions,Lead,
L-78181,2026-06-25 08:42:00,PKF,adwords,cpc,PKF_US_Search_Brand_2026Q2,Lead,
L-81005,2026-07-11 13:35:00,PKF,tiktok,paid_social,PKF_TikTok_Spark_2026Q2,Lead,
L-76499,2026-05-25 15:05:00,AUR,,,,SQL,
L-81083,2026-07-19 16:02:00,PKF,tiktok,paid_social,PKF_TikTok_Spark_2026Q2,Lead,
L-75845,2026-06-12 20:11:00,NMB,facebook,paid_social,NMB_US_Meta_Retargeting_2026Q2,Lead,
L-75151,2026-07-02 17:15:00,NMB,facebook,paid_social,NMB_US_Meta_Prospecting_2026Q2,Lead,
L-75363,2026-07-23 17:52:00,NMB,meta,paid_social,NMB_US_Meta_Prospecting_2026Q2,Lead,
L-78740,2026-05-08 11:25:00,PKF,,,,Closed Won,1900
L-80503,2026-05-04 22:30:00,PKF,tiktok,paid_social,PKF_TikTok_Spark_2026Q2,Lead,
L-77894,2026-06-07 14:20:00,PKF,google,cpc,PKF_US_Search_Brand_2026Q2,MQL,
L-81661,2026-05-25 11:23:00,AUR,,,,Lead,
L-73389,2026-07-01 18:21:00,PKF,,,,Lead,
L-73974,2026-05-17 16:03:00,PKF,meta,paid_social,PKF_CA_Meta_Prospecting,MQL,
L-73557,2026-07-11 22:31:00,PKF,,,,Lead,
L-72234,2026-06-04 08:06:00,AUR,facebook,paid_social,aurelia|prospecting|meta|may26,Lead,
L-74041,2026-05-25 21:42:00,PKF,facebook,paid_social,PKF_CA_Meta_Prospecting,MQL,
L-76480,2026-05-23 15:11:00,AUR,Google Ads,cpc,AUR_US_Search_Brand_2026Q2,Lead,
L-81452,2026-05-06 13:48:00,PKF,google,paid_social,(not set),Lead,
L-80208,2026-05-24 18:42:00,AUR,tiktok,paid_social,AUR_TikTok_Prospecting_2026Q2,Lead,
L-73983,2026-05-17 20:10:00,PKF,fb,paid_social,PKF_CA_Meta_Prospecting,MQL,
L-76870,2026-07-15 21:06:00,AUR,adwords,cpc,AUR_US_Search_Brand_2026Q2,Lead,
L-71835,2026-07-07 13:18:00,AUR,,,,MQL,
L-72764,2026-05-21 10:10:00,PKF,,,,Lead,
L-70789,2026-07-11 20:19:00,AUR,,,,Lead,
L-78132,2026-06-23 11:53:00,PKF,google,cpc,PKF_US_Search_Brand_2026Q2,MQL,
L-79901,2026-05-20 11:45:00,NMB,adwords,cpc,NMB_US_PMax_2026Q2,Closed Won,8800
L-70992,2026-07-28 08:24:00,AUR,fb,paid_social,AUR_US_Meta_Prospecting_2026Q2,Lead,
L-75755,2026-05-31 08:40:00,NMB,Facebook,paid_social,NMB_US_Meta_Retargeting_2026Q2,Lead,
L-78216,2026-06-27 08:12:00,PKF,adwords,cpc,PKF_US_Search_Brand_2026Q2,MQL,
L-71878,2026-07-10 14:18:00,AUR,,,,Lead,
L-74964,2026-06-17 17:46:00,NMB,facebook,paid_social,NMB_US_Meta_Prospecting_2026Q2,Lead,
L-75038,2026-06-22 21:14:00,NMB,paid_social,paid_social,NMB_US_Meta_Prospecting_2026Q2,SQL,
L-75156,2026-07-02 16:46:00,NMB,fb,paid_social,NMB_US_Meta_Prospecting_2026Q2,MQL,
L-82139,2026-07-06 18:18:00,NMB,google,paid_social,(not set),MQL,
L-80517,2026-05-07 18:13:00,PKF,tiktok,paid_social,PKF_TikTok_Spark_2026Q2,Lead,
L-75674,2026-05-22 22:17:00,NMB,facebook,paid_social,NMB_US_Meta_Retargeting_2026Q2,Lead,
L-77101,2026-05-24 13:46:00,AUR,google,cpc,AUR_EU_Search_NonBrand_2026Q2,SQL,
L-79396,2026-06-08 19:33:00,NMB,,,,Lead,
L-75959,2026-06-26 15:47:00,NMB,fb,paid_social,NMB_US_Meta_Retargeting_2026Q2,Lead,
L-77422,2026-05-05 15:14:00,PKF,adwords,cpc,PKF_US_Search_Brand_2026Q2,SQL,
L-75825,2026-06-09 20:15:00,NMB,facebook,paid_social,NMB_US_Meta_Retargeting_2026Q2,Lead,
L-73724,2026-07-21 13:31:00,PKF,Facebook,paid_social,PKF_US_Meta_Conversions,Lead,
L-73610,2026-07-15 21:49:00,PKF,meta,paid_social,PKF_US_Meta_Conversions,Lead,
L-74600,2026-05-15 21:36:00,NMB,facebook,paid_social,NMB_US_Meta_Prospecting_2026Q2,Lead,
L-76603,2026-06-11 21:13:00,AUR,Google Ads,cpc,AUR_US_Search_Brand_2026Q2,SQL,
L-78743,2026-05-09 20:04:00,PKF,,,,Lead,
L-80091,2026-07-28 13:26:00,AUR,google,cpc,AUR_US_Video_Test_B,Lead,
L-78676,2026-07-29 09:04:00,PKF,google,cpc,PKF_US_Search_Brand_2026Q2,SQL,
L-81373,2026-07-27 20:38:00,NMB,TikTok,paid_social,NMB_TikTok_Prospecting_2026Q2,MQL,
L-74465,2026-05-01 09:41:00,NMB,facebook,paid_social,NMB_US_Meta_Prospecting_2026Q2,MQL,
L-74397,2026-07-20 19:06:00,PKF,paid_social,paid_social,PKF_CA_Meta_Prospecting,Lead,
L-77777,2026-05-31 17:18:00,PKF,Google Ads,cpc,PKF_US_Search_Brand_2026Q2,Lead,
L-80264,2026-06-09 16:35:00,AUR,,,,Lead,
L-81585,2026-05-18 23:01:00,AUR,google,paid_social,(not set),Lead,
L-73041,2026-06-10 15:21:00,PKF,meta,paid_social,PKF_US_Meta_Conversions,MQL,
L-74912,2026-06-11 18:29:00,NMB,fb,paid_social,NMB_US_Meta_Prospecting_2026Q2,Lead,
L-79229,2026-05-22 16:18:00,NMB,adwords,cpc,NMB_US_Search_Brand_2026Q2,Lead,
L-70546,2026-06-23 10:15:00,AUR,facebook,paid_social,AUR_US_Meta_Prospecting_2026Q2,Lead,
L-77635,2026-05-22 22:38:00,PKF,google,cpc,PKF_US_Search_Brand_2026Q2,Lead,
L-75727,2026-05-29 13:20:00,NMB,meta,paid_social,NMB_US_Meta_Retargeting_2026Q2,MQL,
L-78524,2026-07-19 16:02:00,PKF,google,cpc,PKF_US_Search_Brand_2026Q2,Closed Won,2400
L-70125,2026-05-15 18:26:00,AUR,,,,Lead,
L-82361,2026-07-26 18:58:00,NMB,google,paid_social,(not set),Lead,
L-71022,2026-07-29 20:47:00,AUR,,,,Lead,
L-75685,2026-05-22 09:28:00,NMB,meta,paid_social,NMB_US_Meta_Retargeting_2026Q2,Lead,
L-71067,2026-05-02 13:15:00,AUR,,,,MQL,
L-70948,2026-07-23 21:30:00,AUR,,,,MQL,
L-80293,2026-06-16 12:24:00,AUR,tiktok,paid_social,AUR_TikTok_Prospecting_2026Q2,Lead,
L-76695,2026-06-22 09:23:00,AUR,,,,Lead,
L-73305,2026-06-26 10:52:00,PKF,meta,paid_social,PKF_US_Meta_Conversions,Lead,
L-78040,2026-06-17 22:32:00,PKF,Google Ads,cpc,PKF_US_Search_Brand_2026Q2,Lead,
L-80457,2026-07-23 18:32:00,AUR,TikTok,paid_social,AUR_TikTok_Prospecting_2026Q2,Lead,
L-72254,2026-06-09 21:43:00,AUR,facebook,paid_social,aurelia|prospecting|meta|may26,Closed Won,2400
L-81141,2026-07-29 18:42:00,PKF,TikTok,paid_social,PKF_TikTok_Spark_2026Q2,MQL,
L-73914,2026-05-08 20:53:00,PKF,fb,paid_social,PKF_CA_Meta_Prospecting,Lead,
L-77581,2026-05-17 17:59:00,PKF,google,cpc,PKF_US_Search_Brand_2026Q2,SQL,
L-79004,2026-07-15 19:01:00,PKF,Google Ads,cpc,pkf|nonbrand|search|may26,MQL,
L-71988,2026-07-20 22:56:00,AUR,,,,Lead,
L-77751,2026-05-28 22:20:00,PKF,google,cpc,PKF_US_Search_Brand_2026Q2,Lead,
L-74044,2026-05-25 22:59:00,PKF,paid_social,paid_social,PKF_CA_Meta_Prospecting,Lead,
L-81815,2026-06-07 13:08:00,PKF,google,paid_social,(not set),SQL,
L-77614,2026-05-19 14:39:00,PKF,adwords,cpc,PKF_US_Search_Brand_2026Q2,Lead,
L-70574,2026-06-25 16:54:00,AUR,,,,MQL,
L-78648,2026-07-26 13:24:00,PKF,google,cpc,PKF_US_Search_Brand_2026Q2,Lead,
L-71531,2026-06-08 11:05:00,AUR,Facebook,paid_social,AUR_EU_Meta_Retargeting_2026Q2,Lead,
L-70090,2026-05-11 14:26:00,AUR,,,,Lead,
L-76705,2026-06-24 20:52:00,AUR,,,,MQL,
L-75142,2026-07-03 09:12:00,NMB,facebook,paid_social,NMB_US_Meta_Prospecting_2026Q2,Lead,
L-78403,2026-07-13 16:29:00,PKF,google,cpc,PKF_US_Search_Brand_2026Q2,MQL,
L-76684,2026-06-22 10:57:00,AUR,,,,MQL,
L-78535,2026-07-21 18:28:00,PKF,adwords,cpc,PKF_US_Search_Brand_2026Q2,Lead,
L-75804,2026-06-07 15:16:00,NMB,Facebook,paid_social,NMB_US_Meta_Retargeting_2026Q2,MQL,
L-71649,2026-06-20 12:35:00,AUR,,,,Lead,
L-81489,2026-05-09 09:26:00,NMB,google,paid_social,(not set),Lead,
L-77189,2026-06-12 17:29:00,AUR,,,,MQL,
L-82299,2026-07-21 14:14:00,AUR,google,paid_social,(not set),SQL,
L-73708,2026-07-21 08:36:00,PKF,meta,paid_social,PKF_US_Meta_Conversions,Lead,
L-76862,2026-07-13 09:03:00,AUR,,,,MQL,
L-70701,2026-07-04 20:42:00,AUR,,,,Lead,
L-81335,2026-07-13 12:36:00,NMB,tiktok,paid_social,NMB_TikTok_Prospecting_2026Q2,Lead,
L-72428,2026-07-29 12:00:00,AUR,,,,SQL,
L-74121,2026-06-09 10:26:00,PKF,facebook,paid_social,PKF_CA_Meta_Prospecting,Lead,
L-74256,2026-07-01 13:03:00,PKF,meta,paid_social,PKF_CA_Meta_Prospecting,Lead,
L-72354,2026-07-09 09:56:00,AUR,,,,Lead,
L-73539,2026-07-11 14:19:00,PKF,,,,Lead,
L-70250,2026-05-28 19:40:00,AUR,,,,MQL,
L-71245,2026-05-17 21:14:00,AUR,Facebook,paid_social,AUR_EU_Meta_Retargeting_2026Q2,Lead,
L-79616,2026-07-07 22:01:00,NMB,google,cpc,NMB_US_Search_Brand_2026Q2,Closed Won,8800
L-72023,2026-07-21 19:11:00,AUR,paid_social,paid_social,AUR_EU_Meta_Retargeting_2026Q2,Lead,
L-72197,2026-05-25 18:35:00,AUR,,,,MQL,
L-76866,2026-07-13 20:31:00,AUR,,,,Lead,
L-80103,2026-06-05 17:11:00,PKF,google,cpc,PKF_US_Video_Test_C,MQL,
L-80292,2026-06-17 20:23:00,AUR,,,,MQL,
L-71998,2026-07-20 16:14:00,AUR,,,,Lead,
L-70795,2026-07-11 18:40:00,AUR,,,,SQL,
L-81872,2026-06-12 22:07:00,AUR,,,,Closed Won,2400
L-70996,2026-07-26 08:03:00,AUR,,,,Lead,
L-71439,2026-06-01 10:36:00,AUR,paid_social,paid_social,AUR_EU_Meta_Retargeting_2026Q2,Lead,
L-72706,2026-05-18 11:05:00,PKF,fb,paid_social,PKF_US_Meta_Conversions,Lead,
L-77074,2026-05-20 21:11:00,AUR,,,,Closed Won,1900
L-73256,2026-06-24 10:35:00,PKF,facebook,paid_social,PKF_US_Meta_Conversions,MQL,
L-73950,2026-05-12 14:03:00,PKF,fb,paid_social,PKF_CA_Meta_Prospecting,Lead,
L-79159,2026-05-12 19:29:00,NMB,Google Ads,cpc,NMB_US_Search_Brand_2026Q2,Lead,
L-76389,2026-05-12 16:15:00,AUR,Google Ads,cpc,AUR_US_Search_Brand_2026Q2,Lead,
L-73110,2026-06-13 22:51:00,PKF,paid_social,paid_social,PKF_US_Meta_Conversions,Lead,
L-72277,2026-06-19 14:16:00,AUR,fb,paid_social,aurelia|prospecting|meta|may26,Lead,
L-76047,2026-07-06 16:00:00,NMB,paid_social,paid_social,NMB_US_Meta_Retargeting_2026Q2,Lead,
L-71113,2026-05-07 16:21:00,AUR,facebook,paid_social,AUR_EU_Meta_Retargeting_2026Q2,MQL,
L-80666,2026-05-25 22:01:00,PKF,TikTok,paid_social,PKF_TikTok_Spark_2026Q2,MQL,
L-73756,2026-07-25 08:46:00,PKF,meta,paid_social,PKF_US_Meta_Conversions,MQL,
L-70530,2026-06-24 21:09:00,AUR,meta,paid_social,AUR_US_Meta_Prospecting_2026Q2,Closed Won,1900
L-80437,2026-07-17 10:09:00,AUR,tiktok,paid_social,AUR_TikTok_Prospecting_2026Q2,Lead,
L-71714,2026-06-26 11:09:00,AUR,paid_social,paid_social,AUR_EU_Meta_Retargeting_2026Q2,Lead,
L-78752,2026-05-12 10:47:00,PKF,google,cpc,pkf|nonbrand|search|may26,Lead,
L-76724,2026-06-25 10:58:00,AUR,,,,MQL,
L-76809,2026-07-08 14:25:00,AUR,adwords,cpc,AUR_US_Search_Brand_2026Q2,Lead,
L-79512,2026-06-25 19:37:00,NMB,google,cpc,NMB_US_Search_Brand_2026Q2,SQL,
L-75990,2026-06-29 17:06:00,NMB,facebook,paid_social,NMB_US_Meta_Retargeting_2026Q2,Lead,
L-78169,2026-06-25 18:20:00,PKF,google,cpc,PKF_US_Search_Brand_2026Q2,Lead,
L-79800,2026-07-25 09:22:00,NMB,adwords,cpc,NMB_US_Search_Brand_2026Q2,MQL,
L-80509,2026-05-06 15:33:00,PKF,,,,MQL,
L-72253,2026-06-09 22:48:00,AUR,,,,Closed Won,3600
L-71563,2026-06-10 14:13:00,AUR,,,,Lead,
L-78713,2026-05-03 14:28:00,PKF,google,cpc,pkf|nonbrand|search|may26,Lead,
L-73126,2026-06-15 22:04:00,PKF,meta,paid_social,PKF_US_Meta_Conversions,Lead,
L-73546,2026-07-10 08:12:00,PKF,,,,Lead,
L-71477,2026-06-03 17:28:00,AUR,,,,Lead,
L-80911,2026-06-28 12:57:00,PKF,tiktok,paid_social,PKF_TikTok_Spark_2026Q2,Lead,
L-79111,2026-05-05 10:20:00,NMB,Google Ads,cpc,NMB_US_Search_Brand_2026Q2,Lead,
L-76177,2026-07-20 19:52:00,NMB,paid_social,paid_social,NMB_US_Meta_Retargeting_2026Q2,Lead,
L-70906,2026-07-22 10:05:00,AUR,meta,paid_social,AUR_US_Meta_Prospecting_2026Q2,MQL,
L-74309,2026-07-08 08:03:00,PKF,,,,Lead,
L-73635,2026-07-16 12:40:00,PKF,meta,paid_social,PKF_US_Meta_Conversions,Lead,
L-73865,2026-05-01 13:18:00,PKF,meta,paid_social,PKF_CA_Meta_Prospecting,Lead,
L-70548,2026-06-24 15:05:00,AUR,,,,Lead,
L-73405,2026-07-02 08:43:00,PKF,paid_social,paid_social,PKF_US_Meta_Conversions,MQL,
L-78325,2026-07-07 09:08:00,PKF,google,cpc,PKF_US_Search_Brand_2026Q2,MQL,
L-73170,2026-06-19 15:39:00,PKF,,,,MQL,
L-80774,2026-06-09 13:06:00,PKF,TikTok,paid_social,PKF_TikTok_Spark_2026Q2,Lead,
L-73303,2026-06-26 15:51:00,PKF,paid_social,paid_social,PKF_US_Meta_Conversions,Lead,
L-71045,2026-07-31 19:27:00,AUR,,,,Lead,
L-70009,2026-05-02 17:29:00,AUR,,,,MQL,
L-70145,2026-05-18 11:16:00,AUR,,,,Lead,
L-74047,2026-05-25 09:49:00,PKF,Facebook,paid_social,PKF_CA_Meta_Prospecting,MQL,
L-71312,2026-05-20 22:30:00,AUR,paid_social,paid_social,AUR_EU_Meta_Retargeting_2026Q2,Lead,
L-75701,2026-05-24 11:52:00,NMB,meta,paid_social,NMB_US_Meta_Retargeting_2026Q2,SQL,
L-79240,2026-05-23 16:56:00,NMB,google,cpc,NMB_US_Search_Brand_2026Q2,Lead,
L-81479,2026-05-08 07:36:00,NMB,google,paid_social,(not set),MQL,
L-80233,2026-06-01 21:35:00,AUR,,,,Lead,
L-75690,2026-05-23 20:48:00,NMB,fb,paid_social,NMB_US_Meta_Retargeting_2026Q2,Lead,
L-70207,2026-05-23 18:20:00,AUR,fb,paid_social,AUR_US_Meta_Prospecting_2026Q2,Lead,
L-72645,2026-05-15 13:26:00,PKF,meta,paid_social,PKF_US_Meta_Conversions,Lead,
L-76830,2026-07-09 10:28:00,AUR,google,cpc,AUR_US_Search_Brand_2026Q2,Lead,
L-81189,2026-05-08 10:53:00,NMB,tiktok,paid_social,NMB_TikTok_Prospecting_2026Q2,SQL,
L-75157,2026-07-02 10:49:00,NMB,meta,paid_social,NMB_US_Meta_Prospecting_2026Q2,Lead,
L-81384,2026-07-30 20:55:00,NMB,tiktok,paid_social,NMB_TikTok_Prospecting_2026Q2,Lead,
L-80963,2026-07-05 20:28:00,PKF,tiktok,paid_social,PKF_TikTok_Spark_2026Q2,Lead,
L-78085,2026-06-20 21:57:00,PKF,google,cpc,PKF_US_Search_Brand_2026Q2,Lead,
L-82107,2026-07-03 18:24:00,NMB,google,paid_social,(not set),Lead,
L-76338,2026-05-08 13:51:00,AUR,,,,SQL,
L-82281,2026-07-19 22:00:00,PKF,google,paid_social,(not set),SQL,
L-78625,2026-07-26 19:41:00,PKF,adwords,cpc,PKF_US_Search_Brand_2026Q2,Lead,
L-72777,2026-05-23 10:57:00,PKF,meta,paid_social,PKF_US_Meta_Conversions,Lead,
L-76263,2026-07-28 22:55:00,NMB,fb,paid_social,NMB_US_Meta_Retargeting_2026Q2,Lead,
L-71491,2026-06-04 15:29:00,AUR,paid_social,paid_social,AUR_EU_Meta_Retargeting_2026Q2,Lead,
L-78995,2026-07-11 16:00:00,PKF,Google Ads,cpc,pkf|nonbrand|search|may26,Lead,
L-80168,2026-05-15 08:50:00,AUR,TikTok,paid_social,AUR_TikTok_Prospecting_2026Q2,SQL,
L-72410,2026-07-25 14:22:00,AUR,paid_social,paid_social,aurelia|prospecting|meta|may26,Closed Won,3600
L-79424,2026-06-13 16:13:00,NMB,google,cpc,NMB_US_Search_Brand_2026Q2,MQL,
L-70186,2026-05-22 15:11:00,AUR,,,,MQL,
L-71887,2026-07-12 17:52:00,AUR,,,,Lead,
L-71961,2026-07-15 20:22:00,AUR,,,,Lead,
L-80732,2026-06-03 15:53:00,PKF,tiktok,paid_social,PKF_TikTok_Spark_2026Q2,Lead,
L-70387,2026-06-10 10:52:00,AUR,Facebook,paid_social,AUR_US_Meta_Prospecting_2026Q2,Lead,
L-80156,2026-05-13 11:19:00,AUR,,,,MQL,
L-82355,2026-07-26 13:20:00,AUR,google,paid_social,(not set),Lead,
L-77511,2026-05-12 11:40:00,PKF,google,cpc,PKF_US_Search_Brand_2026Q2,SQL,
L-77970,2026-06-13 08:58:00,PKF,google,cpc,PKF_US_Search_Brand_2026Q2,MQL,
L-75321,2026-07-18 16:16:00,NMB,Facebook,paid_social,NMB_US_Meta_Prospecting_2026Q2,Lead,
L-70276,2026-05-31 11:16:00,AUR,,,,Lead,
L-80469,2026-07-25 16:58:00,AUR,tiktok,paid_social,AUR_TikTok_Prospecting_2026Q2,MQL,
L-74042,2026-05-26 16:48:00,PKF,facebook,paid_social,PKF_CA_Meta_Prospecting,Lead,
L-70741,2026-07-08 20:24:00,AUR,,,,MQL,
L-79605,2026-07-05 14:14:00,NMB,google,cpc,NMB_US_Search_Brand_2026Q2,Lead,
L-71355,2026-05-25 13:02:00,AUR,Facebook,paid_social,AUR_EU_Meta_Retargeting_2026Q2,Lead,
L-73527,2026-07-09 18:39:00,PKF,,,,Lead,
L-72855,2026-05-26 22:12:00,PKF,paid_social,paid_social,PKF_US_Meta_Conversions,Lead,
L-74292,2026-07-06 16:23:00,PKF,meta,paid_social,PKF_CA_Meta_Prospecting,Lead,
L-74407,2026-07-23 19:03:00,PKF,facebook,paid_social,PKF_CA_Meta_Prospecting,Lead,
L-75838,2026-06-09 20:23:00,NMB,facebook,paid_social,NMB_US_Meta_Retargeting_2026Q2,Lead,
L-71839,2026-07-07 12:52:00,AUR,,,,Lead,
L-77021,2026-05-07 08:55:00,AUR,google,cpc,AUR_EU_Search_NonBrand_2026Q2,MQL,
L-73823,2026-07-29 10:01:00,PKF,paid_social,paid_social,PKF_US_Meta_Conversions,SQL,
L-73961,2026-05-14 10:59:00,PKF,fb,paid_social,PKF_CA_Meta_Prospecting,Lead,
L-73696,2026-07-20 10:02:00,PKF,facebook,paid_social,PKF_US_Meta_Conversions,SQL,
L-80913,2026-06-29 19:22:00,PKF,TikTok,paid_social,PKF_TikTok_Spark_2026Q2,SQL,
L-77191,2026-06-14 18:11:00,AUR,Google Ads,cpc,AUR_EU_Search_NonBrand_2026Q2,Lead,
L-72893,2026-05-30 15:37:00,PKF,paid_social,paid_social,PKF_US_Meta_Conversions,Lead,
L-76034,2026-07-03 09:01:00,NMB,Facebook,paid_social,NMB_US_Meta_Retargeting_2026Q2,Lead,
L-78076,2026-06-18 08:54:00,PKF,,,,Lead,
L-79206,2026-05-17 09:35:00,NMB,adwords,cpc,NMB_US_Search_Brand_2026Q2,Lead,
L-79561,2026-07-01 18:35:00,NMB,google,cpc,NMB_US_Search_Brand_2026Q2,Closed Won,1900
L-77330,2026-07-19 21:39:00,AUR,Google Ads,cpc,AUR_EU_Search_NonBrand_2026Q2,MQL,
L-74905,2026-06-11 09:26:00,NMB,meta,paid_social,NMB_US_Meta_Prospecting_2026Q2,Lead,
L-73889,2026-05-06 12:40:00,PKF,meta,paid_social,PKF_CA_Meta_Prospecting,MQL,
L-80943,2026-07-03 20:03:00,PKF,tiktok,paid_social,PKF_TikTok_Spark_2026Q2,Lead,
L-81233,2026-05-25 21:10:00,NMB,tiktok,paid_social,NMB_TikTok_Prospecting_2026Q2,Lead,
L-71940,2026-07-16 18:49:00,AUR,paid_social,paid_social,AUR_EU_Meta_Retargeting_2026Q2,Lead,
L-73676,2026-07-17 21:22:00,PKF,paid_social,paid_social,PKF_US_Meta_Conversions,Lead,
L-74929,2026-06-14 14:06:00,NMB,facebook,paid_social,NMB_US_Meta_Prospecting_2026Q2,MQL,
L-76198,2026-07-22 10:15:00,NMB,Facebook,paid_social,NMB_US_Meta_Retargeting_2026Q2,Lead,
L-79588,2026-07-02 18:33:00,NMB,google,cpc,NMB_US_Search_Brand_2026Q2,Lead,
L-77063,2026-05-17 11:40:00,AUR,,,,Closed Won,2400
L-81840,2026-06-09 23:28:00,NMB,google,paid_social,(not set),MQL,
L-70653,2026-07-01 09:50:00,AUR,meta,paid_social,AUR_US_Meta_Prospecting_2026Q2,MQL,
L-73290,2026-06-24 15:49:00,PKF,fb,paid_social,PKF_US_Meta_Conversions,MQL,
L-70231,2026-05-25 12:31:00,AUR,,,,Lead,
L-76590,2026-06-09 19:05:00,AUR,,,,Lead,
L-75989,2026-06-30 20:07:00,NMB,Facebook,paid_social,NMB_US_Meta_Retargeting_2026Q2,Lead,
L-72400,2026-07-20 12:40:00,AUR,,,,Lead,
L-78657,2026-07-27 18:40:00,PKF,google,cpc,PKF_US_Search_Brand_2026Q2,MQL,
L-76596,2026-06-08 10:40:00,AUR,Google Ads,cpc,AUR_US_Search_Brand_2026Q2,SQL,
L-73029,2026-06-09 12:33:00,PKF,facebook,paid_social,PKF_US_Meta_Conversions,Lead,
L-74786,2026-05-31 13:51:00,NMB,paid_social,paid_social,NMB_US_Meta_Prospecting_2026Q2,MQL,
L-79701,2026-07-15 20:13:00,NMB,google,cpc,NMB_US_Search_Brand_2026Q2,SQL,
L-76666,2026-06-20 20:45:00,AUR,adwords,cpc,AUR_US_Search_Brand_2026Q2,Closed Won,5200
L-77186,2026-06-14 13:07:00,AUR,,,,SQL,
L-79462,2026-06-18 18:51:00,NMB,adwords,cpc,NMB_US_Search_Brand_2026Q2,Lead,
L-77137,2026-05-30 22:20:00,AUR,adwords,cpc,AUR_EU_Search_NonBrand_2026Q2,Lead,
L-74598,2026-05-14 21:52:00,NMB,Facebook,paid_social,NMB_US_Meta_Prospecting_2026Q2,SQL,
L-74517,2026-05-05 09:20:00,NMB,Facebook,paid_social,NMB_US_Meta_Prospecting_2026Q2,MQL,
L-76732,2026-06-26 20:08:00,AUR,,,,MQL,
L-71637,2026-06-17 20:50:00,AUR,,,,MQL,
L-71166,2026-05-09 13:16:00,AUR,paid_social,paid_social,AUR_EU_Meta_Retargeting_2026Q2,Lead,
L-72054,2026-07-24 09:36:00,AUR,,,,Lead,
L-79768,2026-07-23 18:08:00,NMB,google,cpc,NMB_US_Search_Brand_2026Q2,Lead,
L-78286,2026-07-02 15:09:00,PKF,google,cpc,PKF_US_Search_Brand_2026Q2,MQL,
L-73514,2026-07-10 21:51:00,PKF,,,,Lead,
L-74510,2026-05-05 18:08:00,NMB,fb,paid_social,NMB_US_Meta_Prospecting_2026Q2,Lead,
L-73306,2026-06-24 13:12:00,PKF,fb,paid_social,PKF_US_Meta_Conversions,Lead,
L-81754,2026-06-01 20:32:00,NMB,google,paid_social,(not set),Lead,
L-79691,2026-07-15 17:48:00,NMB,Google Ads,cpc,NMB_US_Search_Brand_2026Q2,Closed Won,3600
L-70198,2026-05-21 11:02:00,AUR,fb,paid_social,AUR_US_Meta_Prospecting_2026Q2,MQL,
L-77988,2026-06-14 18:08:00,PKF,adwords,cpc,PKF_US_Search_Brand_2026Q2,MQL,
L-80502,2026-05-02 22:33:00,PKF,TikTok,paid_social,PKF_TikTok_Spark_2026Q2,Lead,
L-81383,2026-07-29 15:08:00,NMB,TikTok,paid_social,NMB_TikTok_Prospecting_2026Q2,Lead,
L-76699,2026-06-25 19:39:00,AUR,,,,Lead,
L-80220,2026-05-27 21:24:00,AUR,tiktok,paid_social,AUR_TikTok_Prospecting_2026Q2,SQL,
L-71291,2026-05-20 12:56:00,AUR,Facebook,paid_social,AUR_EU_Meta_Retargeting_2026Q2,MQL,
L-76299,2026-06-13 17:02:00,NMB,,,,Lead,
L-76218,2026-07-23 16:24:00,NMB,paid_social,paid_social,NMB_US_Meta_Retargeting_2026Q2,Lead,
L-78765,2026-05-15 08:27:00,PKF,google,cpc,pkf|nonbrand|search|may26,Closed Won,2400
L-73454,2026-07-06 20:44:00,PKF,meta,paid_social,PKF_US_Meta_Conversions,Lead,
L-77545,2026-05-15 16:36:00,PKF,google,cpc,PKF_US_Search_Brand_2026Q2,MQL,
L-80170,2026-05-17 17:10:00,AUR,,,,MQL,
L-78370,2026-07-09 11:32:00,PKF,adwords,cpc,PKF_US_Search_Brand_2026Q2,Lead,
L-70693,2026-07-05 08:28:00,AUR,paid_social,paid_social,AUR_US_Meta_Prospecting_2026Q2,Lead,
L-75389,2026-07-22 20:43:00,NMB,facebook,paid_social,NMB_US_Meta_Prospecting_2026Q2,SQL,
L-79038,2026-07-23 18:12:00,PKF,Google Ads,cpc,pkf|nonbrand|search|may26,SQL,
L-76220,2026-07-24 16:28:00,NMB,meta,paid_social,NMB_US_Meta_Retargeting_2026Q2,MQL,
L-73233,2026-06-23 21:46:00,PKF,fb,paid_social,PKF_US_Meta_Conversions,SQL,
L-71730,2026-06-26 13:47:00,AUR,paid_social,paid_social,AUR_EU_Meta_Retargeting_2026Q2,Lead,
L-79992,2026-06-29 14:05:00,NMB,google,cpc,NMB_US_PMax_2026Q2,MQL,
L-72077,2026-07-27 08:21:00,AUR,meta,paid_social,AUR_EU_Meta_Retargeting_2026Q2,Lead,
L-74738,2026-05-28 17:11:00,NMB,facebook,paid_social,NMB_US_Meta_Prospecting_2026Q2,MQL,
L-73537,2026-07-11 12:53:00,PKF,,,,Lead,
L-73703,2026-07-21 17:43:00,PKF,paid_social,paid_social,PKF_US_Meta_Conversions,Lead,
L-76715,2026-06-26 08:02:00,AUR,,,,Lead,
L-81409,2026-05-03 10:29:00,AUR,,,,Lead,
L-79508,2026-06-23 16:05:00,NMB,Google Ads,cpc,NMB_US_Search_Brand_2026Q2,Lead,
L-70349,2026-06-07 13:37:00,AUR,,,,MQL,
L-80199,2026-05-23 09:10:00,AUR,,,,Lead,
L-79309,2026-05-31 21:59:00,NMB,google,cpc,NMB_US_Search_Brand_2026Q2,Lead,
L-72457,2026-05-02 09:49:00,PKF,paid_social,paid_social,PKF_US_Meta_Conversions,Closed Won,5200
L-77603,2026-05-20 10:50:00,PKF,google,cpc,PKF_US_Search_Brand_2026Q2,Closed Won,8800
L-73733,2026-07-24 13:53:00,PKF,meta,paid_social,PKF_US_Meta_Conversions,MQL,
L-82393,2026-07-29 21:53:00,NMB,google,paid_social,(not set),MQL,
L-77105,2026-05-24 11:12:00,AUR,,,,SQL,
L-81256,2026-06-04 21:35:00,NMB,tiktok,paid_social,NMB_TikTok_Prospecting_2026Q2,Lead,
L-71025,2026-07-29 14:08:00,AUR,,,,Lead,
L-77636,2026-05-20 15:35:00,PKF,adwords,cpc,PKF_US_Search_Brand_2026Q2,Lead,
L-79944,2026-06-05 17:31:00,NMB,Google Ads,cpc,NMB_US_PMax_2026Q2,Lead,
L-70748,2026-07-10 18:31:00,AUR,,,,Lead,
L-73213,2026-06-20 17:16:00,PKF,facebook,paid_social,PKF_US_Meta_Conversions,MQL,
L-73270,2026-06-24 13:32:00,PKF,,,,Lead,
L-72853,2026-05-26 09:52:00,PKF,paid_social,paid_social,PKF_US_Meta_Conversions,Lead,
L-80331,2026-06-24 14:09:00,AUR,,,,Lead,
L-77084,2026-05-21 09:42:00,AUR,,,,MQL,
L-74802,2026-06-02 19:42:00,NMB,meta,paid_social,NMB_US_Meta_Prospecting_2026Q2,MQL,
L-74168,2026-06-16 18:39:00,PKF,paid_social,paid_social,PKF_CA_Meta_Prospecting,Lead,
L-71290,2026-05-19 22:03:00,AUR,,,,Closed Won,8800
L-75070,2026-06-26 20:55:00,NMB,meta,paid_social,NMB_US_Meta_Prospecting_2026Q2,Lead,
L-74245,2026-06-30 12:45:00,PKF,facebook,paid_social,PKF_CA_Meta_Prospecting,Lead,
L-78443,2026-07-13 16:15:00,PKF,,,,MQL,
L-81755,2026-06-01 18:27:00,NMB,google,paid_social,(not set),SQL,
L-75806,2026-06-07 22:22:00,NMB,Facebook,paid_social,NMB_US_Meta_Retargeting_2026Q2,SQL,
L-77677,2026-05-23 15:29:00,PKF,google,cpc,PKF_US_Search_Brand_2026Q2,Lead,
L-77315,2026-07-16 22:33:00,AUR,google,cpc,AUR_EU_Search_NonBrand_2026Q2,Lead,
L-81973,2026-06-22 14:30:00,AUR,google,paid_social,(not set),Lead,
L-77332,2026-07-18 16:25:00,AUR,google,cpc,AUR_EU_Search_NonBrand_2026Q2,SQL,
L-74249,2026-07-01 16:06:00,PKF,meta,paid_social,PKF_CA_Meta_Prospecting,Lead,
L-72190,2026-05-21 08:36:00,AUR,fb,paid_social,aurelia|prospecting|meta|may26,MQL,
L-74226,2026-06-26 14:36:00,PKF,meta,paid_social,PKF_CA_Meta_Prospecting,Lead,
L-80130,2026-05-05 16:34:00,AUR,,,,Lead,
L-82232,2026-07-15 12:16:00,AUR,,,,Lead,
L-71698,2026-06-23 18:59:00,AUR,,,,Lead,
L-73971,2026-05-14 08:44:00,PKF,paid_social,paid_social,PKF_CA_Meta_Prospecting,Lead,
L-75988,2026-06-30 20:23:00,NMB,meta,paid_social,NMB_US_Meta_Retargeting_2026Q2,MQL,
L-77295,2026-07-08 09:11:00,AUR,google,cpc,AUR_EU_Search_NonBrand_2026Q2,Closed Won,8800
L-71042,2026-07-31 18:48:00,AUR,facebook,paid_social,AUR_US_Meta_Prospecting_2026Q2,Lead,
L-74720,2026-05-24 10:41:00,NMB,meta,paid_social,NMB_US_Meta_Prospecting_2026Q2,Lead,
L-74237,2026-06-28 15:26:00,PKF,,,,Lead,
L-74636,2026-05-18 12:34:00,NMB,facebook,paid_social,NMB_US_Meta_Prospecting_2026Q2,Lead,
L-76230,2026-07-26 19:20:00,NMB,paid_social,paid_social,NMB_US_Meta_Retargeting_2026Q2,MQL,
L-77716,2026-05-26 19:00:00,PKF,adwords,cpc,PKF_US_Search_Brand_2026Q2,Lead,
L-82233,2026-07-15 21:58:00,AUR,google,paid_social,(not set),Lead,
L-77604,2026-05-20 20:19:00,PKF,Google Ads,cpc,PKF_US_Search_Brand_2026Q2,MQL,
L-75365,2026-07-21 09:26:00,NMB,fb,paid_social,NMB_US_Meta_Prospecting_2026Q2,Lead,
L-70378,2026-06-11 13:30:00,AUR,,,,SQL,
L-71050,2026-07-31 20:14:00,AUR,paid_social,paid_social,AUR_US_Meta_Prospecting_2026Q2,Lead,
L-72093,2026-07-29 13:14:00,AUR,,,,Lead,
L-80015,2026-07-14 18:28:00,NMB,adwords,cpc,NMB_US_PMax_2026Q2,SQL,
L-71568,2026-06-13 10:14:00,AUR,facebook,paid_social,AUR_EU_Meta_Retargeting_2026Q2,Lead,
L-75870,2026-06-16 18:02:00,NMB,facebook,paid_social,NMB_US_Meta_Retargeting_2026Q2,Lead,
L-82225,2026-07-14 16:12:00,PKF,google,paid_social,(not set),Lead,
L-71544,2026-06-10 17:11:00,AUR,facebook,paid_social,AUR_EU_Meta_Retargeting_2026Q2,Lead,
L-73702,2026-07-21 21:26:00,PKF,Facebook,paid_social,PKF_US_Meta_Conversions,Lead,
L-82376,2026-07-28 19:47:00,AUR,google,paid_social,(not set),Lead,
L-71009,2026-07-28 09:33:00,AUR,fb,paid_social,AUR_US_Meta_Prospecting_2026Q2,Lead,
L-70352,2026-06-07 20:23:00,AUR,facebook,paid_social,AUR_US_Meta_Prospecting_2026Q2,MQL,
L-75387,2026-07-23 21:31:00,NMB,fb,paid_social,NMB_US_Meta_Prospecting_2026Q2,Lead,
L-75885,2026-06-17 12:53:00,NMB,Facebook,paid_social,NMB_US_Meta_Retargeting_2026Q2,Lead,
L-71265,2026-05-18 20:30:00,AUR,,,,Lead,
L-75349,2026-07-22 15:25:00,NMB,,,,Lead,
L-76811,2026-07-07 14:24:00,AUR,,,,MQL,
L-78359,2026-07-09 15:19:00,PKF,adwords,cpc,PKF_US_Search_Brand_2026Q2,MQL,
L-70621,2026-06-29 13:23:00,AUR,meta,paid_social,AUR_US_Meta_Prospecting_2026Q2,MQL,
L-71366,2026-05-27 21:54:00,AUR,meta,paid_social,AUR_EU_Meta_Retargeting_2026Q2,MQL,
L-76295,2026-07-31 09:48:00,NMB,facebook,paid_social,NMB_US_Meta_Retargeting_2026Q2,Lead,
L-73105,2026-06-12 20:38:00,PKF,facebook,paid_social,PKF_US_Meta_Conversions,Lead,
L-71798,2026-07-03 10:07:00,AUR,Facebook,paid_social,AUR_EU_Meta_Retargeting_2026Q2,MQL,
L-81068,2026-07-19 09:51:00,PKF,,,,MQL,
L-79557,2026-06-29 14:16:00,NMB,adwords,cpc,NMB_US_Search_Brand_2026Q2,Lead,
L-73133,2026-06-16 20:02:00,PKF,Facebook,paid_social,PKF_US_Meta_Conversions,MQL,
L-81114,2026-07-24 11:57:00,PKF,TikTok,paid_social,PKF_TikTok_Spark_2026Q2,Lead,
L-72440,2026-07-31 15:42:00,AUR,facebook,paid_social,aurelia|prospecting|meta|may26,Lead,
L-82209,2026-07-13 13:39:00,AUR,google,paid_social,(not set),Lead,
L-72563,2026-05-08 14:37:00,PKF,paid_social,paid_social,PKF_US_Meta_Conversions,Lead,
L-78183,2026-06-27 17:08:00,PKF,adwords,cpc,PKF_US_Search_Brand_2026Q2,Lead,
L-78545,2026-07-20 14:05:00,PKF,Google Ads,cpc,PKF_US_Search_Brand_2026Q2,SQL,
L-70652,2026-07-02 17:48:00,AUR,fb,paid_social,AUR_US_Meta_Prospecting_2026Q2,Lead,
L-75887,2026-06-18 11:02:00,NMB,fb,paid_social,NMB_US_Meta_Retargeting_2026Q2,Lead,
L-77368,2026-07-29 22:52:00,AUR,Google Ads,cpc,AUR_EU_Search_NonBrand_2026Q2,Lead,
L-81234,2026-05-25 10:15:00,NMB,tiktok,paid_social,NMB_TikTok_Prospecting_2026Q2,Lead,
L-72560,2026-05-09 14:38:00,PKF,,,,Lead,
L-80223,2026-05-30 09:02:00,AUR,tiktok,paid_social,AUR_TikTok_Prospecting_2026Q2,Lead,
L-75028,2026-06-20 17:04:00,NMB,meta,paid_social,NMB_US_Meta_Prospecting_2026Q2,Lead,
L-76173,2026-07-19 15:06:00,NMB,paid_social,paid_social,NMB_US_Meta_Retargeting_2026Q2,Lead,
L-70325,2026-06-04 18:52:00,AUR,paid_social,paid_social,AUR_US_Meta_Prospecting_2026Q2,MQL,
L-75827,2026-06-08 18:13:00,NMB,facebook,paid_social,NMB_US_Meta_Retargeting_2026Q2,MQL,
