date,brand,source,medium,campaign,sessions
2026-05-01,AUR,facebook,paid_social,AUR_US_Meta_Prospecting_2026Q2,219
2026-05-02,AUR,facebook,paid_social,AUR_US_Meta_Prospecting_2026Q2,187
2026-05-03,AUR,facebook,paid_social,AUR_US_Meta_Prospecting_2026Q2,181
2026-05-04,AUR,facebook,paid_social,AUR_US_Meta_Prospecting_2026Q2,243
2026-05-05,AUR,facebook,paid_social,AUR_US_Meta_Prospecting_2026Q2,205
2026-05-06,AUR,facebook,paid_social,AUR_US_Meta_Prospecting_2026Q2,289
2026-05-07,AUR,facebook,paid_social,AUR_US_Meta_Prospecting_2026Q2,190
2026-05-08,AUR,facebook,paid_social,AUR_US_Meta_Prospecting_2026Q2,200
2026-05-09,AUR,facebook,paid_social,AUR_US_Meta_Prospecting_2026Q2,206
2026-05-10,AUR,facebook,paid_social,AUR_US_Meta_Prospecting_2026Q2,187
2026-05-11,AUR,facebook,paid_social,AUR_US_Meta_Prospecting_2026Q2,237
2026-05-12,AUR,facebook,paid_social,AUR_US_Meta_Prospecting_2026Q2,218
2026-05-13,AUR,facebook,paid_social,AUR_US_Meta_Prospecting_2026Q2,297
2026-05-14,AUR,facebook,paid_social,AUR_US_Meta_Prospecting_2026Q2,278
2026-05-15,AUR,facebook,paid_social,AUR_US_Meta_Prospecting_2026Q2,333
2026-05-16,AUR,facebook,paid_social,AUR_US_Meta_Prospecting_2026Q2,184
2026-05-17,AUR,facebook,paid_social,AUR_US_Meta_Prospecting_2026Q2,134
2026-05-18,AUR,facebook,paid_social,AUR_US_Meta_Prospecting_2026Q2,319
2026-05-19,AUR,facebook,paid_social,AUR_US_Meta_Prospecting_2026Q2,347
2026-05-20,AUR,facebook,paid_social,AUR_US_Meta_Prospecting_2026Q2,262
2026-05-21,AUR,facebook,paid_social,AUR_US_Meta_Prospecting_2026Q2,305
2026-05-22,AUR,facebook,paid_social,AUR_US_Meta_Prospecting_2026Q2,258
2026-05-23,AUR,facebook,paid_social,AUR_US_Meta_Prospecting_2026Q2,214
2026-05-24,AUR,facebook,paid_social,AUR_US_Meta_Prospecting_2026Q2,200
2026-05-25,AUR,facebook,paid_social,AUR_US_Meta_Prospecting_2026Q2,266
2026-05-26,AUR,facebook,paid_social,AUR_US_Meta_Prospecting_2026Q2,319
2026-05-27,AUR,facebook,paid_social,AUR_US_Meta_Prospecting_2026Q2,291
2026-05-28,AUR,facebook,paid_social,AUR_US_Meta_Prospecting_2026Q2,271
2026-05-29,AUR,facebook,paid_social,AUR_US_Meta_Prospecting_2026Q2,339
2026-05-30,AUR,facebook,paid_social,AUR_US_Meta_Prospecting_2026Q2,180
2026-05-31,AUR,facebook,paid_social,AUR_US_Meta_Prospecting_2026Q2,149
2026-06-01,AUR,facebook,paid_social,AUR_US_Meta_Prospecting_2026Q2,279
2026-06-02,AUR,facebook,paid_social,AUR_US_Meta_Prospecting_2026Q2,363
2026-06-03,AUR,facebook,paid_social,AUR_US_Meta_Prospecting_2026Q2,296
2026-06-04,AUR,facebook,paid_social,AUR_US_Meta_Prospecting_2026Q2,316
2026-06-05,AUR,facebook,paid_social,AUR_US_Meta_Prospecting_2026Q2,275
2026-06-06,AUR,facebook,paid_social,AUR_US_Meta_Prospecting_2026Q2,199
2026-06-07,AUR,facebook,paid_social,AUR_US_Meta_Prospecting_2026Q2,174
2026-06-08,AUR,facebook,paid_social,AUR_US_Meta_Prospecting_2026Q2,257
2026-06-09,AUR,facebook,paid_social,AUR_US_Meta_Prospecting_2026Q2,202
2026-06-10,AUR,facebook,paid_social,AUR_US_Meta_Prospecting_2026Q2,389
2026-06-11,AUR,facebook,paid_social,AUR_US_Meta_Prospecting_2026Q2,303
2026-06-12,AUR,facebook,paid_social,AUR_US_Meta_Prospecting_2026Q2,236
2026-06-13,AUR,facebook,paid_social,AUR_US_Meta_Prospecting_2026Q2,155
2026-06-14,AUR,facebook,paid_social,AUR_US_Meta_Prospecting_2026Q2,181
2026-06-15,AUR,facebook,paid_social,AUR_US_Meta_Prospecting_2026Q2,309
2026-06-16,AUR,facebook,paid_social,AUR_US_Meta_Prospecting_2026Q2,351
2026-06-17,AUR,facebook,paid_social,AUR_US_Meta_Prospecting_2026Q2,354
2026-06-18,AUR,facebook,paid_social,AUR_US_Meta_Prospecting_2026Q2,305
2026-06-19,AUR,facebook,paid_social,AUR_US_Meta_Prospecting_2026Q2,342
2026-06-20,AUR,facebook,paid_social,AUR_US_Meta_Prospecting_2026Q2,216
2026-06-21,AUR,facebook,paid_social,AUR_US_Meta_Prospecting_2026Q2,129
2026-06-22,AUR,facebook,paid_social,AUR_US_Meta_Prospecting_2026Q2,261
2026-06-23,AUR,facebook,paid_social,AUR_US_Meta_Prospecting_2026Q2,308
2026-06-24,AUR,facebook,paid_social,AUR_US_Meta_Prospecting_2026Q2,468
2026-06-25,AUR,facebook,paid_social,AUR_US_Meta_Prospecting_2026Q2,338
2026-06-26,AUR,facebook,paid_social,AUR_US_Meta_Prospecting_2026Q2,235
2026-06-27,AUR,facebook,paid_social,AUR_US_Meta_Prospecting_2026Q2,177
2026-06-28,AUR,facebook,paid_social,AUR_US_Meta_Prospecting_2026Q2,235
2026-06-29,AUR,facebook,paid_social,AUR_US_Meta_Prospecting_2026Q2,273
2026-06-30,AUR,facebook,paid_social,AUR_US_Meta_Prospecting_2026Q2,310
2026-07-01,AUR,facebook,paid_social,AUR_US_Meta_Prospecting_2026Q2,387
2026-07-02,AUR,facebook,paid_social,AUR_US_Meta_Prospecting_2026Q2,229
2026-07-03,AUR,facebook,paid_social,AUR_US_Meta_Prospecting_2026Q2,303
2026-07-04,AUR,facebook,paid_social,AUR_US_Meta_Prospecting_2026Q2,220
2026-07-05,AUR,facebook,paid_social,AUR_US_Meta_Prospecting_2026Q2,159
2026-07-06,AUR,facebook,paid_social,AUR_US_Meta_Prospecting_2026Q2,346
2026-07-07,AUR,facebook,paid_social,AUR_US_Meta_Prospecting_2026Q2,332
2026-07-08,AUR,facebook,paid_social,AUR_US_Meta_Prospecting_2026Q2,309
2026-07-09,AUR,facebook,paid_social,AUR_US_Meta_Prospecting_2026Q2,264
2026-07-10,AUR,facebook,paid_social,AUR_US_Meta_Prospecting_2026Q2,273
2026-07-11,AUR,facebook,paid_social,AUR_US_Meta_Prospecting_2026Q2,211
2026-07-12,AUR,facebook,paid_social,AUR_US_Meta_Prospecting_2026Q2,182
2026-07-13,AUR,facebook,paid_social,AUR_US_Meta_Prospecting_2026Q2,410
2026-07-14,AUR,facebook,paid_social,AUR_US_Meta_Prospecting_2026Q2,291
2026-07-15,AUR,facebook,paid_social,AUR_US_Meta_Prospecting_2026Q2,342
2026-07-16,AUR,facebook,paid_social,AUR_US_Meta_Prospecting_2026Q2,345
2026-07-17,AUR,facebook,paid_social,AUR_US_Meta_Prospecting_2026Q2,396
2026-07-18,AUR,facebook,paid_social,AUR_US_Meta_Prospecting_2026Q2,193
2026-07-19,AUR,facebook,paid_social,AUR_US_Meta_Prospecting_2026Q2,272
2026-07-20,AUR,facebook,paid_social,AUR_US_Meta_Prospecting_2026Q2,306
2026-07-21,AUR,facebook,paid_social,AUR_US_Meta_Prospecting_2026Q2,303
2026-07-22,AUR,facebook,paid_social,AUR_US_Meta_Prospecting_2026Q2,388
2026-07-23,AUR,facebook,paid_social,AUR_US_Meta_Prospecting_2026Q2,300
2026-07-24,AUR,facebook,paid_social,AUR_US_Meta_Prospecting_2026Q2,320
2026-07-25,AUR,facebook,paid_social,AUR_US_Meta_Prospecting_2026Q2,238
2026-07-26,AUR,facebook,paid_social,AUR_US_Meta_Prospecting_2026Q2,271
2026-07-27,AUR,facebook,paid_social,AUR_US_Meta_Prospecting_2026Q2,325
2026-07-28,AUR,facebook,paid_social,AUR_US_Meta_Prospecting_2026Q2,414
2026-07-29,AUR,facebook,paid_social,AUR_US_Meta_Prospecting_2026Q2,373
2026-07-30,AUR,facebook,paid_social,AUR_US_Meta_Prospecting_2026Q2,337
2026-07-31,AUR,facebook,paid_social,AUR_US_Meta_Prospecting_2026Q2,290
2026-05-01,AUR,facebook,paid_social,AUR_EU_Meta_Retargeting_2026Q2,212
2026-05-02,AUR,facebook,paid_social,AUR_EU_Meta_Retargeting_2026Q2,169
2026-05-03,AUR,facebook,paid_social,AUR_EU_Meta_Retargeting_2026Q2,105
2026-05-04,AUR,facebook,paid_social,AUR_EU_Meta_Retargeting_2026Q2,225
2026-05-05,AUR,facebook,paid_social,AUR_EU_Meta_Retargeting_2026Q2,241
2026-05-06,AUR,facebook,paid_social,AUR_EU_Meta_Retargeting_2026Q2,228
2026-05-07,AUR,facebook,paid_social,AUR_EU_Meta_Retargeting_2026Q2,217
2026-05-08,AUR,facebook,paid_social,AUR_EU_Meta_Retargeting_2026Q2,201
2026-05-09,AUR,facebook,paid_social,AUR_EU_Meta_Retargeting_2026Q2,176
2026-05-10,AUR,facebook,paid_social,AUR_EU_Meta_Retargeting_2026Q2,127
2026-05-11,AUR,facebook,paid_social,AUR_EU_Meta_Retargeting_2026Q2,151
2026-05-12,AUR,facebook,paid_social,AUR_EU_Meta_Retargeting_2026Q2,178
2026-05-13,AUR,facebook,paid_social,AUR_EU_Meta_Retargeting_2026Q2,321
2026-05-14,AUR,facebook,paid_social,AUR_EU_Meta_Retargeting_2026Q2,195
2026-05-15,AUR,facebook,paid_social,AUR_EU_Meta_Retargeting_2026Q2,218
2026-05-16,AUR,facebook,paid_social,AUR_EU_Meta_Retargeting_2026Q2,180
2026-05-17,AUR,facebook,paid_social,AUR_EU_Meta_Retargeting_2026Q2,118
2026-05-18,AUR,facebook,paid_social,AUR_EU_Meta_Retargeting_2026Q2,260
2026-05-19,AUR,facebook,paid_social,AUR_EU_Meta_Retargeting_2026Q2,244
2026-05-20,AUR,facebook,paid_social,AUR_EU_Meta_Retargeting_2026Q2,269
2026-05-21,AUR,facebook,paid_social,AUR_EU_Meta_Retargeting_2026Q2,271
2026-05-22,AUR,facebook,paid_social,AUR_EU_Meta_Retargeting_2026Q2,183
2026-05-23,AUR,facebook,paid_social,AUR_EU_Meta_Retargeting_2026Q2,130
2026-05-24,AUR,facebook,paid_social,AUR_EU_Meta_Retargeting_2026Q2,120
2026-05-25,AUR,facebook,paid_social,AUR_EU_Meta_Retargeting_2026Q2,175
2026-05-26,AUR,facebook,paid_social,AUR_EU_Meta_Retargeting_2026Q2,211
2026-05-27,AUR,facebook,paid_social,AUR_EU_Meta_Retargeting_2026Q2,293
2026-05-28,AUR,facebook,paid_social,AUR_EU_Meta_Retargeting_2026Q2,205
2026-05-29,AUR,facebook,paid_social,AUR_EU_Meta_Retargeting_2026Q2,158
2026-05-30,AUR,facebook,paid_social,AUR_EU_Meta_Retargeting_2026Q2,123
2026-05-31,AUR,facebook,paid_social,AUR_EU_Meta_Retargeting_2026Q2,137
2026-06-01,AUR,facebook,paid_social,AUR_EU_Meta_Retargeting_2026Q2,210
2026-06-02,AUR,facebook,paid_social,AUR_EU_Meta_Retargeting_2026Q2,223
2026-06-03,AUR,facebook,paid_social,AUR_EU_Meta_Retargeting_2026Q2,255
2026-06-04,AUR,facebook,paid_social,AUR_EU_Meta_Retargeting_2026Q2,195
2026-06-05,AUR,facebook,paid_social,AUR_EU_Meta_Retargeting_2026Q2,155
2026-06-06,AUR,facebook,paid_social,AUR_EU_Meta_Retargeting_2026Q2,183
2026-06-07,AUR,facebook,paid_social,AUR_EU_Meta_Retargeting_2026Q2,169
2026-06-08,AUR,facebook,paid_social,AUR_EU_Meta_Retargeting_2026Q2,265
2026-06-09,AUR,facebook,paid_social,AUR_EU_Meta_Retargeting_2026Q2,242
2026-06-10,AUR,facebook,paid_social,AUR_EU_Meta_Retargeting_2026Q2,259
2026-06-11,AUR,facebook,paid_social,AUR_EU_Meta_Retargeting_2026Q2,272
2026-06-12,AUR,facebook,paid_social,AUR_EU_Meta_Retargeting_2026Q2,161
2026-06-13,AUR,facebook,paid_social,AUR_EU_Meta_Retargeting_2026Q2,139
2026-06-14,AUR,facebook,paid_social,AUR_EU_Meta_Retargeting_2026Q2,119
2026-06-15,AUR,facebook,paid_social,AUR_EU_Meta_Retargeting_2026Q2,200
2026-06-16,AUR,facebook,paid_social,AUR_EU_Meta_Retargeting_2026Q2,213
2026-06-17,AUR,facebook,paid_social,AUR_EU_Meta_Retargeting_2026Q2,224
2026-06-18,AUR,facebook,paid_social,AUR_EU_Meta_Retargeting_2026Q2,167
2026-06-19,AUR,facebook,paid_social,AUR_EU_Meta_Retargeting_2026Q2,241
2026-06-20,AUR,facebook,paid_social,AUR_EU_Meta_Retargeting_2026Q2,119
2026-06-21,AUR,facebook,paid_social,AUR_EU_Meta_Retargeting_2026Q2,145
2026-06-22,AUR,facebook,paid_social,AUR_EU_Meta_Retargeting_2026Q2,258
2026-06-23,AUR,facebook,paid_social,AUR_EU_Meta_Retargeting_2026Q2,246
2026-06-24,AUR,facebook,paid_social,AUR_EU_Meta_Retargeting_2026Q2,256
2026-06-25,AUR,facebook,paid_social,AUR_EU_Meta_Retargeting_2026Q2,183
2026-06-26,AUR,facebook,paid_social,AUR_EU_Meta_Retargeting_2026Q2,239
2026-06-27,AUR,facebook,paid_social,AUR_EU_Meta_Retargeting_2026Q2,155
2026-06-28,AUR,facebook,paid_social,AUR_EU_Meta_Retargeting_2026Q2,165
2026-06-29,AUR,facebook,paid_social,AUR_EU_Meta_Retargeting_2026Q2,190
2026-06-30,AUR,facebook,paid_social,AUR_EU_Meta_Retargeting_2026Q2,272
2026-07-01,AUR,facebook,paid_social,AUR_EU_Meta_Retargeting_2026Q2,255
2026-07-02,AUR,facebook,paid_social,AUR_EU_Meta_Retargeting_2026Q2,182
2026-07-03,AUR,facebook,paid_social,AUR_EU_Meta_Retargeting_2026Q2,206
2026-07-04,AUR,facebook,paid_social,AUR_EU_Meta_Retargeting_2026Q2,144
2026-07-05,AUR,facebook,paid_social,AUR_EU_Meta_Retargeting_2026Q2,158
2026-07-06,AUR,facebook,paid_social,AUR_EU_Meta_Retargeting_2026Q2,234
2026-07-07,AUR,facebook,paid_social,AUR_EU_Meta_Retargeting_2026Q2,182
2026-07-08,AUR,facebook,paid_social,AUR_EU_Meta_Retargeting_2026Q2,191
2026-07-09,AUR,facebook,paid_social,AUR_EU_Meta_Retargeting_2026Q2,259
2026-07-10,AUR,facebook,paid_social,AUR_EU_Meta_Retargeting_2026Q2,231
2026-07-11,AUR,facebook,paid_social,AUR_EU_Meta_Retargeting_2026Q2,125
2026-07-12,AUR,facebook,paid_social,AUR_EU_Meta_Retargeting_2026Q2,159
2026-07-13,AUR,facebook,paid_social,AUR_EU_Meta_Retargeting_2026Q2,219
2026-07-14,AUR,facebook,paid_social,AUR_EU_Meta_Retargeting_2026Q2,251
2026-07-15,AUR,facebook,paid_social,AUR_EU_Meta_Retargeting_2026Q2,248
2026-07-16,AUR,facebook,paid_social,AUR_EU_Meta_Retargeting_2026Q2,281
2026-07-17,AUR,facebook,paid_social,AUR_EU_Meta_Retargeting_2026Q2,190
2026-07-18,AUR,facebook,paid_social,AUR_EU_Meta_Retargeting_2026Q2,193
2026-07-19,AUR,facebook,paid_social,AUR_EU_Meta_Retargeting_2026Q2,179
2026-07-20,AUR,facebook,paid_social,AUR_EU_Meta_Retargeting_2026Q2,283
2026-07-21,AUR,facebook,paid_social,AUR_EU_Meta_Retargeting_2026Q2,239
2026-07-22,AUR,facebook,paid_social,AUR_EU_Meta_Retargeting_2026Q2,240
2026-07-23,AUR,facebook,paid_social,AUR_EU_Meta_Retargeting_2026Q2,211
2026-07-24,AUR,facebook,paid_social,AUR_EU_Meta_Retargeting_2026Q2,184
2026-07-25,AUR,facebook,paid_social,AUR_EU_Meta_Retargeting_2026Q2,157
2026-07-26,AUR,facebook,paid_social,AUR_EU_Meta_Retargeting_2026Q2,152
2026-07-27,AUR,facebook,paid_social,AUR_EU_Meta_Retargeting_2026Q2,265
2026-07-28,AUR,facebook,paid_social,AUR_EU_Meta_Retargeting_2026Q2,231
2026-07-29,AUR,facebook,paid_social,AUR_EU_Meta_Retargeting_2026Q2,288
2026-07-30,AUR,facebook,paid_social,AUR_EU_Meta_Retargeting_2026Q2,319
2026-07-31,AUR,facebook,paid_social,AUR_EU_Meta_Retargeting_2026Q2,199
2026-05-01,AUR,facebook,paid_social,aurelia|prospecting|meta|may26,86
2026-05-02,AUR,facebook,paid_social,aurelia|prospecting|meta|may26,97
2026-05-03,AUR,facebook,paid_social,aurelia|prospecting|meta|may26,85
2026-05-04,AUR,facebook,paid_social,aurelia|prospecting|meta|may26,78
2026-05-05,AUR,facebook,paid_social,aurelia|prospecting|meta|may26,100
2026-05-06,AUR,facebook,paid_social,aurelia|prospecting|meta|may26,119
2026-05-07,AUR,facebook,paid_social,aurelia|prospecting|meta|may26,71
2026-05-08,AUR,facebook,paid_social,aurelia|prospecting|meta|may26,84
2026-05-09,AUR,facebook,paid_social,aurelia|prospecting|meta|may26,80
2026-05-10,AUR,facebook,paid_social,aurelia|prospecting|meta|may26,84
2026-05-11,AUR,facebook,paid_social,aurelia|prospecting|meta|may26,132
2026-05-12,AUR,facebook,paid_social,aurelia|prospecting|meta|may26,108
2026-05-13,AUR,facebook,paid_social,aurelia|prospecting|meta|may26,101
2026-05-14,AUR,facebook,paid_social,aurelia|prospecting|meta|may26,118
2026-05-15,AUR,facebook,paid_social,aurelia|prospecting|meta|may26,102
2026-05-16,AUR,facebook,paid_social,aurelia|prospecting|meta|may26,89
2026-05-17,AUR,facebook,paid_social,aurelia|prospecting|meta|may26,70
2026-05-18,AUR,facebook,paid_social,aurelia|prospecting|meta|may26,114
2026-05-19,AUR,facebook,paid_social,aurelia|prospecting|meta|may26,149
2026-05-20,AUR,facebook,paid_social,aurelia|prospecting|meta|may26,121
2026-05-21,AUR,facebook,paid_social,aurelia|prospecting|meta|may26,86
2026-05-22,AUR,facebook,paid_social,aurelia|prospecting|meta|may26,80
2026-05-23,AUR,facebook,paid_social,aurelia|prospecting|meta|may26,83
2026-05-24,AUR,facebook,paid_social,aurelia|prospecting|meta|may26,56
2026-05-25,AUR,facebook,paid_social,aurelia|prospecting|meta|may26,96
2026-05-26,AUR,facebook,paid_social,aurelia|prospecting|meta|may26,92
2026-05-27,AUR,facebook,paid_social,aurelia|prospecting|meta|may26,140
2026-05-28,AUR,facebook,paid_social,aurelia|prospecting|meta|may26,103
2026-05-29,AUR,facebook,paid_social,aurelia|prospecting|meta|may26,90
2026-05-30,AUR,facebook,paid_social,aurelia|prospecting|meta|may26,61
2026-05-31,AUR,facebook,paid_social,aurelia|prospecting|meta|may26,56
2026-06-01,AUR,facebook,paid_social,aurelia|prospecting|meta|may26,111
2026-06-02,AUR,facebook,paid_social,aurelia|prospecting|meta|may26,138
2026-06-03,AUR,facebook,paid_social,aurelia|prospecting|meta|may26,109
2026-06-04,AUR,facebook,paid_social,aurelia|prospecting|meta|may26,97
2026-06-05,AUR,facebook,paid_social,aurelia|prospecting|meta|may26,89
2026-06-06,AUR,facebook,paid_social,aurelia|prospecting|meta|may26,76
2026-06-07,AUR,facebook,paid_social,aurelia|prospecting|meta|may26,84
2026-06-08,AUR,facebook,paid_social,aurelia|prospecting|meta|may26,81
2026-06-09,AUR,facebook,paid_social,aurelia|prospecting|meta|may26,102
2026-06-10,AUR,facebook,paid_social,aurelia|prospecting|meta|may26,103
2026-06-11,AUR,facebook,paid_social,aurelia|prospecting|meta|may26,120
2026-06-12,AUR,facebook,paid_social,aurelia|prospecting|meta|may26,93
2026-06-13,AUR,facebook,paid_social,aurelia|prospecting|meta|may26,75
2026-06-14,AUR,facebook,paid_social,aurelia|prospecting|meta|may26,76
2026-06-15,AUR,facebook,paid_social,aurelia|prospecting|meta|may26,113
2026-06-16,AUR,facebook,paid_social,aurelia|prospecting|meta|may26,113
2026-06-17,AUR,facebook,paid_social,aurelia|prospecting|meta|may26,103
2026-06-18,AUR,facebook,paid_social,aurelia|prospecting|meta|may26,121
2026-06-19,AUR,facebook,paid_social,aurelia|prospecting|meta|may26,98
2026-06-20,AUR,facebook,paid_social,aurelia|prospecting|meta|may26,51
2026-06-21,AUR,facebook,paid_social,aurelia|prospecting|meta|may26,65
2026-06-22,AUR,facebook,paid_social,aurelia|prospecting|meta|may26,94
2026-06-23,AUR,facebook,paid_social,aurelia|prospecting|meta|may26,101
2026-06-24,AUR,facebook,paid_social,aurelia|prospecting|meta|may26,140
2026-06-25,AUR,facebook,paid_social,aurelia|prospecting|meta|may26,103
2026-06-26,AUR,facebook,paid_social,aurelia|prospecting|meta|may26,77
2026-06-27,AUR,facebook,paid_social,aurelia|prospecting|meta|may26,58
2026-06-28,AUR,facebook,paid_social,aurelia|prospecting|meta|may26,62
2026-06-29,AUR,facebook,paid_social,aurelia|prospecting|meta|may26,84
2026-06-30,AUR,facebook,paid_social,aurelia|prospecting|meta|may26,91
2026-07-01,AUR,facebook,paid_social,aurelia|prospecting|meta|may26,136
2026-07-02,AUR,facebook,paid_social,aurelia|prospecting|meta|may26,98
2026-07-03,AUR,facebook,paid_social,aurelia|prospecting|meta|may26,106
2026-07-04,AUR,facebook,paid_social,aurelia|prospecting|meta|may26,88
2026-07-05,AUR,facebook,paid_social,aurelia|prospecting|meta|may26,53
2026-07-06,AUR,facebook,paid_social,aurelia|prospecting|meta|may26,96
2026-07-07,AUR,facebook,paid_social,aurelia|prospecting|meta|may26,101
2026-07-08,AUR,facebook,paid_social,aurelia|prospecting|meta|may26,137
2026-07-09,AUR,facebook,paid_social,aurelia|prospecting|meta|may26,104
2026-07-10,AUR,facebook,paid_social,aurelia|prospecting|meta|may26,91
2026-07-11,AUR,facebook,paid_social,aurelia|prospecting|meta|may26,67
2026-07-12,AUR,facebook,paid_social,aurelia|prospecting|meta|may26,82
2026-07-13,AUR,facebook,paid_social,aurelia|prospecting|meta|may26,112
2026-07-14,AUR,facebook,paid_social,aurelia|prospecting|meta|may26,81
2026-07-15,AUR,facebook,paid_social,aurelia|prospecting|meta|may26,91
2026-07-16,AUR,facebook,paid_social,aurelia|prospecting|meta|may26,139
2026-07-17,AUR,facebook,paid_social,aurelia|prospecting|meta|may26,88
2026-07-18,AUR,facebook,paid_social,aurelia|prospecting|meta|may26,63
2026-07-19,AUR,facebook,paid_social,aurelia|prospecting|meta|may26,69
2026-07-20,AUR,facebook,paid_social,aurelia|prospecting|meta|may26,92
2026-07-21,AUR,facebook,paid_social,aurelia|prospecting|meta|may26,109
2026-07-22,AUR,facebook,paid_social,aurelia|prospecting|meta|may26,119
2026-07-23,AUR,facebook,paid_social,aurelia|prospecting|meta|may26,99
2026-07-24,AUR,facebook,paid_social,aurelia|prospecting|meta|may26,95
2026-07-25,AUR,facebook,paid_social,aurelia|prospecting|meta|may26,79
2026-07-26,AUR,facebook,paid_social,aurelia|prospecting|meta|may26,76
2026-07-27,AUR,facebook,paid_social,aurelia|prospecting|meta|may26,114
2026-07-28,AUR,facebook,paid_social,aurelia|prospecting|meta|may26,143
2026-07-29,AUR,facebook,paid_social,aurelia|prospecting|meta|may26,103
2026-07-30,AUR,facebook,paid_social,aurelia|prospecting|meta|may26,108
2026-07-31,AUR,facebook,paid_social,aurelia|prospecting|meta|may26,125
2026-05-01,PKF,facebook,paid_social,PKF_US_Meta_Conversions,182
2026-05-02,PKF,facebook,paid_social,PKF_US_Meta_Conversions,154
2026-05-03,PKF,facebook,paid_social,PKF_US_Meta_Conversions,147
2026-05-04,PKF,facebook,paid_social,PKF_US_Meta_Conversions,177
2026-05-05,PKF,facebook,paid_social,PKF_US_Meta_Conversions,227
2026-05-06,PKF,facebook,paid_social,PKF_US_Meta_Conversions,319
2026-05-07,PKF,facebook,paid_social,PKF_US_Meta_Conversions,198
2026-05-08,PKF,facebook,paid_social,PKF_US_Meta_Conversions,166
2026-05-09,PKF,facebook,paid_social,PKF_US_Meta_Conversions,144
2026-05-10,PKF,facebook,paid_social,PKF_US_Meta_Conversions,199
2026-05-11,PKF,facebook,paid_social,PKF_US_Meta_Conversions,194
2026-05-12,PKF,facebook,paid_social,PKF_US_Meta_Conversions,315
2026-05-13,PKF,facebook,paid_social,PKF_US_Meta_Conversions,267
2026-05-14,PKF,facebook,paid_social,PKF_US_Meta_Conversions,238
2026-05-15,PKF,facebook,paid_social,PKF_US_Meta_Conversions,208
2026-05-16,PKF,facebook,paid_social,PKF_US_Meta_Conversions,165
2026-05-17,PKF,facebook,paid_social,PKF_US_Meta_Conversions,128
2026-05-18,PKF,facebook,paid_social,PKF_US_Meta_Conversions,218
2026-05-19,PKF,facebook,paid_social,PKF_US_Meta_Conversions,190
2026-05-20,PKF,facebook,paid_social,PKF_US_Meta_Conversions,271
2026-05-21,PKF,facebook,paid_social,PKF_US_Meta_Conversions,232
2026-05-22,PKF,facebook,paid_social,PKF_US_Meta_Conversions,196
2026-05-23,PKF,facebook,paid_social,PKF_US_Meta_Conversions,150
2026-05-24,PKF,facebook,paid_social,PKF_US_Meta_Conversions,181
2026-05-25,PKF,facebook,paid_social,PKF_US_Meta_Conversions,183
2026-05-26,PKF,facebook,paid_social,PKF_US_Meta_Conversions,186
2026-05-27,PKF,facebook,paid_social,PKF_US_Meta_Conversions,306
2026-05-28,PKF,facebook,paid_social,PKF_US_Meta_Conversions,291
2026-05-29,PKF,facebook,paid_social,PKF_US_Meta_Conversions,176
2026-05-30,PKF,facebook,paid_social,PKF_US_Meta_Conversions,129
2026-05-31,PKF,facebook,paid_social,PKF_US_Meta_Conversions,139
2026-06-01,PKF,facebook,paid_social,PKF_US_Meta_Conversions,239
2026-06-02,PKF,facebook,paid_social,PKF_US_Meta_Conversions,248
2026-06-03,PKF,facebook,paid_social,PKF_US_Meta_Conversions,261
2026-06-04,PKF,facebook,paid_social,PKF_US_Meta_Conversions,257
2026-06-05,PKF,facebook,paid_social,PKF_US_Meta_Conversions,219
2026-06-06,PKF,facebook,paid_social,PKF_US_Meta_Conversions,224
2026-06-07,PKF,facebook,paid_social,PKF_US_Meta_Conversions,191
2026-06-08,PKF,facebook,paid_social,PKF_US_Meta_Conversions,264
2026-06-09,PKF,facebook,paid_social,PKF_US_Meta_Conversions,256
2026-06-10,PKF,facebook,paid_social,PKF_US_Meta_Conversions,174
2026-06-11,PKF,facebook,paid_social,PKF_US_Meta_Conversions,255
2026-06-12,PKF,facebook,paid_social,PKF_US_Meta_Conversions,239
2026-06-13,PKF,facebook,paid_social,PKF_US_Meta_Conversions,123
2026-06-14,PKF,facebook,paid_social,PKF_US_Meta_Conversions,105
2026-06-15,PKF,facebook,paid_social,PKF_US_Meta_Conversions,254
2026-06-16,PKF,facebook,paid_social,PKF_US_Meta_Conversions,247
2026-06-17,PKF,facebook,paid_social,PKF_US_Meta_Conversions,291
2026-06-18,PKF,facebook,paid_social,PKF_US_Meta_Conversions,281
2026-06-19,PKF,facebook,paid_social,PKF_US_Meta_Conversions,318
2026-06-20,PKF,facebook,paid_social,PKF_US_Meta_Conversions,155
2026-06-21,PKF,facebook,paid_social,PKF_US_Meta_Conversions,184
2026-06-22,PKF,facebook,paid_social,PKF_US_Meta_Conversions,197
2026-06-23,PKF,facebook,paid_social,PKF_US_Meta_Conversions,300
2026-06-24,PKF,facebook,paid_social,PKF_US_Meta_Conversions,244
2026-06-25,PKF,facebook,paid_social,PKF_US_Meta_Conversions,248
2026-06-26,PKF,facebook,paid_social,PKF_US_Meta_Conversions,228
2026-06-27,PKF,facebook,paid_social,PKF_US_Meta_Conversions,185
2026-06-28,PKF,facebook,paid_social,PKF_US_Meta_Conversions,186
2026-06-29,PKF,facebook,paid_social,PKF_US_Meta_Conversions,194
2026-06-30,PKF,facebook,paid_social,PKF_US_Meta_Conversions,225
2026-07-01,PKF,facebook,paid_social,PKF_US_Meta_Conversions,178
2026-07-02,PKF,facebook,paid_social,PKF_US_Meta_Conversions,252
2026-07-03,PKF,facebook,paid_social,PKF_US_Meta_Conversions,208
2026-07-04,PKF,facebook,paid_social,PKF_US_Meta_Conversions,125
2026-07-05,PKF,facebook,paid_social,PKF_US_Meta_Conversions,140
2026-07-06,PKF,facebook,paid_social,PKF_US_Meta_Conversions,289
2026-07-07,PKF,facebook,paid_social,PKF_US_Meta_Conversions,228
2026-07-08,PKF,facebook,paid_social,PKF_US_Meta_Conversions,262
2026-07-09,PKF,facebook,paid_social,PKF_US_Meta_Conversions,227
2026-07-10,PKF,facebook,paid_social,PKF_US_Meta_Conversions,191
2026-07-11,PKF,facebook,paid_social,PKF_US_Meta_Conversions,163
2026-07-12,PKF,facebook,paid_social,PKF_US_Meta_Conversions,195
2026-07-13,PKF,facebook,paid_social,PKF_US_Meta_Conversions,231
2026-07-14,PKF,facebook,paid_social,PKF_US_Meta_Conversions,278
2026-07-15,PKF,facebook,paid_social,PKF_US_Meta_Conversions,351
2026-07-16,PKF,facebook,paid_social,PKF_US_Meta_Conversions,182
2026-07-17,PKF,facebook,paid_social,PKF_US_Meta_Conversions,214
2026-07-18,PKF,facebook,paid_social,PKF_US_Meta_Conversions,154
2026-07-19,PKF,facebook,paid_social,PKF_US_Meta_Conversions,130
2026-07-20,PKF,facebook,paid_social,PKF_US_Meta_Conversions,183
2026-07-21,PKF,facebook,paid_social,PKF_US_Meta_Conversions,252
2026-07-22,PKF,facebook,paid_social,PKF_US_Meta_Conversions,240
2026-07-23,PKF,facebook,paid_social,PKF_US_Meta_Conversions,173
2026-07-24,PKF,facebook,paid_social,PKF_US_Meta_Conversions,181
2026-07-25,PKF,facebook,paid_social,PKF_US_Meta_Conversions,130
2026-07-26,PKF,facebook,paid_social,PKF_US_Meta_Conversions,154
2026-07-27,PKF,facebook,paid_social,PKF_US_Meta_Conversions,204
2026-07-28,PKF,facebook,paid_social,PKF_US_Meta_Conversions,183
2026-07-29,PKF,facebook,paid_social,PKF_US_Meta_Conversions,202
2026-07-30,PKF,facebook,paid_social,PKF_US_Meta_Conversions,264
2026-07-31,PKF,facebook,paid_social,PKF_US_Meta_Conversions,254
2026-05-01,PKF,facebook,paid_social,PKF_CA_Meta_Prospecting,152
2026-05-02,PKF,facebook,paid_social,PKF_CA_Meta_Prospecting,83
2026-05-03,PKF,facebook,paid_social,PKF_CA_Meta_Prospecting,94
2026-05-04,PKF,facebook,paid_social,PKF_CA_Meta_Prospecting,113
2026-05-05,PKF,facebook,paid_social,PKF_CA_Meta_Prospecting,148
2026-05-06,PKF,facebook,paid_social,PKF_CA_Meta_Prospecting,147
2026-05-07,PKF,facebook,paid_social,PKF_CA_Meta_Prospecting,129
2026-05-08,PKF,facebook,paid_social,PKF_CA_Meta_Prospecting,116
2026-05-09,PKF,facebook,paid_social,PKF_CA_Meta_Prospecting,100
2026-05-10,PKF,facebook,paid_social,PKF_CA_Meta_Prospecting,108
2026-05-11,PKF,facebook,paid_social,PKF_CA_Meta_Prospecting,146
2026-05-12,PKF,facebook,paid_social,PKF_CA_Meta_Prospecting,136
2026-05-13,PKF,facebook,paid_social,PKF_CA_Meta_Prospecting,162
2026-05-14,PKF,facebook,paid_social,PKF_CA_Meta_Prospecting,118
2026-05-15,PKF,facebook,paid_social,PKF_CA_Meta_Prospecting,109
2026-05-16,PKF,facebook,paid_social,PKF_CA_Meta_Prospecting,89
2026-05-17,PKF,facebook,paid_social,PKF_CA_Meta_Prospecting,117
2026-05-18,PKF,facebook,paid_social,PKF_CA_Meta_Prospecting,165
2026-05-19,PKF,facebook,paid_social,PKF_CA_Meta_Prospecting,104
2026-05-20,PKF,facebook,paid_social,PKF_CA_Meta_Prospecting,130
2026-05-21,PKF,facebook,paid_social,PKF_CA_Meta_Prospecting,135
2026-05-22,PKF,facebook,paid_social,PKF_CA_Meta_Prospecting,100
2026-05-23,PKF,facebook,paid_social,PKF_CA_Meta_Prospecting,122
2026-05-24,PKF,facebook,paid_social,PKF_CA_Meta_Prospecting,90
2026-05-25,PKF,facebook,paid_social,PKF_CA_Meta_Prospecting,171
2026-05-26,PKF,facebook,paid_social,PKF_CA_Meta_Prospecting,127
2026-05-27,PKF,facebook,paid_social,PKF_CA_Meta_Prospecting,126
2026-05-28,PKF,facebook,paid_social,PKF_CA_Meta_Prospecting,157
2026-05-29,PKF,facebook,paid_social,PKF_CA_Meta_Prospecting,93
2026-05-30,PKF,facebook,paid_social,PKF_CA_Meta_Prospecting,61
2026-05-31,PKF,facebook,paid_social,PKF_CA_Meta_Prospecting,89
2026-06-01,PKF,facebook,paid_social,PKF_CA_Meta_Prospecting,106
2026-06-02,PKF,facebook,paid_social,PKF_CA_Meta_Prospecting,122
2026-06-03,PKF,facebook,paid_social,PKF_CA_Meta_Prospecting,193
2026-06-04,PKF,facebook,paid_social,PKF_CA_Meta_Prospecting,139
2026-06-05,PKF,facebook,paid_social,PKF_CA_Meta_Prospecting,126
2026-06-06,PKF,facebook,paid_social,PKF_CA_Meta_Prospecting,87
2026-06-07,PKF,facebook,paid_social,PKF_CA_Meta_Prospecting,80
2026-06-08,PKF,facebook,paid_social,PKF_CA_Meta_Prospecting,140
2026-06-09,PKF,facebook,paid_social,PKF_CA_Meta_Prospecting,144
2026-06-10,PKF,facebook,paid_social,PKF_CA_Meta_Prospecting,117
2026-06-11,PKF,facebook,paid_social,PKF_CA_Meta_Prospecting,132
2026-06-12,PKF,facebook,paid_social,PKF_CA_Meta_Prospecting,146
2026-06-13,PKF,facebook,paid_social,PKF_CA_Meta_Prospecting,82
2026-06-14,PKF,facebook,paid_social,PKF_CA_Meta_Prospecting,77
2026-06-15,PKF,facebook,paid_social,PKF_CA_Meta_Prospecting,118
2026-06-16,PKF,facebook,paid_social,PKF_CA_Meta_Prospecting,115
2026-06-17,PKF,facebook,paid_social,PKF_CA_Meta_Prospecting,139
2026-06-18,PKF,facebook,paid_social,PKF_CA_Meta_Prospecting,152
2026-06-19,PKF,facebook,paid_social,PKF_CA_Meta_Prospecting,126
2026-06-20,PKF,facebook,paid_social,PKF_CA_Meta_Prospecting,67
2026-06-21,PKF,facebook,paid_social,PKF_CA_Meta_Prospecting,92
2026-06-22,PKF,facebook,paid_social,PKF_CA_Meta_Prospecting,148
2026-06-23,PKF,facebook,paid_social,PKF_CA_Meta_Prospecting,128
2026-06-24,PKF,facebook,paid_social,PKF_CA_Meta_Prospecting,157
2026-06-25,PKF,facebook,paid_social,PKF_CA_Meta_Prospecting,166
2026-06-26,PKF,facebook,paid_social,PKF_CA_Meta_Prospecting,123
2026-06-27,PKF,facebook,paid_social,PKF_CA_Meta_Prospecting,110
2026-06-28,PKF,facebook,paid_social,PKF_CA_Meta_Prospecting,100
2026-06-29,PKF,facebook,paid_social,PKF_CA_Meta_Prospecting,138
2026-06-30,PKF,facebook,paid_social,PKF_CA_Meta_Prospecting,132
2026-07-01,PKF,facebook,paid_social,PKF_CA_Meta_Prospecting,162
2026-07-02,PKF,facebook,paid_social,PKF_CA_Meta_Prospecting,132
2026-07-03,PKF,facebook,paid_social,PKF_CA_Meta_Prospecting,147
2026-07-04,PKF,facebook,paid_social,PKF_CA_Meta_Prospecting,95
2026-07-05,PKF,facebook,paid_social,PKF_CA_Meta_Prospecting,102
2026-07-06,PKF,facebook,paid_social,PKF_CA_Meta_Prospecting,139
2026-07-07,PKF,facebook,paid_social,PKF_CA_Meta_Prospecting,175
2026-07-08,PKF,facebook,paid_social,PKF_CA_Meta_Prospecting,118
2026-07-09,PKF,facebook,paid_social,PKF_CA_Meta_Prospecting,165
2026-07-10,PKF,facebook,paid_social,PKF_CA_Meta_Prospecting,180
2026-07-11,PKF,facebook,paid_social,PKF_CA_Meta_Prospecting,88
2026-07-12,PKF,facebook,paid_social,PKF_CA_Meta_Prospecting,87
2026-07-13,PKF,facebook,paid_social,PKF_CA_Meta_Prospecting,130
2026-07-14,PKF,facebook,paid_social,PKF_CA_Meta_Prospecting,133
2026-07-15,PKF,facebook,paid_social,PKF_CA_Meta_Prospecting,131
2026-07-16,PKF,facebook,paid_social,PKF_CA_Meta_Prospecting,107
2026-07-17,PKF,facebook,paid_social,PKF_CA_Meta_Prospecting,128
2026-07-18,PKF,facebook,paid_social,PKF_CA_Meta_Prospecting,99
2026-07-19,PKF,facebook,paid_social,PKF_CA_Meta_Prospecting,112
2026-07-20,PKF,facebook,paid_social,PKF_CA_Meta_Prospecting,167
2026-07-21,PKF,facebook,paid_social,PKF_CA_Meta_Prospecting,138
2026-07-22,PKF,facebook,paid_social,PKF_CA_Meta_Prospecting,157
2026-07-23,PKF,facebook,paid_social,PKF_CA_Meta_Prospecting,159
2026-07-24,PKF,facebook,paid_social,PKF_CA_Meta_Prospecting,131
2026-07-25,PKF,facebook,paid_social,PKF_CA_Meta_Prospecting,73
2026-07-26,PKF,facebook,paid_social,PKF_CA_Meta_Prospecting,81
2026-07-27,PKF,facebook,paid_social,PKF_CA_Meta_Prospecting,133
2026-07-28,PKF,facebook,paid_social,PKF_CA_Meta_Prospecting,124
2026-07-29,PKF,facebook,paid_social,PKF_CA_Meta_Prospecting,181
2026-07-30,PKF,facebook,paid_social,PKF_CA_Meta_Prospecting,141
2026-07-31,PKF,facebook,paid_social,PKF_CA_Meta_Prospecting,110
2026-05-01,NMB,facebook,paid_social,NMB_US_Meta_Prospecting_2026Q2,271
2026-05-02,NMB,facebook,paid_social,NMB_US_Meta_Prospecting_2026Q2,231
2026-05-03,NMB,facebook,paid_social,NMB_US_Meta_Prospecting_2026Q2,171
2026-05-04,NMB,facebook,paid_social,NMB_US_Meta_Prospecting_2026Q2,296
2026-05-05,NMB,facebook,paid_social,NMB_US_Meta_Prospecting_2026Q2,189
2026-05-06,NMB,facebook,paid_social,NMB_US_Meta_Prospecting_2026Q2,365
2026-05-07,NMB,facebook,paid_social,NMB_US_Meta_Prospecting_2026Q2,313
2026-05-08,NMB,facebook,paid_social,NMB_US_Meta_Prospecting_2026Q2,328
2026-05-09,NMB,facebook,paid_social,NMB_US_Meta_Prospecting_2026Q2,183
2026-05-10,NMB,facebook,paid_social,NMB_US_Meta_Prospecting_2026Q2,205
2026-05-11,NMB,facebook,paid_social,NMB_US_Meta_Prospecting_2026Q2,261
2026-05-12,NMB,facebook,paid_social,NMB_US_Meta_Prospecting_2026Q2,340
2026-05-13,NMB,facebook,paid_social,NMB_US_Meta_Prospecting_2026Q2,350
2026-05-14,NMB,facebook,paid_social,NMB_US_Meta_Prospecting_2026Q2,287
2026-05-15,NMB,facebook,paid_social,NMB_US_Meta_Prospecting_2026Q2,277
2026-05-16,NMB,facebook,paid_social,NMB_US_Meta_Prospecting_2026Q2,230
2026-05-17,NMB,facebook,paid_social,NMB_US_Meta_Prospecting_2026Q2,175
2026-05-18,NMB,facebook,paid_social,NMB_US_Meta_Prospecting_2026Q2,228
2026-05-19,NMB,facebook,paid_social,NMB_US_Meta_Prospecting_2026Q2,263
2026-05-20,NMB,facebook,paid_social,NMB_US_Meta_Prospecting_2026Q2,370
2026-05-21,NMB,facebook,paid_social,NMB_US_Meta_Prospecting_2026Q2,238
2026-05-22,NMB,facebook,paid_social,NMB_US_Meta_Prospecting_2026Q2,315
2026-05-23,NMB,facebook,paid_social,NMB_US_Meta_Prospecting_2026Q2,294
2026-05-24,NMB,facebook,paid_social,NMB_US_Meta_Prospecting_2026Q2,217
2026-05-25,NMB,facebook,paid_social,NMB_US_Meta_Prospecting_2026Q2,340
2026-05-26,NMB,facebook,paid_social,NMB_US_Meta_Prospecting_2026Q2,318
2026-05-27,NMB,facebook,paid_social,NMB_US_Meta_Prospecting_2026Q2,347
2026-05-28,NMB,facebook,paid_social,NMB_US_Meta_Prospecting_2026Q2,343
2026-05-29,NMB,facebook,paid_social,NMB_US_Meta_Prospecting_2026Q2,227
2026-05-30,NMB,facebook,paid_social,NMB_US_Meta_Prospecting_2026Q2,173
2026-05-31,NMB,facebook,paid_social,NMB_US_Meta_Prospecting_2026Q2,257
2026-06-01,NMB,facebook,paid_social,NMB_US_Meta_Prospecting_2026Q2,268
2026-06-02,NMB,facebook,paid_social,NMB_US_Meta_Prospecting_2026Q2,331
2026-06-03,NMB,facebook,paid_social,NMB_US_Meta_Prospecting_2026Q2,334
2026-06-04,NMB,facebook,paid_social,NMB_US_Meta_Prospecting_2026Q2,358
2026-06-05,NMB,facebook,paid_social,NMB_US_Meta_Prospecting_2026Q2,345
2026-06-06,NMB,facebook,paid_social,NMB_US_Meta_Prospecting_2026Q2,196
2026-06-07,NMB,facebook,paid_social,NMB_US_Meta_Prospecting_2026Q2,165
2026-06-08,NMB,facebook,paid_social,NMB_US_Meta_Prospecting_2026Q2,289
2026-06-09,NMB,facebook,paid_social,NMB_US_Meta_Prospecting_2026Q2,403
2026-06-10,NMB,facebook,paid_social,NMB_US_Meta_Prospecting_2026Q2,312
2026-06-11,NMB,facebook,paid_social,NMB_US_Meta_Prospecting_2026Q2,437
2026-06-12,NMB,facebook,paid_social,NMB_US_Meta_Prospecting_2026Q2,282
2026-06-13,NMB,facebook,paid_social,NMB_US_Meta_Prospecting_2026Q2,206
2026-06-14,NMB,facebook,paid_social,NMB_US_Meta_Prospecting_2026Q2,228
2026-06-15,NMB,facebook,paid_social,NMB_US_Meta_Prospecting_2026Q2,307
2026-06-16,NMB,facebook,paid_social,NMB_US_Meta_Prospecting_2026Q2,303
2026-06-17,NMB,facebook,paid_social,NMB_US_Meta_Prospecting_2026Q2,322
2026-06-18,NMB,facebook,paid_social,NMB_US_Meta_Prospecting_2026Q2,333
2026-06-19,NMB,facebook,paid_social,NMB_US_Meta_Prospecting_2026Q2,355
2026-06-20,NMB,facebook,paid_social,NMB_US_Meta_Prospecting_2026Q2,185
2026-06-21,NMB,facebook,paid_social,NMB_US_Meta_Prospecting_2026Q2,157
2026-06-22,NMB,facebook,paid_social,NMB_US_Meta_Prospecting_2026Q2,400
2026-06-23,NMB,facebook,paid_social,NMB_US_Meta_Prospecting_2026Q2,248
2026-06-24,NMB,facebook,paid_social,NMB_US_Meta_Prospecting_2026Q2,364
2026-06-25,NMB,facebook,paid_social,NMB_US_Meta_Prospecting_2026Q2,317
2026-06-26,NMB,facebook,paid_social,NMB_US_Meta_Prospecting_2026Q2,362
2026-06-27,NMB,facebook,paid_social,NMB_US_Meta_Prospecting_2026Q2,205
2026-06-28,NMB,facebook,paid_social,NMB_US_Meta_Prospecting_2026Q2,251
2026-06-29,NMB,facebook,paid_social,NMB_US_Meta_Prospecting_2026Q2,355
2026-06-30,NMB,facebook,paid_social,NMB_US_Meta_Prospecting_2026Q2,336
2026-07-01,NMB,facebook,paid_social,NMB_US_Meta_Prospecting_2026Q2,391
2026-07-02,NMB,facebook,paid_social,NMB_US_Meta_Prospecting_2026Q2,357
2026-07-03,NMB,facebook,paid_social,NMB_US_Meta_Prospecting_2026Q2,339
2026-07-04,NMB,facebook,paid_social,NMB_US_Meta_Prospecting_2026Q2,175
2026-07-05,NMB,facebook,paid_social,NMB_US_Meta_Prospecting_2026Q2,225
2026-07-06,NMB,facebook,paid_social,NMB_US_Meta_Prospecting_2026Q2,377
2026-07-07,NMB,facebook,paid_social,NMB_US_Meta_Prospecting_2026Q2,343
2026-07-08,NMB,facebook,paid_social,NMB_US_Meta_Prospecting_2026Q2,335
2026-07-09,NMB,facebook,paid_social,NMB_US_Meta_Prospecting_2026Q2,312
2026-07-10,NMB,facebook,paid_social,NMB_US_Meta_Prospecting_2026Q2,369
2026-07-11,NMB,facebook,paid_social,NMB_US_Meta_Prospecting_2026Q2,218
2026-07-12,NMB,facebook,paid_social,NMB_US_Meta_Prospecting_2026Q2,189
2026-07-13,NMB,facebook,paid_social,NMB_US_Meta_Prospecting_2026Q2,386
2026-07-14,NMB,facebook,paid_social,NMB_US_Meta_Prospecting_2026Q2,382
2026-07-15,NMB,facebook,paid_social,NMB_US_Meta_Prospecting_2026Q2,405
2026-07-16,NMB,facebook,paid_social,NMB_US_Meta_Prospecting_2026Q2,462
2026-07-17,NMB,facebook,paid_social,NMB_US_Meta_Prospecting_2026Q2,274
2026-07-18,NMB,facebook,paid_social,NMB_US_Meta_Prospecting_2026Q2,234
2026-07-19,NMB,facebook,paid_social,NMB_US_Meta_Prospecting_2026Q2,180
2026-07-20,NMB,facebook,paid_social,NMB_US_Meta_Prospecting_2026Q2,463
2026-07-21,NMB,facebook,paid_social,NMB_US_Meta_Prospecting_2026Q2,523
2026-07-22,NMB,facebook,paid_social,NMB_US_Meta_Prospecting_2026Q2,383
2026-07-23,NMB,facebook,paid_social,NMB_US_Meta_Prospecting_2026Q2,494
2026-07-24,NMB,facebook,paid_social,NMB_US_Meta_Prospecting_2026Q2,384
2026-07-25,NMB,facebook,paid_social,NMB_US_Meta_Prospecting_2026Q2,235
2026-07-26,NMB,facebook,paid_social,NMB_US_Meta_Prospecting_2026Q2,247
2026-07-27,NMB,facebook,paid_social,NMB_US_Meta_Prospecting_2026Q2,336
2026-07-28,NMB,facebook,paid_social,NMB_US_Meta_Prospecting_2026Q2,439
2026-07-29,NMB,facebook,paid_social,NMB_US_Meta_Prospecting_2026Q2,371
2026-07-30,NMB,facebook,paid_social,NMB_US_Meta_Prospecting_2026Q2,291
2026-07-31,NMB,facebook,paid_social,NMB_US_Meta_Prospecting_2026Q2,382
2026-05-01,NMB,facebook,paid_social,NMB_US_Meta_Retargeting_2026Q2,162
2026-05-02,NMB,facebook,paid_social,NMB_US_Meta_Retargeting_2026Q2,126
2026-05-03,NMB,facebook,paid_social,NMB_US_Meta_Retargeting_2026Q2,92
2026-05-04,NMB,facebook,paid_social,NMB_US_Meta_Retargeting_2026Q2,174
2026-05-05,NMB,facebook,paid_social,NMB_US_Meta_Retargeting_2026Q2,178
2026-05-06,NMB,facebook,paid_social,NMB_US_Meta_Retargeting_2026Q2,206
2026-05-07,NMB,facebook,paid_social,NMB_US_Meta_Retargeting_2026Q2,270
2026-05-08,NMB,facebook,paid_social,NMB_US_Meta_Retargeting_2026Q2,128
2026-05-09,NMB,facebook,paid_social,NMB_US_Meta_Retargeting_2026Q2,124
2026-05-10,NMB,facebook,paid_social,NMB_US_Meta_Retargeting_2026Q2,138
2026-05-11,NMB,facebook,paid_social,NMB_US_Meta_Retargeting_2026Q2,153
2026-05-12,NMB,facebook,paid_social,NMB_US_Meta_Retargeting_2026Q2,275
2026-05-13,NMB,facebook,paid_social,NMB_US_Meta_Retargeting_2026Q2,208
2026-05-14,NMB,facebook,paid_social,NMB_US_Meta_Retargeting_2026Q2,209
2026-05-15,NMB,facebook,paid_social,NMB_US_Meta_Retargeting_2026Q2,206
2026-05-16,NMB,facebook,paid_social,NMB_US_Meta_Retargeting_2026Q2,113
2026-05-17,NMB,facebook,paid_social,NMB_US_Meta_Retargeting_2026Q2,108
2026-05-18,NMB,facebook,paid_social,NMB_US_Meta_Retargeting_2026Q2,176
2026-05-19,NMB,facebook,paid_social,NMB_US_Meta_Retargeting_2026Q2,160
2026-05-20,NMB,facebook,paid_social,NMB_US_Meta_Retargeting_2026Q2,192
2026-05-21,NMB,facebook,paid_social,NMB_US_Meta_Retargeting_2026Q2,212
2026-05-22,NMB,facebook,paid_social,NMB_US_Meta_Retargeting_2026Q2,189
2026-05-23,NMB,facebook,paid_social,NMB_US_Meta_Retargeting_2026Q2,146
2026-05-24,NMB,facebook,paid_social,NMB_US_Meta_Retargeting_2026Q2,137
2026-05-25,NMB,facebook,paid_social,NMB_US_Meta_Retargeting_2026Q2,184
2026-05-26,NMB,facebook,paid_social,NMB_US_Meta_Retargeting_2026Q2,195
2026-05-27,NMB,facebook,paid_social,NMB_US_Meta_Retargeting_2026Q2,139
2026-05-28,NMB,facebook,paid_social,NMB_US_Meta_Retargeting_2026Q2,179
2026-05-29,NMB,facebook,paid_social,NMB_US_Meta_Retargeting_2026Q2,191
2026-05-30,NMB,facebook,paid_social,NMB_US_Meta_Retargeting_2026Q2,125
2026-05-31,NMB,facebook,paid_social,NMB_US_Meta_Retargeting_2026Q2,158
2026-06-01,NMB,facebook,paid_social,NMB_US_Meta_Retargeting_2026Q2,214
2026-06-02,NMB,facebook,paid_social,NMB_US_Meta_Retargeting_2026Q2,241
2026-06-03,NMB,facebook,paid_social,NMB_US_Meta_Retargeting_2026Q2,172
2026-06-04,NMB,facebook,paid_social,NMB_US_Meta_Retargeting_2026Q2,173
2026-06-05,NMB,facebook,paid_social,NMB_US_Meta_Retargeting_2026Q2,186
2026-06-06,NMB,facebook,paid_social,NMB_US_Meta_Retargeting_2026Q2,175
2026-06-07,NMB,facebook,paid_social,NMB_US_Meta_Retargeting_2026Q2,119
2026-06-08,NMB,facebook,paid_social,NMB_US_Meta_Retargeting_2026Q2,251
2026-06-09,NMB,facebook,paid_social,NMB_US_Meta_Retargeting_2026Q2,163
2026-06-10,NMB,facebook,paid_social,NMB_US_Meta_Retargeting_2026Q2,278
2026-06-11,NMB,facebook,paid_social,NMB_US_Meta_Retargeting_2026Q2,156
2026-06-12,NMB,facebook,paid_social,NMB_US_Meta_Retargeting_2026Q2,163
2026-06-13,NMB,facebook,paid_social,NMB_US_Meta_Retargeting_2026Q2,107
2026-06-14,NMB,facebook,paid_social,NMB_US_Meta_Retargeting_2026Q2,94
2026-06-15,NMB,facebook,paid_social,NMB_US_Meta_Retargeting_2026Q2,174
2026-06-16,NMB,facebook,paid_social,NMB_US_Meta_Retargeting_2026Q2,207
2026-06-17,NMB,facebook,paid_social,NMB_US_Meta_Retargeting_2026Q2,221
2026-06-18,NMB,facebook,paid_social,NMB_US_Meta_Retargeting_2026Q2,158
2026-06-19,NMB,facebook,paid_social,NMB_US_Meta_Retargeting_2026Q2,210
2026-06-20,NMB,facebook,paid_social,NMB_US_Meta_Retargeting_2026Q2,136
2026-06-21,NMB,facebook,paid_social,NMB_US_Meta_Retargeting_2026Q2,144
2026-06-22,NMB,facebook,paid_social,NMB_US_Meta_Retargeting_2026Q2,200
2026-06-23,NMB,facebook,paid_social,NMB_US_Meta_Retargeting_2026Q2,204
2026-06-24,NMB,facebook,paid_social,NMB_US_Meta_Retargeting_2026Q2,212
2026-06-25,NMB,facebook,paid_social,NMB_US_Meta_Retargeting_2026Q2,169
2026-06-26,NMB,facebook,paid_social,NMB_US_Meta_Retargeting_2026Q2,165
2026-06-27,NMB,facebook,paid_social,NMB_US_Meta_Retargeting_2026Q2,141
2026-06-28,NMB,facebook,paid_social,NMB_US_Meta_Retargeting_2026Q2,143
2026-06-29,NMB,facebook,paid_social,NMB_US_Meta_Retargeting_2026Q2,243
2026-06-30,NMB,facebook,paid_social,NMB_US_Meta_Retargeting_2026Q2,220
2026-07-01,NMB,facebook,paid_social,NMB_US_Meta_Retargeting_2026Q2,301
2026-07-02,NMB,facebook,paid_social,NMB_US_Meta_Retargeting_2026Q2,166
2026-07-03,NMB,facebook,paid_social,NMB_US_Meta_Retargeting_2026Q2,204
2026-07-04,NMB,facebook,paid_social,NMB_US_Meta_Retargeting_2026Q2,173
2026-07-05,NMB,facebook,paid_social,NMB_US_Meta_Retargeting_2026Q2,158
2026-07-06,NMB,facebook,paid_social,NMB_US_Meta_Retargeting_2026Q2,210
2026-07-07,NMB,facebook,paid_social,NMB_US_Meta_Retargeting_2026Q2,267
2026-07-08,NMB,facebook,paid_social,NMB_US_Meta_Retargeting_2026Q2,203
2026-07-09,NMB,facebook,paid_social,NMB_US_Meta_Retargeting_2026Q2,179
2026-07-10,NMB,facebook,paid_social,NMB_US_Meta_Retargeting_2026Q2,255
2026-07-11,NMB,facebook,paid_social,NMB_US_Meta_Retargeting_2026Q2,186
2026-07-12,NMB,facebook,paid_social,NMB_US_Meta_Retargeting_2026Q2,126
2026-07-13,NMB,facebook,paid_social,NMB_US_Meta_Retargeting_2026Q2,247
2026-07-14,NMB,facebook,paid_social,NMB_US_Meta_Retargeting_2026Q2,225
2026-07-15,NMB,facebook,paid_social,NMB_US_Meta_Retargeting_2026Q2,171
2026-07-16,NMB,facebook,paid_social,NMB_US_Meta_Retargeting_2026Q2,256
2026-07-17,NMB,facebook,paid_social,NMB_US_Meta_Retargeting_2026Q2,269
2026-07-18,NMB,facebook,paid_social,NMB_US_Meta_Retargeting_2026Q2,174
2026-07-19,NMB,facebook,paid_social,NMB_US_Meta_Retargeting_2026Q2,116
2026-07-20,NMB,facebook,paid_social,NMB_US_Meta_Retargeting_2026Q2,184
2026-07-21,NMB,facebook,paid_social,NMB_US_Meta_Retargeting_2026Q2,227
2026-07-22,NMB,facebook,paid_social,NMB_US_Meta_Retargeting_2026Q2,212
2026-07-23,NMB,facebook,paid_social,NMB_US_Meta_Retargeting_2026Q2,231
2026-07-24,NMB,facebook,paid_social,NMB_US_Meta_Retargeting_2026Q2,243
2026-07-25,NMB,facebook,paid_social,NMB_US_Meta_Retargeting_2026Q2,164
2026-07-26,NMB,facebook,paid_social,NMB_US_Meta_Retargeting_2026Q2,125
2026-07-27,NMB,facebook,paid_social,NMB_US_Meta_Retargeting_2026Q2,182
2026-07-28,NMB,facebook,paid_social,NMB_US_Meta_Retargeting_2026Q2,244
2026-07-29,NMB,facebook,paid_social,NMB_US_Meta_Retargeting_2026Q2,229
2026-07-30,NMB,facebook,paid_social,NMB_US_Meta_Retargeting_2026Q2,275
2026-07-31,NMB,facebook,paid_social,NMB_US_Meta_Retargeting_2026Q2,265
2026-05-01,NMB,facebook,paid_social,Campaign #17 - old test,8
2026-05-02,NMB,facebook,paid_social,Campaign #17 - old test,6
2026-05-03,NMB,facebook,paid_social,Campaign #17 - old test,5
2026-05-04,NMB,facebook,paid_social,Campaign #17 - old test,7
2026-05-05,NMB,facebook,paid_social,Campaign #17 - old test,8
2026-05-06,NMB,facebook,paid_social,Campaign #17 - old test,6
2026-05-07,NMB,facebook,paid_social,Campaign #17 - old test,6
2026-05-08,NMB,facebook,paid_social,Campaign #17 - old test,6
2026-05-09,NMB,facebook,paid_social,Campaign #17 - old test,6
2026-05-10,NMB,facebook,paid_social,Campaign #17 - old test,4
2026-05-11,NMB,facebook,paid_social,Campaign #17 - old test,10
2026-05-12,NMB,facebook,paid_social,Campaign #17 - old test,7
2026-05-13,NMB,facebook,paid_social,Campaign #17 - old test,9
2026-05-14,NMB,facebook,paid_social,Campaign #17 - old test,5
2026-05-15,NMB,facebook,paid_social,Campaign #17 - old test,6
2026-05-16,NMB,facebook,paid_social,Campaign #17 - old test,5
2026-05-17,NMB,facebook,paid_social,Campaign #17 - old test,4
2026-05-18,NMB,facebook,paid_social,Campaign #17 - old test,7
2026-05-19,NMB,facebook,paid_social,Campaign #17 - old test,6
2026-05-20,NMB,facebook,paid_social,Campaign #17 - old test,10
2026-05-21,NMB,facebook,paid_social,Campaign #17 - old test,7
2026-05-22,NMB,facebook,paid_social,Campaign #17 - old test,6
2026-05-23,NMB,facebook,paid_social,Campaign #17 - old test,6
2026-05-24,NMB,facebook,paid_social,Campaign #17 - old test,4
2026-05-25,NMB,facebook,paid_social,Campaign #17 - old test,5
2026-05-26,NMB,facebook,paid_social,Campaign #17 - old test,8
2026-05-27,NMB,facebook,paid_social,Campaign #17 - old test,6
2026-05-28,NMB,facebook,paid_social,Campaign #17 - old test,7
2026-05-29,NMB,facebook,paid_social,Campaign #17 - old test,8
2026-05-30,NMB,facebook,paid_social,Campaign #17 - old test,7
2026-05-31,NMB,facebook,paid_social,Campaign #17 - old test,4
2026-06-01,NMB,facebook,paid_social,Campaign #17 - old test,7
2026-06-02,NMB,facebook,paid_social,Campaign #17 - old test,6
2026-06-03,NMB,facebook,paid_social,Campaign #17 - old test,5
2026-06-04,NMB,facebook,paid_social,Campaign #17 - old test,7
2026-06-05,NMB,facebook,paid_social,Campaign #17 - old test,6
2026-06-06,NMB,facebook,paid_social,Campaign #17 - old test,7
2026-06-07,NMB,facebook,paid_social,Campaign #17 - old test,6
2026-06-08,NMB,facebook,paid_social,Campaign #17 - old test,8
2026-06-09,NMB,facebook,paid_social,Campaign #17 - old test,7
2026-06-10,NMB,facebook,paid_social,Campaign #17 - old test,9
2026-06-11,NMB,facebook,paid_social,Campaign #17 - old test,7
2026-06-12,NMB,facebook,paid_social,Campaign #17 - old test,9
2026-06-13,NMB,facebook,paid_social,Campaign #17 - old test,5
2026-06-14,NMB,facebook,paid_social,Campaign #17 - old test,5
2026-06-15,NMB,facebook,paid_social,Campaign #17 - old test,6
2026-06-16,NMB,facebook,paid_social,Campaign #17 - old test,10
2026-06-17,NMB,facebook,paid_social,Campaign #17 - old test,10
2026-06-18,NMB,facebook,paid_social,Campaign #17 - old test,9
2026-06-19,NMB,facebook,paid_social,Campaign #17 - old test,9
2026-06-20,NMB,facebook,paid_social,Campaign #17 - old test,6
2026-06-21,NMB,facebook,paid_social,Campaign #17 - old test,5
2026-06-22,NMB,facebook,paid_social,Campaign #17 - old test,8
2026-06-23,NMB,facebook,paid_social,Campaign #17 - old test,9
2026-06-24,NMB,facebook,paid_social,Campaign #17 - old test,10
2026-06-25,NMB,facebook,paid_social,Campaign #17 - old test,9
2026-06-26,NMB,facebook,paid_social,Campaign #17 - old test,9
2026-06-27,NMB,facebook,paid_social,Campaign #17 - old test,5
2026-06-28,NMB,facebook,paid_social,Campaign #17 - old test,4
2026-06-29,NMB,facebook,paid_social,Campaign #17 - old test,6
2026-06-30,NMB,facebook,paid_social,Campaign #17 - old test,9
2026-07-01,NMB,facebook,paid_social,Campaign #17 - old test,10
2026-07-02,NMB,facebook,paid_social,Campaign #17 - old test,9
2026-07-03,NMB,facebook,paid_social,Campaign #17 - old test,5
2026-07-04,NMB,facebook,paid_social,Campaign #17 - old test,5
2026-07-05,NMB,facebook,paid_social,Campaign #17 - old test,3
2026-07-06,NMB,facebook,paid_social,Campaign #17 - old test,8
2026-07-07,NMB,facebook,paid_social,Campaign #17 - old test,5
2026-07-08,NMB,facebook,paid_social,Campaign #17 - old test,6
2026-07-09,NMB,facebook,paid_social,Campaign #17 - old test,6
2026-07-10,NMB,facebook,paid_social,Campaign #17 - old test,5
2026-07-11,NMB,facebook,paid_social,Campaign #17 - old test,5
2026-07-12,NMB,facebook,paid_social,Campaign #17 - old test,3
2026-07-13,NMB,facebook,paid_social,Campaign #17 - old test,9
2026-07-14,NMB,facebook,paid_social,Campaign #17 - old test,8
2026-07-15,NMB,facebook,paid_social,Campaign #17 - old test,11
2026-05-01,AUR,google,cpc,AUR_US_Search_Brand_2026Q2,166
2026-05-02,AUR,google,cpc,AUR_US_Search_Brand_2026Q2,166
2026-05-03,AUR,google,cpc,AUR_US_Search_Brand_2026Q2,146
2026-05-04,AUR,google,cpc,AUR_US_Search_Brand_2026Q2,310
2026-05-05,AUR,google,cpc,AUR_US_Search_Brand_2026Q2,312
2026-05-06,AUR,google,cpc,AUR_US_Search_Brand_2026Q2,295
2026-05-07,AUR,google,cpc,AUR_US_Search_Brand_2026Q2,292
2026-05-08,AUR,google,cpc,AUR_US_Search_Brand_2026Q2,169
2026-05-09,AUR,google,cpc,AUR_US_Search_Brand_2026Q2,207
2026-05-10,AUR,google,cpc,AUR_US_Search_Brand_2026Q2,190
2026-05-11,AUR,google,cpc,AUR_US_Search_Brand_2026Q2,261
2026-05-12,AUR,google,cpc,AUR_US_Search_Brand_2026Q2,244
2026-05-13,AUR,google,cpc,AUR_US_Search_Brand_2026Q2,250
2026-05-14,AUR,google,cpc,AUR_US_Search_Brand_2026Q2,278
2026-05-15,AUR,google,cpc,AUR_US_Search_Brand_2026Q2,204
2026-05-16,AUR,google,cpc,AUR_US_Search_Brand_2026Q2,212
2026-05-17,AUR,google,cpc,AUR_US_Search_Brand_2026Q2,135
2026-05-18,AUR,google,cpc,AUR_US_Search_Brand_2026Q2,303
2026-05-19,AUR,google,cpc,AUR_US_Search_Brand_2026Q2,195
2026-05-20,AUR,google,cpc,AUR_US_Search_Brand_2026Q2,208
2026-05-21,AUR,google,cpc,AUR_US_Search_Brand_2026Q2,217
2026-05-22,AUR,google,cpc,AUR_US_Search_Brand_2026Q2,292
2026-05-23,AUR,google,cpc,AUR_US_Search_Brand_2026Q2,177
2026-05-24,AUR,google,cpc,AUR_US_Search_Brand_2026Q2,171
2026-05-25,AUR,google,cpc,AUR_US_Search_Brand_2026Q2,251
2026-05-26,AUR,google,cpc,AUR_US_Search_Brand_2026Q2,210
2026-05-27,AUR,google,cpc,AUR_US_Search_Brand_2026Q2,248
2026-05-28,AUR,google,cpc,AUR_US_Search_Brand_2026Q2,188
2026-05-29,AUR,google,cpc,AUR_US_Search_Brand_2026Q2,183
2026-05-30,AUR,google,cpc,AUR_US_Search_Brand_2026Q2,226
2026-05-31,AUR,google,cpc,AUR_US_Search_Brand_2026Q2,193
2026-06-01,AUR,google,cpc,AUR_US_Search_Brand_2026Q2,310
2026-06-02,AUR,google,cpc,AUR_US_Search_Brand_2026Q2,332
2026-06-03,AUR,google,cpc,AUR_US_Search_Brand_2026Q2,285
2026-06-04,AUR,google,cpc,AUR_US_Search_Brand_2026Q2,175
2026-06-05,AUR,google,cpc,AUR_US_Search_Brand_2026Q2,245
2026-06-06,AUR,google,cpc,AUR_US_Search_Brand_2026Q2,154
2026-06-07,AUR,google,cpc,AUR_US_Search_Brand_2026Q2,150
2026-06-08,AUR,google,cpc,AUR_US_Search_Brand_2026Q2,188
2026-06-09,AUR,google,cpc,AUR_US_Search_Brand_2026Q2,305
2026-06-10,AUR,google,cpc,AUR_US_Search_Brand_2026Q2,232
2026-06-11,AUR,google,cpc,AUR_US_Search_Brand_2026Q2,188
2026-06-12,AUR,google,cpc,AUR_US_Search_Brand_2026Q2,196
2026-06-13,AUR,google,cpc,AUR_US_Search_Brand_2026Q2,147
2026-06-14,AUR,google,cpc,AUR_US_Search_Brand_2026Q2,179
2026-06-15,AUR,google,cpc,AUR_US_Search_Brand_2026Q2,265
2026-06-16,AUR,google,cpc,AUR_US_Search_Brand_2026Q2,265
2026-06-17,AUR,google,cpc,AUR_US_Search_Brand_2026Q2,254
2026-06-18,AUR,google,cpc,AUR_US_Search_Brand_2026Q2,252
2026-06-19,AUR,google,cpc,AUR_US_Search_Brand_2026Q2,220
2026-06-20,AUR,google,cpc,AUR_US_Search_Brand_2026Q2,132
2026-06-21,AUR,google,cpc,AUR_US_Search_Brand_2026Q2,160
2026-06-22,AUR,google,cpc,AUR_US_Search_Brand_2026Q2,218
2026-06-23,AUR,google,cpc,AUR_US_Search_Brand_2026Q2,278
2026-06-24,AUR,google,cpc,AUR_US_Search_Brand_2026Q2,270
2026-06-25,AUR,google,cpc,AUR_US_Search_Brand_2026Q2,231
2026-06-26,AUR,google,cpc,AUR_US_Search_Brand_2026Q2,225
2026-06-27,AUR,google,cpc,AUR_US_Search_Brand_2026Q2,146
2026-06-28,AUR,google,cpc,AUR_US_Search_Brand_2026Q2,118
2026-06-29,AUR,google,cpc,AUR_US_Search_Brand_2026Q2,264
2026-06-30,AUR,google,cpc,AUR_US_Search_Brand_2026Q2,268
2026-07-01,AUR,google,cpc,AUR_US_Search_Brand_2026Q2,236
2026-07-02,AUR,google,cpc,AUR_US_Search_Brand_2026Q2,216
2026-07-03,AUR,google,cpc,AUR_US_Search_Brand_2026Q2,204
2026-07-04,AUR,google,cpc,AUR_US_Search_Brand_2026Q2,226
2026-07-05,AUR,google,cpc,AUR_US_Search_Brand_2026Q2,185
2026-07-06,AUR,google,cpc,AUR_US_Search_Brand_2026Q2,161
2026-07-07,AUR,google,cpc,AUR_US_Search_Brand_2026Q2,268
2026-07-08,AUR,google,cpc,AUR_US_Search_Brand_2026Q2,221
2026-07-09,AUR,google,cpc,AUR_US_Search_Brand_2026Q2,230
2026-07-10,AUR,google,cpc,AUR_US_Search_Brand_2026Q2,262
2026-07-11,AUR,google,cpc,AUR_US_Search_Brand_2026Q2,134
2026-07-12,AUR,google,cpc,AUR_US_Search_Brand_2026Q2,181
2026-07-13,AUR,google,cpc,AUR_US_Search_Brand_2026Q2,197
2026-07-14,AUR,google,cpc,AUR_US_Search_Brand_2026Q2,258
2026-07-15,AUR,google,cpc,AUR_US_Search_Brand_2026Q2,306
2026-07-16,AUR,google,cpc,AUR_US_Search_Brand_2026Q2,300
2026-07-17,AUR,google,cpc,AUR_US_Search_Brand_2026Q2,198
2026-07-18,AUR,google,cpc,AUR_US_Search_Brand_2026Q2,143
2026-07-19,AUR,google,cpc,AUR_US_Search_Brand_2026Q2,193
2026-07-20,AUR,google,cpc,AUR_US_Search_Brand_2026Q2,183
2026-07-21,AUR,google,cpc,AUR_US_Search_Brand_2026Q2,327
2026-07-22,AUR,google,cpc,AUR_US_Search_Brand_2026Q2,344
2026-07-23,AUR,google,cpc,AUR_US_Search_Brand_2026Q2,193
2026-07-24,AUR,google,cpc,AUR_US_Search_Brand_2026Q2,238
2026-07-25,AUR,google,cpc,AUR_US_Search_Brand_2026Q2,165
2026-07-26,AUR,google,cpc,AUR_US_Search_Brand_2026Q2,159
2026-07-27,AUR,google,cpc,AUR_US_Search_Brand_2026Q2,218
2026-07-28,AUR,google,cpc,AUR_US_Search_Brand_2026Q2,251
2026-07-29,AUR,google,cpc,AUR_US_Search_Brand_2026Q2,221
2026-07-30,AUR,google,cpc,AUR_US_Search_Brand_2026Q2,248
2026-07-31,AUR,google,cpc,AUR_US_Search_Brand_2026Q2,221
2026-05-01,AUR,google,cpc,AUR_EU_Search_NonBrand_2026Q2,207
2026-05-02,AUR,google,cpc,AUR_EU_Search_NonBrand_2026Q2,145
2026-05-03,AUR,google,cpc,AUR_EU_Search_NonBrand_2026Q2,129
2026-05-04,AUR,google,cpc,AUR_EU_Search_NonBrand_2026Q2,173
2026-05-05,AUR,google,cpc,AUR_EU_Search_NonBrand_2026Q2,174
2026-05-06,AUR,google,cpc,AUR_EU_Search_NonBrand_2026Q2,174
2026-05-07,AUR,google,cpc,AUR_EU_Search_NonBrand_2026Q2,173
2026-05-08,AUR,google,cpc,AUR_EU_Search_NonBrand_2026Q2,147
2026-05-09,AUR,google,cpc,AUR_EU_Search_NonBrand_2026Q2,111
2026-05-10,AUR,google,cpc,AUR_EU_Search_NonBrand_2026Q2,177
2026-05-11,AUR,google,cpc,AUR_EU_Search_NonBrand_2026Q2,213
2026-05-12,AUR,google,cpc,AUR_EU_Search_NonBrand_2026Q2,221
2026-05-13,AUR,google,cpc,AUR_EU_Search_NonBrand_2026Q2,160
2026-05-14,AUR,google,cpc,AUR_EU_Search_NonBrand_2026Q2,181
2026-05-15,AUR,google,cpc,AUR_EU_Search_NonBrand_2026Q2,178
2026-05-16,AUR,google,cpc,AUR_EU_Search_NonBrand_2026Q2,135
2026-05-17,AUR,google,cpc,AUR_EU_Search_NonBrand_2026Q2,164
2026-05-18,AUR,google,cpc,AUR_EU_Search_NonBrand_2026Q2,179
2026-05-19,AUR,google,cpc,AUR_EU_Search_NonBrand_2026Q2,182
2026-05-20,AUR,google,cpc,AUR_EU_Search_NonBrand_2026Q2,210
2026-05-21,AUR,google,cpc,AUR_EU_Search_NonBrand_2026Q2,162
2026-05-22,AUR,google,cpc,AUR_EU_Search_NonBrand_2026Q2,170
2026-05-23,AUR,google,cpc,AUR_EU_Search_NonBrand_2026Q2,129
2026-05-24,AUR,google,cpc,AUR_EU_Search_NonBrand_2026Q2,97
2026-05-25,AUR,google,cpc,AUR_EU_Search_NonBrand_2026Q2,211
2026-05-26,AUR,google,cpc,AUR_EU_Search_NonBrand_2026Q2,224
2026-05-27,AUR,google,cpc,AUR_EU_Search_NonBrand_2026Q2,215
2026-05-28,AUR,google,cpc,AUR_EU_Search_NonBrand_2026Q2,140
2026-05-29,AUR,google,cpc,AUR_EU_Search_NonBrand_2026Q2,228
2026-05-30,AUR,google,cpc,AUR_EU_Search_NonBrand_2026Q2,91
2026-05-31,AUR,google,cpc,AUR_EU_Search_NonBrand_2026Q2,169
2026-06-01,AUR,google,cpc,AUR_EU_Search_NonBrand_2026Q2,148
2026-06-02,AUR,google,cpc,AUR_EU_Search_NonBrand_2026Q2,160
2026-06-03,AUR,google,cpc,AUR_EU_Search_NonBrand_2026Q2,195
2026-06-04,AUR,google,cpc,AUR_EU_Search_NonBrand_2026Q2,218
2026-06-05,AUR,google,cpc,AUR_EU_Search_NonBrand_2026Q2,168
2026-06-06,AUR,google,cpc,AUR_EU_Search_NonBrand_2026Q2,143
2026-06-07,AUR,google,cpc,AUR_EU_Search_NonBrand_2026Q2,173
2026-06-08,AUR,google,cpc,AUR_EU_Search_NonBrand_2026Q2,178
2026-06-09,AUR,google,cpc,AUR_EU_Search_NonBrand_2026Q2,215
2026-06-10,AUR,google,cpc,AUR_EU_Search_NonBrand_2026Q2,282
2026-06-11,AUR,google,cpc,AUR_EU_Search_NonBrand_2026Q2,231
2026-06-12,AUR,google,cpc,AUR_EU_Search_NonBrand_2026Q2,191
2026-06-13,AUR,google,cpc,AUR_EU_Search_NonBrand_2026Q2,136
2026-06-14,AUR,google,cpc,AUR_EU_Search_NonBrand_2026Q2,113
2026-06-15,AUR,google,cpc,AUR_EU_Search_NonBrand_2026Q2,178
2026-06-16,AUR,google,cpc,AUR_EU_Search_NonBrand_2026Q2,221
2026-06-17,AUR,google,cpc,AUR_EU_Search_NonBrand_2026Q2,235
2026-06-18,AUR,google,cpc,AUR_EU_Search_NonBrand_2026Q2,140
2026-06-19,AUR,google,cpc,AUR_EU_Search_NonBrand_2026Q2,179
2026-06-20,AUR,google,cpc,AUR_EU_Search_NonBrand_2026Q2,145
2026-06-21,AUR,google,cpc,AUR_EU_Search_NonBrand_2026Q2,89
2026-06-22,AUR,google,cpc,AUR_EU_Search_NonBrand_2026Q2,204
2026-06-23,AUR,google,cpc,AUR_EU_Search_NonBrand_2026Q2,165
2026-06-24,AUR,google,cpc,AUR_EU_Search_NonBrand_2026Q2,240
2026-06-25,AUR,google,cpc,AUR_EU_Search_NonBrand_2026Q2,223
2026-06-26,AUR,google,cpc,AUR_EU_Search_NonBrand_2026Q2,187
2026-06-27,AUR,google,cpc,AUR_EU_Search_NonBrand_2026Q2,164
2026-06-28,AUR,google,cpc,AUR_EU_Search_NonBrand_2026Q2,108
2026-06-29,AUR,google,cpc,AUR_EU_Search_NonBrand_2026Q2,179
2026-06-30,AUR,google,cpc,AUR_EU_Search_NonBrand_2026Q2,233
2026-07-01,AUR,google,cpc,AUR_EU_Search_NonBrand_2026Q2,179
2026-07-02,AUR,google,cpc,AUR_EU_Search_NonBrand_2026Q2,188
2026-07-03,AUR,google,cpc,AUR_EU_Search_NonBrand_2026Q2,158
2026-07-04,AUR,google,cpc,AUR_EU_Search_NonBrand_2026Q2,137
2026-07-05,AUR,google,cpc,AUR_EU_Search_NonBrand_2026Q2,112
2026-07-06,AUR,google,cpc,AUR_EU_Search_NonBrand_2026Q2,174
2026-07-07,AUR,google,cpc,AUR_EU_Search_NonBrand_2026Q2,232
2026-07-08,AUR,google,cpc,AUR_EU_Search_NonBrand_2026Q2,225
2026-07-09,AUR,google,cpc,AUR_EU_Search_NonBrand_2026Q2,162
2026-07-10,AUR,google,cpc,AUR_EU_Search_NonBrand_2026Q2,169
2026-07-11,AUR,google,cpc,AUR_EU_Search_NonBrand_2026Q2,190
2026-07-12,AUR,google,cpc,AUR_EU_Search_NonBrand_2026Q2,179
2026-07-13,AUR,google,cpc,AUR_EU_Search_NonBrand_2026Q2,161
2026-07-14,AUR,google,cpc,AUR_EU_Search_NonBrand_2026Q2,195
2026-07-15,AUR,google,cpc,AUR_EU_Search_NonBrand_2026Q2,252
2026-07-16,AUR,google,cpc,AUR_EU_Search_NonBrand_2026Q2,156
2026-07-17,AUR,google,cpc,AUR_EU_Search_NonBrand_2026Q2,152
2026-07-18,AUR,google,cpc,AUR_EU_Search_NonBrand_2026Q2,190
2026-07-19,AUR,google,cpc,AUR_EU_Search_NonBrand_2026Q2,115
2026-07-20,AUR,google,cpc,AUR_EU_Search_NonBrand_2026Q2,218
2026-07-21,AUR,google,cpc,AUR_EU_Search_NonBrand_2026Q2,213
2026-07-22,AUR,google,cpc,AUR_EU_Search_NonBrand_2026Q2,196
2026-07-23,AUR,google,cpc,AUR_EU_Search_NonBrand_2026Q2,182
2026-07-24,AUR,google,cpc,AUR_EU_Search_NonBrand_2026Q2,156
2026-07-25,AUR,google,cpc,AUR_EU_Search_NonBrand_2026Q2,105
2026-07-26,AUR,google,cpc,AUR_EU_Search_NonBrand_2026Q2,136
2026-07-27,AUR,google,cpc,AUR_EU_Search_NonBrand_2026Q2,239
2026-07-28,AUR,google,cpc,AUR_EU_Search_NonBrand_2026Q2,175
2026-07-29,AUR,google,cpc,AUR_EU_Search_NonBrand_2026Q2,171
2026-07-30,AUR,google,cpc,AUR_EU_Search_NonBrand_2026Q2,217
2026-07-31,AUR,google,cpc,AUR_EU_Search_NonBrand_2026Q2,192
2026-05-01,PKF,google,cpc,PKF_US_Search_Brand_2026Q2,334
2026-05-02,PKF,google,cpc,PKF_US_Search_Brand_2026Q2,244
2026-05-03,PKF,google,cpc,PKF_US_Search_Brand_2026Q2,177
2026-05-04,PKF,google,cpc,PKF_US_Search_Brand_2026Q2,431
2026-05-05,PKF,google,cpc,PKF_US_Search_Brand_2026Q2,352
2026-05-06,PKF,google,cpc,PKF_US_Search_Brand_2026Q2,349
2026-05-07,PKF,google,cpc,PKF_US_Search_Brand_2026Q2,360
2026-05-08,PKF,google,cpc,PKF_US_Search_Brand_2026Q2,343
2026-05-09,PKF,google,cpc,PKF_US_Search_Brand_2026Q2,215
2026-05-10,PKF,google,cpc,PKF_US_Search_Brand_2026Q2,230
2026-05-11,PKF,google,cpc,PKF_US_Search_Brand_2026Q2,341
2026-05-12,PKF,google,cpc,PKF_US_Search_Brand_2026Q2,379
2026-05-13,PKF,google,cpc,PKF_US_Search_Brand_2026Q2,326
2026-05-14,PKF,google,cpc,PKF_US_Search_Brand_2026Q2,394
2026-05-15,PKF,google,cpc,PKF_US_Search_Brand_2026Q2,275
2026-05-16,PKF,google,cpc,PKF_US_Search_Brand_2026Q2,220
2026-05-17,PKF,google,cpc,PKF_US_Search_Brand_2026Q2,188
2026-05-18,PKF,google,cpc,PKF_US_Search_Brand_2026Q2,343
2026-05-19,PKF,google,cpc,PKF_US_Search_Brand_2026Q2,408
2026-05-20,PKF,google,cpc,PKF_US_Search_Brand_2026Q2,381
2026-05-21,PKF,google,cpc,PKF_US_Search_Brand_2026Q2,288
2026-05-22,PKF,google,cpc,PKF_US_Search_Brand_2026Q2,361
2026-05-23,PKF,google,cpc,PKF_US_Search_Brand_2026Q2,182
2026-05-24,PKF,google,cpc,PKF_US_Search_Brand_2026Q2,200
2026-05-25,PKF,google,cpc,PKF_US_Search_Brand_2026Q2,322
2026-05-26,PKF,google,cpc,PKF_US_Search_Brand_2026Q2,305
2026-05-27,PKF,google,cpc,PKF_US_Search_Brand_2026Q2,353
2026-05-28,PKF,google,cpc,PKF_US_Search_Brand_2026Q2,363
2026-05-29,PKF,google,cpc,PKF_US_Search_Brand_2026Q2,280
2026-05-30,PKF,google,cpc,PKF_US_Search_Brand_2026Q2,222
2026-05-31,PKF,google,cpc,PKF_US_Search_Brand_2026Q2,235
2026-06-01,PKF,google,cpc,PKF_US_Search_Brand_2026Q2,316
2026-06-02,PKF,google,cpc,PKF_US_Search_Brand_2026Q2,321
2026-06-03,PKF,google,cpc,PKF_US_Search_Brand_2026Q2,328
2026-06-04,PKF,google,cpc,PKF_US_Search_Brand_2026Q2,367
2026-06-05,PKF,google,cpc,PKF_US_Search_Brand_2026Q2,389
2026-06-06,PKF,google,cpc,PKF_US_Search_Brand_2026Q2,200
2026-06-07,PKF,google,cpc,PKF_US_Search_Brand_2026Q2,210
2026-06-08,PKF,google,cpc,PKF_US_Search_Brand_2026Q2,434
2026-06-09,PKF,google,cpc,PKF_US_Search_Brand_2026Q2,277
2026-06-10,PKF,google,cpc,PKF_US_Search_Brand_2026Q2,441
2026-06-11,PKF,google,cpc,PKF_US_Search_Brand_2026Q2,445
2026-06-12,PKF,google,cpc,PKF_US_Search_Brand_2026Q2,344
2026-06-13,PKF,google,cpc,PKF_US_Search_Brand_2026Q2,220
2026-06-14,PKF,google,cpc,PKF_US_Search_Brand_2026Q2,187
2026-06-15,PKF,google,cpc,PKF_US_Search_Brand_2026Q2,354
2026-06-16,PKF,google,cpc,PKF_US_Search_Brand_2026Q2,358
2026-06-17,PKF,google,cpc,PKF_US_Search_Brand_2026Q2,283
2026-06-18,PKF,google,cpc,PKF_US_Search_Brand_2026Q2,441
2026-06-19,PKF,google,cpc,PKF_US_Search_Brand_2026Q2,314
2026-06-20,PKF,google,cpc,PKF_US_Search_Brand_2026Q2,228
2026-06-21,PKF,google,cpc,PKF_US_Search_Brand_2026Q2,211
2026-06-22,PKF,google,cpc,PKF_US_Search_Brand_2026Q2,439
2026-06-23,PKF,google,cpc,PKF_US_Search_Brand_2026Q2,407
2026-06-24,PKF,google,cpc,PKF_US_Search_Brand_2026Q2,329
2026-06-25,PKF,google,cpc,PKF_US_Search_Brand_2026Q2,423
2026-06-26,PKF,google,cpc,PKF_US_Search_Brand_2026Q2,260
2026-06-27,PKF,google,cpc,PKF_US_Search_Brand_2026Q2,223
2026-06-28,PKF,google,cpc,PKF_US_Search_Brand_2026Q2,206
2026-06-29,PKF,google,cpc,PKF_US_Search_Brand_2026Q2,368
2026-06-30,PKF,google,cpc,PKF_US_Search_Brand_2026Q2,318
2026-07-01,PKF,google,cpc,PKF_US_Search_Brand_2026Q2,365
2026-07-02,PKF,google,cpc,PKF_US_Search_Brand_2026Q2,296
2026-07-03,PKF,google,cpc,PKF_US_Search_Brand_2026Q2,407
2026-07-04,PKF,google,cpc,PKF_US_Search_Brand_2026Q2,249
2026-07-05,PKF,google,cpc,PKF_US_Search_Brand_2026Q2,249
2026-07-06,PKF,google,cpc,PKF_US_Search_Brand_2026Q2,421
2026-07-07,PKF,google,cpc,PKF_US_Search_Brand_2026Q2,391
2026-07-08,PKF,google,cpc,PKF_US_Search_Brand_2026Q2,415
2026-07-09,PKF,google,cpc,PKF_US_Search_Brand_2026Q2,342
2026-07-10,PKF,google,cpc,PKF_US_Search_Brand_2026Q2,251
2026-07-11,PKF,google,cpc,PKF_US_Search_Brand_2026Q2,208
2026-07-12,PKF,google,cpc,PKF_US_Search_Brand_2026Q2,278
2026-07-13,PKF,google,cpc,PKF_US_Search_Brand_2026Q2,336
2026-07-14,PKF,google,cpc,PKF_US_Search_Brand_2026Q2,373
2026-07-15,PKF,google,cpc,PKF_US_Search_Brand_2026Q2,388
2026-07-16,PKF,google,cpc,PKF_US_Search_Brand_2026Q2,323
2026-07-17,PKF,google,cpc,PKF_US_Search_Brand_2026Q2,376
2026-07-18,PKF,google,cpc,PKF_US_Search_Brand_2026Q2,291
2026-07-19,PKF,google,cpc,PKF_US_Search_Brand_2026Q2,233
2026-07-20,PKF,google,cpc,PKF_US_Search_Brand_2026Q2,437
2026-07-21,PKF,google,cpc,PKF_US_Search_Brand_2026Q2,280
2026-07-22,PKF,google,cpc,PKF_US_Search_Brand_2026Q2,381
2026-07-23,PKF,google,cpc,PKF_US_Search_Brand_2026Q2,289
2026-07-24,PKF,google,cpc,PKF_US_Search_Brand_2026Q2,420
2026-07-25,PKF,google,cpc,PKF_US_Search_Brand_2026Q2,228
2026-07-26,PKF,google,cpc,PKF_US_Search_Brand_2026Q2,210
2026-07-27,PKF,google,cpc,PKF_US_Search_Brand_2026Q2,299
2026-07-28,PKF,google,cpc,PKF_US_Search_Brand_2026Q2,486
2026-07-29,PKF,google,cpc,PKF_US_Search_Brand_2026Q2,310
2026-07-30,PKF,google,cpc,PKF_US_Search_Brand_2026Q2,297
2026-07-31,PKF,google,cpc,PKF_US_Search_Brand_2026Q2,345
2026-05-01,PKF,google,cpc,pkf|nonbrand|search|may26,105
2026-05-02,PKF,google,cpc,pkf|nonbrand|search|may26,89
2026-05-03,PKF,google,cpc,pkf|nonbrand|search|may26,101
2026-05-04,PKF,google,cpc,pkf|nonbrand|search|may26,147
2026-05-05,PKF,google,cpc,pkf|nonbrand|search|may26,123
2026-05-06,PKF,google,cpc,pkf|nonbrand|search|may26,144
2026-05-07,PKF,google,cpc,pkf|nonbrand|search|may26,144
2026-05-08,PKF,google,cpc,pkf|nonbrand|search|may26,160
2026-05-09,PKF,google,cpc,pkf|nonbrand|search|may26,84
2026-05-10,PKF,google,cpc,pkf|nonbrand|search|may26,136
2026-05-11,PKF,google,cpc,pkf|nonbrand|search|may26,118
2026-05-12,PKF,google,cpc,pkf|nonbrand|search|may26,147
2026-05-13,PKF,google,cpc,pkf|nonbrand|search|may26,137
2026-05-14,PKF,google,cpc,pkf|nonbrand|search|may26,140
2026-05-15,PKF,google,cpc,pkf|nonbrand|search|may26,143
2026-05-16,PKF,google,cpc,pkf|nonbrand|search|may26,116
2026-05-17,PKF,google,cpc,pkf|nonbrand|search|may26,98
2026-05-18,PKF,google,cpc,pkf|nonbrand|search|may26,124
2026-05-19,PKF,google,cpc,pkf|nonbrand|search|may26,126
2026-05-20,PKF,google,cpc,pkf|nonbrand|search|may26,103
2026-05-21,PKF,google,cpc,pkf|nonbrand|search|may26,136
2026-05-22,PKF,google,cpc,pkf|nonbrand|search|may26,168
2026-05-23,PKF,google,cpc,pkf|nonbrand|search|may26,78
2026-05-24,PKF,google,cpc,pkf|nonbrand|search|may26,93
2026-05-25,PKF,google,cpc,pkf|nonbrand|search|may26,109
2026-05-26,PKF,google,cpc,pkf|nonbrand|search|may26,115
2026-05-27,PKF,google,cpc,pkf|nonbrand|search|may26,197
2026-05-28,PKF,google,cpc,pkf|nonbrand|search|may26,97
2026-05-29,PKF,google,cpc,pkf|nonbrand|search|may26,122
2026-05-30,PKF,google,cpc,pkf|nonbrand|search|may26,68
2026-05-31,PKF,google,cpc,pkf|nonbrand|search|may26,87
2026-06-01,PKF,google,cpc,pkf|nonbrand|search|may26,115
2026-06-02,PKF,google,cpc,pkf|nonbrand|search|may26,149
2026-06-03,PKF,google,cpc,pkf|nonbrand|search|may26,134
2026-06-04,PKF,google,cpc,pkf|nonbrand|search|may26,81
2026-06-05,PKF,google,cpc,pkf|nonbrand|search|may26,113
2026-06-06,PKF,google,cpc,pkf|nonbrand|search|may26,109
2026-06-07,PKF,google,cpc,pkf|nonbrand|search|may26,106
2026-06-08,PKF,google,cpc,pkf|nonbrand|search|may26,151
2026-06-09,PKF,google,cpc,pkf|nonbrand|search|may26,111
2026-06-10,PKF,google,cpc,pkf|nonbrand|search|may26,139
2026-06-11,PKF,google,cpc,pkf|nonbrand|search|may26,133
2026-06-12,PKF,google,cpc,pkf|nonbrand|search|may26,109
2026-06-13,PKF,google,cpc,pkf|nonbrand|search|may26,102
2026-06-14,PKF,google,cpc,pkf|nonbrand|search|may26,67
2026-06-15,PKF,google,cpc,pkf|nonbrand|search|may26,127
2026-06-16,PKF,google,cpc,pkf|nonbrand|search|may26,162
2026-06-17,PKF,google,cpc,pkf|nonbrand|search|may26,121
2026-06-18,PKF,google,cpc,pkf|nonbrand|search|may26,125
2026-06-19,PKF,google,cpc,pkf|nonbrand|search|may26,134
2026-06-20,PKF,google,cpc,pkf|nonbrand|search|may26,76
2026-06-21,PKF,google,cpc,pkf|nonbrand|search|may26,95
2026-06-22,PKF,google,cpc,pkf|nonbrand|search|may26,100
2026-06-23,PKF,google,cpc,pkf|nonbrand|search|may26,154
2026-06-24,PKF,google,cpc,pkf|nonbrand|search|may26,145
2026-06-25,PKF,google,cpc,pkf|nonbrand|search|may26,132
2026-06-26,PKF,google,cpc,pkf|nonbrand|search|may26,169
2026-06-27,PKF,google,cpc,pkf|nonbrand|search|may26,93
2026-06-28,PKF,google,cpc,pkf|nonbrand|search|may26,90
2026-06-29,PKF,google,cpc,pkf|nonbrand|search|may26,110
2026-06-30,PKF,google,cpc,pkf|nonbrand|search|may26,140
2026-07-01,PKF,google,cpc,pkf|nonbrand|search|may26,120
2026-07-02,PKF,google,cpc,pkf|nonbrand|search|may26,163
2026-07-03,PKF,google,cpc,pkf|nonbrand|search|may26,128
2026-07-04,PKF,google,cpc,pkf|nonbrand|search|may26,90
2026-07-05,PKF,google,cpc,pkf|nonbrand|search|may26,107
2026-07-06,PKF,google,cpc,pkf|nonbrand|search|may26,114
2026-07-07,PKF,google,cpc,pkf|nonbrand|search|may26,166
2026-07-08,PKF,google,cpc,pkf|nonbrand|search|may26,119
2026-07-09,PKF,google,cpc,pkf|nonbrand|search|may26,136
2026-07-10,PKF,google,cpc,pkf|nonbrand|search|may26,104
2026-07-11,PKF,google,cpc,pkf|nonbrand|search|may26,70
2026-07-12,PKF,google,cpc,pkf|nonbrand|search|may26,69
2026-07-13,PKF,google,cpc,pkf|nonbrand|search|may26,125
2026-07-14,PKF,google,cpc,pkf|nonbrand|search|may26,125
2026-07-15,PKF,google,cpc,pkf|nonbrand|search|may26,141
2026-07-16,PKF,google,cpc,pkf|nonbrand|search|may26,147
2026-07-17,PKF,google,cpc,pkf|nonbrand|search|may26,106
2026-07-18,PKF,google,cpc,pkf|nonbrand|search|may26,106
2026-07-19,PKF,google,cpc,pkf|nonbrand|search|may26,84
2026-07-20,PKF,google,cpc,pkf|nonbrand|search|may26,88
2026-07-21,PKF,google,cpc,pkf|nonbrand|search|may26,125
2026-07-22,PKF,google,cpc,pkf|nonbrand|search|may26,142
2026-07-23,PKF,google,cpc,pkf|nonbrand|search|may26,123
2026-07-24,PKF,google,cpc,pkf|nonbrand|search|may26,137
2026-07-25,PKF,google,cpc,pkf|nonbrand|search|may26,111
2026-07-26,PKF,google,cpc,pkf|nonbrand|search|may26,80
2026-07-27,PKF,google,cpc,pkf|nonbrand|search|may26,137
2026-07-28,PKF,google,cpc,pkf|nonbrand|search|may26,121
2026-07-29,PKF,google,cpc,pkf|nonbrand|search|may26,136
2026-07-30,PKF,google,cpc,pkf|nonbrand|search|may26,133
2026-07-31,PKF,google,cpc,pkf|nonbrand|search|may26,142
2026-05-01,PKF,google,cpc,PKF_US_Display_Legacy,6
2026-05-02,PKF,google,cpc,PKF_US_Display_Legacy,3
2026-05-03,PKF,google,cpc,PKF_US_Display_Legacy,4
2026-05-04,PKF,google,cpc,PKF_US_Display_Legacy,8
2026-05-05,PKF,google,cpc,PKF_US_Display_Legacy,7
2026-05-06,PKF,google,cpc,PKF_US_Display_Legacy,6
2026-05-07,PKF,google,cpc,PKF_US_Display_Legacy,6
2026-05-08,PKF,google,cpc,PKF_US_Display_Legacy,7
2026-05-09,PKF,google,cpc,PKF_US_Display_Legacy,3
2026-05-10,PKF,google,cpc,PKF_US_Display_Legacy,3
2026-05-11,PKF,google,cpc,PKF_US_Display_Legacy,7
2026-05-12,PKF,google,cpc,PKF_US_Display_Legacy,7
2026-05-13,PKF,google,cpc,PKF_US_Display_Legacy,4
2026-05-14,PKF,google,cpc,PKF_US_Display_Legacy,4
2026-05-15,PKF,google,cpc,PKF_US_Display_Legacy,4
2026-05-16,PKF,google,cpc,PKF_US_Display_Legacy,6
2026-05-17,PKF,google,cpc,PKF_US_Display_Legacy,5
2026-05-18,PKF,google,cpc,PKF_US_Display_Legacy,6
2026-05-19,PKF,google,cpc,PKF_US_Display_Legacy,7
2026-05-20,PKF,google,cpc,PKF_US_Display_Legacy,7
2026-05-21,PKF,google,cpc,PKF_US_Display_Legacy,7
2026-05-22,PKF,google,cpc,PKF_US_Display_Legacy,7
2026-05-23,PKF,google,cpc,PKF_US_Display_Legacy,4
2026-05-24,PKF,google,cpc,PKF_US_Display_Legacy,2
2026-05-25,PKF,google,cpc,PKF_US_Display_Legacy,6
2026-05-26,PKF,google,cpc,PKF_US_Display_Legacy,7
2026-05-27,PKF,google,cpc,PKF_US_Display_Legacy,6
2026-05-28,PKF,google,cpc,PKF_US_Display_Legacy,8
2026-05-29,PKF,google,cpc,PKF_US_Display_Legacy,5
2026-05-30,PKF,google,cpc,PKF_US_Display_Legacy,5
2026-05-31,PKF,google,cpc,PKF_US_Display_Legacy,4
2026-06-01,PKF,google,cpc,PKF_US_Display_Legacy,7
2026-06-02,PKF,google,cpc,PKF_US_Display_Legacy,4
2026-06-03,PKF,google,cpc,PKF_US_Display_Legacy,6
2026-06-04,PKF,google,cpc,PKF_US_Display_Legacy,7
2026-06-05,PKF,google,cpc,PKF_US_Display_Legacy,6
2026-06-06,PKF,google,cpc,PKF_US_Display_Legacy,4
2026-06-07,PKF,google,cpc,PKF_US_Display_Legacy,3
2026-06-08,PKF,google,cpc,PKF_US_Display_Legacy,6
2026-06-09,PKF,google,cpc,PKF_US_Display_Legacy,5
2026-06-10,PKF,google,cpc,PKF_US_Display_Legacy,6
2026-06-11,PKF,google,cpc,PKF_US_Display_Legacy,6
2026-06-12,PKF,google,cpc,PKF_US_Display_Legacy,4
2026-06-13,PKF,google,cpc,PKF_US_Display_Legacy,3
2026-06-14,PKF,google,cpc,PKF_US_Display_Legacy,5
2026-06-15,PKF,google,cpc,PKF_US_Display_Legacy,7
2026-06-16,PKF,google,cpc,PKF_US_Display_Legacy,9
2026-06-17,PKF,google,cpc,PKF_US_Display_Legacy,7
2026-06-18,PKF,google,cpc,PKF_US_Display_Legacy,6
2026-06-19,PKF,google,cpc,PKF_US_Display_Legacy,5
2026-06-20,PKF,google,cpc,PKF_US_Display_Legacy,4
2026-06-21,PKF,google,cpc,PKF_US_Display_Legacy,4
2026-06-22,PKF,google,cpc,PKF_US_Display_Legacy,6
2026-06-23,PKF,google,cpc,PKF_US_Display_Legacy,8
2026-06-24,PKF,google,cpc,PKF_US_Display_Legacy,6
2026-06-25,PKF,google,cpc,PKF_US_Display_Legacy,6
2026-06-26,PKF,google,cpc,PKF_US_Display_Legacy,7
2026-06-27,PKF,google,cpc,PKF_US_Display_Legacy,5
2026-06-28,PKF,google,cpc,PKF_US_Display_Legacy,5
2026-06-29,PKF,google,cpc,PKF_US_Display_Legacy,9
2026-06-30,PKF,google,cpc,PKF_US_Display_Legacy,7
2026-07-01,PKF,google,cpc,PKF_US_Display_Legacy,6
2026-07-02,PKF,google,cpc,PKF_US_Display_Legacy,6
2026-07-03,PKF,google,cpc,PKF_US_Display_Legacy,7
2026-07-04,PKF,google,cpc,PKF_US_Display_Legacy,4
2026-07-05,PKF,google,cpc,PKF_US_Display_Legacy,4
2026-07-06,PKF,google,cpc,PKF_US_Display_Legacy,7
2026-07-07,PKF,google,cpc,PKF_US_Display_Legacy,7
2026-07-08,PKF,google,cpc,PKF_US_Display_Legacy,6
2026-07-09,PKF,google,cpc,PKF_US_Display_Legacy,6
2026-07-10,PKF,google,cpc,PKF_US_Display_Legacy,5
2026-07-11,PKF,google,cpc,PKF_US_Display_Legacy,4
2026-07-12,PKF,google,cpc,PKF_US_Display_Legacy,4
2026-07-13,PKF,google,cpc,PKF_US_Display_Legacy,6
2026-07-14,PKF,google,cpc,PKF_US_Display_Legacy,5
2026-07-15,PKF,google,cpc,PKF_US_Display_Legacy,8
2026-07-16,PKF,google,cpc,PKF_US_Display_Legacy,8
2026-07-17,PKF,google,cpc,PKF_US_Display_Legacy,5
2026-07-18,PKF,google,cpc,PKF_US_Display_Legacy,5
2026-07-19,PKF,google,cpc,PKF_US_Display_Legacy,4
2026-07-20,PKF,google,cpc,PKF_US_Display_Legacy,5
2026-07-21,PKF,google,cpc,PKF_US_Display_Legacy,6
2026-07-22,PKF,google,cpc,PKF_US_Display_Legacy,6
2026-07-23,PKF,google,cpc,PKF_US_Display_Legacy,6
2026-07-24,PKF,google,cpc,PKF_US_Display_Legacy,7
2026-07-25,PKF,google,cpc,PKF_US_Display_Legacy,6
2026-07-26,PKF,google,cpc,PKF_US_Display_Legacy,6
2026-07-27,PKF,google,cpc,PKF_US_Display_Legacy,7
2026-07-28,PKF,google,cpc,PKF_US_Display_Legacy,7
2026-07-29,PKF,google,cpc,PKF_US_Display_Legacy,6
2026-07-30,PKF,google,cpc,PKF_US_Display_Legacy,7
2026-07-31,PKF,google,cpc,PKF_US_Display_Legacy,6
2026-05-01,NMB,google,cpc,NMB_US_Search_Brand_2026Q2,260
2026-05-02,NMB,google,cpc,NMB_US_Search_Brand_2026Q2,265
2026-05-03,NMB,google,cpc,NMB_US_Search_Brand_2026Q2,151
2026-05-04,NMB,google,cpc,NMB_US_Search_Brand_2026Q2,232
2026-05-05,NMB,google,cpc,NMB_US_Search_Brand_2026Q2,295
2026-05-06,NMB,google,cpc,NMB_US_Search_Brand_2026Q2,310
2026-05-07,NMB,google,cpc,NMB_US_Search_Brand_2026Q2,219
2026-05-08,NMB,google,cpc,NMB_US_Search_Brand_2026Q2,212
2026-05-09,NMB,google,cpc,NMB_US_Search_Brand_2026Q2,196
2026-05-10,NMB,google,cpc,NMB_US_Search_Brand_2026Q2,168
2026-05-11,NMB,google,cpc,NMB_US_Search_Brand_2026Q2,250
2026-05-12,NMB,google,cpc,NMB_US_Search_Brand_2026Q2,332
2026-05-13,NMB,google,cpc,NMB_US_Search_Brand_2026Q2,334
2026-05-14,NMB,google,cpc,NMB_US_Search_Brand_2026Q2,218
2026-05-15,NMB,google,cpc,NMB_US_Search_Brand_2026Q2,208
2026-05-16,NMB,google,cpc,NMB_US_Search_Brand_2026Q2,185
2026-05-17,NMB,google,cpc,NMB_US_Search_Brand_2026Q2,167
2026-05-18,NMB,google,cpc,NMB_US_Search_Brand_2026Q2,298
2026-05-19,NMB,google,cpc,NMB_US_Search_Brand_2026Q2,306
2026-05-20,NMB,google,cpc,NMB_US_Search_Brand_2026Q2,262
2026-05-21,NMB,google,cpc,NMB_US_Search_Brand_2026Q2,302
2026-05-22,NMB,google,cpc,NMB_US_Search_Brand_2026Q2,253
2026-05-23,NMB,google,cpc,NMB_US_Search_Brand_2026Q2,186
2026-05-24,NMB,google,cpc,NMB_US_Search_Brand_2026Q2,172
2026-05-25,NMB,google,cpc,NMB_US_Search_Brand_2026Q2,233
2026-05-26,NMB,google,cpc,NMB_US_Search_Brand_2026Q2,281
2026-05-27,NMB,google,cpc,NMB_US_Search_Brand_2026Q2,369
2026-05-28,NMB,google,cpc,NMB_US_Search_Brand_2026Q2,279
2026-05-29,NMB,google,cpc,NMB_US_Search_Brand_2026Q2,232
2026-05-30,NMB,google,cpc,NMB_US_Search_Brand_2026Q2,204
2026-05-31,NMB,google,cpc,NMB_US_Search_Brand_2026Q2,165
2026-06-01,NMB,google,cpc,NMB_US_Search_Brand_2026Q2,209
2026-06-02,NMB,google,cpc,NMB_US_Search_Brand_2026Q2,275
2026-06-03,NMB,google,cpc,NMB_US_Search_Brand_2026Q2,405
2026-06-04,NMB,google,cpc,NMB_US_Search_Brand_2026Q2,255
2026-06-05,NMB,google,cpc,NMB_US_Search_Brand_2026Q2,257
2026-06-06,NMB,google,cpc,NMB_US_Search_Brand_2026Q2,226
2026-06-07,NMB,google,cpc,NMB_US_Search_Brand_2026Q2,177
2026-06-08,NMB,google,cpc,NMB_US_Search_Brand_2026Q2,260
2026-06-09,NMB,google,cpc,NMB_US_Search_Brand_2026Q2,274
2026-06-10,NMB,google,cpc,NMB_US_Search_Brand_2026Q2,272
2026-06-11,NMB,google,cpc,NMB_US_Search_Brand_2026Q2,248
2026-06-12,NMB,google,cpc,NMB_US_Search_Brand_2026Q2,214
2026-06-13,NMB,google,cpc,NMB_US_Search_Brand_2026Q2,187
2026-06-14,NMB,google,cpc,NMB_US_Search_Brand_2026Q2,170
2026-06-15,NMB,google,cpc,NMB_US_Search_Brand_2026Q2,265
2026-06-16,NMB,google,cpc,NMB_US_Search_Brand_2026Q2,265
2026-06-17,NMB,google,cpc,NMB_US_Search_Brand_2026Q2,243
2026-06-18,NMB,google,cpc,NMB_US_Search_Brand_2026Q2,250
2026-06-19,NMB,google,cpc,NMB_US_Search_Brand_2026Q2,248
2026-06-20,NMB,google,cpc,NMB_US_Search_Brand_2026Q2,193
2026-06-21,NMB,google,cpc,NMB_US_Search_Brand_2026Q2,184
2026-06-22,NMB,google,cpc,NMB_US_Search_Brand_2026Q2,212
2026-06-23,NMB,google,cpc,NMB_US_Search_Brand_2026Q2,337
2026-06-24,NMB,google,cpc,NMB_US_Search_Brand_2026Q2,257
2026-06-25,NMB,google,cpc,NMB_US_Search_Brand_2026Q2,330
2026-06-26,NMB,google,cpc,NMB_US_Search_Brand_2026Q2,199
2026-06-27,NMB,google,cpc,NMB_US_Search_Brand_2026Q2,160
2026-06-28,NMB,google,cpc,NMB_US_Search_Brand_2026Q2,124
2026-06-29,NMB,google,cpc,NMB_US_Search_Brand_2026Q2,255
2026-06-30,NMB,google,cpc,NMB_US_Search_Brand_2026Q2,307
2026-07-01,NMB,google,cpc,NMB_US_Search_Brand_2026Q2,257
2026-07-02,NMB,google,cpc,NMB_US_Search_Brand_2026Q2,222
2026-07-03,NMB,google,cpc,NMB_US_Search_Brand_2026Q2,189
2026-07-04,NMB,google,cpc,NMB_US_Search_Brand_2026Q2,123
2026-07-05,NMB,google,cpc,NMB_US_Search_Brand_2026Q2,141
2026-07-06,NMB,google,cpc,NMB_US_Search_Brand_2026Q2,239
2026-07-07,NMB,google,cpc,NMB_US_Search_Brand_2026Q2,214
2026-07-08,NMB,google,cpc,NMB_US_Search_Brand_2026Q2,237
2026-07-09,NMB,google,cpc,NMB_US_Search_Brand_2026Q2,189
2026-07-10,NMB,google,cpc,NMB_US_Search_Brand_2026Q2,261
2026-07-11,NMB,google,cpc,NMB_US_Search_Brand_2026Q2,166
2026-07-12,NMB,google,cpc,NMB_US_Search_Brand_2026Q2,118
2026-07-13,NMB,google,cpc,NMB_US_Search_Brand_2026Q2,242
2026-07-14,NMB,google,cpc,NMB_US_Search_Brand_2026Q2,339
2026-07-15,NMB,google,cpc,NMB_US_Search_Brand_2026Q2,228
2026-07-16,NMB,google,cpc,NMB_US_Search_Brand_2026Q2,220
2026-07-17,NMB,google,cpc,NMB_US_Search_Brand_2026Q2,240
2026-07-18,NMB,google,cpc,NMB_US_Search_Brand_2026Q2,176
2026-07-19,NMB,google,cpc,NMB_US_Search_Brand_2026Q2,173
2026-07-20,NMB,google,cpc,NMB_US_Search_Brand_2026Q2,236
2026-07-21,NMB,google,cpc,NMB_US_Search_Brand_2026Q2,210
2026-07-22,NMB,google,cpc,NMB_US_Search_Brand_2026Q2,207
2026-07-23,NMB,google,cpc,NMB_US_Search_Brand_2026Q2,324
2026-07-24,NMB,google,cpc,NMB_US_Search_Brand_2026Q2,289
2026-07-25,NMB,google,cpc,NMB_US_Search_Brand_2026Q2,204
2026-07-26,NMB,google,cpc,NMB_US_Search_Brand_2026Q2,144
2026-07-27,NMB,google,cpc,NMB_US_Search_Brand_2026Q2,205
2026-07-28,NMB,google,cpc,NMB_US_Search_Brand_2026Q2,240
2026-07-29,NMB,google,cpc,NMB_US_Search_Brand_2026Q2,222
2026-07-30,NMB,google,cpc,NMB_US_Search_Brand_2026Q2,239
2026-07-31,NMB,google,cpc,NMB_US_Search_Brand_2026Q2,274
2026-05-01,NMB,google,cpc,NMB_US_PMax_2026Q2,188
2026-05-02,NMB,google,cpc,NMB_US_PMax_2026Q2,149
2026-05-03,NMB,google,cpc,NMB_US_PMax_2026Q2,84
2026-05-04,NMB,google,cpc,NMB_US_PMax_2026Q2,195
2026-05-05,NMB,google,cpc,NMB_US_PMax_2026Q2,110
2026-05-06,NMB,google,cpc,NMB_US_PMax_2026Q2,221
2026-05-07,NMB,google,cpc,NMB_US_PMax_2026Q2,195
2026-05-08,NMB,google,cpc,NMB_US_PMax_2026Q2,114
2026-05-09,NMB,google,cpc,NMB_US_PMax_2026Q2,98
2026-05-10,NMB,google,cpc,NMB_US_PMax_2026Q2,101
2026-05-11,NMB,google,cpc,NMB_US_PMax_2026Q2,172
2026-05-12,NMB,google,cpc,NMB_US_PMax_2026Q2,140
2026-05-13,NMB,google,cpc,NMB_US_PMax_2026Q2,118
2026-05-14,NMB,google,cpc,NMB_US_PMax_2026Q2,134
2026-05-15,NMB,google,cpc,NMB_US_PMax_2026Q2,162
2026-05-16,NMB,google,cpc,NMB_US_PMax_2026Q2,100
2026-05-17,NMB,google,cpc,NMB_US_PMax_2026Q2,83
2026-05-18,NMB,google,cpc,NMB_US_PMax_2026Q2,126
2026-05-19,NMB,google,cpc,NMB_US_PMax_2026Q2,178
2026-05-20,NMB,google,cpc,NMB_US_PMax_2026Q2,162
2026-05-21,NMB,google,cpc,NMB_US_PMax_2026Q2,148
2026-05-22,NMB,google,cpc,NMB_US_PMax_2026Q2,145
2026-05-23,NMB,google,cpc,NMB_US_PMax_2026Q2,102
2026-05-24,NMB,google,cpc,NMB_US_PMax_2026Q2,91
2026-05-25,NMB,google,cpc,NMB_US_PMax_2026Q2,120
2026-05-26,NMB,google,cpc,NMB_US_PMax_2026Q2,133
2026-05-27,NMB,google,cpc,NMB_US_PMax_2026Q2,201
2026-05-28,NMB,google,cpc,NMB_US_PMax_2026Q2,129
2026-05-29,NMB,google,cpc,NMB_US_PMax_2026Q2,154
2026-05-30,NMB,google,cpc,NMB_US_PMax_2026Q2,111
2026-05-31,NMB,google,cpc,NMB_US_PMax_2026Q2,91
2026-06-01,NMB,google,cpc,NMB_US_PMax_2026Q2,140
2026-06-02,NMB,google,cpc,NMB_US_PMax_2026Q2,153
2026-06-03,NMB,google,cpc,NMB_US_PMax_2026Q2,130
2026-06-04,NMB,google,cpc,NMB_US_PMax_2026Q2,105
2026-06-05,NMB,google,cpc,NMB_US_PMax_2026Q2,146
2026-06-06,NMB,google,cpc,NMB_US_PMax_2026Q2,89
2026-06-07,NMB,google,cpc,NMB_US_PMax_2026Q2,91
2026-06-08,NMB,google,cpc,NMB_US_PMax_2026Q2,131
2026-06-09,NMB,google,cpc,NMB_US_PMax_2026Q2,185
2026-06-10,NMB,google,cpc,NMB_US_PMax_2026Q2,160
2026-06-11,NMB,google,cpc,NMB_US_PMax_2026Q2,151
2026-06-12,NMB,google,cpc,NMB_US_PMax_2026Q2,159
2026-06-13,NMB,google,cpc,NMB_US_PMax_2026Q2,89
2026-06-14,NMB,google,cpc,NMB_US_PMax_2026Q2,95
2026-06-15,NMB,google,cpc,NMB_US_PMax_2026Q2,164
2026-06-16,NMB,google,cpc,NMB_US_PMax_2026Q2,200
2026-06-17,NMB,google,cpc,NMB_US_PMax_2026Q2,166
2026-06-18,NMB,google,cpc,NMB_US_PMax_2026Q2,133
2026-06-19,NMB,google,cpc,NMB_US_PMax_2026Q2,208
2026-06-20,NMB,google,cpc,NMB_US_PMax_2026Q2,97
2026-06-21,NMB,google,cpc,NMB_US_PMax_2026Q2,103
2026-06-22,NMB,google,cpc,NMB_US_PMax_2026Q2,141
2026-06-23,NMB,google,cpc,NMB_US_PMax_2026Q2,107
2026-06-24,NMB,google,cpc,NMB_US_PMax_2026Q2,114
2026-06-25,NMB,google,cpc,NMB_US_PMax_2026Q2,143
2026-06-26,NMB,google,cpc,NMB_US_PMax_2026Q2,116
2026-06-27,NMB,google,cpc,NMB_US_PMax_2026Q2,91
2026-06-28,NMB,google,cpc,NMB_US_PMax_2026Q2,107
2026-06-29,NMB,google,cpc,NMB_US_PMax_2026Q2,140
2026-06-30,NMB,google,cpc,NMB_US_PMax_2026Q2,191
2026-07-01,NMB,google,cpc,NMB_US_PMax_2026Q2,128
2026-07-02,NMB,google,cpc,NMB_US_PMax_2026Q2,140
2026-07-03,NMB,google,cpc,NMB_US_PMax_2026Q2,112
2026-07-04,NMB,google,cpc,NMB_US_PMax_2026Q2,117
2026-07-05,NMB,google,cpc,NMB_US_PMax_2026Q2,741
2026-07-06,NMB,google,cpc,NMB_US_PMax_2026Q2,1611
2026-07-07,NMB,google,cpc,NMB_US_PMax_2026Q2,1082
2026-07-08,NMB,google,cpc,NMB_US_PMax_2026Q2,1505
2026-07-09,NMB,google,cpc,NMB_US_PMax_2026Q2,1178
2026-07-10,NMB,google,cpc,NMB_US_PMax_2026Q2,146
2026-07-11,NMB,google,cpc,NMB_US_PMax_2026Q2,76
2026-07-12,NMB,google,cpc,NMB_US_PMax_2026Q2,80
2026-07-13,NMB,google,cpc,NMB_US_PMax_2026Q2,172
2026-07-14,NMB,google,cpc,NMB_US_PMax_2026Q2,157
2026-07-15,NMB,google,cpc,NMB_US_PMax_2026Q2,171
2026-07-16,NMB,google,cpc,NMB_US_PMax_2026Q2,139
2026-07-17,NMB,google,cpc,NMB_US_PMax_2026Q2,163
2026-07-18,NMB,google,cpc,NMB_US_PMax_2026Q2,100
2026-07-19,NMB,google,cpc,NMB_US_PMax_2026Q2,127
2026-07-20,NMB,google,cpc,NMB_US_PMax_2026Q2,144
2026-07-21,NMB,google,cpc,NMB_US_PMax_2026Q2,188
2026-07-22,NMB,google,cpc,NMB_US_PMax_2026Q2,152
2026-07-23,NMB,google,cpc,NMB_US_PMax_2026Q2,147
2026-07-24,NMB,google,cpc,NMB_US_PMax_2026Q2,160
2026-07-25,NMB,google,cpc,NMB_US_PMax_2026Q2,136
2026-07-26,NMB,google,cpc,NMB_US_PMax_2026Q2,127
2026-07-27,NMB,google,cpc,NMB_US_PMax_2026Q2,159
2026-07-28,NMB,google,cpc,NMB_US_PMax_2026Q2,125
2026-07-29,NMB,google,cpc,NMB_US_PMax_2026Q2,226
2026-07-30,NMB,google,cpc,NMB_US_PMax_2026Q2,160
2026-07-31,NMB,google,cpc,NMB_US_PMax_2026Q2,128
2026-05-01,NMB,google,cpc,NMB_US_Video_Test_A,17
2026-05-02,NMB,google,cpc,NMB_US_Video_Test_A,12
2026-05-03,NMB,google,cpc,NMB_US_Video_Test_A,13
2026-05-04,NMB,google,cpc,NMB_US_Video_Test_A,15
2026-05-05,NMB,google,cpc,NMB_US_Video_Test_A,24
2026-05-06,NMB,google,cpc,NMB_US_Video_Test_A,17
2026-05-07,NMB,google,cpc,NMB_US_Video_Test_A,17
2026-05-08,NMB,google,cpc,NMB_US_Video_Test_A,20
2026-05-09,NMB,google,cpc,NMB_US_Video_Test_A,15
2026-05-10,NMB,google,cpc,NMB_US_Video_Test_A,15
2026-05-11,NMB,google,cpc,NMB_US_Video_Test_A,18
2026-05-12,NMB,google,cpc,NMB_US_Video_Test_A,26
2026-05-13,NMB,google,cpc,NMB_US_Video_Test_A,18
2026-05-14,NMB,google,cpc,NMB_US_Video_Test_A,21
2026-05-15,NMB,google,cpc,NMB_US_Video_Test_A,18
2026-05-16,NMB,google,cpc,NMB_US_Video_Test_A,14
2026-05-17,NMB,google,cpc,NMB_US_Video_Test_A,14
2026-05-18,NMB,google,cpc,NMB_US_Video_Test_A,25
2026-05-19,NMB,google,cpc,NMB_US_Video_Test_A,24
2026-05-20,NMB,google,cpc,NMB_US_Video_Test_A,17
2026-05-21,NMB,google,cpc,NMB_US_Video_Test_A,16
2026-05-22,NMB,google,cpc,NMB_US_Video_Test_A,20
2026-05-23,NMB,google,cpc,NMB_US_Video_Test_A,16
2026-05-24,NMB,google,cpc,NMB_US_Video_Test_A,11
2026-05-25,NMB,google,cpc,NMB_US_Video_Test_A,23
2026-05-26,NMB,google,cpc,NMB_US_Video_Test_A,20
2026-05-27,NMB,google,cpc,NMB_US_Video_Test_A,14
2026-05-28,NMB,google,cpc,NMB_US_Video_Test_A,17
2026-05-29,NMB,google,cpc,NMB_US_Video_Test_A,19
2026-05-30,NMB,google,cpc,NMB_US_Video_Test_A,14
2026-05-31,NMB,google,cpc,NMB_US_Video_Test_A,14
2026-06-01,NMB,google,cpc,NMB_US_Video_Test_A,20
2026-06-02,NMB,google,cpc,NMB_US_Video_Test_A,22
2026-06-03,NMB,google,cpc,NMB_US_Video_Test_A,21
2026-06-04,NMB,google,cpc,NMB_US_Video_Test_A,24
2026-06-05,NMB,google,cpc,NMB_US_Video_Test_A,19
2026-06-06,NMB,google,cpc,NMB_US_Video_Test_A,13
2026-06-07,NMB,google,cpc,NMB_US_Video_Test_A,14
2026-06-08,NMB,google,cpc,NMB_US_Video_Test_A,19
2026-06-09,NMB,google,cpc,NMB_US_Video_Test_A,15
2026-06-10,NMB,google,cpc,NMB_US_Video_Test_A,25
2026-06-11,NMB,google,cpc,NMB_US_Video_Test_A,19
2026-06-12,NMB,google,cpc,NMB_US_Video_Test_A,17
2026-06-13,NMB,google,cpc,NMB_US_Video_Test_A,13
2026-06-14,NMB,google,cpc,NMB_US_Video_Test_A,12
2026-06-15,NMB,google,cpc,NMB_US_Video_Test_A,19
2026-06-16,NMB,google,cpc,NMB_US_Video_Test_A,19
2026-06-17,NMB,google,cpc,NMB_US_Video_Test_A,18
2026-06-18,NMB,google,cpc,NMB_US_Video_Test_A,21
2026-06-19,NMB,google,cpc,NMB_US_Video_Test_A,17
2026-06-20,NMB,google,cpc,NMB_US_Video_Test_A,10
2026-06-21,NMB,google,cpc,NMB_US_Video_Test_A,13
2026-06-22,NMB,google,cpc,NMB_US_Video_Test_A,24
2026-06-23,NMB,google,cpc,NMB_US_Video_Test_A,22
2026-06-24,NMB,google,cpc,NMB_US_Video_Test_A,21
2026-06-25,NMB,google,cpc,NMB_US_Video_Test_A,20
2026-06-26,NMB,google,cpc,NMB_US_Video_Test_A,24
2026-06-27,NMB,google,cpc,NMB_US_Video_Test_A,12
2026-06-28,NMB,google,cpc,NMB_US_Video_Test_A,11
2026-06-29,NMB,google,cpc,NMB_US_Video_Test_A,13
2026-06-30,NMB,google,cpc,NMB_US_Video_Test_A,21
2026-07-01,NMB,google,cpc,NMB_US_Video_Test_A,16
2026-07-02,NMB,google,cpc,NMB_US_Video_Test_A,22
2026-07-03,NMB,google,cpc,NMB_US_Video_Test_A,16
2026-07-04,NMB,google,cpc,NMB_US_Video_Test_A,16
2026-07-05,NMB,google,cpc,NMB_US_Video_Test_A,14
2026-07-06,NMB,google,cpc,NMB_US_Video_Test_A,18
2026-07-07,NMB,google,cpc,NMB_US_Video_Test_A,19
2026-07-08,NMB,google,cpc,NMB_US_Video_Test_A,18
2026-07-09,NMB,google,cpc,NMB_US_Video_Test_A,14
2026-07-10,NMB,google,cpc,NMB_US_Video_Test_A,17
2026-07-11,NMB,google,cpc,NMB_US_Video_Test_A,14
2026-07-12,NMB,google,cpc,NMB_US_Video_Test_A,11
2026-07-13,NMB,google,cpc,NMB_US_Video_Test_A,16
2026-07-14,NMB,google,cpc,NMB_US_Video_Test_A,17
2026-07-15,NMB,google,cpc,NMB_US_Video_Test_A,17
2026-07-16,NMB,google,cpc,NMB_US_Video_Test_A,25
2026-07-17,NMB,google,cpc,NMB_US_Video_Test_A,17
2026-07-18,NMB,google,cpc,NMB_US_Video_Test_A,15
2026-07-19,NMB,google,cpc,NMB_US_Video_Test_A,8
2026-07-20,NMB,google,cpc,NMB_US_Video_Test_A,13
2026-07-21,NMB,google,cpc,NMB_US_Video_Test_A,19
2026-07-22,NMB,google,cpc,NMB_US_Video_Test_A,20
2026-07-23,NMB,google,cpc,NMB_US_Video_Test_A,18
2026-07-24,NMB,google,cpc,NMB_US_Video_Test_A,19
2026-07-25,NMB,google,cpc,NMB_US_Video_Test_A,11
2026-07-26,NMB,google,cpc,NMB_US_Video_Test_A,12
2026-07-27,NMB,google,cpc,NMB_US_Video_Test_A,18
2026-07-28,NMB,google,cpc,NMB_US_Video_Test_A,17
2026-07-29,NMB,google,cpc,NMB_US_Video_Test_A,16
2026-07-30,NMB,google,cpc,NMB_US_Video_Test_A,17
2026-07-31,NMB,google,cpc,NMB_US_Video_Test_A,20
2026-05-01,AUR,google,cpc,AUR_US_Video_Test_B,17
2026-05-02,AUR,google,cpc,AUR_US_Video_Test_B,12
2026-05-03,AUR,google,cpc,AUR_US_Video_Test_B,13
2026-05-04,AUR,google,cpc,AUR_US_Video_Test_B,17
2026-05-05,AUR,google,cpc,AUR_US_Video_Test_B,19
2026-05-06,AUR,google,cpc,AUR_US_Video_Test_B,20
2026-05-07,AUR,google,cpc,AUR_US_Video_Test_B,18
2026-05-08,AUR,google,cpc,AUR_US_Video_Test_B,18
2026-05-09,AUR,google,cpc,AUR_US_Video_Test_B,10
2026-05-10,AUR,google,cpc,AUR_US_Video_Test_B,11
2026-05-11,AUR,google,cpc,AUR_US_Video_Test_B,18
2026-05-12,AUR,google,cpc,AUR_US_Video_Test_B,18
2026-05-13,AUR,google,cpc,AUR_US_Video_Test_B,21
2026-05-14,AUR,google,cpc,AUR_US_Video_Test_B,18
2026-05-15,AUR,google,cpc,AUR_US_Video_Test_B,19
2026-05-16,AUR,google,cpc,AUR_US_Video_Test_B,14
2026-05-17,AUR,google,cpc,AUR_US_Video_Test_B,13
2026-05-18,AUR,google,cpc,AUR_US_Video_Test_B,20
2026-05-19,AUR,google,cpc,AUR_US_Video_Test_B,14
2026-05-20,AUR,google,cpc,AUR_US_Video_Test_B,16
2026-05-21,AUR,google,cpc,AUR_US_Video_Test_B,18
2026-05-22,AUR,google,cpc,AUR_US_Video_Test_B,15
2026-05-23,AUR,google,cpc,AUR_US_Video_Test_B,9
2026-05-24,AUR,google,cpc,AUR_US_Video_Test_B,11
2026-05-25,AUR,google,cpc,AUR_US_Video_Test_B,20
2026-05-26,AUR,google,cpc,AUR_US_Video_Test_B,14
2026-05-27,AUR,google,cpc,AUR_US_Video_Test_B,16
2026-05-28,AUR,google,cpc,AUR_US_Video_Test_B,18
2026-05-29,AUR,google,cpc,AUR_US_Video_Test_B,17
2026-05-30,AUR,google,cpc,AUR_US_Video_Test_B,15
2026-05-31,AUR,google,cpc,AUR_US_Video_Test_B,14
2026-06-01,AUR,google,cpc,AUR_US_Video_Test_B,16
2026-06-02,AUR,google,cpc,AUR_US_Video_Test_B,16
2026-06-03,AUR,google,cpc,AUR_US_Video_Test_B,22
2026-06-04,AUR,google,cpc,AUR_US_Video_Test_B,21
2026-06-05,AUR,google,cpc,AUR_US_Video_Test_B,14
2026-06-06,AUR,google,cpc,AUR_US_Video_Test_B,13
2026-06-07,AUR,google,cpc,AUR_US_Video_Test_B,14
2026-06-08,AUR,google,cpc,AUR_US_Video_Test_B,21
2026-06-09,AUR,google,cpc,AUR_US_Video_Test_B,21
2026-06-10,AUR,google,cpc,AUR_US_Video_Test_B,16
2026-06-11,AUR,google,cpc,AUR_US_Video_Test_B,15
2026-06-12,AUR,google,cpc,AUR_US_Video_Test_B,23
2026-06-13,AUR,google,cpc,AUR_US_Video_Test_B,13
2026-06-14,AUR,google,cpc,AUR_US_Video_Test_B,12
2026-06-15,AUR,google,cpc,AUR_US_Video_Test_B,21
2026-06-16,AUR,google,cpc,AUR_US_Video_Test_B,17
2026-06-17,AUR,google,cpc,AUR_US_Video_Test_B,19
2026-06-18,AUR,google,cpc,AUR_US_Video_Test_B,20
2026-06-19,AUR,google,cpc,AUR_US_Video_Test_B,17
2026-06-20,AUR,google,cpc,AUR_US_Video_Test_B,14
2026-06-21,AUR,google,cpc,AUR_US_Video_Test_B,8
2026-06-22,AUR,google,cpc,AUR_US_Video_Test_B,13
2026-06-23,AUR,google,cpc,AUR_US_Video_Test_B,21
2026-06-24,AUR,google,cpc,AUR_US_Video_Test_B,19
2026-06-25,AUR,google,cpc,AUR_US_Video_Test_B,15
2026-06-26,AUR,google,cpc,AUR_US_Video_Test_B,23
2026-06-27,AUR,google,cpc,AUR_US_Video_Test_B,16
2026-06-28,AUR,google,cpc,AUR_US_Video_Test_B,13
2026-06-29,AUR,google,cpc,AUR_US_Video_Test_B,20
2026-06-30,AUR,google,cpc,AUR_US_Video_Test_B,26
2026-07-01,AUR,google,cpc,AUR_US_Video_Test_B,18
2026-07-02,AUR,google,cpc,AUR_US_Video_Test_B,23
2026-07-03,AUR,google,cpc,AUR_US_Video_Test_B,17
2026-07-04,AUR,google,cpc,AUR_US_Video_Test_B,15
2026-07-05,AUR,google,cpc,AUR_US_Video_Test_B,12
2026-07-06,AUR,google,cpc,AUR_US_Video_Test_B,21
2026-07-07,AUR,google,cpc,AUR_US_Video_Test_B,21
2026-07-08,AUR,google,cpc,AUR_US_Video_Test_B,21
2026-07-09,AUR,google,cpc,AUR_US_Video_Test_B,25
2026-07-10,AUR,google,cpc,AUR_US_Video_Test_B,21
2026-07-11,AUR,google,cpc,AUR_US_Video_Test_B,10
2026-07-12,AUR,google,cpc,AUR_US_Video_Test_B,20
2026-07-13,AUR,google,cpc,AUR_US_Video_Test_B,18
2026-07-14,AUR,google,cpc,AUR_US_Video_Test_B,22
2026-07-15,AUR,google,cpc,AUR_US_Video_Test_B,24
2026-07-16,AUR,google,cpc,AUR_US_Video_Test_B,18
2026-07-17,AUR,google,cpc,AUR_US_Video_Test_B,25
2026-07-18,AUR,google,cpc,AUR_US_Video_Test_B,12
2026-07-19,AUR,google,cpc,AUR_US_Video_Test_B,14
2026-07-20,AUR,google,cpc,AUR_US_Video_Test_B,25
2026-07-21,AUR,google,cpc,AUR_US_Video_Test_B,18
2026-07-22,AUR,google,cpc,AUR_US_Video_Test_B,24
2026-07-23,AUR,google,cpc,AUR_US_Video_Test_B,17
2026-07-24,AUR,google,cpc,AUR_US_Video_Test_B,18
2026-07-25,AUR,google,cpc,AUR_US_Video_Test_B,18
2026-07-26,AUR,google,cpc,AUR_US_Video_Test_B,9
2026-07-27,AUR,google,cpc,AUR_US_Video_Test_B,18
2026-07-28,AUR,google,cpc,AUR_US_Video_Test_B,23
2026-07-29,AUR,google,cpc,AUR_US_Video_Test_B,21
2026-07-30,AUR,google,cpc,AUR_US_Video_Test_B,18
2026-07-31,AUR,google,cpc,AUR_US_Video_Test_B,19
2026-05-01,PKF,google,cpc,PKF_US_Video_Test_C,14
2026-05-02,PKF,google,cpc,PKF_US_Video_Test_C,8
2026-05-03,PKF,google,cpc,PKF_US_Video_Test_C,6
2026-05-04,PKF,google,cpc,PKF_US_Video_Test_C,17
2026-05-05,PKF,google,cpc,PKF_US_Video_Test_C,16
2026-05-06,PKF,google,cpc,PKF_US_Video_Test_C,14
2026-05-07,PKF,google,cpc,PKF_US_Video_Test_C,17
2026-05-08,PKF,google,cpc,PKF_US_Video_Test_C,13
2026-05-09,PKF,google,cpc,PKF_US_Video_Test_C,11
2026-05-10,PKF,google,cpc,PKF_US_Video_Test_C,9
2026-05-11,PKF,google,cpc,PKF_US_Video_Test_C,15
2026-05-12,PKF,google,cpc,PKF_US_Video_Test_C,19
2026-05-13,PKF,google,cpc,PKF_US_Video_Test_C,18
2026-05-14,PKF,google,cpc,PKF_US_Video_Test_C,13
2026-05-15,PKF,google,cpc,PKF_US_Video_Test_C,12
2026-05-16,PKF,google,cpc,PKF_US_Video_Test_C,11
2026-05-17,PKF,google,cpc,PKF_US_Video_Test_C,11
2026-05-18,PKF,google,cpc,PKF_US_Video_Test_C,14
2026-05-19,PKF,google,cpc,PKF_US_Video_Test_C,16
2026-05-20,PKF,google,cpc,PKF_US_Video_Test_C,20
2026-05-21,PKF,google,cpc,PKF_US_Video_Test_C,15
2026-05-22,PKF,google,cpc,PKF_US_Video_Test_C,13
2026-05-23,PKF,google,cpc,PKF_US_Video_Test_C,13
2026-05-24,PKF,google,cpc,PKF_US_Video_Test_C,9
2026-05-25,PKF,google,cpc,PKF_US_Video_Test_C,18
2026-05-26,PKF,google,cpc,PKF_US_Video_Test_C,16
2026-05-27,PKF,google,cpc,PKF_US_Video_Test_C,18
2026-05-28,PKF,google,cpc,PKF_US_Video_Test_C,11
2026-05-29,PKF,google,cpc,PKF_US_Video_Test_C,18
2026-05-30,PKF,google,cpc,PKF_US_Video_Test_C,12
2026-05-31,PKF,google,cpc,PKF_US_Video_Test_C,9
2026-06-01,PKF,google,cpc,PKF_US_Video_Test_C,11
2026-06-02,PKF,google,cpc,PKF_US_Video_Test_C,19
2026-06-03,PKF,google,cpc,PKF_US_Video_Test_C,16
2026-06-04,PKF,google,cpc,PKF_US_Video_Test_C,18
2026-06-05,PKF,google,cpc,PKF_US_Video_Test_C,14
2026-06-06,PKF,google,cpc,PKF_US_Video_Test_C,14
2026-06-07,PKF,google,cpc,PKF_US_Video_Test_C,8
2026-06-08,PKF,google,cpc,PKF_US_Video_Test_C,14
2026-06-09,PKF,google,cpc,PKF_US_Video_Test_C,15
2026-06-10,PKF,google,cpc,PKF_US_Video_Test_C,20
2026-06-11,PKF,google,cpc,PKF_US_Video_Test_C,15
2026-06-12,PKF,google,cpc,PKF_US_Video_Test_C,15
2026-06-13,PKF,google,cpc,PKF_US_Video_Test_C,14
2026-06-14,PKF,google,cpc,PKF_US_Video_Test_C,8
2026-06-15,PKF,google,cpc,PKF_US_Video_Test_C,18
2026-06-16,PKF,google,cpc,PKF_US_Video_Test_C,12
2026-06-17,PKF,google,cpc,PKF_US_Video_Test_C,16
2026-06-18,PKF,google,cpc,PKF_US_Video_Test_C,21
2026-06-19,PKF,google,cpc,PKF_US_Video_Test_C,13
2026-06-20,PKF,google,cpc,PKF_US_Video_Test_C,16
2026-06-21,PKF,google,cpc,PKF_US_Video_Test_C,12
2026-06-22,PKF,google,cpc,PKF_US_Video_Test_C,14
2026-06-23,PKF,google,cpc,PKF_US_Video_Test_C,16
2026-06-24,PKF,google,cpc,PKF_US_Video_Test_C,17
2026-06-25,PKF,google,cpc,PKF_US_Video_Test_C,14
2026-06-26,PKF,google,cpc,PKF_US_Video_Test_C,14
2026-06-27,PKF,google,cpc,PKF_US_Video_Test_C,10
2026-06-28,PKF,google,cpc,PKF_US_Video_Test_C,9
2026-06-29,PKF,google,cpc,PKF_US_Video_Test_C,16
2026-06-30,PKF,google,cpc,PKF_US_Video_Test_C,21
2026-07-01,PKF,google,cpc,PKF_US_Video_Test_C,18
2026-07-02,PKF,google,cpc,PKF_US_Video_Test_C,15
2026-07-03,PKF,google,cpc,PKF_US_Video_Test_C,19
2026-07-04,PKF,google,cpc,PKF_US_Video_Test_C,13
2026-07-05,PKF,google,cpc,PKF_US_Video_Test_C,10
2026-07-06,PKF,google,cpc,PKF_US_Video_Test_C,16
2026-07-07,PKF,google,cpc,PKF_US_Video_Test_C,13
2026-07-08,PKF,google,cpc,PKF_US_Video_Test_C,19
2026-07-09,PKF,google,cpc,PKF_US_Video_Test_C,20
2026-07-10,PKF,google,cpc,PKF_US_Video_Test_C,15
2026-07-11,PKF,google,cpc,PKF_US_Video_Test_C,11
2026-07-12,PKF,google,cpc,PKF_US_Video_Test_C,9
2026-07-13,PKF,google,cpc,PKF_US_Video_Test_C,13
2026-07-14,PKF,google,cpc,PKF_US_Video_Test_C,17
2026-07-15,PKF,google,cpc,PKF_US_Video_Test_C,20
2026-07-16,PKF,google,cpc,PKF_US_Video_Test_C,16
2026-07-17,PKF,google,cpc,PKF_US_Video_Test_C,15
2026-07-18,PKF,google,cpc,PKF_US_Video_Test_C,11
2026-07-19,PKF,google,cpc,PKF_US_Video_Test_C,13
2026-07-20,PKF,google,cpc,PKF_US_Video_Test_C,14
2026-07-21,PKF,google,cpc,PKF_US_Video_Test_C,17
2026-07-22,PKF,google,cpc,PKF_US_Video_Test_C,20
2026-07-23,PKF,google,cpc,PKF_US_Video_Test_C,18
2026-07-24,PKF,google,cpc,PKF_US_Video_Test_C,19
2026-07-25,PKF,google,cpc,PKF_US_Video_Test_C,9
2026-07-26,PKF,google,cpc,PKF_US_Video_Test_C,9
2026-07-27,PKF,google,cpc,PKF_US_Video_Test_C,13
2026-07-28,PKF,google,cpc,PKF_US_Video_Test_C,19
2026-07-29,PKF,google,cpc,PKF_US_Video_Test_C,23
2026-07-30,PKF,google,cpc,PKF_US_Video_Test_C,20
2026-07-31,PKF,google,cpc,PKF_US_Video_Test_C,13
2026-05-01,AUR,tiktok,paid_social,AUR_TikTok_Prospecting_2026Q2,166
2026-05-02,AUR,tiktok,paid_social,AUR_TikTok_Prospecting_2026Q2,170
2026-05-03,AUR,tiktok,paid_social,AUR_TikTok_Prospecting_2026Q2,161
2026-05-04,AUR,tiktok,paid_social,AUR_TikTok_Prospecting_2026Q2,227
2026-05-05,AUR,tiktok,paid_social,AUR_TikTok_Prospecting_2026Q2,207
2026-05-06,AUR,tiktok,paid_social,AUR_TikTok_Prospecting_2026Q2,221
2026-05-07,AUR,tiktok,paid_social,AUR_TikTok_Prospecting_2026Q2,220
2026-05-08,AUR,tiktok,paid_social,AUR_TikTok_Prospecting_2026Q2,233
2026-05-09,AUR,tiktok,paid_social,AUR_TikTok_Prospecting_2026Q2,217
2026-05-10,AUR,tiktok,paid_social,AUR_TikTok_Prospecting_2026Q2,164
2026-05-11,AUR,tiktok,paid_social,AUR_TikTok_Prospecting_2026Q2,240
2026-05-12,AUR,tiktok,paid_social,AUR_TikTok_Prospecting_2026Q2,220
2026-05-13,AUR,tiktok,paid_social,AUR_TikTok_Prospecting_2026Q2,245
2026-05-14,AUR,tiktok,paid_social,AUR_TikTok_Prospecting_2026Q2,237
2026-05-15,AUR,tiktok,paid_social,AUR_TikTok_Prospecting_2026Q2,225
2026-05-16,AUR,tiktok,paid_social,AUR_TikTok_Prospecting_2026Q2,204
2026-05-17,AUR,tiktok,paid_social,AUR_TikTok_Prospecting_2026Q2,138
2026-05-18,AUR,tiktok,paid_social,AUR_TikTok_Prospecting_2026Q2,219
2026-05-19,AUR,tiktok,paid_social,AUR_TikTok_Prospecting_2026Q2,229
2026-05-20,AUR,tiktok,paid_social,AUR_TikTok_Prospecting_2026Q2,394
2026-05-21,AUR,tiktok,paid_social,AUR_TikTok_Prospecting_2026Q2,207
2026-05-22,AUR,tiktok,paid_social,AUR_TikTok_Prospecting_2026Q2,275
2026-05-23,AUR,tiktok,paid_social,AUR_TikTok_Prospecting_2026Q2,156
2026-05-24,AUR,tiktok,paid_social,AUR_TikTok_Prospecting_2026Q2,122
2026-05-25,AUR,tiktok,paid_social,AUR_TikTok_Prospecting_2026Q2,231
2026-05-26,AUR,tiktok,paid_social,AUR_TikTok_Prospecting_2026Q2,254
2026-05-27,AUR,tiktok,paid_social,AUR_TikTok_Prospecting_2026Q2,242
2026-05-28,AUR,tiktok,paid_social,AUR_TikTok_Prospecting_2026Q2,282
2026-05-29,AUR,tiktok,paid_social,AUR_TikTok_Prospecting_2026Q2,224
2026-05-30,AUR,tiktok,paid_social,AUR_TikTok_Prospecting_2026Q2,148
2026-05-31,AUR,tiktok,paid_social,AUR_TikTok_Prospecting_2026Q2,192
2026-06-01,AUR,tiktok,paid_social,AUR_TikTok_Prospecting_2026Q2,244
2026-06-02,AUR,tiktok,paid_social,AUR_TikTok_Prospecting_2026Q2,238
2026-06-03,AUR,tiktok,paid_social,AUR_TikTok_Prospecting_2026Q2,329
2026-06-04,AUR,tiktok,paid_social,AUR_TikTok_Prospecting_2026Q2,315
2026-06-05,AUR,tiktok,paid_social,AUR_TikTok_Prospecting_2026Q2,236
2026-06-06,AUR,tiktok,paid_social,AUR_TikTok_Prospecting_2026Q2,179
2026-06-07,AUR,tiktok,paid_social,AUR_TikTok_Prospecting_2026Q2,166
2026-06-08,AUR,tiktok,paid_social,AUR_TikTok_Prospecting_2026Q2,213
2026-06-09,AUR,tiktok,paid_social,AUR_TikTok_Prospecting_2026Q2,291
2026-06-10,AUR,tiktok,paid_social,AUR_TikTok_Prospecting_2026Q2,227
2026-06-11,AUR,tiktok,paid_social,AUR_TikTok_Prospecting_2026Q2,207
2026-06-12,AUR,tiktok,paid_social,AUR_TikTok_Prospecting_2026Q2,161
2026-06-13,AUR,tiktok,paid_social,AUR_TikTok_Prospecting_2026Q2,121
2026-06-14,AUR,tiktok,paid_social,AUR_TikTok_Prospecting_2026Q2,187
2026-06-15,AUR,tiktok,paid_social,AUR_TikTok_Prospecting_2026Q2,227
2026-06-16,AUR,tiktok,paid_social,AUR_TikTok_Prospecting_2026Q2,222
2026-06-17,AUR,tiktok,paid_social,AUR_TikTok_Prospecting_2026Q2,306
2026-06-18,AUR,tiktok,paid_social,AUR_TikTok_Prospecting_2026Q2,246
2026-06-19,AUR,tiktok,paid_social,AUR_TikTok_Prospecting_2026Q2,264
2026-06-20,AUR,tiktok,paid_social,AUR_TikTok_Prospecting_2026Q2,138
2026-06-21,AUR,tiktok,paid_social,AUR_TikTok_Prospecting_2026Q2,128
2026-06-22,AUR,tiktok,paid_social,AUR_TikTok_Prospecting_2026Q2,242
2026-06-23,AUR,tiktok,paid_social,AUR_TikTok_Prospecting_2026Q2,219
2026-06-24,AUR,tiktok,paid_social,AUR_TikTok_Prospecting_2026Q2,255
2026-06-25,AUR,tiktok,paid_social,AUR_TikTok_Prospecting_2026Q2,193
2026-06-26,AUR,tiktok,paid_social,AUR_TikTok_Prospecting_2026Q2,206
2026-06-27,AUR,tiktok,paid_social,AUR_TikTok_Prospecting_2026Q2,160
2026-06-28,AUR,tiktok,paid_social,AUR_TikTok_Prospecting_2026Q2,120
2026-06-29,AUR,tiktok,paid_social,AUR_TikTok_Prospecting_2026Q2,166
2026-06-30,AUR,tiktok,paid_social,AUR_TikTok_Prospecting_2026Q2,270
2026-07-01,AUR,tiktok,paid_social,AUR_TikTok_Prospecting_2026Q2,239
2026-07-02,AUR,tiktok,paid_social,AUR_TikTok_Prospecting_2026Q2,209
2026-07-03,AUR,tiktok,paid_social,AUR_TikTok_Prospecting_2026Q2,238
2026-07-04,AUR,tiktok,paid_social,AUR_TikTok_Prospecting_2026Q2,172
2026-07-05,AUR,tiktok,paid_social,AUR_TikTok_Prospecting_2026Q2,199
2026-07-06,AUR,tiktok,paid_social,AUR_TikTok_Prospecting_2026Q2,232
2026-07-07,AUR,tiktok,paid_social,AUR_TikTok_Prospecting_2026Q2,259
2026-07-08,AUR,tiktok,paid_social,AUR_TikTok_Prospecting_2026Q2,229
2026-07-09,AUR,tiktok,paid_social,AUR_TikTok_Prospecting_2026Q2,206
2026-07-10,AUR,tiktok,paid_social,AUR_TikTok_Prospecting_2026Q2,267
2026-07-11,AUR,tiktok,paid_social,AUR_TikTok_Prospecting_2026Q2,145
2026-07-12,AUR,tiktok,paid_social,AUR_TikTok_Prospecting_2026Q2,119
2026-07-13,AUR,tiktok,paid_social,AUR_TikTok_Prospecting_2026Q2,159
2026-07-14,AUR,tiktok,paid_social,AUR_TikTok_Prospecting_2026Q2,238
2026-07-15,AUR,tiktok,paid_social,AUR_TikTok_Prospecting_2026Q2,217
2026-07-16,AUR,tiktok,paid_social,AUR_TikTok_Prospecting_2026Q2,234
2026-07-17,AUR,tiktok,paid_social,AUR_TikTok_Prospecting_2026Q2,225
2026-07-18,AUR,tiktok,paid_social,AUR_TikTok_Prospecting_2026Q2,167
2026-07-19,AUR,tiktok,paid_social,AUR_TikTok_Prospecting_2026Q2,160
2026-07-20,AUR,tiktok,paid_social,AUR_TikTok_Prospecting_2026Q2,183
2026-07-21,AUR,tiktok,paid_social,AUR_TikTok_Prospecting_2026Q2,285
2026-07-22,AUR,tiktok,paid_social,AUR_TikTok_Prospecting_2026Q2,219
2026-07-23,AUR,tiktok,paid_social,AUR_TikTok_Prospecting_2026Q2,202
2026-07-24,AUR,tiktok,paid_social,AUR_TikTok_Prospecting_2026Q2,148
2026-07-25,AUR,tiktok,paid_social,AUR_TikTok_Prospecting_2026Q2,152
2026-07-26,AUR,tiktok,paid_social,AUR_TikTok_Prospecting_2026Q2,121
2026-07-27,AUR,tiktok,paid_social,AUR_TikTok_Prospecting_2026Q2,196
2026-07-28,AUR,tiktok,paid_social,AUR_TikTok_Prospecting_2026Q2,285
2026-07-29,AUR,tiktok,paid_social,AUR_TikTok_Prospecting_2026Q2,293
2026-07-30,AUR,tiktok,paid_social,AUR_TikTok_Prospecting_2026Q2,297
2026-07-31,AUR,tiktok,paid_social,AUR_TikTok_Prospecting_2026Q2,200
2026-05-01,PKF,tiktok,paid_social,PKF_TikTok_Spark_2026Q2,254
2026-05-02,PKF,tiktok,paid_social,PKF_TikTok_Spark_2026Q2,233
2026-05-03,PKF,tiktok,paid_social,PKF_TikTok_Spark_2026Q2,245
2026-05-04,PKF,tiktok,paid_social,PKF_TikTok_Spark_2026Q2,312
2026-05-05,PKF,tiktok,paid_social,PKF_TikTok_Spark_2026Q2,324
2026-05-06,PKF,tiktok,paid_social,PKF_TikTok_Spark_2026Q2,259
2026-05-07,PKF,tiktok,paid_social,PKF_TikTok_Spark_2026Q2,418
2026-05-08,PKF,tiktok,paid_social,PKF_TikTok_Spark_2026Q2,265
2026-05-09,PKF,tiktok,paid_social,PKF_TikTok_Spark_2026Q2,245
2026-05-10,PKF,tiktok,paid_social,PKF_TikTok_Spark_2026Q2,227
2026-05-11,PKF,tiktok,paid_social,PKF_TikTok_Spark_2026Q2,249
2026-05-12,PKF,tiktok,paid_social,PKF_TikTok_Spark_2026Q2,403
2026-05-13,PKF,tiktok,paid_social,PKF_TikTok_Spark_2026Q2,353
2026-05-14,PKF,tiktok,paid_social,PKF_TikTok_Spark_2026Q2,315
2026-05-15,PKF,tiktok,paid_social,PKF_TikTok_Spark_2026Q2,366
2026-05-16,PKF,tiktok,paid_social,PKF_TikTok_Spark_2026Q2,362
2026-05-17,PKF,tiktok,paid_social,PKF_TikTok_Spark_2026Q2,165
2026-05-18,PKF,tiktok,paid_social,PKF_TikTok_Spark_2026Q2,320
2026-05-19,PKF,tiktok,paid_social,PKF_TikTok_Spark_2026Q2,300
2026-05-20,PKF,tiktok,paid_social,PKF_TikTok_Spark_2026Q2,308
2026-05-21,PKF,tiktok,paid_social,PKF_TikTok_Spark_2026Q2,348
2026-05-22,PKF,tiktok,paid_social,PKF_TikTok_Spark_2026Q2,238
2026-05-23,PKF,tiktok,paid_social,PKF_TikTok_Spark_2026Q2,245
2026-05-24,PKF,tiktok,paid_social,PKF_TikTok_Spark_2026Q2,199
2026-05-25,PKF,tiktok,paid_social,PKF_TikTok_Spark_2026Q2,307
2026-05-26,PKF,tiktok,paid_social,PKF_TikTok_Spark_2026Q2,340
2026-05-27,PKF,tiktok,paid_social,PKF_TikTok_Spark_2026Q2,310
2026-05-28,PKF,tiktok,paid_social,PKF_TikTok_Spark_2026Q2,387
2026-05-29,PKF,tiktok,paid_social,PKF_TikTok_Spark_2026Q2,317
2026-05-30,PKF,tiktok,paid_social,PKF_TikTok_Spark_2026Q2,321
2026-05-31,PKF,tiktok,paid_social,PKF_TikTok_Spark_2026Q2,206
2026-06-01,PKF,tiktok,paid_social,PKF_TikTok_Spark_2026Q2,386
2026-06-02,PKF,tiktok,paid_social,PKF_TikTok_Spark_2026Q2,311
2026-06-03,PKF,tiktok,paid_social,PKF_TikTok_Spark_2026Q2,355
2026-06-04,PKF,tiktok,paid_social,PKF_TikTok_Spark_2026Q2,295
2026-06-05,PKF,tiktok,paid_social,PKF_TikTok_Spark_2026Q2,308
2026-06-06,PKF,tiktok,paid_social,PKF_TikTok_Spark_2026Q2,209
2026-06-07,PKF,tiktok,paid_social,PKF_TikTok_Spark_2026Q2,182
2026-06-08,PKF,tiktok,paid_social,PKF_TikTok_Spark_2026Q2,307
2026-06-09,PKF,tiktok,paid_social,PKF_TikTok_Spark_2026Q2,383
2026-06-10,PKF,tiktok,paid_social,PKF_TikTok_Spark_2026Q2,344
2026-06-11,PKF,tiktok,paid_social,PKF_TikTok_Spark_2026Q2,468
2026-06-12,PKF,tiktok,paid_social,PKF_TikTok_Spark_2026Q2,368
2026-06-13,PKF,tiktok,paid_social,PKF_TikTok_Spark_2026Q2,232
2026-06-14,PKF,tiktok,paid_social,PKF_TikTok_Spark_2026Q2,278
2026-06-15,PKF,tiktok,paid_social,PKF_TikTok_Spark_2026Q2,363
2026-06-16,PKF,tiktok,paid_social,PKF_TikTok_Spark_2026Q2,273
2026-06-17,PKF,tiktok,paid_social,PKF_TikTok_Spark_2026Q2,425
2026-06-18,PKF,tiktok,paid_social,PKF_TikTok_Spark_2026Q2,390
2026-06-19,PKF,tiktok,paid_social,PKF_TikTok_Spark_2026Q2,416
2026-06-20,PKF,tiktok,paid_social,PKF_TikTok_Spark_2026Q2,196
2026-06-21,PKF,tiktok,paid_social,PKF_TikTok_Spark_2026Q2,189
2026-06-22,PKF,tiktok,paid_social,PKF_TikTok_Spark_2026Q2,407
2026-06-23,PKF,tiktok,paid_social,PKF_TikTok_Spark_2026Q2,316
2026-06-24,PKF,tiktok,paid_social,PKF_TikTok_Spark_2026Q2,291
2026-06-25,PKF,tiktok,paid_social,PKF_TikTok_Spark_2026Q2,371
2026-06-26,PKF,tiktok,paid_social,PKF_TikTok_Spark_2026Q2,296
2026-06-27,PKF,tiktok,paid_social,PKF_TikTok_Spark_2026Q2,248
2026-06-28,PKF,tiktok,paid_social,PKF_TikTok_Spark_2026Q2,251
2026-06-29,PKF,tiktok,paid_social,PKF_TikTok_Spark_2026Q2,248
2026-06-30,PKF,tiktok,paid_social,PKF_TikTok_Spark_2026Q2,402
2026-07-01,PKF,tiktok,paid_social,PKF_TikTok_Spark_2026Q2,373
2026-07-02,PKF,tiktok,paid_social,PKF_TikTok_Spark_2026Q2,353
2026-07-03,PKF,tiktok,paid_social,PKF_TikTok_Spark_2026Q2,265
2026-07-04,PKF,tiktok,paid_social,PKF_TikTok_Spark_2026Q2,322
2026-07-05,PKF,tiktok,paid_social,PKF_TikTok_Spark_2026Q2,271
2026-07-06,PKF,tiktok,paid_social,PKF_TikTok_Spark_2026Q2,354
2026-07-07,PKF,tiktok,paid_social,PKF_TikTok_Spark_2026Q2,261
2026-07-08,PKF,tiktok,paid_social,PKF_TikTok_Spark_2026Q2,361
2026-07-09,PKF,tiktok,paid_social,PKF_TikTok_Spark_2026Q2,336
2026-07-10,PKF,tiktok,paid_social,PKF_TikTok_Spark_2026Q2,374
2026-07-11,PKF,tiktok,paid_social,PKF_TikTok_Spark_2026Q2,260
2026-07-12,PKF,tiktok,paid_social,PKF_TikTok_Spark_2026Q2,238
2026-07-13,PKF,tiktok,paid_social,PKF_TikTok_Spark_2026Q2,287
2026-07-14,PKF,tiktok,paid_social,PKF_TikTok_Spark_2026Q2,436
2026-07-15,PKF,tiktok,paid_social,PKF_TikTok_Spark_2026Q2,414
2026-07-16,PKF,tiktok,paid_social,PKF_TikTok_Spark_2026Q2,260
2026-07-17,PKF,tiktok,paid_social,PKF_TikTok_Spark_2026Q2,349
2026-07-18,PKF,tiktok,paid_social,PKF_TikTok_Spark_2026Q2,216
2026-07-19,PKF,tiktok,paid_social,PKF_TikTok_Spark_2026Q2,290
2026-07-20,PKF,tiktok,paid_social,PKF_TikTok_Spark_2026Q2,325
2026-07-21,PKF,tiktok,paid_social,PKF_TikTok_Spark_2026Q2,378
2026-07-22,PKF,tiktok,paid_social,PKF_TikTok_Spark_2026Q2,380
2026-07-23,PKF,tiktok,paid_social,PKF_TikTok_Spark_2026Q2,405
2026-07-24,PKF,tiktok,paid_social,PKF_TikTok_Spark_2026Q2,404
2026-07-25,PKF,tiktok,paid_social,PKF_TikTok_Spark_2026Q2,252
2026-07-26,PKF,tiktok,paid_social,PKF_TikTok_Spark_2026Q2,189
2026-07-27,PKF,tiktok,paid_social,PKF_TikTok_Spark_2026Q2,406
2026-07-28,PKF,tiktok,paid_social,PKF_TikTok_Spark_2026Q2,359
2026-07-29,PKF,tiktok,paid_social,PKF_TikTok_Spark_2026Q2,426
2026-07-30,PKF,tiktok,paid_social,PKF_TikTok_Spark_2026Q2,413
2026-07-31,PKF,tiktok,paid_social,PKF_TikTok_Spark_2026Q2,335
2026-05-01,NMB,tiktok,paid_social,NMB_TikTok_Prospecting_2026Q2,207
2026-05-02,NMB,tiktok,paid_social,NMB_TikTok_Prospecting_2026Q2,140
2026-05-03,NMB,tiktok,paid_social,NMB_TikTok_Prospecting_2026Q2,150
2026-05-04,NMB,tiktok,paid_social,NMB_TikTok_Prospecting_2026Q2,172
2026-05-05,NMB,tiktok,paid_social,NMB_TikTok_Prospecting_2026Q2,258
2026-05-06,NMB,tiktok,paid_social,NMB_TikTok_Prospecting_2026Q2,222
2026-05-07,NMB,tiktok,paid_social,NMB_TikTok_Prospecting_2026Q2,171
2026-05-08,NMB,tiktok,paid_social,NMB_TikTok_Prospecting_2026Q2,137
2026-05-09,NMB,tiktok,paid_social,NMB_TikTok_Prospecting_2026Q2,100
2026-05-10,NMB,tiktok,paid_social,NMB_TikTok_Prospecting_2026Q2,99
2026-05-11,NMB,tiktok,paid_social,NMB_TikTok_Prospecting_2026Q2,199
2026-05-12,NMB,tiktok,paid_social,NMB_TikTok_Prospecting_2026Q2,189
2026-05-13,NMB,tiktok,paid_social,NMB_TikTok_Prospecting_2026Q2,192
2026-05-14,NMB,tiktok,paid_social,NMB_TikTok_Prospecting_2026Q2,213
2026-05-15,NMB,tiktok,paid_social,NMB_TikTok_Prospecting_2026Q2,173
2026-05-16,NMB,tiktok,paid_social,NMB_TikTok_Prospecting_2026Q2,120
2026-05-17,NMB,tiktok,paid_social,NMB_TikTok_Prospecting_2026Q2,139
2026-05-18,NMB,tiktok,paid_social,NMB_TikTok_Prospecting_2026Q2,148
2026-05-19,NMB,tiktok,paid_social,NMB_TikTok_Prospecting_2026Q2,217
2026-05-20,NMB,tiktok,paid_social,NMB_TikTok_Prospecting_2026Q2,238
2026-05-21,NMB,tiktok,paid_social,NMB_TikTok_Prospecting_2026Q2,172
2026-05-22,NMB,tiktok,paid_social,NMB_TikTok_Prospecting_2026Q2,119
2026-05-23,NMB,tiktok,paid_social,NMB_TikTok_Prospecting_2026Q2,143
2026-05-24,NMB,tiktok,paid_social,NMB_TikTok_Prospecting_2026Q2,139
2026-05-25,NMB,tiktok,paid_social,NMB_TikTok_Prospecting_2026Q2,189
2026-05-26,NMB,tiktok,paid_social,NMB_TikTok_Prospecting_2026Q2,255
2026-05-27,NMB,tiktok,paid_social,NMB_TikTok_Prospecting_2026Q2,193
2026-05-28,NMB,tiktok,paid_social,NMB_TikTok_Prospecting_2026Q2,194
2026-05-29,NMB,tiktok,paid_social,NMB_TikTok_Prospecting_2026Q2,141
2026-05-30,NMB,tiktok,paid_social,NMB_TikTok_Prospecting_2026Q2,144
2026-05-31,NMB,tiktok,paid_social,NMB_TikTok_Prospecting_2026Q2,130
2026-06-01,NMB,tiktok,paid_social,NMB_TikTok_Prospecting_2026Q2,229
2026-06-02,NMB,tiktok,paid_social,NMB_TikTok_Prospecting_2026Q2,204
2026-06-03,NMB,tiktok,paid_social,NMB_TikTok_Prospecting_2026Q2,157
2026-06-04,NMB,tiktok,paid_social,NMB_TikTok_Prospecting_2026Q2,133
2026-06-05,NMB,tiktok,paid_social,NMB_TikTok_Prospecting_2026Q2,183
2026-06-06,NMB,tiktok,paid_social,NMB_TikTok_Prospecting_2026Q2,117
2026-06-07,NMB,tiktok,paid_social,NMB_TikTok_Prospecting_2026Q2,149
2026-06-08,NMB,tiktok,paid_social,NMB_TikTok_Prospecting_2026Q2,161
2026-06-09,NMB,tiktok,paid_social,NMB_TikTok_Prospecting_2026Q2,216
2026-06-10,NMB,tiktok,paid_social,NMB_TikTok_Prospecting_2026Q2,173
2026-06-11,NMB,tiktok,paid_social,NMB_TikTok_Prospecting_2026Q2,184
2026-06-12,NMB,tiktok,paid_social,NMB_TikTok_Prospecting_2026Q2,146
2026-06-13,NMB,tiktok,paid_social,NMB_TikTok_Prospecting_2026Q2,122
2026-06-14,NMB,tiktok,paid_social,NMB_TikTok_Prospecting_2026Q2,124
2026-06-15,NMB,tiktok,paid_social,NMB_TikTok_Prospecting_2026Q2,209
2026-06-16,NMB,tiktok,paid_social,NMB_TikTok_Prospecting_2026Q2,244
2026-06-17,NMB,tiktok,paid_social,NMB_TikTok_Prospecting_2026Q2,264
2026-06-18,NMB,tiktok,paid_social,NMB_TikTok_Prospecting_2026Q2,135
2026-06-19,NMB,tiktok,paid_social,NMB_TikTok_Prospecting_2026Q2,168
2026-06-20,NMB,tiktok,paid_social,NMB_TikTok_Prospecting_2026Q2,137
2026-06-21,NMB,tiktok,paid_social,NMB_TikTok_Prospecting_2026Q2,118
2026-06-22,NMB,tiktok,paid_social,NMB_TikTok_Prospecting_2026Q2,134
2026-06-23,NMB,tiktok,paid_social,NMB_TikTok_Prospecting_2026Q2,176
2026-06-24,NMB,tiktok,paid_social,NMB_TikTok_Prospecting_2026Q2,201
2026-06-25,NMB,tiktok,paid_social,NMB_TikTok_Prospecting_2026Q2,177
2026-06-26,NMB,tiktok,paid_social,NMB_TikTok_Prospecting_2026Q2,187
2026-06-27,NMB,tiktok,paid_social,NMB_TikTok_Prospecting_2026Q2,104
2026-06-28,NMB,tiktok,paid_social,NMB_TikTok_Prospecting_2026Q2,138
2026-06-29,NMB,tiktok,paid_social,NMB_TikTok_Prospecting_2026Q2,227
2026-06-30,NMB,tiktok,paid_social,NMB_TikTok_Prospecting_2026Q2,231
2026-07-01,NMB,tiktok,paid_social,NMB_TikTok_Prospecting_2026Q2,265
2026-07-02,NMB,tiktok,paid_social,NMB_TikTok_Prospecting_2026Q2,169
2026-07-03,NMB,tiktok,paid_social,NMB_TikTok_Prospecting_2026Q2,132
2026-07-04,NMB,tiktok,paid_social,NMB_TikTok_Prospecting_2026Q2,145
2026-07-05,NMB,tiktok,paid_social,NMB_TikTok_Prospecting_2026Q2,116
2026-07-06,NMB,tiktok,paid_social,NMB_TikTok_Prospecting_2026Q2,172
2026-07-07,NMB,tiktok,paid_social,NMB_TikTok_Prospecting_2026Q2,156
2026-07-08,NMB,tiktok,paid_social,NMB_TikTok_Prospecting_2026Q2,139
2026-07-09,NMB,tiktok,paid_social,NMB_TikTok_Prospecting_2026Q2,201
2026-07-10,NMB,tiktok,paid_social,NMB_TikTok_Prospecting_2026Q2,163
2026-07-11,NMB,tiktok,paid_social,NMB_TikTok_Prospecting_2026Q2,114
2026-07-12,NMB,tiktok,paid_social,NMB_TikTok_Prospecting_2026Q2,139
2026-07-13,NMB,tiktok,paid_social,NMB_TikTok_Prospecting_2026Q2,218
2026-07-14,NMB,tiktok,paid_social,NMB_TikTok_Prospecting_2026Q2,217
2026-07-15,NMB,tiktok,paid_social,NMB_TikTok_Prospecting_2026Q2,232
2026-07-16,NMB,tiktok,paid_social,NMB_TikTok_Prospecting_2026Q2,207
2026-07-17,NMB,tiktok,paid_social,NMB_TikTok_Prospecting_2026Q2,171
2026-07-18,NMB,tiktok,paid_social,NMB_TikTok_Prospecting_2026Q2,130
2026-07-19,NMB,tiktok,paid_social,NMB_TikTok_Prospecting_2026Q2,139
2026-07-20,NMB,tiktok,paid_social,NMB_TikTok_Prospecting_2026Q2,217
2026-07-21,NMB,tiktok,paid_social,NMB_TikTok_Prospecting_2026Q2,228
2026-07-22,NMB,tiktok,paid_social,NMB_TikTok_Prospecting_2026Q2,198
2026-07-23,NMB,tiktok,paid_social,NMB_TikTok_Prospecting_2026Q2,142
2026-07-24,NMB,tiktok,paid_social,NMB_TikTok_Prospecting_2026Q2,201
2026-07-25,NMB,tiktok,paid_social,NMB_TikTok_Prospecting_2026Q2,125
2026-07-26,NMB,tiktok,paid_social,NMB_TikTok_Prospecting_2026Q2,114
2026-07-27,NMB,tiktok,paid_social,NMB_TikTok_Prospecting_2026Q2,190
2026-07-28,NMB,tiktok,paid_social,NMB_TikTok_Prospecting_2026Q2,207
2026-07-29,NMB,tiktok,paid_social,NMB_TikTok_Prospecting_2026Q2,180
2026-07-30,NMB,tiktok,paid_social,NMB_TikTok_Prospecting_2026Q2,151
2026-07-31,NMB,tiktok,paid_social,NMB_TikTok_Prospecting_2026Q2,207
2026-05-01,AUR,google,organic,(not set),232
2026-05-01,AUR,(direct),(none),(not set),150
2026-05-01,PKF,google,organic,(not set),283
2026-05-01,PKF,(direct),(none),(not set),180
2026-05-01,NMB,google,organic,(not set),239
2026-05-01,NMB,(direct),(none),(not set),143
2026-05-02,AUR,google,organic,(not set),185
2026-05-02,AUR,(direct),(none),(not set),112
2026-05-02,PKF,google,organic,(not set),239
2026-05-02,PKF,(direct),(none),(not set),118
2026-05-02,NMB,google,organic,(not set),160
2026-05-02,NMB,(direct),(none),(not set),99
2026-05-03,AUR,google,organic,(not set),195
2026-05-03,AUR,(direct),(none),(not set),87
2026-05-03,PKF,google,organic,(not set),189
2026-05-03,PKF,(direct),(none),(not set),115
2026-05-03,NMB,google,organic,(not set),148
2026-05-03,NMB,(direct),(none),(not set),101
2026-05-04,AUR,google,organic,(not set),240
2026-05-04,AUR,(direct),(none),(not set),141
2026-05-04,PKF,google,organic,(not set),282
2026-05-04,PKF,(direct),(none),(not set),151
2026-05-04,NMB,google,organic,(not set),242
2026-05-04,NMB,(direct),(none),(not set),112
2026-05-05,AUR,google,organic,(not set),267
2026-05-05,AUR,(direct),(none),(not set),155
2026-05-05,PKF,google,organic,(not set),353
2026-05-05,PKF,(direct),(none),(not set),188
2026-05-05,NMB,google,organic,(not set),252
2026-05-05,NMB,(direct),(none),(not set),144
2026-05-06,AUR,google,organic,(not set),243
2026-05-06,AUR,(direct),(none),(not set),148
2026-05-06,PKF,google,organic,(not set),323
2026-05-06,PKF,(direct),(none),(not set),164
2026-05-06,NMB,google,organic,(not set),290
2026-05-06,NMB,(direct),(none),(not set),155
2026-05-07,AUR,google,organic,(not set),292
2026-05-07,AUR,(direct),(none),(not set),137
2026-05-07,PKF,google,organic,(not set),321
2026-05-07,PKF,(direct),(none),(not set),156
2026-05-07,NMB,google,organic,(not set),241
2026-05-07,NMB,(direct),(none),(not set),151
2026-05-08,AUR,google,organic,(not set),279
2026-05-08,AUR,(direct),(none),(not set),145
2026-05-08,PKF,google,organic,(not set),328
2026-05-08,PKF,(direct),(none),(not set),180
2026-05-08,NMB,google,organic,(not set),262
2026-05-08,NMB,(direct),(none),(not set),143
2026-05-09,AUR,google,organic,(not set),202
2026-05-09,AUR,(direct),(none),(not set),112
2026-05-09,PKF,google,organic,(not set),199
2026-05-09,PKF,(direct),(none),(not set),109
2026-05-09,NMB,google,organic,(not set),184
2026-05-09,NMB,(direct),(none),(not set),85
2026-05-10,AUR,google,organic,(not set),180
2026-05-10,AUR,(direct),(none),(not set),83
2026-05-10,PKF,google,organic,(not set),179
2026-05-10,PKF,(direct),(none),(not set),115
2026-05-10,NMB,google,organic,(not set),186
2026-05-10,NMB,(direct),(none),(not set),101
2026-05-11,AUR,google,organic,(not set),235
2026-05-11,AUR,(direct),(none),(not set),141
2026-05-11,PKF,google,organic,(not set),294
2026-05-11,PKF,(direct),(none),(not set),168
2026-05-11,NMB,google,organic,(not set),234
2026-05-11,NMB,(direct),(none),(not set),150
2026-05-12,AUR,google,organic,(not set),268
2026-05-12,AUR,(direct),(none),(not set),136
2026-05-12,PKF,google,organic,(not set),304
2026-05-12,PKF,(direct),(none),(not set),158
2026-05-12,NMB,google,organic,(not set),268
2026-05-12,NMB,(direct),(none),(not set),147
2026-05-13,AUR,google,organic,(not set),296
2026-05-13,AUR,(direct),(none),(not set),173
2026-05-13,PKF,google,organic,(not set),331
2026-05-13,PKF,(direct),(none),(not set),208
2026-05-13,NMB,google,organic,(not set),241
2026-05-13,NMB,(direct),(none),(not set),154
2026-05-14,AUR,google,organic,(not set),256
2026-05-14,AUR,(direct),(none),(not set),152
2026-05-14,PKF,google,organic,(not set),287
2026-05-14,PKF,(direct),(none),(not set),180
2026-05-14,NMB,google,organic,(not set),248
2026-05-14,NMB,(direct),(none),(not set),116
2026-05-15,AUR,google,organic,(not set),229
2026-05-15,AUR,(direct),(none),(not set),132
2026-05-15,PKF,google,organic,(not set),319
2026-05-15,PKF,(direct),(none),(not set),137
2026-05-15,NMB,google,organic,(not set),212
2026-05-15,NMB,(direct),(none),(not set),130
2026-05-16,AUR,google,organic,(not set),205
2026-05-16,AUR,(direct),(none),(not set),105
2026-05-16,PKF,google,organic,(not set),213
2026-05-16,PKF,(direct),(none),(not set),122
2026-05-16,NMB,google,organic,(not set),160
2026-05-16,NMB,(direct),(none),(not set),85
2026-05-17,AUR,google,organic,(not set),155
2026-05-17,AUR,(direct),(none),(not set),96
2026-05-17,PKF,google,organic,(not set),192
2026-05-17,PKF,(direct),(none),(not set),118
2026-05-17,NMB,google,organic,(not set),174
2026-05-17,NMB,(direct),(none),(not set),81
2026-05-18,AUR,google,organic,(not set),292
2026-05-18,AUR,(direct),(none),(not set),150
2026-05-18,PKF,google,organic,(not set),265
2026-05-18,PKF,(direct),(none),(not set),194
2026-05-18,NMB,google,organic,(not set),219
2026-05-18,NMB,(direct),(none),(not set),112
2026-05-19,AUR,google,organic,(not set),260
2026-05-19,AUR,(direct),(none),(not set),156
2026-05-19,PKF,google,organic,(not set),292
2026-05-19,PKF,(direct),(none),(not set),154
2026-05-19,NMB,google,organic,(not set),275
2026-05-19,NMB,(direct),(none),(not set),126
2026-05-20,AUR,google,organic,(not set),271
2026-05-20,AUR,(direct),(none),(not set),147
2026-05-20,PKF,google,organic,(not set),378
2026-05-20,PKF,(direct),(none),(not set),192
2026-05-20,NMB,google,organic,(not set),228
2026-05-20,NMB,(direct),(none),(not set),143
2026-05-21,AUR,google,organic,(not set),244
2026-05-21,AUR,(direct),(none),(not set),141
2026-05-21,PKF,google,organic,(not set),276
2026-05-21,PKF,(direct),(none),(not set),194
2026-05-21,NMB,google,organic,(not set),280
2026-05-21,NMB,(direct),(none),(not set),152
2026-05-22,AUR,google,organic,(not set),213
2026-05-22,AUR,(direct),(none),(not set),141
2026-05-22,PKF,google,organic,(not set),325
2026-05-22,PKF,(direct),(none),(not set),154
2026-05-22,NMB,google,organic,(not set),213
2026-05-22,NMB,(direct),(none),(not set),118
2026-05-23,AUR,google,organic,(not set),199
2026-05-23,AUR,(direct),(none),(not set),101
2026-05-23,PKF,google,organic,(not set),218
2026-05-23,PKF,(direct),(none),(not set),121
2026-05-23,NMB,google,organic,(not set),191
2026-05-23,NMB,(direct),(none),(not set),99
2026-05-24,AUR,google,organic,(not set),164
2026-05-24,AUR,(direct),(none),(not set),99
2026-05-24,PKF,google,organic,(not set),196
2026-05-24,PKF,(direct),(none),(not set),116
2026-05-24,NMB,google,organic,(not set),177
2026-05-24,NMB,(direct),(none),(not set),77
2026-05-25,AUR,google,organic,(not set),293
2026-05-25,AUR,(direct),(none),(not set),131
2026-05-25,PKF,google,organic,(not set),296
2026-05-25,PKF,(direct),(none),(not set),179
2026-05-25,NMB,google,organic,(not set),265
2026-05-25,NMB,(direct),(none),(not set),123
2026-05-26,AUR,google,organic,(not set),272
2026-05-26,AUR,(direct),(none),(not set),165
2026-05-26,PKF,google,organic,(not set),358
2026-05-26,PKF,(direct),(none),(not set),194
2026-05-26,NMB,google,organic,(not set),286
2026-05-26,NMB,(direct),(none),(not set),117
2026-05-27,AUR,google,organic,(not set),297
2026-05-27,AUR,(direct),(none),(not set),177
2026-05-27,PKF,google,organic,(not set),365
2026-05-27,PKF,(direct),(none),(not set),202
2026-05-27,NMB,google,organic,(not set),283
2026-05-27,NMB,(direct),(none),(not set),162
2026-05-28,AUR,google,organic,(not set),298
2026-05-28,AUR,(direct),(none),(not set),151
2026-05-28,PKF,google,organic,(not set),303
2026-05-28,PKF,(direct),(none),(not set),175
2026-05-28,NMB,google,organic,(not set),276
2026-05-28,NMB,(direct),(none),(not set),140
2026-05-29,AUR,google,organic,(not set),261
2026-05-29,AUR,(direct),(none),(not set),118
2026-05-29,PKF,google,organic,(not set),255
2026-05-29,PKF,(direct),(none),(not set),173
2026-05-29,NMB,google,organic,(not set),235
2026-05-29,NMB,(direct),(none),(not set),121
2026-05-30,AUR,google,organic,(not set),172
2026-05-30,AUR,(direct),(none),(not set),110
2026-05-30,PKF,google,organic,(not set),212
2026-05-30,PKF,(direct),(none),(not set),117
2026-05-30,NMB,google,organic,(not set),192
2026-05-30,NMB,(direct),(none),(not set),94
2026-05-31,AUR,google,organic,(not set),159
2026-05-31,AUR,(direct),(none),(not set),97
2026-05-31,PKF,google,organic,(not set),232
2026-05-31,PKF,(direct),(none),(not set),99
2026-05-31,NMB,google,organic,(not set),148
2026-05-31,NMB,(direct),(none),(not set),94
2026-06-01,AUR,google,organic,(not set),277
2026-06-01,AUR,(direct),(none),(not set),135
2026-06-01,PKF,google,organic,(not set),325
2026-06-01,PKF,(direct),(none),(not set),183
2026-06-01,NMB,google,organic,(not set),230
2026-06-01,NMB,(direct),(none),(not set),120
2026-06-02,AUR,google,organic,(not set),302
2026-06-02,AUR,(direct),(none),(not set),149
2026-06-02,PKF,google,organic,(not set),283
2026-06-02,PKF,(direct),(none),(not set),187
2026-06-02,NMB,google,organic,(not set),229
2026-06-02,NMB,(direct),(none),(not set),156
2026-06-03,AUR,google,organic,(not set),322
2026-06-03,AUR,(direct),(none),(not set),156
2026-06-03,PKF,google,organic,(not set),359
2026-06-03,PKF,(direct),(none),(not set),196
2026-06-03,NMB,google,organic,(not set),231
2026-06-03,NMB,(direct),(none),(not set),134
2026-06-04,AUR,google,organic,(not set),298
2026-06-04,AUR,(direct),(none),(not set),132
2026-06-04,PKF,google,organic,(not set),297
2026-06-04,PKF,(direct),(none),(not set),194
2026-06-04,NMB,google,organic,(not set),275
2026-06-04,NMB,(direct),(none),(not set),114
2026-06-05,AUR,google,organic,(not set),225
2026-06-05,AUR,(direct),(none),(not set),152
2026-06-05,PKF,google,organic,(not set),277
2026-06-05,PKF,(direct),(none),(not set),164
2026-06-05,NMB,google,organic,(not set),234
2026-06-05,NMB,(direct),(none),(not set),126
2026-06-06,AUR,google,organic,(not set),181
2026-06-06,AUR,(direct),(none),(not set),89
2026-06-06,PKF,google,organic,(not set),213
2026-06-06,PKF,(direct),(none),(not set),111
2026-06-06,NMB,google,organic,(not set),177
2026-06-06,NMB,(direct),(none),(not set),94
2026-06-07,AUR,google,organic,(not set),153
2026-06-07,AUR,(direct),(none),(not set),96
2026-06-07,PKF,google,organic,(not set),211
2026-06-07,PKF,(direct),(none),(not set),109
2026-06-07,NMB,google,organic,(not set),157
2026-06-07,NMB,(direct),(none),(not set),77
2026-06-08,AUR,google,organic,(not set),231
2026-06-08,AUR,(direct),(none),(not set),162
2026-06-08,PKF,google,organic,(not set),349
2026-06-08,PKF,(direct),(none),(not set),165
2026-06-08,NMB,google,organic,(not set),208
2026-06-08,NMB,(direct),(none),(not set),134
2026-06-09,AUR,google,organic,(not set),298
2026-06-09,AUR,(direct),(none),(not set),149
2026-06-09,PKF,google,organic,(not set),337
2026-06-09,PKF,(direct),(none),(not set),169
2026-06-09,NMB,google,organic,(not set),286
2026-06-09,NMB,(direct),(none),(not set),152
2026-06-10,AUR,google,organic,(not set),264
2026-06-10,AUR,(direct),(none),(not set),133
2026-06-10,PKF,google,organic,(not set),292
2026-06-10,PKF,(direct),(none),(not set),193
2026-06-10,NMB,google,organic,(not set),224
2026-06-10,NMB,(direct),(none),(not set),132
2026-06-11,AUR,google,organic,(not set),301
2026-06-11,AUR,(direct),(none),(not set),147
2026-06-11,PKF,google,organic,(not set),340
2026-06-11,PKF,(direct),(none),(not set),172
2026-06-11,NMB,google,organic,(not set),244
2026-06-11,NMB,(direct),(none),(not set),138
2026-06-12,AUR,google,organic,(not set),226
2026-06-12,AUR,(direct),(none),(not set),133
2026-06-12,PKF,google,organic,(not set),332
2026-06-12,PKF,(direct),(none),(not set),146
2026-06-12,NMB,google,organic,(not set),237
2026-06-12,NMB,(direct),(none),(not set),134
2026-06-13,AUR,google,organic,(not set),204
2026-06-13,AUR,(direct),(none),(not set),114
2026-06-13,PKF,google,organic,(not set),208
2026-06-13,PKF,(direct),(none),(not set),130
2026-06-13,NMB,google,organic,(not set),152
2026-06-13,NMB,(direct),(none),(not set),108
2026-06-14,AUR,google,organic,(not set),164
2026-06-14,AUR,(direct),(none),(not set),98
2026-06-14,PKF,google,organic,(not set),195
2026-06-14,PKF,(direct),(none),(not set),131
2026-06-14,NMB,google,organic,(not set),178
2026-06-14,NMB,(direct),(none),(not set),77
2026-06-15,AUR,google,organic,(not set),274
2026-06-15,AUR,(direct),(none),(not set),161
2026-06-15,PKF,google,organic,(not set),332
2026-06-15,PKF,(direct),(none),(not set),156
2026-06-15,NMB,google,organic,(not set),267
2026-06-15,NMB,(direct),(none),(not set),126
2026-06-16,AUR,google,organic,(not set),281
2026-06-16,AUR,(direct),(none),(not set),169
2026-06-16,PKF,google,organic,(not set),277
2026-06-16,PKF,(direct),(none),(not set),160
2026-06-16,NMB,google,organic,(not set),216
2026-06-16,NMB,(direct),(none),(not set),155
2026-06-17,AUR,google,organic,(not set),294
2026-06-17,AUR,(direct),(none),(not set),135
2026-06-17,PKF,google,organic,(not set),335
2026-06-17,PKF,(direct),(none),(not set),206
2026-06-17,NMB,google,organic,(not set),269
2026-06-17,NMB,(direct),(none),(not set),155
2026-06-18,AUR,google,organic,(not set),273
2026-06-18,AUR,(direct),(none),(not set),124
2026-06-18,PKF,google,organic,(not set),331
2026-06-18,PKF,(direct),(none),(not set),162
2026-06-18,NMB,google,organic,(not set),227
2026-06-18,NMB,(direct),(none),(not set),131
2026-06-19,AUR,google,organic,(not set),259
2026-06-19,AUR,(direct),(none),(not set),139
2026-06-19,PKF,google,organic,(not set),334
2026-06-19,PKF,(direct),(none),(not set),146
2026-06-19,NMB,google,organic,(not set),195
2026-06-19,NMB,(direct),(none),(not set),123
2026-06-20,AUR,google,organic,(not set),179
2026-06-20,AUR,(direct),(none),(not set),101
2026-06-20,PKF,google,organic,(not set),235
2026-06-20,PKF,(direct),(none),(not set),121
2026-06-20,NMB,google,organic,(not set),173
2026-06-20,NMB,(direct),(none),(not set),95
2026-06-21,AUR,google,organic,(not set),192
2026-06-21,AUR,(direct),(none),(not set),95
2026-06-21,PKF,google,organic,(not set),215
2026-06-21,PKF,(direct),(none),(not set),132
2026-06-21,NMB,google,organic,(not set),155
2026-06-21,NMB,(direct),(none),(not set),82
2026-06-22,AUR,google,organic,(not set),240
2026-06-22,AUR,(direct),(none),(not set),148
2026-06-22,PKF,google,organic,(not set),353
2026-06-22,PKF,(direct),(none),(not set),148
2026-06-22,NMB,google,organic,(not set),212
2026-06-22,NMB,(direct),(none),(not set),151
2026-06-23,AUR,google,organic,(not set),294
2026-06-23,AUR,(direct),(none),(not set),165
2026-06-23,PKF,google,organic,(not set),342
2026-06-23,PKF,(direct),(none),(not set),189
2026-06-23,NMB,google,organic,(not set),243
2026-06-23,NMB,(direct),(none),(not set),125
2026-06-24,AUR,google,organic,(not set),279
2026-06-24,AUR,(direct),(none),(not set),175
2026-06-24,PKF,google,organic,(not set),299
2026-06-24,PKF,(direct),(none),(not set),192
2026-06-24,NMB,google,organic,(not set),289
2026-06-24,NMB,(direct),(none),(not set),151
2026-06-25,AUR,google,organic,(not set),301
2026-06-25,AUR,(direct),(none),(not set),141
2026-06-25,PKF,google,organic,(not set),279
2026-06-25,PKF,(direct),(none),(not set),174
2026-06-25,NMB,google,organic,(not set),254
2026-06-25,NMB,(direct),(none),(not set),124
2026-06-26,AUR,google,organic,(not set),226
2026-06-26,AUR,(direct),(none),(not set),123
2026-06-26,PKF,google,organic,(not set),290
2026-06-26,PKF,(direct),(none),(not set),157
2026-06-26,NMB,google,organic,(not set),217
2026-06-26,NMB,(direct),(none),(not set),120
2026-06-27,AUR,google,organic,(not set),204
2026-06-27,AUR,(direct),(none),(not set),107
2026-06-27,PKF,google,organic,(not set),250
2026-06-27,PKF,(direct),(none),(not set),121
2026-06-27,NMB,google,organic,(not set),192
2026-06-27,NMB,(direct),(none),(not set),96
2026-06-28,AUR,google,organic,(not set),155
2026-06-28,AUR,(direct),(none),(not set),100
2026-06-28,PKF,google,organic,(not set),225
2026-06-28,PKF,(direct),(none),(not set),116
2026-06-28,NMB,google,organic,(not set),183
2026-06-28,NMB,(direct),(none),(not set),97
2026-06-29,AUR,google,organic,(not set),258
2026-06-29,AUR,(direct),(none),(not set),145
2026-06-29,PKF,google,organic,(not set),283
2026-06-29,PKF,(direct),(none),(not set),173
2026-06-29,NMB,google,organic,(not set),226
2026-06-29,NMB,(direct),(none),(not set),129
2026-06-30,AUR,google,organic,(not set),307
2026-06-30,AUR,(direct),(none),(not set),148
2026-06-30,PKF,google,organic,(not set),364
2026-06-30,PKF,(direct),(none),(not set),188
2026-06-30,NMB,google,organic,(not set),259
2026-06-30,NMB,(direct),(none),(not set),125
2026-07-01,AUR,google,organic,(not set),305
2026-07-01,AUR,(direct),(none),(not set),170
2026-07-01,PKF,google,organic,(not set),320
2026-07-01,PKF,(direct),(none),(not set),171
2026-07-01,NMB,google,organic,(not set),253
2026-07-01,NMB,(direct),(none),(not set),147
2026-07-02,AUR,google,organic,(not set),250
2026-07-02,AUR,(direct),(none),(not set),138
2026-07-02,PKF,google,organic,(not set),345
2026-07-02,PKF,(direct),(none),(not set),164
2026-07-02,NMB,google,organic,(not set),257
2026-07-02,NMB,(direct),(none),(not set),123
2026-07-03,AUR,google,organic,(not set),266
2026-07-03,AUR,(direct),(none),(not set),139
2026-07-03,PKF,google,organic,(not set),320
2026-07-03,PKF,(direct),(none),(not set),144
2026-07-03,NMB,google,organic,(not set),215
2026-07-03,NMB,(direct),(none),(not set),130
2026-07-04,AUR,google,organic,(not set),184
2026-07-04,AUR,(direct),(none),(not set),88
2026-07-04,PKF,google,organic,(not set),226
2026-07-04,PKF,(direct),(none),(not set),124
2026-07-04,NMB,google,organic,(not set),170
2026-07-04,NMB,(direct),(none),(not set),107
2026-07-05,AUR,google,organic,(not set),180
2026-07-05,AUR,(direct),(none),(not set),86
2026-07-05,PKF,google,organic,(not set),239
2026-07-05,PKF,(direct),(none),(not set),124
2026-07-05,NMB,google,organic,(not set),149
2026-07-05,NMB,(direct),(none),(not set),96
2026-07-06,AUR,google,organic,(not set),227
2026-07-06,AUR,(direct),(none),(not set),138
2026-07-06,PKF,google,organic,(not set),330
2026-07-06,PKF,(direct),(none),(not set),152
2026-07-06,NMB,google,organic,(not set),205
2026-07-06,NMB,(direct),(none),(not set),142
2026-07-07,AUR,google,organic,(not set),286
2026-07-07,AUR,(direct),(none),(not set),129
2026-07-07,PKF,google,organic,(not set),343
2026-07-07,PKF,(direct),(none),(not set),201
2026-07-07,NMB,google,organic,(not set),254
2026-07-07,NMB,(direct),(none),(not set),155
2026-07-08,AUR,google,organic,(not set),251
2026-07-08,AUR,(direct),(none),(not set),138
2026-07-08,PKF,google,organic,(not set),308
2026-07-08,PKF,(direct),(none),(not set),189
2026-07-08,NMB,google,organic,(not set),248
2026-07-08,NMB,(direct),(none),(not set),149
2026-07-09,AUR,google,organic,(not set),229
2026-07-09,AUR,(direct),(none),(not set),136
2026-07-09,PKF,google,organic,(not set),308
2026-07-09,PKF,(direct),(none),(not set),182
2026-07-09,NMB,google,organic,(not set),233
2026-07-09,NMB,(direct),(none),(not set),126
2026-07-10,AUR,google,organic,(not set),274
2026-07-10,AUR,(direct),(none),(not set),144
2026-07-10,PKF,google,organic,(not set),264
2026-07-10,PKF,(direct),(none),(not set),177
2026-07-10,NMB,google,organic,(not set),220
2026-07-10,NMB,(direct),(none),(not set),112
2026-07-11,AUR,google,organic,(not set),198
2026-07-11,AUR,(direct),(none),(not set),114
2026-07-11,PKF,google,organic,(not set),201
2026-07-11,PKF,(direct),(none),(not set),117
2026-07-11,NMB,google,organic,(not set),187
2026-07-11,NMB,(direct),(none),(not set),96
2026-07-12,AUR,google,organic,(not set),179
2026-07-12,AUR,(direct),(none),(not set),97
2026-07-12,PKF,google,organic,(not set),227
2026-07-12,PKF,(direct),(none),(not set),99
2026-07-12,NMB,google,organic,(not set),171
2026-07-12,NMB,(direct),(none),(not set),81
2026-07-13,AUR,google,organic,(not set),222
2026-07-13,AUR,(direct),(none),(not set),152
2026-07-13,PKF,google,organic,(not set),264
2026-07-13,PKF,(direct),(none),(not set),159
2026-07-13,NMB,google,organic,(not set),205
2026-07-13,NMB,(direct),(none),(not set),122
2026-07-14,AUR,google,organic,(not set),311
2026-07-14,AUR,(direct),(none),(not set),168
2026-07-14,PKF,google,organic,(not set),277
2026-07-14,PKF,(direct),(none),(not set),154
2026-07-14,NMB,google,organic,(not set),221
2026-07-14,NMB,(direct),(none),(not set),142
2026-07-15,AUR,google,organic,(not set),293
2026-07-15,AUR,(direct),(none),(not set),170
2026-07-15,PKF,google,organic,(not set),317
2026-07-15,PKF,(direct),(none),(not set),157
2026-07-15,NMB,google,organic,(not set),294
2026-07-15,NMB,(direct),(none),(not set),155
2026-07-16,AUR,google,organic,(not set),277
2026-07-16,AUR,(direct),(none),(not set),148
2026-07-16,PKF,google,organic,(not set),280
2026-07-16,PKF,(direct),(none),(not set),177
2026-07-16,NMB,google,organic,(not set),277
2026-07-16,NMB,(direct),(none),(not set),128
2026-07-17,AUR,google,organic,(not set),218
2026-07-17,AUR,(direct),(none),(not set),155
2026-07-17,PKF,google,organic,(not set),288
2026-07-17,PKF,(direct),(none),(not set),168
2026-07-17,NMB,google,organic,(not set),254
2026-07-17,NMB,(direct),(none),(not set),120
2026-07-18,AUR,google,organic,(not set),187
2026-07-18,AUR,(direct),(none),(not set),99
2026-07-18,PKF,google,organic,(not set),238
2026-07-18,PKF,(direct),(none),(not set),123
2026-07-18,NMB,google,organic,(not set),173
2026-07-18,NMB,(direct),(none),(not set),82
2026-07-19,AUR,google,organic,(not set),173
2026-07-19,AUR,(direct),(none),(not set),103
2026-07-19,PKF,google,organic,(not set),180
2026-07-19,PKF,(direct),(none),(not set),112
2026-07-19,NMB,google,organic,(not set),184
2026-07-19,NMB,(direct),(none),(not set),94
2026-07-20,AUR,google,organic,(not set),283
2026-07-20,AUR,(direct),(none),(not set),158
2026-07-20,PKF,google,organic,(not set),274
2026-07-20,PKF,(direct),(none),(not set),167
2026-07-20,NMB,google,organic,(not set),217
2026-07-20,NMB,(direct),(none),(not set),130
2026-07-21,AUR,google,organic,(not set),254
2026-07-21,AUR,(direct),(none),(not set),168
2026-07-21,PKF,google,organic,(not set),372
2026-07-21,PKF,(direct),(none),(not set),189
2026-07-21,NMB,google,organic,(not set),239
2026-07-21,NMB,(direct),(none),(not set),134
2026-07-22,AUR,google,organic,(not set),301
2026-07-22,AUR,(direct),(none),(not set),158
2026-07-22,PKF,google,organic,(not set),324
2026-07-22,PKF,(direct),(none),(not set),207
2026-07-22,NMB,google,organic,(not set),281
2026-07-22,NMB,(direct),(none),(not set),129
2026-07-23,AUR,google,organic,(not set),243
2026-07-23,AUR,(direct),(none),(not set),125
2026-07-23,PKF,google,organic,(not set),313
2026-07-23,PKF,(direct),(none),(not set),181
2026-07-23,NMB,google,organic,(not set),231
2026-07-23,NMB,(direct),(none),(not set),142
2026-07-24,AUR,google,organic,(not set),212
2026-07-24,AUR,(direct),(none),(not set),123
2026-07-24,PKF,google,organic,(not set),257
2026-07-24,PKF,(direct),(none),(not set),164
2026-07-24,NMB,google,organic,(not set),255
2026-07-24,NMB,(direct),(none),(not set),111
2026-07-25,AUR,google,organic,(not set),159
2026-07-25,AUR,(direct),(none),(not set),105
2026-07-25,PKF,google,organic,(not set),190
2026-07-25,PKF,(direct),(none),(not set),113
2026-07-25,NMB,google,organic,(not set),192
2026-07-25,NMB,(direct),(none),(not set),97
2026-07-26,AUR,google,organic,(not set),199
2026-07-26,AUR,(direct),(none),(not set),95
2026-07-26,PKF,google,organic,(not set),180
2026-07-26,PKF,(direct),(none),(not set),106
2026-07-26,NMB,google,organic,(not set),171
2026-07-26,NMB,(direct),(none),(not set),92
2026-07-27,AUR,google,organic,(not set),264
2026-07-27,AUR,(direct),(none),(not set),133
2026-07-27,PKF,google,organic,(not set),333
2026-07-27,PKF,(direct),(none),(not set),179
2026-07-27,NMB,google,organic,(not set),272
2026-07-27,NMB,(direct),(none),(not set),133
2026-07-28,AUR,google,organic,(not set),271
2026-07-28,AUR,(direct),(none),(not set),163
2026-07-28,PKF,google,organic,(not set),360
2026-07-28,PKF,(direct),(none),(not set),187
2026-07-28,NMB,google,organic,(not set),269
2026-07-28,NMB,(direct),(none),(not set),142
2026-07-29,AUR,google,organic,(not set),318
2026-07-29,AUR,(direct),(none),(not set),175
2026-07-29,PKF,google,organic,(not set),381
2026-07-29,PKF,(direct),(none),(not set),159
2026-07-29,NMB,google,organic,(not set),297
2026-07-29,NMB,(direct),(none),(not set),125
2026-07-30,AUR,google,organic,(not set),228
2026-07-30,AUR,(direct),(none),(not set),129
2026-07-30,PKF,google,organic,(not set),285
2026-07-30,PKF,(direct),(none),(not set),182
2026-07-30,NMB,google,organic,(not set),212
2026-07-30,NMB,(direct),(none),(not set),118
2026-07-31,AUR,google,organic,(not set),210
2026-07-31,AUR,(direct),(none),(not set),152
2026-07-31,PKF,google,organic,(not set),305
2026-07-31,PKF,(direct),(none),(not set),155
2026-07-31,NMB,google,organic,(not set),238
2026-07-31,NMB,(direct),(none),(not set),135
